game_id,date,season,week,home_team,away_team,home_avg_points_last_5,away_avg_points_last_5,home_avg_points_allowed_last_5,away_avg_points_allowed_last_5,home_avg_point_diff_last_5,away_avg_point_diff_last_5,home_avg_yards_last_5,away_avg_yards_last_5,home_avg_yards_allowed_last_5,away_avg_yards_allowed_last_5,home_avg_passing_yards_last_5,away_avg_passing_yards_last_5,home_avg_rushing_yards_last_5,away_avg_rushing_yards_last_5,home_avg_turnovers_last_5,away_avg_turnovers_last_5,home_avg_turnover_diff_last_5,away_avg_turnover_diff_last_5,home_avg_first_downs_last_5,away_avg_first_downs_last_5,home_avg_third_down_pct_last_5,away_avg_third_down_pct_last_5,home_avg_sacks_allowed_last_5,away_avg_sacks_allowed_last_5,home_avg_sacks_generated_last_5,away_avg_sacks_generated_last_5,home_win_pct_last_5,away_win_pct_last_5,home_avg_points_at_home_last_5,away_avg_points_on_road_last_5,home_win
401220225,2020-09-11 00:20:00+00:00,2020,1,Kansas City Chiefs,Houston Texans,,,,,,,,,,,,,,,,,,,,,,,,,,,,,,,1.0
401220147,2020-09-13 17:00:00+00:00,2020,1,Baltimore Ravens,Cleveland Browns,,,,,,,,,,,,,,,,,,,,,,,,,,,,,,,1.0
401220370,2020-09-13 17:00:00+00:00,2020,1,Carolina Panthers,Las Vegas Raiders,,,,,,,,,,,,,,,,,,,,,,,,,,,,,,,0.0
401220300,2020-09-13 17:00:00+00:00,2020,1,Minnesota Vikings,Green Bay Packers,,,,,,,,,,,,,,,,,,,,,,,,,,,,,,,0.0
401220131,2020-09-13 17:00:00+00:00,2020,1,New England Patriots,Miami Dolphins,,,,,,,,,,,,,,,,,,,,,,,,,,,,,,,1.0
401220195,2020-09-13 17:00:00+00:00,2020,1,Jacksonville Jaguars,Indianapolis Colts,,,,,,,,,,,,,,,,,,,,,,,,,,,,,,,1.0
401220116,2020-09-13 17:00:00+00:00,2020,1,Buffalo Bills,New York Jets,,,,,,,,,,,,,,,,,,,,,,,,,,,,,,,1.0
401220282,2020-09-13 17:00:00+00:00,2020,1,Detroit Lions,Chicago Bears,,,,,,,,,,,,,,,,,,,,,,,,,,,,,,,0.0
401220268,2020-09-13 17:00:00+00:00,2020,1,Washington,Philadelphia Eagles,,,,,,,,,,,,,,,,,,,,,,,,,,,,,,,1.0
401220313,2020-09-13 17:00:00+00:00,2020,1,Atlanta Falcons,Seattle Seahawks,,,,,,,,,,,,,,,,,,,,,,,,,,,,,,,0.0
401220161,2020-09-13 20:05:00+00:00,2020,1,Cincinnati Bengals,Los Angeles Chargers,,,,,,,,,,,,,,,,,,,,,,,,,,,,,,,0.0
401220352,2020-09-13 20:25:00+00:00,2020,1,San Francisco 49ers,Arizona Cardinals,,,,,,,,,,,,,,,,,,,,,,,,,,,,,,,0.0
401220369,2020-09-13 20:25:00+00:00,2020,1,New Orleans Saints,Tampa Bay Buccaneers,,,,,,,,,,,,,,,,,,,,,,,,,,,,,,,1.0
401220347,2020-09-14 00:20:00+00:00,2020,1,Los Angeles Rams,Dallas Cowboys,,,,,,,,,,,,,,,,,,,,,,,,,,,,,,,1.0
401220256,2020-09-14 23:15:00+00:00,2020,1,New York Giants,Pittsburgh Steelers,,,,,,,,,,,,,,,,,,,,,,,,,,,,,,,0.0
401220217,2020-09-15 02:10:00+00:00,2020,1,Denver Broncos,Tennessee Titans,,,,,,,,,,,,,,,,,,,,,,,,,,,,,,,0.0
401220163,2020-09-18 00:20:00+00:00,2020,2,Cleveland Browns,Cincinnati Bengals,6.0,13.0,38.0,16.0,-32.0,-3.0,306.0,295.0,381.0,362.0,168.0,173.0,138.0,122.0,3.0,2.0,-2.0,-2.0,20.0,19.0,0.25,0.4285714285714285,2.0,3.0,2.0,2.0,0.0,0.0,,,1.0
401220192,2020-09-20 17:00:00+00:00,2020,2,Indianapolis Colts,Minnesota Vikings,20.0,34.0,27.0,43.0,-7.0,-9.0,445.0,382.0,241.0,522.0,357.0,248.0,88.0,134.0,2.0,1.0,-2.0,-1.0,27.0,25.0,0.3333333333333333,0.5,1.0,2.0,4.0,0.0,0.0,0.0,,,1.0
401220261,2020-09-20 17:00:00+00:00,2020,2,Philadelphia Eagles,Los Angeles Rams,17.0,20.0,27.0,17.0,-10.0,3.0,265.0,422.0,239.0,380.0,208.0,269.0,57.0,153.0,3.0,1.0,-3.0,-1.0,19.0,23.0,0.3571428571428571,0.5294117647058824,8.0,1.0,3.0,3.0,0.0,1.0,,,0.0
401220177,2020-09-20 17:00:00+00:00,2020,2,Pittsburgh Steelers,Denver Broncos,26.0,14.0,16.0,16.0,10.0,-2.0,349.0,323.0,291.0,377.0,208.0,216.0,141.0,107.0,1.0,1.0,1.0,-1.0,19.0,19.0,0.5333333333333333,0.3333333333333333,2.0,0.0,3.0,1.0,1.0,0.0,,,1.0
401220249,2020-09-20 17:00:00+00:00,2020,2,Dallas Cowboys,Atlanta Falcons,17.0,25.0,20.0,38.0,-3.0,-13.0,380.0,506.0,422.0,383.0,244.0,434.0,136.0,72.0,0.0,2.0,1.0,-2.0,24.0,28.0,0.25,0.5,3.0,2.0,1.0,3.0,0.0,0.0,,,1.0
401220122,2020-09-20 17:00:00+00:00,2020,2,Miami Dolphins,Buffalo Bills,11.0,27.0,21.0,17.0,-10.0,10.0,269.0,404.0,357.0,254.0,182.0,306.0,87.0,98.0,3.0,2.0,-2.0,0.0,20.0,31.0,0.3636363636363636,0.5,1.0,3.0,2.0,3.0,0.0,1.0,,,0.0
401220281,2020-09-20 17:00:00+00:00,2020,2,Chicago Bears,New York Giants,27.0,16.0,23.0,26.0,4.0,-10.0,363.0,291.0,426.0,349.0,214.0,262.0,149.0,29.0,0.0,2.0,1.0,-1.0,26.0,20.0,0.1818181818181818,0.5333333333333333,1.0,3.0,1.0,2.0,1.0,0.0,,,1.0
401220204,2020-09-20 17:00:00+00:00,2020,2,Tennessee Titans,Jacksonville Jaguars,16.0,27.0,14.0,20.0,2.0,7.0,377.0,241.0,323.0,445.0,247.0,150.0,130.0,91.0,0.0,0.0,1.0,2.0,26.0,17.0,0.4375,0.5,1.0,4.0,0.0,1.0,1.0,1.0,,,1.0
401220291,2020-09-20 17:00:00+00:00,2020,2,Green Bay Packers,Detroit Lions,43.0,23.0,34.0,27.0,9.0,-4.0,522.0,426.0,382.0,363.0,364.0,288.0,158.0,138.0,0.0,1.0,1.0,-1.0,31.0,25.0,0.5454545454545454,0.375,0.0,1.0,2.0,1.0,1.0,0.0,,,1.0
401220329,2020-09-20 17:00:00+00:00,2020,2,Tampa Bay Buccaneers,Carolina Panthers,23.0,30.0,34.0,34.0,-11.0,-4.0,310.0,388.0,271.0,372.0,224.0,259.0,86.0,129.0,3.0,0.0,-3.0,0.0,23.0,22.0,0.3846153846153846,0.5384615384615384,3.0,1.0,1.0,0.0,0.0,0.0,,,1.0
401220144,2020-09-20 17:00:00+00:00,2020,2,New York Jets,San Francisco 49ers,17.0,20.0,27.0,24.0,-10.0,-4.0,254.0,366.0,404.0,404.0,202.0,243.0,52.0,123.0,2.0,0.0,0.0,1.0,15.0,18.0,0.3636363636363636,0.1818181818181818,3.0,3.0,3.0,2.0,0.0,0.0,,,0.0
401220340,2020-09-20 20:05:00+00:00,2020,2,Arizona Cardinals,Washington,24.0,27.0,20.0,17.0,4.0,10.0,404.0,239.0,366.0,265.0,224.0,159.0,180.0,80.0,1.0,0.0,-1.0,3.0,29.0,18.0,0.5,0.2777777777777778,2.0,3.0,3.0,8.0,1.0,1.0,,,1.0
401220181,2020-09-20 20:25:00+00:00,2020,2,Houston Texans,Baltimore Ravens,20.0,38.0,34.0,6.0,-14.0,32.0,360.0,381.0,369.0,306.0,242.0,270.0,118.0,111.0,1.0,1.0,-1.0,2.0,21.0,23.0,0.4,0.5454545454545454,4.0,2.0,1.0,2.0,0.0,1.0,,,0.0
401220235,2020-09-20 20:25:00+00:00,2020,2,Los Angeles Chargers,Kansas City Chiefs,16.0,34.0,13.0,20.0,3.0,14.0,362.0,369.0,295.0,360.0,207.0,203.0,155.0,166.0,0.0,0.0,2.0,1.0,19.0,28.0,0.375,0.5384615384615384,2.0,1.0,3.0,4.0,1.0,1.0,,,0.0
401220365,2020-09-21 00:20:00+00:00,2020,2,Seattle Seahawks,New England Patriots,38.0,21.0,25.0,11.0,13.0,10.0,383.0,357.0,506.0,269.0,299.0,140.0,84.0,217.0,0.0,1.0,2.0,2.0,22.0,29.0,0.3333333333333333,0.5,3.0,2.0,2.0,1.0,1.0,1.0,,,1.0
401220231,2020-09-22 00:15:00+00:00,2020,2,Las Vegas Raiders,New Orleans Saints,34.0,34.0,30.0,23.0,4.0,11.0,372.0,271.0,388.0,310.0,239.0,189.0,133.0,82.0,0.0,0.0,0.0,3.0,23.0,18.0,0.5454545454545454,0.3333333333333333,0.0,1.0,1.0,3.0,1.0,1.0,,,1.0
401220201,2020-09-25 00:20:00+00:00,2020,3,Jacksonville Jaguars,Miami Dolphins,28.5,19.5,26.5,26.0,2.0,-6.5,360.5,339.5,399.5,440.5,232.5,246.5,128.0,93.0,1.0,1.5,0.0,-0.5,23.5,24.0,0.6071428571428572,0.39015151515151514,3.0,2.0,1.0,1.5,0.5,0.0,27.0,11.0,0.0
401220168,2020-09-27 17:00:00+00:00,2020,3,Cleveland Browns,Washington,20.5,21.0,34.0,23.5,-13.5,-2.5,370.0,277.5,367.0,351.5,193.5,179.0,176.5,98.5,2.0,1.0,-1.0,1.0,21.5,18.5,0.4375,0.3055555555555556,1.0,3.5,2.5,5.5,0.5,0.5,35.0,15.0,1.0
401220304,2020-09-27 17:00:00+00:00,2020,3,Minnesota Vikings,Tennessee Titans,22.5,24.5,35.5,22.0,-13.0,2.5,278.5,365.5,438.0,401.5,171.5,239.0,107.0,126.5,2.0,0.0,-1.5,1.5,18.5,24.5,0.3611111111111111,0.5369318181818181,2.5,1.0,1.0,1.0,0.0,1.0,34.0,16.0,0.0
401220264,2020-09-27 17:00:00+00:00,2020,3,Philadelphia Eagles,Cincinnati Bengals,18.0,21.5,32.0,25.5,-14.0,-4.0,314.0,324.0,344.0,398.0,225.0,229.0,89.0,95.0,3.0,1.5,-2.5,-1.0,22.0,24.5,0.47023809523809523,0.43650793650793646,4.0,3.0,2.0,1.0,0.0,0.0,19.0,30.0,
401220173,2020-09-27 17:00:00+00:00,2020,3,Pittsburgh Steelers,Houston Texans,26.0,18.0,18.5,33.5,7.5,-15.5,379.5,332.0,305.0,388.0,254.5,247.5,125.0,84.5,1.5,1.5,0.5,-1.5,19.0,19.5,0.35,0.3666666666666667,1.5,4.0,5.0,2.5,1.0,0.0,26.0,20.0,1.0
401220254,2020-09-27 17:00:00+00:00,2020,3,New York Giants,San Francisco 49ers,14.5,25.5,21.5,18.5,-7.0,7.0,293.0,362.5,326.5,340.5,241.0,210.0,52.0,152.5,2.0,0.5,-0.5,0.0,21.0,17.5,0.382051282051282,0.3601398601398601,3.5,3.0,3.0,1.5,0.0,0.5,16.0,31.0,0.0
401220134,2020-09-27 17:00:00+00:00,2020,3,New England Patriots,Las Vegas Raiders,25.5,34.0,23.0,27.0,2.5,7.0,410.5,374.5,349.0,406.0,268.5,250.0,142.0,124.5,1.0,0.5,1.0,0.0,29.0,25.5,0.5416666666666667,0.5668449197860963,1.5,1.5,1.5,0.5,0.5,1.0,21.0,34.0,1.0
401220119,2020-09-27 17:00:00+00:00,2020,3,Buffalo Bills,Los Angeles Rams,29.0,28.5,22.5,18.0,6.5,10.5,464.0,435.5,332.0,371.5,359.5,263.5,104.5,172.0,1.5,1.0,-0.5,0.5,27.0,26.5,0.5,0.5563725490196079,2.0,1.0,3.0,1.5,1.0,1.0,27.0,37.0,1.0
401220309,2020-09-27 17:00:00+00:00,2020,3,Atlanta Falcons,Chicago Bears,32.0,22.0,39.0,18.0,-7.0,4.0,443.0,333.5,476.5,360.5,350.5,191.5,92.5,142.0,1.0,1.0,0.5,0.5,25.0,22.0,0.48529411764705876,0.3721590909090909,1.5,2.5,2.0,2.5,0.0,1.0,25.0,27.0,0.0
401220193,2020-09-27 20:05:00+00:00,2020,3,Indianapolis Colts,New York Jets,24.0,15.0,19.0,29.0,5.0,-14.0,399.5,265.5,208.0,381.5,280.0,187.5,119.5,78.0,1.5,1.0,0.0,0.5,25.5,16.0,0.303030303030303,0.36038961038961037,1.5,2.0,3.5,3.0,0.5,0.0,28.0,17.0,1.0
401220240,2020-09-27 20:05:00+00:00,2020,3,Los Angeles Chargers,Carolina Panthers,18.0,23.5,18.0,32.5,0.0,-9.0,420.5,407.5,354.5,355.5,251.5,299.5,169.0,108.0,0.5,2.0,0.5,-1.0,23.5,23.0,0.4182692307692307,0.5419580419580419,2.0,3.0,2.0,0.0,0.5,0.0,20.0,17.0,0.0
401220363,2020-09-27 20:25:00+00:00,2020,3,Seattle Seahawks,Dallas Cowboys,36.5,28.5,27.5,29.5,9.0,-1.0,406.0,475.0,485.0,401.0,287.0,344.5,119.0,130.5,0.5,1.5,1.0,-1.0,22.0,28.5,0.38095238095238093,0.3942307692307692,2.5,2.0,1.5,1.0,1.0,0.5,35.0,17.0,1.0
401220216,2020-09-27 20:25:00+00:00,2020,3,Denver Broncos,Tampa Bay Buccaneers,17.5,27.0,21.0,25.5,-3.5,1.5,321.0,324.5,393.5,349.0,215.5,220.5,105.5,104.0,1.5,2.5,-0.5,-0.5,21.0,21.5,0.3333333333333333,0.41958041958041953,3.5,1.5,1.0,3.0,0.0,0.5,14.0,23.0,0.0
401220343,2020-09-27 20:25:00+00:00,2020,3,Arizona Cardinals,Detroit Lions,27.0,22.0,17.5,34.5,9.5,-12.5,421.0,366.5,341.0,425.5,251.0,253.0,170.0,113.5,1.0,1.0,0.0,-1.0,25.5,22.0,0.45588235294117646,0.4375,2.5,2.5,3.5,1.0,1.0,0.0,30.0,21.0,0.0
401220323,2020-09-28 00:20:00+00:00,2020,3,New Orleans Saints,Green Bay Packers,29.0,42.5,28.5,27.5,0.5,15.0,347.5,505.0,343.5,344.5,250.5,296.5,97.0,208.5,0.5,0.0,1.5,1.0,22.0,28.5,0.48484848484848486,0.5227272727272727,0.5,0.5,3.0,3.0,0.5,1.0,34.0,43.0,0.0
401220153,2020-09-29 00:15:00+00:00,2020,3,Baltimore Ravens,Kansas City Chiefs,35.5,28.5,11.0,20.0,24.5,8.5,394.0,391.5,305.0,419.5,223.5,246.0,170.5,145.5,0.5,0.0,2.0,1.0,23.0,25.5,0.45129870129870125,0.5025641025641026,3.0,1.0,3.0,3.0,1.0,1.0,38.0,23.0,0.0
401220141,2020-10-02 00:20:00+00:00,2020,4,New York Jets,Denver Broncos,12.333333333333334,15.0,31.333333333333332,23.333333333333332,-19.0,-8.333333333333334,263.6666666666667,289.3333333333333,372.0,380.0,175.33333333333334,205.0,88.33333333333333,84.33333333333333,1.6666666666666667,1.6666666666666667,-0.6666666666666666,-1.0,15.666666666666666,18.333333333333332,0.3235930735930736,0.3412698412698412,2.0,4.333333333333333,2.0,1.3333333333333333,0.0,0.0,13.0,21.0,0.0
401220128,2020-10-04 17:00:00+00:00,2020,4,Miami Dolphins,Seattle Seahawks,23.333333333333332,37.0,21.666666666666668,28.666666666666668,1.6666666666666667,8.333333333333334,324.3333333333333,408.0,399.6666666666667,497.3333333333333,216.33333333333334,289.6666666666667,108.0,118.33333333333333,1.0,0.6666666666666666,0.3333333333333333,1.3333333333333333,23.666666666666668,22.333333333333332,0.4395881895881895,0.38217338217338215,1.6666666666666667,3.0,2.3333333333333335,1.6666666666666667,0.3333333333333333,1.0,28.0,38.0,0.0
401220320,2020-10-04 17:00:00+00:00,2020,4,Carolina Panthers,Arizona Cardinals,22.666666666666668,25.666666666666668,27.0,20.333333333333332,-4.333333333333333,5.333333333333333,372.3333333333333,406.3333333333333,382.3333333333333,334.6666666666667,273.3333333333333,256.6666666666667,99.0,149.66666666666666,1.3333333333333333,1.6666666666666667,0.6666666666666666,-1.0,20.0,26.333333333333332,0.4446386946386946,0.4372549019607843,2.6666666666666665,2.0,0.6666666666666666,3.6666666666666665,0.3333333333333333,0.6666666666666666,30.0,24.0,1.0
401220157,2020-10-04 17:00:00+00:00,2020,4,Cincinnati Bengals,Jacksonville Jaguars,22.0,23.333333333333332,24.666666666666668,28.0,-2.6666666666666665,-4.666666666666667,317.3333333333333,346.3333333333333,391.3333333333333,364.3333333333333,238.0,237.0,79.33333333333333,109.33333333333333,1.0,1.3333333333333333,0.0,-0.6666666666666666,24.333333333333332,23.0,0.36792836792836786,0.5047619047619047,4.666666666666667,3.3333333333333335,1.6666666666666667,1.0,0.16666666666666666,0.3333333333333333,13.0,30.0,1.0
401220285,2020-10-04 17:00:00+00:00,2020,4,Detroit Lions,New Orleans Saints,23.333333333333332,29.333333333333332,30.666666666666668,31.333333333333332,-7.333333333333333,-2.0,351.6666666666667,364.0,409.3333333333333,352.0,246.0,258.6666666666667,105.66666666666667,105.33333333333333,0.6666666666666666,0.6666666666666666,0.3333333333333333,0.6666666666666666,22.0,21.666666666666668,0.40277777777777773,0.4747474747474747,3.0,1.0,1.0,2.3333333333333335,0.3333333333333333,0.3333333333333333,23.0,24.0,0.0
401220271,2020-10-04 17:00:00+00:00,2020,4,Washington,Baltimore Ravens,20.666666666666668,30.333333333333332,27.0,18.666666666666668,-6.333333333333333,11.666666666666666,288.0,338.6666666666667,334.3333333333333,375.6666666666667,188.0,172.33333333333334,100.0,166.33333333333334,2.3333333333333335,0.6666666666666666,-1.0,1.3333333333333333,18.666666666666668,20.666666666666668,0.35521885521885516,0.41197691197691194,3.3333333333333335,3.3333333333333335,4.333333333333333,2.0,0.3333333333333333,0.6666666666666666,27.0,33.0,0.0
401220334,2020-10-04 17:00:00+00:00,2020,4,Tampa Bay Buccaneers,Los Angeles Chargers,27.333333333333332,17.333333333333332,20.333333333333332,19.0,7.0,-1.6666666666666667,334.0,425.6666666666667,308.0,337.0,242.0,274.0,92.0,151.66666666666666,1.6666666666666667,1.6666666666666667,0.3333333333333333,-1.0,20.0,24.333333333333332,0.44638694638694637,0.5010683760683761,1.6666666666666667,2.0,4.0,2.0,0.6666666666666666,0.3333333333333333,31.0,16.0,1.0
401220184,2020-10-04 17:00:00+00:00,2020,4,Houston Texans,Minnesota Vikings,19.0,25.0,31.666666666666668,34.0,-12.666666666666666,-9.0,308.0,340.3333333333333,387.6666666666667,440.0,242.0,193.66666666666666,66.0,146.66666666666666,1.3333333333333333,2.3333333333333335,-1.3333333333333333,-1.6666666666666667,17.333333333333332,19.666666666666668,0.3833333333333333,0.37407407407407406,4.333333333333333,2.3333333333333335,2.3333333333333335,1.3333333333333333,0.0,0.0,16.0,11.0,0.0
401220247,2020-10-04 17:00:00+00:00,2020,4,Dallas Cowboys,Cleveland Browns,29.333333333333332,25.0,32.333333333333336,29.333333333333332,-3.0,-4.333333333333333,490.6666666666667,346.6666666666667,404.6666666666667,347.6666666666667,383.3333333333333,176.33333333333334,107.33333333333333,170.33333333333334,2.0,1.3333333333333333,-1.3333333333333333,1.0,28.0,20.666666666666668,0.4183760683760684,0.41071428571428575,2.0,1.3333333333333333,2.0,2.6666666666666665,0.3333333333333333,0.6666666666666666,40.0,6.0,0.0
401220348,2020-10-04 20:05:00+00:00,2020,4,Los Angeles Rams,New York Giants,29.666666666666668,12.666666666666666,23.666666666666668,26.333333333333332,6.0,-13.666666666666666,449.6666666666667,272.3333333333333,372.6666666666667,357.6666666666667,279.3333333333333,215.66666666666666,170.33333333333334,56.666666666666664,1.3333333333333333,2.3333333333333335,0.3333333333333333,-1.3333333333333333,27.0,18.333333333333332,0.5709150326797386,0.388034188034188,1.3333333333333333,3.0,2.3333333333333335,2.6666666666666665,0.6666666666666666,0.0,20.0,13.0,1.0
401220229,2020-10-04 20:25:00+00:00,2020,4,Las Vegas Raiders,Buffalo Bills,29.333333333333332,31.0,30.0,25.666666666666668,-0.6666666666666666,5.333333333333333,374.6666666666667,434.3333333333333,406.0,380.6666666666667,249.66666666666666,331.0,125.0,103.33333333333333,1.3333333333333333,1.6666666666666667,-0.6666666666666666,-0.3333333333333333,24.333333333333332,25.666666666666668,0.489007724301842,0.5,1.6666666666666667,2.6666666666666665,1.0,2.6666666666666665,0.6666666666666666,1.0,34.0,31.0,0.0
401220280,2020-10-04 20:25:00+00:00,2020,4,Chicago Bears,Indianapolis Colts,24.666666666666668,28.0,20.666666666666668,15.0,4.0,13.0,368.0,384.0,364.0,225.33333333333334,230.0,264.6666666666667,138.0,119.33333333333333,1.3333333333333333,1.0,0.0,1.0,22.666666666666668,24.0,0.3369949494949495,0.302020202020202,2.3333333333333335,1.0,2.3333333333333335,3.0,1.0,0.6666666666666666,17.0,20.0,0.0
401220355,2020-10-05 00:20:00+00:00,2020,4,San Francisco 49ers,Philadelphia Eagles,29.0,19.666666666666668,15.333333333333334,29.0,13.666666666666666,-9.333333333333334,381.6666666666667,335.3333333333333,304.0,330.6666666666667,249.0,218.66666666666666,132.66666666666666,116.66666666666667,0.3333333333333333,2.6666666666666665,1.0,-2.3333333333333335,21.333333333333332,23.666666666666668,0.46231546231546233,0.47222222222222215,2.6666666666666665,3.6666666666666665,1.6666666666666667,4.0,0.6666666666666666,0.16666666666666666,20.0,17.0,0.0
401220221,2020-10-05 23:05:00+00:00,2020,4,Kansas City Chiefs,New England Patriots,30.333333333333332,29.0,20.0,22.0,10.333333333333334,7.0,433.3333333333333,409.0,355.6666666666667,357.6666666666667,292.3333333333333,231.0,141.0,178.0,0.3333333333333333,1.0,0.6666666666666666,1.3333333333333333,26.666666666666668,27.666666666666668,0.5914529914529915,0.452020202020202,0.6666666666666666,1.6666666666666667,3.3333333333333335,1.6666666666666667,1.0,0.6666666666666666,34.0,30.0,1.0
401220293,2020-10-06 01:00:00+00:00,2020,4,Green Bay Packers,Atlanta Falcons,40.666666666666664,30.0,28.333333333333332,36.0,12.333333333333334,-6.0,459.6666666666667,419.0,362.0,463.3333333333333,288.0,309.3333333333333,171.66666666666666,109.66666666666667,0.0,1.0,1.0,0.6666666666666666,27.0,24.0,0.5,0.42609351432880843,0.6666666666666666,1.6666666666666667,2.6666666666666665,2.0,1.0,0.0,42.0,39.0,1.0
401220278,2020-10-09 00:20:00+00:00,2020,5,Chicago Bears,Tampa Bay Buccaneers,21.25,30.0,20.25,23.0,1.0,7.0,343.25,371.5,345.25,312.0,232.75,273.75,110.5,97.75,1.25,1.5,-0.25,0.5,21.0,22.0,0.3241747835497835,0.4484265734265734,2.0,1.25,2.0,3.5,0.75,0.75,14.0,25.5,1.0
401220146,2020-10-11 17:00:00+00:00,2020,5,Baltimore Ravens,Cincinnati Bengals,30.5,24.75,18.25,24.75,12.25,0.0,341.5,364.25,367.5,400.75,180.75,253.5,160.75,110.75,1.0,1.0,0.75,0.0,20.0,25.25,0.42261904761904756,0.3668553668553668,2.75,3.75,2.25,2.0,0.75,0.375,29.0,26.5,1.0
401220175,2020-10-11 17:00:00+00:00,2020,5,Pittsburgh Steelers,Philadelphia Eagles,26.666666666666668,21.0,19.333333333333332,26.75,7.333333333333333,-5.75,382.0,318.25,290.0,352.25,242.33333333333334,207.5,139.66666666666666,110.75,1.0,2.25,0.6666666666666666,-1.25,21.0,22.25,0.3814814814814815,0.43108974358974356,1.6666666666666667,3.5,5.0,4.25,1.0,0.375,27.0,21.0,1.0
401220269,2020-10-11 17:00:00+00:00,2020,5,Washington,Los Angeles Rams,19.75,26.5,28.0,20.0,-8.25,6.5,301.75,397.25,338.25,353.25,209.5,255.0,92.25,142.25,2.0,1.25,-0.5,0.25,20.0,24.0,0.3433372183372183,0.5243401206636501,3.25,1.5,3.5,3.0,0.25,0.75,22.0,34.5,0.0
401220179,2020-10-11 17:00:00+00:00,2020,5,Houston Texans,Jacksonville Jaguars,20.0,23.75,31.5,29.25,-11.5,-5.5,327.5,367.0,393.25,399.5,254.0,262.75,73.5,104.25,1.25,1.25,-1.25,-0.5,18.0,23.5,0.35,0.4285714285714286,4.0,3.25,2.5,1.0,0.0,0.25,19.5,27.5,1.0
401220219,2020-10-11 17:00:00+00:00,2020,5,Kansas City Chiefs,Las Vegas Raiders,29.25,27.75,17.5,30.0,11.75,-2.25,405.75,376.75,356.0,388.75,276.5,261.5,129.25,115.25,0.5,1.5,1.25,-1.0,24.75,24.25,0.5344988344988345,0.5096129360835243,0.75,1.75,3.0,1.0,1.0,0.5,30.0,27.0,0.0
401220306,2020-10-11 17:00:00+00:00,2020,5,Atlanta Falcons,Carolina Panthers,26.5,24.75,34.5,25.5,-8.0,-0.75,396.0,390.25,448.25,352.25,294.25,274.0,101.75,116.25,0.75,1.25,0.5,0.5,24.0,22.5,0.3820701357466063,0.49256993006993005,2.25,2.0,1.75,0.75,0.0,0.5,25.5,19.0,0.0
401220143,2020-10-11 17:00:00+00:00,2020,5,New York Jets,Arizona Cardinals,16.25,24.5,32.75,23.0,-16.5,1.5,278.0,370.25,368.75,362.0,179.5,225.75,98.5,144.5,1.25,1.5,0.25,-0.75,16.25,25.0,0.34795796308954197,0.41127450980392155,3.0,1.75,1.5,2.75,0.0,0.5,20.5,22.5,0.0
401220358,2020-10-11 20:05:00+00:00,2020,5,San Francisco 49ers,Miami Dolphins,26.75,23.25,17.75,24.0,9.0,-0.75,390.5,347.0,294.75,410.0,262.0,240.25,128.5,106.75,1.0,1.25,0.25,0.0,22.25,24.0,0.4603729603729603,0.4643065268065268,3.25,1.5,2.0,2.25,0.5,0.25,20.0,21.0,0.0
401220242,2020-10-11 20:25:00+00:00,2020,5,Dallas Cowboys,New York Giants,31.5,11.75,36.5,24.0,-5.0,-12.25,509.5,278.0,430.5,328.25,407.75,201.5,101.75,76.5,2.25,2.0,-1.75,-1.0,29.75,18.5,0.45014568764568763,0.3679487179487179,2.25,3.5,2.0,2.5,0.25,0.0,39.0,11.0,1.0
401220166,2020-10-11 20:25:00+00:00,2020,5,Cleveland Browns,Indianapolis Colts,31.0,25.75,31.5,14.0,-0.5,11.75,387.0,360.25,402.25,236.25,182.5,245.0,204.5,115.25,1.0,0.75,1.5,1.0,23.75,22.5,0.4216720779220779,0.33177830940988834,1.5,1.0,2.75,2.5,0.75,0.75,34.5,19.5,1.0
401220367,2020-10-12 00:20:00+00:00,2020,5,Seattle Seahawks,Minnesota Vikings,35.5,26.5,27.25,31.25,8.25,-4.75,416.25,357.75,476.75,426.5,303.0,207.25,113.25,150.5,0.75,1.75,1.25,-1.0,23.25,20.75,0.3866300366300366,0.38472222222222224,2.75,2.5,1.5,1.75,1.0,0.25,36.5,21.0,1.0
401220326,2020-10-13 00:15:00+00:00,2020,5,New Orleans Saints,Los Angeles Chargers,30.75,20.75,30.75,23.75,0.0,-3.0,371.0,400.25,334.25,373.75,251.0,275.0,120.0,125.25,0.75,1.75,0.5,-1.0,23.5,22.0,0.5346320346320346,0.475801282051282,1.25,2.0,2.5,1.5,0.5,0.25,32.0,23.5,1.0
401220209,2020-10-13 23:00:00+00:00,2020,5,Tennessee Titans,Buffalo Bills,26.666666666666668,30.75,24.666666666666668,25.0,2.0,5.75,391.6666666666667,410.0,422.3333333333333,381.25,262.6666666666667,316.75,129.0,93.25,0.3333333333333333,1.25,1.6666666666666667,0.25,24.0,24.5,0.43487762237762234,0.5096153846153846,1.3333333333333333,2.25,1.3333333333333333,2.5,1.0,1.0,33.0,30.5,1.0
401220317,2020-10-18 17:00:00+00:00,2020,6,Carolina Panthers,Chicago Bears,24.4,21.0,23.6,20.0,0.8,1.0,399.6,323.2,356.4,344.0,281.8,227.8,117.8,95.4,1.0,1.2,0.6,-0.2,22.8,20.4,0.494055944055944,0.3193398268398268,1.6,2.2,1.0,2.2,0.6,0.8,30.5,28.5,0.0
401220200,2020-10-18 17:00:00+00:00,2020,6,Jacksonville Jaguars,Detroit Lions,21.8,24.75,29.4,31.75,-7.6,-7.0,366.4,334.0,416.8,405.0,268.0,232.25,98.4,101.75,1.4,0.75,-0.4,0.25,23.2,21.0,0.4428571428571429,0.4270833333333333,3.4,3.0,1.0,1.25,0.2,0.25,20.0,23.5,0.0
401220172,2020-10-18 17:00:00+00:00,2020,6,Pittsburgh Steelers,Cleveland Browns,29.5,31.2,21.75,29.8,7.75,1.4,378.25,386.6,301.5,383.4,239.5,198.2,138.75,188.4,1.0,1.2,0.75,1.2,22.0,23.4,0.4694444444444444,0.4549847211611917,1.5,1.4,5.0,2.4,1.0,0.8,30.666666666666668,27.5,1.0
401220252,2020-10-18 17:00:00+00:00,2020,6,New York Giants,Washington,16.2,17.8,26.6,28.4,-10.4,-10.6,282.4,263.0,343.0,356.4,203.4,181.6,79.0,81.4,1.8,1.6,-0.6,-0.2,18.8,18.0,0.40205128205128204,0.3054390054390054,3.2,4.2,2.4,3.0,0.0,0.2,12.5,17.5,1.0
401220301,2020-10-18 17:00:00+00:00,2020,6,Minnesota Vikings,Atlanta Falcons,26.4,24.4,30.4,32.2,-4.0,-7.8,376.0,391.4,404.0,446.0,215.4,276.8,160.6,114.6,1.8,0.8,-1.0,0.2,22.8,23.4,0.39349206349206345,0.3979638009049774,2.6,2.2,2.2,1.4,0.2,0.0,32.0,27.5,0.0
401220263,2020-10-18 17:00:00+00:00,2020,6,Philadelphia Eagles,Baltimore Ravens,22.6,29.8,29.0,15.2,-6.4,14.6,321.8,339.6,355.2,335.0,214.4,178.8,107.4,160.8,2.2,1.0,-1.2,1.0,21.8,19.4,0.48772893772893766,0.4314285714285714,3.8,2.4,3.6,3.2,0.3,0.8,21.0,32.0,0.0
401220133,2020-10-18 17:00:00+00:00,2020,6,New England Patriots,Denver Broncos,24.25,20.5,23.0,24.5,1.25,-4.0,396.0,306.75,349.0,365.25,216.25,214.25,179.75,92.5,1.75,2.0,0.25,-1.5,26.0,19.0,0.4390151515151515,0.38095238095238093,1.75,3.25,1.5,2.5,0.5,0.25,28.5,29.0,0.0
401220202,2020-10-18 17:00:00+00:00,2020,6,Tennessee Titans,Houston Texans,30.5,22.0,22.5,28.0,8.0,-6.0,377.25,359.2,409.25,387.4,245.75,274.6,131.5,84.6,0.25,1.4,2.0,-1.0,24.25,19.2,0.47615821678321674,0.38,1.0,3.4,1.25,2.8,1.0,0.2,37.5,20.5,1.0
401220190,2020-10-18 17:00:00+00:00,2020,6,Indianapolis Colts,Cincinnati Bengals,25.2,20.4,17.6,25.2,7.6,-4.8,349.8,332.4,266.0,387.0,244.0,229.8,105.8,102.6,1.0,1.4,0.8,-0.4,21.0,22.6,0.33814992025518337,0.3309842934842934,1.0,4.4,2.2,1.8,0.6,0.3,32.0,18.666666666666668,1.0
401220124,2020-10-18 20:05:00+00:00,2020,6,Miami Dolphins,New York Jets,27.2,15.0,22.6,32.2,4.6,-17.2,364.8,279.4,379.8,394.2,260.6,176.0,104.2,103.4,1.0,1.0,0.6,0.4,23.6,17.2,0.43811188811188806,0.33990483201009514,1.6,3.0,2.8,1.4,0.4,0.0,25.5,12.0,1.0
401220331,2020-10-18 20:25:00+00:00,2020,6,Tampa Bay Buccaneers,Green Bay Packers,27.8,38.0,22.4,25.25,5.4,12.75,365.0,445.5,298.2,353.25,265.6,294.75,99.4,150.75,1.4,0.0,0.4,0.75,21.2,25.75,0.4158841158841159,0.5113636363636364,1.6,0.75,3.4,3.0,0.6,1.0,34.5,40.0,1.0
401220353,2020-10-19 00:20:00+00:00,2020,6,San Francisco 49ers,Los Angeles Rams,24.8,27.2,22.8,18.0,2.0,9.2,364.2,403.6,323.0,304.2,235.2,264.0,129.0,139.6,1.4,1.2,-0.4,0.0,21.6,23.2,0.40829836829836824,0.49947209653092006,3.6,1.4,2.0,4.0,0.4,0.8,19.0,33.0,1.0
401220117,2020-10-19 21:00:00+00:00,2020,6,Buffalo Bills,Kansas City Chiefs,27.8,29.8,28.4,22.0,-0.6,7.8,402.0,407.2,371.8,382.8,308.4,287.8,93.6,119.4,1.6,0.6,-0.4,1.0,24.2,24.0,0.5606334841628959,0.5133133533133533,2.0,1.2,2.0,2.6,0.8,0.8,31.0,28.5,0.0
401220245,2020-10-20 00:15:00+00:00,2020,6,Dallas Cowboys,Arizona Cardinals,32.6,25.6,36.0,20.4,-3.4,5.2,488.0,395.4,404.4,346.6,381.4,254.4,106.6,141.0,2.2,1.4,-1.6,-0.8,29.4,25.6,0.47122766122766124,0.41235294117647053,2.2,1.6,2.0,2.8,0.4,0.6,38.333333333333336,25.0,0.0
401220259,2020-10-23 00:20:00+00:00,2020,7,Philadelphia Eagles,New York Giants,24.8,17.0,29.6,25.2,-4.8,-8.2,341.6,272.2,378.4,340.6,206.8,172.6,134.8,99.6,1.8,1.6,-0.8,-0.2,21.8,18.0,0.4663003663003663,0.42265734265734267,3.4,2.8,3.6,2.6,0.3,0.2,23.333333333333332,18.666666666666668,1.0
401220138,2020-10-25 17:00:00+00:00,2020,7,New York Jets,Buffalo Bills,11.6,25.8,31.6,30.2,-20.0,-4.4,281.2,362.4,373.8,414.2,165.2,271.6,116.0,90.8,0.8,1.4,0.6,-0.4,16.8,22.0,0.2907069710475283,0.5495223730517849,3.0,1.4,1.2,1.6,0.0,0.6,17.0,25.666666666666668,0.0
401249063,2020-10-25 17:00:00+00:00,2020,7,Tennessee Titans,Pittsburgh Steelers,32.8,31.2,25.2,18.8,7.6,12.4,423.2,358.0,409.8,285.2,265.4,221.2,157.8,136.8,0.6,0.8,1.2,1.0,25.6,21.2,0.5009265734265733,0.44698412698412693,1.2,1.6,1.4,4.8,1.0,1.0,39.0,26.0,0.0
401220310,2020-10-25 17:00:00+00:00,2020,7,Atlanta Falcons,Detroit Lions,27.4,26.6,29.2,28.6,-1.8,-2.0,382.6,347.8,442.4,379.0,262.6,230.4,120.0,117.4,0.6,0.8,1.0,0.4,22.6,21.8,0.40384615384615385,0.39166666666666666,2.2,2.4,1.0,1.2,0.2,0.4,22.333333333333332,27.0,0.0
401220266,2020-10-25 17:00:00+00:00,2020,7,Washington,Dallas Cowboys,16.2,31.2,29.0,39.6,-12.8,-8.4,282.6,480.8,351.4,407.6,200.0,382.0,82.6,98.8,2.0,3.0,-1.0,-2.6,19.2,30.0,0.3565501165501165,0.5012276612276613,4.2,2.2,1.6,2.0,0.0,0.4,18.0,24.0,1.0
401220183,2020-10-25 17:00:00+00:00,2020,7,Houston Texans,Green Bay Packers,25.2,32.4,29.6,27.8,-4.4,4.6,369.6,396.6,435.0,347.4,290.2,257.2,79.4,139.4,1.2,0.4,-0.4,0.2,20.0,23.2,0.4,0.49144385026737963,3.0,1.6,3.0,2.4,0.2,0.8,23.0,30.0,0.0
401220322,2020-10-25 17:00:00+00:00,2020,7,New Orleans Saints,Carolina Panthers,30.6,21.6,30.0,21.4,0.6,0.2,378.4,382.6,337.4,334.2,263.4,268.2,115.0,114.4,0.8,1.6,0.2,0.2,23.4,23.0,0.49437229437229435,0.4325174825174825,1.4,2.2,2.6,1.0,0.6,0.6,31.333333333333332,20.333333333333332,1.0
401220155,2020-10-25 17:00:00+00:00,2020,7,Cincinnati Bengals,Cleveland Browns,23.2,31.4,28.2,29.8,-5.0,1.6,353.0,369.4,400.6,362.6,255.2,193.6,97.8,175.8,1.2,1.0,0.2,1.2,23.2,21.8,0.33938765482883126,0.4216513878278584,4.2,1.8,1.6,2.4,0.3,0.8,23.0,20.666666666666668,0.0
401220232,2020-10-25 20:05:00+00:00,2020,7,Las Vegas Raiders,Tampa Bay Buccaneers,30.2,30.8,30.4,17.6,-0.2,13.2,399.4,367.8,393.6,284.2,278.4,254.0,121.0,113.8,1.4,0.8,-0.8,1.4,23.8,20.8,0.5076903488668194,0.4222943722943723,1.6,1.0,1.4,4.2,0.6,0.8,28.5,23.333333333333332,0.0
401220210,2020-10-25 20:25:00+00:00,2020,7,Denver Broncos,Kansas City Chiefs,20.0,28.2,22.0,21.4,-2.0,6.8,305.2,426.6,349.8,352.0,204.2,291.4,101.0,135.2,2.0,0.8,-1.0,0.8,18.2,23.8,0.36190476190476184,0.5341924741924742,3.0,1.2,2.8,1.8,0.4,0.8,12.0,27.666666666666668,0.0
401220241,2020-10-25 20:25:00+00:00,2020,7,Los Angeles Chargers,Jacksonville Jaguars,22.0,19.6,25.0,32.2,-3.0,-12.6,390.2,373.2,380.6,408.4,267.8,284.2,122.4,89.0,1.4,1.8,-0.6,-1.0,21.4,23.0,0.47475867269984917,0.45054945054945056,2.2,2.8,1.6,0.8,0.2,0.0,18.0,23.0,1.0
401220136,2020-10-25 20:25:00+00:00,2020,7,New England Patriots,San Francisco 49ers,21.8,25.6,22.0,21.2,-0.2,4.4,374.4,369.0,339.0,304.4,207.2,240.2,167.2,128.8,2.0,1.4,0.0,-0.4,23.6,22.8,0.41275058275058274,0.44885780885780885,2.2,3.0,1.6,1.6,0.4,0.6,23.0,33.5,0.0
401220338,2020-10-26 00:20:00+00:00,2020,7,Arizona Cardinals,Seattle Seahawks,28.4,33.8,18.4,27.0,10.0,6.8,402.2,395.8,342.2,471.2,245.0,280.4,157.2,115.4,1.2,0.8,0.2,1.2,24.2,22.2,0.4200452488687783,0.3093040293040293,1.4,3.0,2.8,1.8,0.6,1.0,26.5,34.5,1.0
401220351,2020-10-27 00:15:00+00:00,2020,7,Los Angeles Rams,Chicago Bears,26.4,20.2,19.4,18.6,7.0,1.6,381.4,302.8,306.2,319.4,249.8,224.6,131.6,78.2,1.2,1.4,0.0,0.0,22.0,19.6,0.46025641025641023,0.38297619047619047,1.2,2.0,3.4,2.8,0.6,0.8,18.5,26.666666666666668,1.0
401220314,2020-10-30 00:20:00+00:00,2020,8,Carolina Panthers,Atlanta Falcons,23.0,24.0,20.6,25.8,2.4,-1.8,353.8,384.2,349.4,405.6,249.4,273.6,104.4,110.6,0.8,0.8,0.8,0.2,21.8,23.4,0.45675990675990674,0.4097285067873303,1.4,2.4,1.2,1.2,0.6,0.2,25.666666666666668,31.666666666666668,0.0
401220292,2020-11-01 18:00:00+00:00,2020,8,Green Bay Packers,Minnesota Vikings,30.8,24.2,25.0,29.8,5.8,-5.6,368.0,372.6,344.0,392.0,241.0,232.4,127.0,140.2,0.4,2.2,0.2,-1.2,21.4,21.6,0.49901960784313726,0.35349206349206347,1.6,2.4,2.6,2.6,0.8,0.2,36.0,22.666666666666668,0.0
401220148,2020-11-01 18:00:00+00:00,2020,8,Baltimore Ravens,Pittsburgh Steelers,28.2,31.4,19.6,20.4,8.6,11.0,334.4,360.6,346.6,285.4,159.4,233.2,175.0,127.4,0.8,1.2,0.8,0.2,18.2,22.0,0.3973376623376623,0.4847619047619047,2.6,1.2,4.0,4.6,0.8,1.0,28.333333333333332,26.5,0.0
401220169,2020-11-01 18:00:00+00:00,2020,8,Cleveland Browns,Las Vegas Raiders,31.8,27.4,30.6,33.4,1.2,-6.0,362.2,394.4,385.6,406.8,213.0,284.8,149.2,109.6,1.0,1.6,1.4,-1.0,21.8,23.0,0.4395085306850013,0.47552251669898726,1.8,2.2,2.6,1.2,0.8,0.4,33.666666666666664,31.333333333333332,0.0
401220288,2020-11-01 18:00:00+00:00,2020,8,Detroit Lions,Indianapolis Colts,26.6,27.4,27.6,17.6,-1.0,9.8,339.8,346.8,384.0,297.4,237.2,246.8,102.6,100.0,0.6,1.0,0.8,1.0,21.0,20.2,0.37666666666666665,0.398755980861244,2.6,1.0,1.4,1.8,0.6,0.8,26.0,20.666666666666668,0.0
401220127,2020-11-01 18:00:00+00:00,2020,8,Miami Dolphins,Los Angeles Rams,29.8,23.8,18.4,17.6,11.4,6.2,371.4,365.8,361.0,289.4,262.6,240.4,108.8,125.4,0.8,1.2,0.8,-0.2,23.2,20.8,0.3876068376068376,0.40512820512820513,1.8,1.2,3.0,4.2,0.6,0.6,25.0,28.75,1.0
401220222,2020-11-01 18:00:00+00:00,2020,8,Kansas City Chiefs,New York Jets,32.2,11.0,20.6,29.0,11.6,-18.0,401.0,264.0,338.4,386.4,270.6,148.8,130.4,115.2,1.0,1.2,1.2,0.2,22.6,16.8,0.4408591408591408,0.2692783996189569,1.8,4.0,2.0,1.0,0.8,0.0,30.666666666666668,8.0,1.0
401220158,2020-11-01 18:00:00+00:00,2020,8,Cincinnati Bengals,Tennessee Titans,24.0,34.4,28.6,27.8,-4.6,6.6,376.0,406.2,393.4,417.6,275.6,258.0,100.4,148.2,1.4,0.6,0.0,1.6,23.4,23.4,0.38383209927327566,0.4903496503496503,4.4,1.4,1.6,1.4,0.3,0.8,26.666666666666668,23.5,1.0
401220115,2020-11-01 18:00:00+00:00,2020,8,Buffalo Bills,New England Patriots,23.2,18.8,26.6,26.4,-3.4,-7.6,342.0,351.2,370.4,378.6,248.2,208.6,93.8,142.6,1.4,2.6,0.0,-0.8,22.6,21.2,0.5040678275972393,0.3460839160839161,1.6,2.2,2.2,1.6,0.6,0.2,26.333333333333332,20.0,1.0
401220212,2020-11-01 21:05:00+00:00,2020,8,Denver Broncos,Los Angeles Chargers,20.4,26.6,27.4,28.2,-7.0,-1.6,322.8,414.6,331.6,380.4,207.8,296.2,115.0,118.4,2.6,1.4,-1.4,-0.8,19.2,23.4,0.36666666666666664,0.48547295841413485,3.6,2.0,3.4,2.0,0.4,0.2,13.333333333333334,24.666666666666668,1.0
401220361,2020-11-01 21:25:00+00:00,2020,8,Seattle Seahawks,San Francisco 49ers,33.0,26.0,29.4,19.8,3.6,6.2,433.6,390.6,473.8,297.2,295.0,258.8,138.6,131.8,1.4,1.6,0.6,0.2,24.4,24.6,0.31956043956043956,0.45227661227661226,2.8,2.6,1.4,1.8,0.8,0.6,33.333333333333336,33.333333333333336,1.0
401220277,2020-11-01 21:25:00+00:00,2020,8,Chicago Bears,New Orleans Saints,18.8,29.2,20.8,30.2,-2.0,-1.0,297.8,407.2,334.6,332.0,236.8,281.0,61.0,126.2,1.4,1.0,-0.2,-0.6,18.8,25.0,0.3276190476190476,0.5991341991341991,2.0,1.4,2.2,2.2,0.6,0.6,16.0,29.5,0.0
401220258,2020-11-02 01:20:00+00:00,2020,8,Philadelphia Eagles,Dallas Cowboys,25.4,23.8,26.4,36.8,-1.0,-13.0,357.4,395.2,353.6,411.0,227.6,304.8,129.8,90.4,1.4,2.6,0.0,-2.2,22.2,25.8,0.41117216117216115,0.4435353535353535,4.0,3.2,4.0,2.2,0.5,0.2,23.0,17.0,1.0
401220257,2020-11-03 01:15:00+00:00,2020,8,New York Giants,Tampa Bay Buccaneers,18.6,33.6,26.2,18.2,-7.6,15.4,278.2,390.8,368.2,268.2,161.6,284.4,116.6,106.4,1.8,0.4,-0.6,1.2,17.0,22.6,0.4365034965034965,0.44805194805194803,2.6,1.0,2.4,3.8,0.2,0.8,15.0,28.75,0.0
401220359,2020-11-06 01:20:00+00:00,2020,9,San Francisco 49ers,Green Bay Packers,24.2,26.8,25.4,26.4,-1.2,0.4,376.8,350.4,321.0,347.4,253.2,253.4,123.6,97.0,2.0,0.6,-0.8,-0.2,23.6,21.0,0.41125097125097126,0.4899286987522281,2.8,1.6,1.8,2.0,0.4,0.6,20.25,31.25,0.0
401220299,2020-11-08 18:00:00+00:00,2020,9,Minnesota Vikings,Detroit Lions,27.6,26.6,28.6,27.4,-1.0,-0.8,402.4,343.6,401.2,359.6,243.6,253.0,158.8,90.6,1.6,0.8,-0.6,0.6,23.2,21.2,0.409047619047619,0.37666666666666665,2.0,2.8,2.4,1.6,0.4,0.6,29.0,26.0,1.0
401220224,2020-11-08 18:00:00+00:00,2020,9,Kansas City Chiefs,Carolina Panthers,32.4,22.2,18.4,22.4,14.0,-0.2,396.8,354.2,337.0,342.4,282.8,236.6,114.0,117.6,0.8,1.0,1.4,0.0,21.8,22.6,0.3947052947052947,0.44675990675990673,1.8,1.6,1.4,1.2,0.8,0.4,31.75,21.25,1.0
401220207,2020-11-08 18:00:00+00:00,2020,9,Tennessee Titans,Chicago Bears,31.8,17.4,28.0,20.8,3.8,-3.4,423.6,276.2,395.0,339.2,256.4,222.0,167.2,54.2,0.8,1.2,1.0,-0.2,24.2,17.6,0.4741880341880342,0.34095238095238095,1.4,2.6,1.0,2.0,0.6,0.4,35.25,22.5,1.0
401220120,2020-11-08 18:00:00+00:00,2020,9,Buffalo Bills,Seattle Seahawks,21.0,33.4,24.4,28.8,-3.4,4.6,334.8,417.8,344.6,451.2,223.2,289.8,111.6,128.0,1.2,1.2,0.0,1.0,22.4,25.4,0.49497691850633024,0.3538461538461538,1.0,2.8,2.2,1.8,0.6,0.8,25.75,34.333333333333336,1.0
401220311,2020-11-08 18:00:00+00:00,2020,9,Atlanta Falcons,Denver Broncos,23.8,22.4,23.2,28.2,0.6,-5.8,390.2,329.2,379.0,346.6,282.2,213.4,108.0,115.8,0.8,2.4,0.0,-1.2,24.6,18.0,0.4148567119155354,0.3769230769230769,2.4,2.6,1.4,3.6,0.4,0.6,22.25,25.333333333333332,1.0
401220189,2020-11-08 18:00:00+00:00,2020,9,Indianapolis Colts,Baltimore Ravens,30.0,26.4,19.6,22.0,10.4,4.4,349.2,344.4,327.6,330.0,255.6,162.4,93.6,182.0,0.8,1.6,1.0,-0.2,20.6,18.6,0.44421052631578944,0.4325757575757575,1.0,2.6,2.2,3.6,0.8,0.6,31.666666666666668,31.333333333333332,0.0
401220194,2020-11-08 18:00:00+00:00,2020,9,Jacksonville Jaguars,Houston Texans,19.4,26.0,33.4,30.0,-14.0,-4.0,336.0,381.8,434.4,429.4,252.0,296.8,84.0,85.0,1.6,1.0,-0.8,-0.2,20.0,20.4,0.38769230769230767,0.41904761904761906,3.4,2.8,0.8,2.2,0.0,0.2,18.666666666666668,25.666666666666668,0.0
401220267,2020-11-08 18:00:00+00:00,2020,9,Washington,New York Giants,18.2,21.4,23.6,24.0,-5.4,-2.6,298.8,303.4,292.2,353.0,198.0,179.8,100.8,123.6,1.6,1.6,-0.6,-0.2,19.6,19.2,0.4098834498834498,0.4292307692307692,3.8,2.8,2.2,2.4,0.2,0.2,19.75,19.25,0.0
401220236,2020-11-08 21:05:00+00:00,2020,9,Los Angeles Chargers,Las Vegas Raiders,28.6,23.8,29.8,29.8,-1.2,-6.0,415.8,380.8,367.8,366.6,292.0,252.6,123.8,128.2,1.6,1.4,-0.8,-0.8,23.4,22.2,0.4806652661064425,0.47216117216117215,2.0,2.0,2.2,1.2,0.2,0.4,25.0,27.5,0.0
401220248,2020-11-08 21:25:00+00:00,2020,9,Dallas Cowboys,Pittsburgh Steelers,19.4,31.8,33.8,21.0,-14.4,10.8,343.8,322.8,373.0,313.0,239.0,207.6,104.8,115.2,2.4,1.0,-1.4,0.8,24.6,22.0,0.4002020202020202,0.518095238095238,3.6,1.4,2.2,4.0,0.2,1.0,31.25,27.0,0.0
401220342,2020-11-08 21:25:00+00:00,2020,9,Arizona Cardinals,Miami Dolphins,29.8,29.8,22.2,15.6,7.6,14.2,418.4,318.4,393.4,350.4,261.4,218.4,157.0,100.0,1.4,1.2,0.2,1.0,26.0,19.2,0.42102564102564105,0.35427350427350424,0.8,1.4,2.4,3.2,0.6,0.8,30.0,28.333333333333332,0.0
401220330,2020-11-09 01:20:00+00:00,2020,9,Tampa Bay Buccaneers,New Orleans Saints,33.0,29.6,20.8,28.0,12.2,1.6,389.0,401.2,294.4,322.4,280.0,273.0,109.0,128.2,0.6,0.8,1.0,-0.4,23.8,24.4,0.4147186147186147,0.5026307026307026,1.0,1.6,3.2,2.6,0.8,0.8,35.666666666666664,28.333333333333332,0.0
401220140,2020-11-10 01:15:00+00:00,2020,9,New York Jets,New England Patriots,11.4,17.0,28.8,24.2,-17.4,-7.2,256.2,328.2,415.0,360.6,144.2,161.4,112.0,166.8,0.8,2.6,0.6,-0.8,16.4,19.4,0.2526117329522902,0.3294172494172494,3.8,2.4,1.0,1.4,0.0,0.2,15.25,20.333333333333332,0.0
401220203,2020-11-13 01:20:00+00:00,2020,10,Tennessee Titans,Indianapolis Colts,30.4,24.8,25.4,23.0,5.0,1.8,380.4,346.4,377.2,328.8,221.6,254.2,158.8,92.2,0.6,1.2,1.0,0.2,21.8,20.4,0.508034188034188,0.4175438596491228,1.6,1.0,1.2,2.2,0.6,0.6,33.0,25.75,0.0
401220289,2020-11-15 18:00:00+00:00,2020,10,Detroit Lions,Washington,25.4,18.2,29.6,21.4,-4.2,-3.2,363.4,317.4,381.6,302.2,265.0,229.8,98.4,87.6,1.4,1.6,-0.6,-0.6,22.8,19.6,0.41,0.39397435897435895,2.4,3.6,1.6,2.8,0.4,0.2,24.333333333333332,18.0,1.0
401220251,2020-11-15 18:00:00+00:00,2020,10,New York Giants,Philadelphia Eagles,24.2,25.4,24.6,23.6,-0.4,1.8,314.4,326.2,385.4,345.8,184.8,207.0,129.6,119.2,1.4,1.8,0.8,0.0,19.8,20.4,0.4476923076923077,0.390934065934066,2.8,4.2,2.4,3.2,0.4,0.6,17.0,23.666666666666668,1.0
401220368,2020-11-15 18:00:00+00:00,2020,10,Carolina Panthers,Tampa Bay Buccaneers,22.2,26.0,24.8,22.2,-2.6,3.8,352.4,331.0,369.4,313.6,247.6,243.4,104.8,87.6,0.8,1.0,0.2,0.6,22.6,20.8,0.4069871794871795,0.346031746031746,2.0,1.6,1.4,3.0,0.2,0.6,23.5,28.0,0.0
401220295,2020-11-15 18:00:00+00:00,2020,10,Green Bay Packers,Jacksonville Jaguars,26.2,21.8,23.8,32.6,2.4,-10.8,357.6,353.0,335.4,450.4,258.0,260.4,99.6,92.6,0.6,1.4,0.0,-0.4,20.4,20.0,0.49901960784313726,0.41340659340659336,1.6,3.0,1.8,1.0,0.6,0.0,31.333333333333332,24.5,1.0
401220165,2020-11-15 18:00:00+00:00,2020,10,Cleveland Browns,Houston Texans,26.2,27.2,29.8,29.4,-3.6,-2.2,346.8,404.6,385.6,432.6,209.0,304.0,137.8,100.6,1.2,1.0,0.2,0.0,20.8,21.6,0.42807995925642983,0.41571428571428565,1.4,2.2,2.4,2.2,0.6,0.4,26.75,26.0,1.0
401220126,2020-11-15 21:05:00+00:00,2020,10,Miami Dolphins,Los Angeles Chargers,30.4,30.6,19.2,31.8,11.2,-1.2,322.0,416.6,375.2,371.4,231.4,290.6,90.6,126.0,1.2,1.0,0.8,0.0,19.4,23.4,0.34658119658119657,0.4406652661064426,1.8,2.0,2.6,2.0,0.8,0.2,25.75,26.0,1.0
401220226,2020-11-15 21:05:00+00:00,2020,10,Las Vegas Raiders,Denver Broncos,26.0,25.8,27.8,29.4,-1.8,-3.6,369.8,365.0,373.4,348.6,234.8,237.0,135.0,128.0,1.0,2.2,-0.4,-0.8,21.0,20.0,0.5054945054945055,0.3929945054945055,1.8,1.6,1.2,3.6,0.6,0.6,25.666666666666668,25.75,1.0
401220341,2020-11-15 21:05:00+00:00,2020,10,Arizona Cardinals,Buffalo Bills,31.4,23.8,23.8,26.6,7.6,-2.8,431.4,351.4,391.4,351.8,260.6,245.6,170.8,105.8,1.0,1.2,0.6,0.4,25.6,23.6,0.42435897435897435,0.47061794414735586,0.8,2.2,2.2,2.8,0.6,0.6,30.25,23.75,1.0
401220346,2020-11-15 21:25:00+00:00,2020,10,Los Angeles Rams,Seattle Seahawks,20.8,32.6,16.2,31.4,4.6,1.2,364.4,419.2,243.4,430.8,246.2,303.2,118.2,116.0,1.6,1.8,-0.6,-0.2,21.4,25.2,0.3674811463046757,0.3269230769230769,1.2,3.0,3.6,2.8,0.6,0.6,20.333333333333332,34.25,1.0
401220327,2020-11-15 21:25:00+00:00,2020,10,New Orleans Saints,San Francisco 49ers,31.2,23.6,21.2,27.2,10.0,-3.6,405.8,360.8,287.4,348.6,274.4,249.4,131.4,111.4,1.0,1.8,0.0,-0.8,25.6,22.0,0.5402930402930404,0.3803418803418803,1.4,2.0,3.0,1.4,1.0,0.4,30.25,31.75,1.0
401220171,2020-11-15 21:25:00+00:00,2020,10,Pittsburgh Steelers,Cincinnati Bengals,31.0,25.6,20.6,28.0,10.4,-2.4,316.4,388.6,333.8,406.0,225.8,274.2,90.6,114.4,1.0,1.4,1.0,-0.2,21.0,24.0,0.5061294261294261,0.4710115864527629,1.0,2.8,3.4,1.2,1.0,0.4,32.5,20.75,1.0
401220137,2020-11-16 01:20:00+00:00,2020,10,New England Patriots,Baltimore Ravens,15.8,27.2,25.6,17.2,-9.8,10.0,333.6,352.0,350.0,294.4,185.0,179.6,148.6,172.4,2.4,1.6,-1.0,0.0,20.4,19.2,0.38915750915750913,0.44283216783216783,2.0,2.2,1.2,3.6,0.2,0.8,18.75,29.5,1.0
401220276,2020-11-17 01:15:00+00:00,2020,10,Chicago Bears,Minnesota Vikings,18.6,28.4,21.8,26.4,-3.2,2.0,297.4,407.0,327.0,396.6,237.6,238.4,59.8,168.6,1.4,1.0,-0.4,0.4,18.8,23.2,0.31047619047619046,0.409047619047619,3.0,1.8,2.4,2.4,0.4,0.6,17.75,24.0,0.0
401220360,2020-11-20 01:20:00+00:00,2020,11,Seattle Seahawks,Arizona Cardinals,29.6,33.6,31.4,23.6,-1.8,10.0,397.6,469.6,425.6,376.4,278.6,281.2,119.0,188.4,2.2,1.2,-0.8,0.6,24.0,26.6,0.34692307692307695,0.43461538461538457,3.8,1.2,3.2,2.2,0.4,0.8,34.25,28.25,1.0
401220167,2020-11-22 18:00:00+00:00,2020,11,Cleveland Browns,Philadelphia Eagles,18.4,23.8,23.6,25.0,-5.2,-1.2,316.4,342.0,321.0,338.8,193.8,210.2,122.6,131.8,1.2,1.6,-0.4,-0.4,18.2,21.2,0.43717086834733887,0.3293956043956044,1.2,4.2,2.2,2.8,0.6,0.4,23.4,22.0,1.0
401220198,2020-11-22 18:00:00+00:00,2020,11,Jacksonville Jaguars,Pittsburgh Steelers,20.8,30.6,30.8,16.8,-10.0,13.8,319.2,318.4,428.4,331.4,222.6,246.2,96.6,72.2,1.4,0.8,-0.2,1.2,18.2,20.4,0.4349450549450549,0.4344627594627594,3.0,0.8,1.0,3.2,0.0,1.0,20.25,26.25,0.0
401220318,2020-11-22 18:00:00+00:00,2020,11,Carolina Panthers,Detroit Lions,22.2,25.6,30.8,28.0,-8.6,-2.4,302.4,381.6,403.6,396.0,209.4,280.2,93.0,101.4,1.0,1.2,0.0,-0.4,20.4,23.4,0.3292094017094017,0.39,2.6,2.0,1.2,1.6,0.0,0.6,23.4,24.8,1.0
401220185,2020-11-22 18:00:00+00:00,2020,11,Houston Texans,New England Patriots,24.0,18.4,25.2,23.8,-1.2,-5.4,376.0,323.8,421.8,356.8,276.6,177.6,99.4,146.2,0.8,1.6,0.2,-0.2,20.8,21.2,0.46571428571428564,0.40006660006660005,2.0,1.8,1.8,1.4,0.4,0.4,22.25,22.75,1.0
401220272,2020-11-22 18:00:00+00:00,2020,11,Washington,Cincinnati Bengals,20.2,21.0,21.2,30.2,-1.0,-9.2,341.6,352.4,306.6,395.6,250.0,251.2,91.6,101.2,1.6,1.6,-1.0,-0.6,21.6,21.6,0.4257692307692308,0.39828431372549017,3.4,3.4,2.8,0.6,0.2,0.2,19.8,18.6,1.0
401220321,2020-11-22 18:00:00+00:00,2020,11,New Orleans Saints,Atlanta Falcons,29.6,27.4,18.0,22.6,11.6,4.8,374.8,397.4,287.4,379.4,253.4,286.6,121.4,110.8,1.2,1.0,0.4,0.0,23.2,24.4,0.43076923076923074,0.45716440422322774,1.6,2.0,2.8,1.4,1.0,0.6,29.6,30.0,1.0
401220150,2020-11-22 18:00:00+00:00,2020,11,Baltimore Ravens,Tennessee Titans,24.4,25.4,18.4,29.0,6.0,-3.6,353.4,372.4,287.4,389.2,186.8,210.0,166.6,162.4,1.4,0.6,0.0,0.4,19.4,21.8,0.44423076923076926,0.44803418803418804,2.4,1.8,3.2,1.2,0.6,0.4,27.25,22.333333333333332,0.0
401220238,2020-11-22 21:05:00+00:00,2020,11,Los Angeles Chargers,New York Jets,28.6,11.2,30.0,27.4,-1.4,-16.2,406.4,256.4,330.6,429.8,269.8,157.2,136.6,99.2,0.8,1.0,0.2,-0.2,24.2,16.4,0.4222037276449041,0.28840120663650076,2.0,2.8,2.0,1.0,0.2,0.0,25.25,8.25,1.0
401220214,2020-11-22 21:05:00+00:00,2020,11,Denver Broncos,Miami Dolphins,20.8,31.6,31.2,17.2,-10.4,14.4,355.8,295.0,355.8,341.6,238.0,202.8,117.8,92.2,2.6,1.0,-1.2,1.0,19.8,17.8,0.38632783882783883,0.31031746031746027,2.0,1.6,2.4,2.6,0.4,1.0,17.75,29.75,1.0
401220191,2020-11-22 21:25:00+00:00,2020,11,Indianapolis Colts,Green Bay Packers,27.8,25.0,24.2,24.6,3.6,0.4,374.6,356.0,333.8,322.0,276.4,258.0,98.2,98.0,1.2,1.0,0.0,-0.2,22.0,19.2,0.39999999999999997,0.4668517756753051,1.0,1.6,2.2,1.6,0.6,0.6,26.25,31.8,1.0
401220305,2020-11-22 21:25:00+00:00,2020,11,Minnesota Vikings,Dallas Cowboys,26.0,15.6,24.4,28.8,1.6,-13.2,402.0,303.4,349.2,342.4,246.0,186.8,156.0,116.6,1.4,2.2,0.2,-1.2,22.2,21.4,0.43238095238095237,0.3852287581699346,1.4,3.4,2.2,1.8,0.6,0.2,30.25,15.0,0.0
401220227,2020-11-23 01:20:00+00:00,2020,11,Las Vegas Raiders,Kansas City Chiefs,28.8,33.8,24.2,22.6,4.6,11.2,364.6,411.6,368.6,352.6,206.2,309.2,158.4,102.4,0.6,0.8,1.0,0.6,20.4,22.8,0.48351648351648346,0.43106893106893107,1.4,2.0,1.4,1.4,0.8,0.8,28.5,31.5,0.0
401220335,2020-11-24 01:15:00+00:00,2020,11,Tampa Bay Buccaneers,Los Angeles Rams,31.4,22.0,22.8,17.6,8.6,4.4,372.0,394.2,302.4,251.0,263.6,266.4,108.4,127.8,1.0,1.6,0.6,-0.2,23.2,23.2,0.4138888888888889,0.4105580693815988,1.2,1.4,3.0,3.8,0.8,0.6,27.5,26.4,0.0
401220287,2020-11-26 17:30:00+00:00,2020,12,Detroit Lions,Houston Texans,18.8,23.4,28.8,26.4,-10.0,-3.0,338.0,358.6,415.8,436.0,264.6,274.0,73.4,84.6,1.2,0.4,-0.4,0.2,20.4,20.2,0.38285714285714284,0.4566233766233766,3.0,1.8,1.6,1.4,0.4,0.4,25.75,22.2,0.0
401220244,2020-11-26 21:30:00+00:00,2020,12,Dallas Cowboys,Washington,14.4,22.2,27.6,17.0,-13.2,5.2,298.2,385.0,368.4,275.2,170.8,268.2,127.4,116.8,2.0,1.8,-0.8,-1.0,20.6,23.6,0.3650267379679144,0.4565384615384615,3.2,2.2,1.8,3.4,0.2,0.4,28.8,20.25,0.0
401220312,2020-11-29 18:00:00+00:00,2020,12,Atlanta Falcons,Las Vegas Raiders,26.0,27.0,22.8,24.8,3.2,2.2,372.4,339.4,367.2,378.0,284.4,192.0,88.0,147.4,1.2,0.6,0.0,1.0,23.0,21.0,0.393428140486964,0.5168498168498168,3.2,1.2,2.0,0.8,0.6,0.6,24.6,28.2,1.0
401220135,2020-11-29 18:00:00+00:00,2020,12,New England Patriots,Arizona Cardinals,20.0,31.8,25.6,27.2,-5.6,4.6,353.2,433.2,376.8,388.8,213.2,258.8,140.0,174.4,1.0,1.0,0.0,0.8,22.8,25.8,0.4462204462204462,0.4603729603729604,1.4,1.6,1.0,2.2,0.4,0.6,19.6,26.8,1.0
401220197,2020-11-29 18:00:00+00:00,2020,12,Jacksonville Jaguars,Cleveland Browns,18.6,16.4,30.2,22.4,-11.6,-6.0,287.6,304.2,405.8,322.4,191.4,179.0,96.2,125.2,1.8,1.0,-0.8,0.0,16.6,17.2,0.3964835164835165,0.37666666666666665,2.6,1.6,0.8,3.0,0.0,0.6,16.8,24.75,0.0
401220118,2020-11-29 18:00:00+00:00,2020,12,Buffalo Bills,Los Angeles Chargers,26.6,30.0,24.6,29.6,2.0,0.4,351.2,411.6,375.6,307.4,249.8,291.4,101.4,120.2,1.0,1.0,1.0,0.0,23.4,26.0,0.40998445998446,0.44808608058608057,2.0,2.0,3.4,1.8,0.6,0.4,29.4,25.0,1.0
401220188,2020-11-29 18:00:00+00:00,2020,12,Indianapolis Colts,Tennessee Titans,30.0,23.0,24.0,26.6,6.0,-3.6,397.0,335.6,330.2,368.0,284.4,191.2,112.6,144.4,1.2,0.4,0.4,0.8,23.6,20.8,0.4022727272727272,0.4113675213675213,1.0,1.8,2.2,1.0,0.8,0.4,27.8,24.25,0.0
401220302,2020-11-29 18:00:00+00:00,2020,12,Minnesota Vikings,Carolina Panthers,26.4,23.0,25.2,26.2,1.2,-3.2,398.2,316.6,361.6,388.4,257.4,222.8,140.8,93.8,1.4,0.8,0.2,0.2,20.8,19.8,0.4666666666666667,0.3497222222222222,1.2,2.0,1.6,2.2,0.6,0.2,29.8,23.2,1.0
401220139,2020-11-29 18:00:00+00:00,2020,12,New York Jets,Miami Dolphins,14.8,25.6,28.2,17.8,-13.4,7.8,257.8,252.4,405.8,381.6,164.0,167.8,93.8,84.6,1.2,1.2,-0.4,0.6,16.2,16.8,0.3177718360071301,0.33115079365079364,2.4,2.4,1.4,1.6,0.0,0.8,17.6,26.4,0.0
401220160,2020-11-29 18:00:00+00:00,2020,12,Cincinnati Bengals,New York Giants,22.2,22.8,28.8,20.6,-6.6,2.2,365.8,330.8,394.2,374.2,264.6,188.8,101.2,142.0,1.4,1.2,-0.4,0.6,22.8,20.2,0.40693815987933635,0.41142857142857137,2.8,3.0,0.8,2.6,0.2,0.6,27.75,20.0,0.0
401220345,2020-11-29 21:05:00+00:00,2020,12,Los Angeles Rams,San Francisco 49ers,21.4,22.8,20.4,24.0,1.0,-1.2,391.0,365.2,279.6,308.8,281.6,270.2,109.4,95.0,1.8,2.0,0.0,-0.6,23.6,22.4,0.4372247360482654,0.42784188034188037,1.2,1.4,2.4,1.6,0.6,0.4,21.0,28.0,0.0
401220215,2020-11-29 21:05:00+00:00,2020,12,Denver Broncos,New Orleans Saints,21.2,28.4,31.4,14.4,-10.2,14.0,387.8,368.4,342.8,267.0,259.2,232.8,128.6,135.6,2.6,1.2,-1.6,0.8,20.6,23.4,0.3958516483516483,0.4368298368298368,1.6,1.8,2.8,3.8,0.4,1.0,18.2,30.75,0.0
401220333,2020-11-29 21:25:00+00:00,2020,12,Tampa Bay Buccaneers,Kansas City Chiefs,28.6,34.4,26.2,20.8,2.4,13.6,357.4,421.0,344.8,327.4,272.2,313.0,85.2,108.0,1.4,0.8,0.2,0.6,23.0,25.8,0.4305555555555555,0.4564657564657565,1.4,1.4,2.0,1.2,0.6,1.0,26.8,32.2,0.0
401220290,2020-11-30 01:20:00+00:00,2020,12,Green Bay Packers,Chicago Bears,29.2,17.2,23.8,21.8,5.4,-4.6,389.2,278.6,341.2,336.2,296.8,217.6,92.4,61.0,1.4,1.6,-0.2,-0.4,20.8,17.2,0.4733877233877234,0.2868398268398268,0.8,2.8,1.8,2.0,0.6,0.2,29.5,21.4,1.0
401220262,2020-12-01 01:15:00+00:00,2020,12,Philadelphia Eagles,Seattle Seahawks,21.4,29.8,21.8,30.4,-0.4,-0.6,337.8,404.2,330.2,398.6,203.6,277.0,134.2,127.2,1.8,2.0,-0.6,-1.0,21.0,24.8,0.21987179487179484,0.46120879120879116,4.2,3.6,3.2,3.2,0.4,0.4,23.0,30.6,0.0
401220170,2020-12-02 20:40:00+00:00,2020,12,Pittsburgh Steelers,Baltimore Ravens,28.4,23.8,16.0,23.8,12.4,0.0,337.6,348.2,328.6,331.0,270.0,188.0,67.6,160.2,1.0,1.4,1.4,-0.4,21.4,20.2,0.44538712921065865,0.47089743589743593,0.4,2.4,2.8,2.2,1.0,0.4,33.2,27.0,1.0
401220274,2020-12-06 18:00:00+00:00,2020,13,Chicago Bears,Detroit Lions,17.6,19.2,26.8,32.6,-9.2,-13.4,296.4,338.4,354.2,415.0,223.8,256.0,72.6,82.4,2.0,1.8,-1.4,-1.0,18.0,21.8,0.2668398268398268,0.4151648351648351,3.4,3.4,1.2,1.6,0.0,0.2,16.8,20.6,0.0
401220303,2020-12-06 18:00:00+00:00,2020,13,Minnesota Vikings,Jacksonville Jaguars,27.4,20.4,22.6,28.8,4.8,-8.4,402.6,307.6,344.0,417.0,249.0,192.2,153.6,115.4,1.4,1.4,0.2,-0.4,22.2,17.8,0.498974358974359,0.3657142857142857,1.4,2.4,1.2,1.2,0.8,0.0,28.6,23.6,1.0
401220307,2020-12-06 18:00:00+00:00,2020,13,Atlanta Falcons,New Orleans Saints,26.6,29.2,19.4,10.2,7.2,19.0,340.8,343.8,342.8,232.8,247.6,190.0,93.2,153.8,1.2,1.2,0.4,1.4,22.8,22.0,0.3822826296510507,0.35873459873459873,3.0,2.2,2.8,3.8,0.6,1.0,28.2,30.8,0.0
401220142,2020-12-06 18:00:00+00:00,2020,13,New York Jets,Las Vegas Raiders,15.4,24.2,27.4,24.4,-12.0,-0.2,257.2,318.6,414.4,348.0,169.0,178.4,88.2,140.2,1.4,1.4,-0.6,0.4,15.6,19.8,0.34039627039627035,0.48992673992673985,2.4,1.6,1.8,1.0,0.0,0.6,15.6,22.6,0.0
401220129,2020-12-06 18:00:00+00:00,2020,13,Miami Dolphins,Cincinnati Bengals,24.8,20.2,18.4,26.4,6.4,-6.2,261.0,317.2,381.0,385.4,177.6,227.6,83.4,89.6,1.2,1.8,0.8,-1.0,17.6,20.6,0.4089285714285714,0.37282051282051276,2.8,2.8,1.6,0.6,0.8,0.2,26.4,14.4,1.0
401220178,2020-12-06 18:00:00+00:00,2020,13,Houston Texans,Indianapolis Colts,24.4,29.0,23.0,27.6,1.4,1.4,353.0,378.2,392.2,340.4,271.4,266.2,81.6,112.0,0.6,1.0,0.2,0.4,19.4,24.4,0.42329004329004327,0.3519230769230769,1.8,1.2,1.8,2.0,0.6,0.6,23.2,27.4,0.0
401220205,2020-12-06 18:00:00+00:00,2020,13,Tennessee Titans,Cleveland Browns,27.2,20.4,26.4,19.8,0.8,0.6,367.0,352.0,362.8,342.0,193.2,200.4,173.8,151.6,0.4,0.8,0.4,0.2,23.4,19.8,0.4177777777777778,0.45090909090909087,1.6,1.2,1.4,2.6,0.6,0.8,29.8,25.2,0.0
401220364,2020-12-06 21:05:00+00:00,2020,13,Seattle Seahawks,New York Giants,27.6,22.6,26.4,20.2,1.2,2.4,350.0,360.0,344.8,337.8,247.6,216.0,102.4,144.0,1.4,1.2,-0.6,0.8,22.2,20.8,0.42428571428571427,0.3698701298701298,3.6,2.8,4.4,2.4,0.6,0.6,33.0,21.2,0.0
401220336,2020-12-06 21:05:00+00:00,2020,13,Arizona Cardinals,Los Angeles Rams,27.6,22.2,29.2,20.2,-1.6,2.0,405.2,390.4,355.8,270.6,255.4,278.4,149.8,112.0,1.2,2.4,0.2,0.0,26.0,23.0,0.43839493839493837,0.4320965309200603,1.8,1.6,2.2,2.8,0.4,0.6,30.6,24.4,0.0
401220237,2020-12-06 21:25:00+00:00,2020,13,Los Angeles Chargers,New England Patriots,25.6,22.8,29.2,22.4,-3.6,0.4,388.2,340.8,315.0,343.0,279.8,197.6,108.4,143.2,1.2,0.6,0.2,0.2,25.0,22.6,0.39987179487179486,0.4856143856143856,2.4,1.6,1.4,1.2,0.2,0.6,27.0,22.2,0.0
401220297,2020-12-06 21:25:00+00:00,2020,13,Green Bay Packers,Philadelphia Eagles,30.4,19.2,24.8,20.4,5.6,-1.2,392.0,315.0,338.2,319.4,282.4,205.6,109.6,109.4,1.4,1.8,0.2,-0.6,22.0,20.8,0.46581196581196577,0.2639894419306184,0.8,4.2,1.8,3.0,0.6,0.4,31.8,21.0,1.0
401220218,2020-12-07 01:20:00+00:00,2020,13,Kansas City Chiefs,Denver Broncos,34.6,18.6,22.2,29.0,12.4,-10.4,436.4,328.0,369.6,344.0,360.0,214.8,76.4,113.2,0.8,2.4,0.8,-1.4,25.6,17.0,0.4278943278943279,0.3444230769230769,1.6,1.2,1.4,2.6,1.0,0.4,32.0,23.0,1.0
401220176,2020-12-07 22:00:00+00:00,2020,13,Pittsburgh Steelers,Washington,26.8,26.6,14.0,16.2,12.8,10.4,332.0,385.2,314.0,276.6,269.6,249.2,62.4,136.0,0.8,1.6,2.0,-0.6,21.2,23.2,0.38665697048049985,0.4575641025641025,0.4,2.2,3.0,4.0,1.0,0.6,31.8,24.4,0.0
401220357,2020-12-08 01:15:00+00:00,2020,13,San Francisco 49ers,Buffalo Bills,22.6,28.6,24.8,22.8,-2.2,5.8,356.2,376.4,308.2,355.8,263.2,257.4,93.0,119.0,2.6,1.4,-0.6,0.6,21.2,24.0,0.39377594627594625,0.40998445998446,1.8,2.6,2.0,3.8,0.4,0.8,19.6,25.0,0.0
401220151,2020-12-09 01:05:00+00:00,2020,13,Baltimore Ravens,Dallas Cowboys,20.6,15.6,22.0,28.2,-1.4,-12.6,321.0,278.8,325.0,348.4,171.4,158.8,149.6,120.0,1.8,1.6,-0.6,-0.2,18.8,17.8,0.44205128205128197,0.346565199506376,2.4,3.4,1.0,2.2,0.2,0.2,26.6,18.2,1.0
401220349,2020-12-11 01:20:00+00:00,2020,14,Los Angeles Rams,New England Patriots,25.0,27.6,23.8,17.6,1.2,10.0,408.8,329.2,261.2,326.8,305.0,190.6,103.8,138.6,2.4,0.4,0.0,0.6,24.2,23.0,0.49055806938159885,0.47132867132867123,1.6,1.4,2.4,1.6,0.6,0.8,20.8,25.2,1.0
401220319,2020-12-13 18:00:00+00:00,2020,14,Carolina Panthers,Denver Broncos,23.6,15.6,26.4,27.4,-2.8,-11.8,334.8,323.8,382.8,336.4,227.0,196.4,107.8,127.4,1.0,2.6,0.4,-2.0,20.4,17.4,0.3021031746031746,0.3751923076923077,1.8,0.8,2.4,2.4,0.2,0.2,21.4,22.0,0.0
401220125,2020-12-13 18:00:00+00:00,2020,14,Miami Dolphins,Kansas City Chiefs,23.0,30.4,16.4,22.2,6.6,8.2,313.2,468.6,326.0,353.4,218.8,385.6,94.4,83.0,1.0,0.6,0.6,0.6,20.6,27.2,0.3789285714285714,0.48789432789432785,2.6,1.0,2.4,0.8,0.8,1.0,24.6,33.0,0.0
401220196,2020-12-13 18:00:00+00:00,2020,14,Jacksonville Jaguars,Tennessee Titans,19.4,30.2,26.4,28.4,-7.0,1.8,326.8,365.0,404.2,381.0,214.6,222.4,112.2,142.6,2.0,0.8,-0.6,0.2,18.8,23.0,0.34725274725274724,0.3466666666666667,1.8,2.0,1.8,1.4,0.0,0.6,16.4,28.4,0.0
401220332,2020-12-13 18:00:00+00:00,2020,14,Tampa Bay Buccaneers,Minnesota Vikings,24.4,27.2,27.6,23.0,-3.2,4.2,350.0,421.8,384.0,342.0,266.8,273.8,83.2,148.0,1.8,1.8,-0.2,0.4,21.2,24.2,0.38055555555555554,0.486474358974359,1.6,2.0,1.8,1.4,0.4,0.8,25.4,23.0,1.0
401220279,2020-12-13 18:00:00+00:00,2020,14,Chicago Bears,Houston Texans,21.6,24.4,28.8,21.2,-7.2,3.2,318.4,359.6,372.0,390.6,227.6,275.8,90.8,83.8,1.8,0.8,-1.2,0.0,20.4,19.4,0.2824242424242424,0.4144988344988345,3.0,2.2,1.4,2.4,0.0,0.6,19.4,26.4,1.0
401220159,2020-12-13 18:00:00+00:00,2020,14,Cincinnati Bengals,Dallas Cowboys,14.8,18.4,22.8,30.0,-8.0,-11.6,262.8,328.0,387.0,349.2,181.4,202.4,81.4,125.6,1.8,1.6,-1.0,0.0,16.8,21.2,0.2894871794871795,0.37656519950637596,3.2,2.4,0.6,1.8,0.2,0.2,25.6,18.2,0.0
401220253,2020-12-13 18:00:00+00:00,2020,14,New York Giants,Arizona Cardinals,21.8,25.8,18.2,30.0,3.6,-4.2,353.0,347.8,314.8,334.0,203.0,211.4,150.0,136.4,0.8,1.2,1.4,-0.2,20.0,23.4,0.35987012987012984,0.42172827172827165,2.6,2.2,2.8,2.0,0.8,0.2,19.0,25.4,0.0
401220233,2020-12-13 21:05:00+00:00,2020,14,Las Vegas Raiders,Indianapolis Colts,27.2,26.0,28.8,27.4,-1.6,-1.4,344.8,379.2,378.6,354.8,232.0,269.2,112.8,110.0,1.8,1.0,0.4,0.4,19.8,24.2,0.4613553113553113,0.3064685314685315,1.6,1.4,1.6,2.0,0.6,0.6,29.0,28.6,0.0
401220366,2020-12-13 21:05:00+00:00,2020,14,Seattle Seahawks,New York Jets,22.6,19.0,24.4,30.0,-1.8,-11.0,345.4,294.2,332.6,418.0,241.0,184.8,104.4,109.4,1.8,1.6,-1.2,-0.6,21.0,17.0,0.3658241758241758,0.40150738150738147,4.2,1.8,4.2,1.8,0.4,0.0,28.4,12.2,1.0
401220239,2020-12-13 21:25:00+00:00,2020,14,Los Angeles Chargers,Atlanta Falcons,19.6,25.4,32.0,19.0,-12.4,6.4,342.8,329.6,303.0,350.4,262.4,235.6,80.4,94.0,1.2,1.2,0.0,0.6,22.8,21.8,0.3901495726495726,0.3592057065741276,2.6,3.2,1.2,2.8,0.2,0.6,23.0,25.8,1.0
401220283,2020-12-13 21:25:00+00:00,2020,14,Detroit Lions,Green Bay Packers,21.8,32.0,30.4,22.4,-8.6,9.6,365.2,399.4,419.6,329.0,276.6,281.8,88.6,117.6,1.6,1.2,-0.6,0.6,22.6,21.2,0.4242557442557442,0.45823620823620825,2.8,1.0,1.6,3.0,0.4,0.8,25.6,29.4,0.0
401220265,2020-12-13 21:25:00+00:00,2020,14,Philadelphia Eagles,New Orleans Saints,18.0,28.2,22.2,8.8,-4.2,19.4,282.2,349.8,341.8,233.4,168.6,179.0,113.6,170.8,1.8,1.4,-1.2,1.2,18.8,22.0,0.2639894419306184,0.42208301502419143,5.0,2.4,2.8,3.4,0.2,1.0,22.6,30.2,1.0
401220356,2020-12-13 21:25:00+00:00,2020,14,San Francisco 49ers,Washington,20.8,26.2,30.4,19.0,-9.6,7.2,343.2,369.4,349.8,313.4,272.4,266.0,70.8,103.4,2.6,1.6,-1.2,-0.6,20.8,22.6,0.3917557442557442,0.38462292609351434,1.6,2.4,1.8,2.8,0.2,0.6,20.4,26.0,0.0
401220121,2020-12-14 01:20:00+00:00,2020,14,Buffalo Bills,Pittsburgh Steelers,31.8,24.6,25.6,13.8,6.2,10.8,381.8,353.0,398.0,286.2,271.8,296.0,110.0,57.0,1.4,0.8,0.6,1.2,25.0,20.8,0.4443278943278943,0.3999903038138332,2.4,0.0,2.6,2.8,0.8,0.8,29.4,26.4,1.0
401220162,2020-12-15 01:15:00+00:00,2020,14,Cleveland Browns,Baltimore Ravens,21.2,22.6,20.0,19.8,1.2,2.8,364.0,309.8,334.6,358.4,205.2,154.4,158.8,155.4,0.8,1.2,0.4,0.0,20.4,17.6,0.433051948051948,0.4262937062937063,1.2,1.6,2.4,0.8,0.8,0.4,20.8,23.2,0.0
401220228,2020-12-18 01:20:00+00:00,2020,15,Las Vegas Raiders,Los Angeles Chargers,26.4,18.4,32.4,29.2,-6.0,-10.8,365.6,323.8,381.8,302.8,269.0,248.0,96.6,75.8,2.2,1.2,-0.2,0.4,21.8,22.2,0.4946886446886446,0.4168162393162393,1.4,2.4,1.2,1.4,0.4,0.4,27.6,25.2,0.0
401220213,2020-12-19 21:30:00+00:00,2020,15,Denver Broncos,Buffalo Bills,16.6,32.2,26.0,24.4,-9.4,7.8,315.8,380.8,337.8,373.0,189.8,288.0,126.0,92.8,2.6,1.6,-2.2,0.6,17.4,24.8,0.3626923076923077,0.4534188034188034,0.8,2.4,2.8,2.4,0.4,0.8,16.0,25.6,0.0
401220294,2020-12-20 01:15:00+00:00,2020,15,Green Bay Packers,Carolina Panthers,31.4,25.6,23.8,27.8,7.6,-2.2,400.4,348.0,320.2,375.6,281.0,244.6,119.4,103.4,1.2,0.8,0.2,0.6,22.2,21.2,0.5036907536907537,0.3478174603174603,0.8,2.0,3.6,2.2,0.8,0.2,29.4,25.2,1.0
401220308,2020-12-20 18:00:00+00:00,2020,15,Atlanta Falcons,Tampa Bay Buccaneers,23.8,24.6,19.6,25.8,4.2,-1.2,313.2,341.8,358.6,379.6,231.4,253.4,81.8,88.4,1.6,1.6,0.2,-0.2,20.0,20.0,0.4425390399074609,0.40479797979797977,3.2,1.2,2.4,2.4,0.4,0.4,26.2,32.6,0.0
401220123,2020-12-20 18:00:00+00:00,2020,15,Miami Dolphins,New England Patriots,21.6,22.2,16.8,17.0,4.8,5.2,324.2,286.6,327.2,326.0,232.0,158.4,92.2,128.2,1.2,0.6,1.0,0.4,21.2,19.0,0.3722619047619048,0.4031968031968032,2.8,2.6,2.8,1.6,0.6,0.6,25.4,23.8,1.0
401220270,2020-12-20 18:00:00+00:00,2020,15,Washington,Seattle Seahawks,26.8,23.8,17.4,16.2,9.4,7.6,327.6,343.6,312.2,285.6,212.0,215.8,115.6,127.8,0.8,1.2,0.8,-0.4,21.2,22.2,0.3496229260935143,0.42491508491508495,2.4,3.4,2.6,3.4,0.8,0.6,18.4,27.6,0.0
401220186,2020-12-20 18:00:00+00:00,2020,15,Indianapolis Colts,Houston Texans,32.8,20.4,28.0,23.4,4.8,-3.0,402.6,337.4,386.4,392.0,272.6,253.4,130.0,84.0,0.6,1.0,1.2,-0.4,25.2,19.0,0.4185897435897436,0.4344988344988344,1.4,3.2,1.6,2.6,0.8,0.4,27.4,23.6,1.0
401220208,2020-12-20 18:00:00+00:00,2020,15,Tennessee Titans,Detroit Lions,31.6,22.6,27.0,29.8,4.6,-7.2,410.2,339.6,376.8,404.2,236.2,266.6,174.0,73.0,1.0,1.0,-0.2,0.0,25.8,22.0,0.33333333333333337,0.4242557442557442,1.6,3.2,0.8,1.4,0.6,0.4,28.4,22.2,1.0
401220298,2020-12-20 18:00:00+00:00,2020,15,Minnesota Vikings,Chicago Bears,23.2,24.2,24.2,25.0,-1.0,-0.8,391.4,334.6,318.4,345.8,266.0,229.2,125.4,105.4,2.0,1.6,-0.4,-0.6,25.2,21.4,0.4731410256410256,0.27575757575757576,3.0,2.6,1.0,2.6,0.6,0.2,28.0,21.0,0.0
401220246,2020-12-20 18:00:00+00:00,2020,15,Dallas Cowboys,San Francisco 49ers,22.6,18.4,26.8,27.6,-4.2,-9.2,329.4,341.8,366.6,318.4,210.2,259.8,119.2,82.0,1.2,2.8,0.2,-1.2,20.2,20.2,0.41747429041546685,0.35278138528138525,2.0,1.8,1.4,1.8,0.4,0.2,24.0,26.4,1.0
401220149,2020-12-20 18:00:00+00:00,2020,15,Baltimore Ravens,Jacksonville Jaguars,27.2,16.4,26.2,27.2,1.0,-10.8,333.6,317.0,389.2,420.2,154.0,209.6,179.6,107.4,1.0,2.0,0.0,-0.6,18.8,18.4,0.4584615384615384,0.33296703296703295,2.0,1.4,0.8,1.6,0.4,0.0,25.8,22.4,1.0
401220350,2020-12-20 21:05:00+00:00,2020,15,Los Angeles Rams,New York Jets,26.4,17.8,18.8,31.0,7.6,-13.2,378.2,287.0,276.2,400.8,263.4,182.4,114.8,104.6,1.8,1.6,0.4,-0.4,21.4,16.8,0.45106227106227104,0.4348407148407148,1.4,2.2,3.4,2.0,0.8,0.0,21.6,9.4,0.0
401220339,2020-12-20 21:05:00+00:00,2020,15,Arizona Cardinals,Philadelphia Eagles,24.8,18.2,24.6,24.6,0.2,-6.4,337.4,320.4,303.4,360.4,204.8,181.4,132.6,139.0,1.0,1.2,0.6,-0.6,22.6,19.4,0.4161727161727161,0.25052790346907994,2.2,4.2,3.0,3.0,0.4,0.2,30.2,20.8,1.0
401220325,2020-12-20 21:25:00+00:00,2020,15,New Orleans Saints,Kansas City Chiefs,24.8,30.0,13.0,25.8,11.8,4.2,337.4,459.0,277.2,382.6,175.0,367.2,162.4,91.8,1.4,1.4,0.8,-0.2,20.6,26.6,0.37684491978609624,0.47111111111111115,3.2,1.6,2.8,1.4,0.8,1.0,27.6,32.8,0.0
401220255,2020-12-21 01:20:00+00:00,2020,15,New York Giants,Cleveland Browns,18.6,28.4,18.4,26.2,0.2,2.2,313.4,418.0,324.0,349.8,168.0,251.8,145.4,166.2,1.0,0.8,1.0,0.4,17.2,24.2,0.3371428571428571,0.45638528138528134,3.6,1.2,2.6,2.8,0.8,0.8,17.2,32.2,0.0
401220156,2020-12-22 01:15:00+00:00,2020,15,Cincinnati Bengals,Pittsburgh Steelers,10.0,22.8,24.8,15.2,-14.8,7.6,251.2,326.8,353.2,280.2,173.2,269.6,78.0,57.2,2.4,1.2,-1.8,0.8,15.0,19.6,0.26865384615384613,0.3430672268907563,3.6,0.2,0.8,2.6,0.0,0.6,24.4,24.2,1.0
401220324,2020-12-25 21:30:00+00:00,2020,16,New Orleans Saints,Minnesota Vikings,25.2,24.8,16.8,28.2,8.4,-3.4,347.0,395.8,303.2,368.0,195.4,258.6,151.6,137.2,1.2,1.8,0.4,-0.4,20.2,26.6,0.3616934046345811,0.43920163170163173,2.8,3.4,3.2,0.8,0.6,0.4,27.4,23.6,1.0
401220286,2020-12-26 18:00:00+00:00,2020,16,Detroit Lions,Tampa Bay Buccaneers,21.6,30.2,33.6,23.6,-12.0,6.6,351.2,386.2,404.0,369.4,274.6,289.2,76.6,97.0,1.6,1.0,-0.8,0.0,23.2,22.8,0.46092241092241093,0.4625757575757576,3.0,1.2,1.2,2.8,0.2,0.6,25.8,33.2,0.0
401220337,2020-12-26 21:30:00+00:00,2020,16,Arizona Cardinals,San Francisco 49ers,25.0,21.6,23.8,29.0,1.2,-7.4,352.0,366.0,314.0,295.6,242.2,265.0,109.8,101.0,1.2,3.2,0.0,-1.6,22.6,22.4,0.39924963924963924,0.37278138528138527,1.8,2.0,4.2,2.0,0.4,0.2,32.2,25.8,0.0
401220230,2020-12-27 01:15:00+00:00,2020,16,Las Vegas Raiders,Miami Dolphins,24.4,20.2,36.0,15.0,-11.6,5.2,384.0,344.8,399.6,333.2,293.4,224.8,90.6,120.0,2.4,1.2,-1.4,1.0,23.0,23.0,0.47930402930402927,0.4175,1.6,3.2,1.0,3.0,0.2,0.6,28.4,28.2,0.0
401220152,2020-12-27 18:00:00+00:00,2020,16,Baltimore Ravens,New York Giants,31.8,15.2,24.4,18.4,7.4,-3.2,344.0,301.0,381.0,322.0,155.6,174.0,188.4,127.0,1.0,1.0,0.2,0.0,20.2,15.6,0.4994871794871794,0.34805194805194806,1.8,2.8,1.6,2.4,0.6,0.6,29.8,22.8,1.0
401220174,2020-12-27 18:00:00+00:00,2020,16,Pittsburgh Steelers,Indianapolis Colts,19.0,31.4,18.6,28.6,0.4,2.8,300.2,386.6,261.4,412.6,234.6,257.8,65.6,128.8,1.8,0.6,-0.2,1.6,17.6,24.0,0.3180672268907563,0.461013986013986,0.4,1.4,2.2,2.4,0.4,0.8,29.6,33.6,1.0
401220223,2020-12-27 18:00:00+00:00,2020,16,Kansas City Chiefs,Atlanta Falcons,29.8,22.4,25.4,20.4,4.4,2.0,461.8,314.4,352.6,360.8,341.4,243.6,120.4,70.8,1.4,1.4,0.0,0.2,28.6,20.0,0.46202020202020205,0.43023134759976867,2.0,3.4,1.2,2.8,1.0,0.2,29.6,21.4,1.0
401220199,2020-12-27 18:00:00+00:00,2020,16,Jacksonville Jaguars,Chicago Bears,15.2,27.4,30.4,25.6,-15.2,1.8,318.4,339.0,423.0,381.6,220.4,205.0,98.0,134.0,2.0,1.4,-0.8,-0.2,18.6,21.6,0.3547619047619047,0.34909090909090906,1.8,2.2,1.6,2.6,0.0,0.4,15.8,21.6,0.0
401220182,2020-12-27 18:00:00+00:00,2020,16,Houston Texans,Cincinnati Bengals,23.0,13.4,26.8,21.0,-3.8,-7.6,373.8,232.4,390.8,326.6,291.2,151.8,82.6,80.6,1.4,2.0,-0.8,-0.8,20.2,14.4,0.4411655011655012,0.3257967032967033,3.8,3.2,2.6,1.0,0.4,0.2,24.0,11.2,0.0
401220145,2020-12-27 18:00:00+00:00,2020,16,New York Jets,Cleveland Browns,17.0,30.4,29.0,26.0,-12.0,4.4,280.4,425.2,374.8,358.8,170.2,284.0,110.2,141.2,1.4,0.8,0.0,0.4,16.6,25.0,0.3971936560171854,0.49484681984681983,2.4,1.2,2.6,2.6,0.2,0.8,15.6,26.4,1.0
401220234,2020-12-27 21:05:00+00:00,2020,16,Los Angeles Chargers,Denver Broncos,20.2,18.0,28.8,28.2,-8.6,-10.2,349.6,304.2,336.6,373.2,274.4,163.4,75.2,140.8,1.0,1.8,0.6,-1.2,23.8,17.2,0.4719444444444444,0.35507326007326007,2.2,1.0,1.6,3.0,0.6,0.4,23.8,21.0,1.0
401220273,2020-12-27 21:05:00+00:00,2020,16,Washington,Carolina Panthers,24.4,22.6,15.4,26.0,9.0,-3.4,305.4,333.8,298.2,354.4,190.8,228.2,114.6,105.6,1.0,1.0,0.8,0.2,19.6,19.2,0.3739366515837104,0.32698412698412693,2.8,2.2,2.4,2.8,0.8,0.2,18.0,24.2,0.0
401220362,2020-12-27 21:25:00+00:00,2020,16,Seattle Seahawks,Los Angeles Rams,24.6,25.8,14.6,20.2,10.0,5.6,337.4,361.0,278.4,267.4,196.0,244.6,141.4,116.4,0.8,1.8,0.2,-0.2,21.4,19.8,0.40824841824841823,0.3674259074259074,2.2,1.4,3.6,2.6,0.8,0.6,28.8,25.6,1.0
401220243,2020-12-27 21:25:00+00:00,2020,16,Dallas Cowboys,Philadelphia Eagles,27.0,20.0,28.6,25.8,-1.6,-5.8,314.8,335.6,387.2,389.2,207.0,204.4,107.8,131.2,0.8,1.2,1.4,0.0,19.4,20.2,0.4033566433566433,0.3171945701357466,2.0,4.8,1.8,2.6,0.6,0.2,24.6,21.0,1.0
401220296,2020-12-28 01:20:00+00:00,2020,16,Green Bay Packers,Tennessee Titans,31.4,37.4,23.0,25.2,8.4,12.2,379.6,444.0,341.0,376.8,237.2,262.4,142.4,181.6,0.8,1.0,0.6,0.4,23.0,26.4,0.5101010101010102,0.436969696969697,1.6,1.6,3.6,0.6,0.8,0.8,28.2,31.4,1.0
401220130,2020-12-29 01:15:00+00:00,2020,16,New England Patriots,Buffalo Bills,20.0,33.0,18.0,21.4,2.0,11.6,285.6,403.6,331.2,340.2,168.6,281.2,117.0,122.4,0.8,1.8,0.2,-0.2,17.6,25.2,0.3567321567321567,0.5085470085470085,3.0,1.2,1.6,2.0,0.4,0.8,19.4,29.2,0.0
401220132,2021-01-03 18:00:00+00:00,2020,17,New England Patriots,New York Jets,17.8,16.0,20.2,25.4,-2.4,-9.4,238.8,288.6,346.2,359.4,110.0,171.4,128.8,117.2,0.8,1.2,0.2,0.4,15.4,16.2,0.31570651570651564,0.38406234288587227,3.2,2.6,1.6,2.8,0.4,0.4,14.0,12.6,1.0
401220114,2021-01-03 18:00:00+00:00,2020,17,Buffalo Bills,Miami Dolphins,34.6,22.8,16.8,16.0,17.8,6.8,424.6,376.8,289.8,325.0,290.8,242.0,133.8,134.8,1.4,1.0,-0.2,1.0,27.0,23.2,0.4995726495726496,0.39666666666666667,1.2,2.6,2.0,3.6,1.0,0.8,27.6,27.2,1.0
401220154,2021-01-03 18:00:00+00:00,2020,17,Cincinnati Bengals,Baltimore Ravens,19.0,32.4,23.2,21.0,-4.2,11.4,286.0,369.2,359.2,350.2,185.6,156.8,100.4,212.4,1.6,1.0,-0.4,0.0,16.2,21.0,0.3719505494505494,0.5249417249417249,2.4,1.6,0.8,2.4,0.4,0.8,23.2,26.4,0.0
401220164,2021-01-03 18:00:00+00:00,2020,17,Cleveland Browns,Pittsburgh Steelers,29.2,19.2,27.2,22.8,2.0,-3.6,420.2,296.4,362.4,293.2,297.4,247.6,122.8,48.8,1.0,1.6,-0.4,-0.4,26.2,18.2,0.5177039627039627,0.3084415584415584,1.4,0.6,2.0,2.8,0.6,0.4,22.4,22.2,1.0
401220328,2021-01-03 18:00:00+00:00,2020,17,Tampa Bay Buccaneers,Atlanta Falcons,30.4,23.4,20.4,19.0,10.0,4.4,395.0,338.2,369.2,364.6,317.8,259.8,77.2,78.4,0.8,1.2,0.4,0.6,22.8,21.8,0.4175757575757576,0.5016599190283401,1.4,2.6,3.0,2.2,0.6,0.2,23.0,21.0,1.0
401220284,2021-01-03 18:00:00+00:00,2020,17,Detroit Lions,Minnesota Vikings,23.0,25.8,39.0,32.4,-16.0,-6.6,351.4,382.6,446.8,409.4,268.2,252.4,83.2,130.2,1.8,1.4,-1.4,0.2,23.6,26.8,0.438065268065268,0.38586829836829833,2.8,3.4,1.4,0.6,0.2,0.4,21.4,24.0,0.0
401220250,2021-01-03 18:00:00+00:00,2020,17,New York Giants,Dallas Cowboys,12.4,28.2,20.4,26.4,-8.0,1.8,278.4,342.2,339.2,396.6,170.8,240.2,107.6,102.0,1.0,0.8,0.2,1.6,16.0,19.0,0.2966233766233766,0.4047552447552447,3.4,2.2,1.8,2.0,0.4,0.6,16.6,18.0,1.0
401220211,2021-01-03 21:25:00+00:00,2020,17,Denver Broncos,Las Vegas Raiders,17.2,23.2,29.4,34.2,-12.2,-11.0,291.6,394.8,391.8,384.2,162.0,301.2,129.6,93.6,1.8,2.4,-1.4,-1.6,18.0,22.6,0.370759534583064,0.34597069597069596,1.4,2.2,2.2,1.6,0.2,0.2,17.8,24.8,0.0
401220315,2021-01-03 21:25:00+00:00,2020,17,Carolina Panthers,New Orleans Saints,22.0,30.8,19.4,21.6,2.6,9.2,352.4,388.4,322.8,326.4,237.2,217.2,115.2,171.2,1.2,1.4,0.6,-0.2,20.4,22.6,0.38476190476190475,0.40007724301841946,2.4,2.2,3.2,2.0,0.4,0.6,20.6,27.4,0.0
401220354,2021-01-03 21:25:00+00:00,2020,17,San Francisco 49ers,Seattle Seahawks,23.0,23.0,26.0,12.2,-3.0,10.8,389.4,326.4,318.2,282.4,252.8,199.0,136.6,127.4,2.6,0.8,-1.0,0.4,22.6,20.0,0.3297258297258297,0.3880803510215275,2.2,2.6,2.0,3.6,0.4,0.8,19.4,25.4,0.0
401220275,2021-01-03 21:25:00+00:00,2020,17,Chicago Bears,Green Bay Packers,33.0,33.2,25.2,19.0,7.8,14.2,387.4,395.8,360.4,309.0,236.0,219.8,151.4,176.0,1.2,0.2,0.0,1.2,25.2,24.2,0.4127272727272727,0.5212121212121212,2.0,1.6,2.6,3.8,0.6,1.0,24.4,28.2,0.0
401220180,2021-01-03 21:25:00+00:00,2020,17,Houston Texans,Tennessee Titans,23.8,34.2,30.2,28.4,-6.4,5.8,391.6,411.4,411.8,405.2,286.8,233.2,104.8,178.2,1.6,1.2,-1.0,0.2,20.6,24.2,0.4391452991452991,0.4445454545454545,4.0,1.6,2.2,0.6,0.2,0.6,25.6,28.0,0.0
401220220,2021-01-03 21:25:00+00:00,2020,17,Kansas City Chiefs,Los Angeles Chargers,26.2,17.2,22.0,26.4,4.2,-9.2,448.8,337.6,353.2,357.4,326.6,250.4,122.2,87.2,1.6,0.8,-0.2,1.0,26.0,21.4,0.4278321678321678,0.4019444444444445,2.0,2.0,2.0,1.8,1.0,0.6,27.8,25.0,0.0
401220344,2021-01-03 21:25:00+00:00,2020,17,Los Angeles Rams,Arizona Cardinals,22.2,23.2,19.4,22.2,2.8,1.0,345.2,359.2,275.6,324.2,212.6,236.8,132.6,122.4,1.6,1.6,-0.4,-0.2,19.4,21.8,0.35549608286450385,0.34015873015873016,2.0,1.8,3.4,4.2,0.4,0.4,22.2,26.4,1.0
401220187,2021-01-03 21:25:00+00:00,2020,17,Indianapolis Colts,Jacksonville Jaguars,29.4,18.0,28.0,33.2,1.4,-15.2,375.6,333.0,410.0,426.6,249.4,234.4,126.2,98.6,0.6,1.6,0.8,-0.4,23.6,18.6,0.46293706293706294,0.37655677655677655,2.2,1.6,2.4,1.8,0.6,0.0,25.6,20.2,1.0
401220260,2021-01-04 01:20:00+00:00,2020,17,Philadelphia Eagles,Washington,20.0,23.0,28.8,17.6,-8.8,5.4,368.0,317.6,427.0,299.8,227.8,214.2,140.2,103.4,1.2,1.6,0.0,0.2,21.2,19.6,0.36621417797888384,0.4057315233785822,4.4,3.0,2.4,2.4,0.2,0.6,22.8,26.6,0.0
401326322,2021-09-10 00:20:00+00:00,2021,1,Tampa Bay Buccaneers,Dallas Cowboys,34.4,28.8,20.4,22.8,14.0,6.0,441.8,354.2,363.6,396.2,354.2,242.6,87.6,111.6,0.6,0.6,0.6,2.0,24.4,21.6,0.42666666666666664,0.4138050185109009,1.4,2.6,3.2,1.8,0.8,0.6,24.2,21.2,1.0
401326311,2021-09-12 17:00:00+00:00,2021,1,Tennessee Titans,Arizona Cardinals,33.4,21.2,30.8,21.8,2.6,-0.6,420.0,342.4,429.4,355.0,230.0,238.0,190.0,104.4,1.4,1.6,0.0,-0.2,24.2,20.2,0.5012121212121212,0.29888888888888887,1.8,2.2,1.0,4.0,0.6,0.4,29.2,21.8,0.0
401326317,2021-09-12 17:00:00+00:00,2021,1,Detroit Lions,San Francisco 49ers,25.0,23.0,38.2,27.2,-13.2,-4.2,357.2,386.0,471.6,312.6,270.0,254.6,87.2,131.4,1.6,2.2,-1.4,-1.4,22.2,22.4,0.4457575757575758,0.36686868686868684,2.2,2.4,1.6,2.0,0.2,0.2,24.2,23.2,0.0
401326308,2021-09-12 17:00:00+00:00,2021,1,Buffalo Bills,Pittsburgh Steelers,40.4,19.8,18.6,24.8,21.8,-5.0,449.2,308.4,307.2,321.0,334.2,256.2,115.0,52.2,1.2,1.4,0.6,-0.6,27.2,17.4,0.49068376068376074,0.31684491978609625,0.8,0.8,1.6,3.0,1.0,0.2,35.4,21.0,0.0
401326318,2021-09-12 17:00:00+00:00,2021,1,Indianapolis Colts,Seattle Seahawks,29.8,23.6,21.8,13.4,8.0,10.2,395.8,322.2,376.8,298.0,226.2,185.8,169.6,136.4,0.6,0.8,1.0,0.4,22.8,20.2,0.44601398601398595,0.4147470176881941,1.8,2.6,3.4,3.0,0.8,0.8,25.0,23.8,0.0
401326310,2021-09-12 17:00:00+00:00,2021,1,Houston Texans,Jacksonville Jaguars,23.2,15.8,33.4,33.4,-10.2,-17.6,406.2,314.6,432.6,422.2,297.6,233.4,108.6,81.2,1.6,1.8,-1.4,-0.6,21.6,17.8,0.4558119658119658,0.3663003663003663,4.4,2.8,1.8,1.4,0.0,0.0,27.2,20.2,1.0
401326315,2021-09-12 17:00:00+00:00,2021,1,Atlanta Falcons,Philadelphia Eagles,20.2,19.4,26.6,28.2,-6.4,-8.8,354.4,361.2,413.0,416.4,275.6,211.4,78.8,149.8,1.4,1.6,-0.4,0.0,22.2,20.8,0.5069230769230769,0.34352510234863176,2.6,3.8,1.4,2.6,0.0,0.2,28.4,18.6,0.0
401326309,2021-09-12 17:00:00+00:00,2021,1,Carolina Panthers,New York Jets,19.4,18.2,26.0,27.0,-6.6,-8.8,341.6,306.6,355.2,371.2,234.8,184.6,106.8,122.0,1.8,1.2,-0.2,0.0,19.8,18.4,0.34031746031746024,0.39790849673202616,2.8,2.6,2.6,2.6,0.2,0.4,18.8,15.4,1.0
401326312,2021-09-12 17:00:00+00:00,2021,1,Washington,Los Angeles Chargers,18.8,21.4,17.2,25.2,1.6,-3.8,299.6,347.4,293.6,344.6,212.0,248.4,87.6,99.0,1.8,0.6,0.2,0.8,18.4,22.4,0.3780392156862745,0.45015873015873015,3.0,2.0,2.2,1.4,0.6,0.8,18.6,27.2,0.0
401326316,2021-09-12 17:00:00+00:00,2021,1,Cincinnati Bengals,Minnesota Vikings,16.2,27.6,27.0,34.0,-10.8,-6.4,294.0,406.8,387.0,418.0,172.2,270.8,121.8,136.0,1.4,0.8,-0.2,1.0,16.0,27.8,0.3341727716727717,0.3550990675990676,2.0,3.6,0.8,0.8,0.4,0.4,17.0,26.2,1.0
401326320,2021-09-12 20:25:00+00:00,2021,1,New York Giants,Denver Broncos,13.2,22.8,20.8,29.6,-7.6,-6.8,268.4,358.4,369.6,426.4,164.2,224.4,104.2,134.0,1.2,1.2,-0.4,-0.2,16.6,21.6,0.21090909090909088,0.438259534583064,3.8,1.6,2.6,2.2,0.4,0.2,17.2,20.6,0.0
401326314,2021-09-12 20:25:00+00:00,2021,1,Kansas City Chiefs,Cleveland Browns,25.0,28.6,24.8,26.6,0.2,2.0,393.8,400.0,353.0,366.2,278.8,280.2,115.0,119.8,1.6,0.8,-0.6,0.0,24.4,25.4,0.4611655011655011,0.5267948717948718,1.8,1.8,2.4,2.2,0.8,0.6,25.6,28.2,1.0
401326319,2021-09-12 20:25:00+00:00,2021,1,New Orleans Saints,Green Bay Packers,31.2,32.0,22.4,17.2,8.8,14.8,399.4,380.4,368.0,310.2,242.8,225.0,156.6,155.4,1.2,0.4,0.4,0.8,22.8,22.0,0.3924581953993719,0.5264069264069264,2.0,1.8,2.4,3.4,0.6,1.0,31.8,33.2,1.0
401326313,2021-09-12 20:25:00+00:00,2021,1,New England Patriots,Miami Dolphins,19.4,24.0,19.6,26.6,-0.2,-2.6,283.8,398.6,356.6,364.0,143.8,270.6,140.0,128.0,0.4,1.4,0.8,0.6,16.8,24.2,0.342979242979243,0.3395238095238095,3.2,2.0,1.8,3.2,0.4,0.6,17.2,23.8,0.0
401326323,2021-09-13 00:20:00+00:00,2021,1,Los Angeles Rams,Chicago Bears,21.8,31.2,16.2,24.0,5.6,7.2,350.2,388.6,249.4,345.0,220.8,239.8,129.4,148.8,1.2,1.0,-0.4,0.4,20.8,24.2,0.3739576213260424,0.4127272727272727,2.0,1.6,3.8,2.8,0.6,0.6,21.0,25.2,1.0
401326321,2021-09-14 00:15:00+00:00,2021,1,Las Vegas Raiders,Baltimore Ravens,28.4,37.2,31.8,17.8,-3.4,19.4,439.2,430.4,412.6,322.4,332.4,163.0,106.8,267.4,2.2,0.8,-1.6,0.2,24.4,23.8,0.37289377289377285,0.6081996434937611,1.8,1.0,1.8,2.4,0.4,1.0,29.4,28.0,1.0
401326127,2021-09-17 00:20:00+00:00,2021,2,Washington,New York Giants,17.4,12.4,17.8,23.8,-0.4,-11.4,287.8,273.2,313.2,388.2,184.0,195.0,103.8,78.2,2.0,1.2,0.2,-0.6,17.8,17.8,0.39098039215686275,0.26090909090909087,2.6,3.8,2.6,2.0,0.4,0.2,16.8,18.6,1.0
401326355,2021-09-19 17:00:00+00:00,2021,2,Philadelphia Eagles,San Francisco 49ers,22.6,26.4,23.4,27.0,-0.8,-0.6,392.4,394.0,381.0,308.8,231.4,253.6,161.0,140.4,1.4,2.2,0.2,-1.4,22.2,21.8,0.37429433311786253,0.3244444444444444,2.6,2.6,2.8,2.4,0.4,0.4,20.0,26.0,0.0
401326130,2021-09-19 17:00:00+00:00,2021,2,Cleveland Browns,Houston Texans,26.2,26.6,26.2,32.4,0.0,-5.8,399.8,416.4,359.4,437.4,273.0,293.8,126.8,122.6,1.0,1.2,-0.8,-0.4,25.0,22.0,0.4589377289377289,0.4931746031746032,2.2,3.6,2.0,1.4,0.4,0.2,20.8,20.4,1.0
401326356,2021-09-19 17:00:00+00:00,2021,2,Pittsburgh Steelers,Las Vegas Raiders,21.0,28.8,23.4,31.6,-2.4,-2.8,293.6,449.4,331.6,418.6,230.6,340.6,63.0,108.8,1.2,2.0,-0.2,-1.6,17.2,24.8,0.3035115864527629,0.3805128205128205,1.2,2.0,3.0,1.8,0.4,0.4,27.6,23.2,0.0
401326128,2021-09-19 17:00:00+00:00,2021,2,Carolina Panthers,New Orleans Saints,17.8,34.6,23.2,19.8,-5.4,14.8,343.0,379.0,328.2,347.4,235.4,229.6,107.6,149.4,1.8,1.0,-0.6,1.0,19.2,22.6,0.3117460317460317,0.39834054834054833,3.0,1.6,3.4,2.2,0.4,0.6,19.2,28.8,1.0
401326353,2021-09-19 17:00:00+00:00,2021,2,Miami Dolphins,Buffalo Bills,23.6,36.8,28.4,18.4,-4.8,18.4,369.2,433.6,403.4,277.2,248.4,311.4,120.8,122.2,1.4,1.2,0.6,0.2,22.8,25.4,0.3922510822510822,0.49068376068376074,2.4,1.2,2.2,2.0,0.6,0.8,25.0,33.6,0.0
401326129,2021-09-19 17:00:00+00:00,2021,2,Chicago Bears,Cincinnati Bengals,28.0,20.2,24.0,28.0,4.0,-7.8,375.2,328.0,330.2,386.4,227.6,184.4,147.6,143.6,1.2,1.0,0.0,0.2,23.8,17.6,0.43090909090909085,0.3270299145299145,1.8,1.8,2.6,1.4,0.6,0.6,23.6,18.0,1.0
401326354,2021-09-19 17:00:00+00:00,2021,2,New York Jets,New England Patriots,15.4,13.6,24.6,23.0,-9.2,-9.4,281.8,304.2,359.4,356.8,192.0,172.2,89.8,132.0,0.8,0.8,0.2,0.2,16.8,17.2,0.3483358471593766,0.39476495726495725,3.2,3.2,2.4,1.6,0.4,0.2,18.2,22.0,0.0
401326132,2021-09-19 17:00:00+00:00,2021,2,Jacksonville Jaguars,Denver Broncos,15.2,25.0,35.4,27.8,-20.2,-2.8,315.6,376.4,428.0,399.8,244.0,245.2,71.6,131.2,1.6,1.0,-0.8,0.2,17.8,22.6,0.3593073593073593,0.4239005602240896,2.6,2.0,0.8,2.4,0.0,0.4,16.0,20.6,0.0
401326131,2021-09-19 17:00:00+00:00,2021,2,Indianapolis Colts,Los Angeles Rams,27.8,21.0,23.4,13.4,4.4,7.6,388.8,334.8,373.4,267.4,218.4,214.4,170.4,120.4,0.8,1.0,0.6,-0.2,22.4,18.4,0.46839160839160837,0.3630485304169514,1.8,2.0,3.0,4.0,0.6,0.6,26.2,21.4,0.0
401326357,2021-09-19 20:05:00+00:00,2021,2,Arizona Cardinals,Minnesota Vikings,23.2,27.0,16.8,34.6,6.4,-7.6,379.2,403.4,312.0,413.2,266.0,283.0,113.2,120.4,1.4,0.6,0.4,0.4,21.0,26.6,0.3399145299145299,0.3425990675990676,2.2,3.4,5.0,1.4,0.6,0.2,27.2,25.4,1.0
401326358,2021-09-19 20:05:00+00:00,2021,2,Tampa Bay Buccaneers,Atlanta Falcons,35.8,18.2,20.8,28.8,15.0,-10.6,444.6,340.0,345.2,415.0,361.6,250.4,83.0,89.6,1.0,1.2,0.2,-0.4,25.2,21.8,0.45090909090909087,0.47285714285714286,1.2,2.6,3.0,1.2,1.0,0.0,29.8,18.4,1.0
401326360,2021-09-19 20:25:00+00:00,2021,2,Seattle Seahawks,Tennessee Titans,26.8,29.0,13.2,30.2,13.6,-1.2,333.0,383.4,307.2,421.0,190.8,188.6,142.2,194.8,0.6,1.4,0.6,0.0,19.6,22.6,0.4420974450386215,0.5326406926406926,2.2,2.4,3.2,1.4,1.0,0.6,27.4,32.2,0.0
401326359,2021-09-19 20:25:00+00:00,2021,2,Los Angeles Chargers,Dallas Cowboys,25.4,31.2,19.4,22.2,6.0,9.0,380.6,366.8,338.2,402.2,277.6,265.4,103.0,101.4,0.6,0.6,1.0,2.6,24.4,21.8,0.519749373433584,0.43968737145207737,1.8,2.6,1.4,1.8,1.0,0.6,19.8,25.2,0.0
401326361,2021-09-20 00:20:00+00:00,2021,2,Baltimore Ravens,Kansas City Chiefs,35.8,27.2,21.0,27.4,14.8,-0.2,431.4,383.8,343.0,378.4,185.0,281.0,246.4,102.8,1.0,1.6,0.0,-0.6,24.0,23.6,0.5672905525846702,0.5396270396270395,1.6,2.0,2.8,2.8,0.8,0.8,29.8,34.0,1.0
401326362,2021-09-21 00:15:00+00:00,2021,2,Green Bay Packers,Detroit Lions,26.6,24.8,21.6,40.4,5.0,-15.6,338.8,351.2,319.0,482.2,204.6,252.8,134.2,98.4,1.0,1.6,0.0,-1.2,20.8,23.6,0.4630735930735931,0.39,1.8,2.4,2.0,1.4,0.8,0.0,31.8,20.4,1.0
401326363,2021-09-24 00:20:00+00:00,2021,3,Houston Texans,Carolina Panthers,29.4,17.6,31.4,18.2,-2.0,-0.6,424.2,345.6,426.4,280.8,306.8,245.2,117.4,100.4,1.2,2.0,0.0,-0.6,22.0,20.4,0.5074603174603174,0.33269841269841266,2.4,2.6,1.2,4.0,0.2,0.6,30.6,23.6,0.0
401326368,2021-09-26 17:00:00+00:00,2021,3,Kansas City Chiefs,Los Angeles Chargers,27.6,24.8,29.2,20.0,-1.6,4.8,375.2,393.2,401.2,358.2,278.8,292.2,96.4,101.0,1.2,0.8,0.0,0.4,23.6,24.6,0.482051282051282,0.4830827067669173,1.4,2.0,2.2,1.4,0.6,0.8,25.2,25.2,0.0
401326364,2021-09-26 17:00:00+00:00,2021,3,Buffalo Bills,Washington,38.6,18.8,15.4,20.6,23.2,-1.8,429.6,330.6,275.6,322.6,299.6,229.0,130.0,101.6,1.2,2.0,0.4,-0.4,25.4,20.4,0.4983760683760684,0.4125188536953243,1.2,2.4,3.0,2.6,0.8,0.4,33.8,26.8,1.0
401326365,2021-09-26 17:00:00+00:00,2021,3,Cleveland Browns,Chicago Bears,24.0,24.8,21.0,26.0,3.0,-1.2,372.2,334.4,342.8,327.2,241.8,196.0,130.4,138.4,1.2,1.4,-0.6,0.2,22.8,22.4,0.4644932844932844,0.45090909090909087,2.6,1.8,1.4,2.2,0.6,0.6,25.8,26.0,1.0
401326367,2021-09-26 17:00:00+00:00,2021,3,Jacksonville Jaguars,Arizona Cardinals,15.8,24.8,33.8,22.0,-18.0,2.8,282.6,396.0,416.8,364.0,214.2,294.0,68.4,102.0,1.8,1.8,-1.2,-0.6,16.2,20.8,0.3606060606060606,0.3288034188034188,2.8,2.6,1.2,3.6,0.0,0.6,13.6,21.8,0.0
401326372,2021-09-26 17:00:00+00:00,2021,3,Tennessee Titans,Indianapolis Colts,29.4,23.8,34.2,23.4,-4.8,0.4,399.0,368.4,429.6,362.8,211.6,218.6,187.4,149.8,1.4,1.2,-0.2,0.0,24.2,21.8,0.5516883116883117,0.4138461538461538,2.8,2.4,2.0,3.2,0.6,0.4,27.0,33.8,1.0
401326371,2021-09-26 17:00:00+00:00,2021,3,Pittsburgh Steelers,Cincinnati Bengals,21.4,22.2,23.4,26.0,-2.0,-3.8,315.0,315.8,349.8,373.2,253.6,178.6,61.4,137.2,1.0,1.2,-0.4,0.2,17.8,16.8,0.36684491978609624,0.3068376068376068,1.4,2.4,3.2,1.6,0.4,0.6,23.4,16.0,0.0
401326369,2021-09-26 17:00:00+00:00,2021,3,New England Patriots,New Orleans Saints,18.0,31.8,19.4,20.2,-1.4,11.6,312.2,333.0,360.4,341.4,181.4,193.2,130.8,139.8,0.6,1.0,1.0,1.0,18.6,19.8,0.39861111111111114,0.35137085137085133,2.6,1.4,2.2,2.6,0.4,0.6,19.2,22.6,0.0
401326366,2021-09-26 17:00:00+00:00,2021,3,Detroit Lions,Baltimore Ravens,23.4,33.6,41.2,19.6,-17.8,14.0,361.4,450.6,464.8,325.4,251.6,200.2,109.8,250.4,2.0,1.4,-1.6,-0.2,22.0,25.2,0.3788888888888889,0.5672905525846702,1.8,1.0,2.0,2.8,0.0,0.8,24.8,28.6,0.0
401326370,2021-09-26 17:00:00+00:00,2021,3,New York Giants,Atlanta Falcons,16.8,19.8,24.6,34.4,-7.8,-14.6,319.6,345.8,391.6,414.2,224.4,259.2,95.2,86.6,0.6,1.2,0.2,-0.4,20.0,21.8,0.27757575757575753,0.40285714285714286,3.0,2.4,2.0,1.6,0.2,0.0,15.2,18.4,0.0
401326373,2021-09-26 20:05:00+00:00,2021,3,Denver Broncos,New York Jets,23.2,16.0,25.0,21.6,-1.8,-5.6,383.0,312.0,363.6,329.4,251.8,205.6,131.2,106.4,0.8,1.4,0.8,-0.6,22.4,18.0,0.385264196587726,0.3585922574157868,2.4,3.4,1.8,2.8,0.4,0.4,20.8,16.4,1.0
401326374,2021-09-26 20:05:00+00:00,2021,3,Las Vegas Raiders,Miami Dolphins,28.6,18.2,26.2,28.8,2.4,-10.6,449.6,339.0,393.6,376.6,346.2,220.0,103.4,119.0,1.4,1.8,-0.8,-0.2,24.0,20.0,0.3241025641025641,0.38780663780663777,2.4,2.8,2.2,1.8,0.6,0.6,28.6,20.4,1.0
401326376,2021-09-26 20:25:00+00:00,2021,3,Minnesota Vikings,Seattle Seahawks,30.8,24.8,36.2,19.2,-5.4,5.6,420.2,330.4,447.4,376.6,296.8,207.6,123.4,122.8,0.4,0.4,1.0,0.8,25.6,17.4,0.31593240093240094,0.3996732026143791,2.4,2.6,2.0,3.2,0.2,0.8,28.8,22.6,1.0
401326375,2021-09-26 20:25:00+00:00,2021,3,Los Angeles Rams,Tampa Bay Buccaneers,21.6,40.2,17.6,23.0,4.0,17.2,345.4,452.2,294.2,347.8,242.0,374.2,103.4,78.0,1.2,1.2,-0.2,0.4,19.2,26.0,0.38685805422647523,0.42666666666666664,2.0,1.8,3.4,2.0,0.6,1.0,23.2,38.8,1.0
401326377,2021-09-27 00:20:00+00:00,2021,3,San Francisco 49ers,Green Bay Packers,26.8,27.4,24.6,20.2,2.2,7.2,386.4,321.4,335.8,329.2,244.2,192.0,142.2,129.4,1.6,1.0,-1.0,0.4,22.2,20.6,0.3568253968253968,0.42873015873015874,1.8,2.4,2.4,1.4,0.6,0.8,20.6,26.8,0.0
401326378,2021-09-28 00:15:00+00:00,2021,3,Dallas Cowboys,Philadelphia Eagles,29.2,20.0,24.2,22.6,5.0,-2.6,396.2,375.4,422.0,370.6,275.4,233.4,120.8,142.0,0.8,1.2,2.2,0.0,23.6,21.6,0.4687782805429864,0.3960892049127343,2.6,3.0,1.8,1.8,0.6,0.2,24.6,21.6,1.0
401326379,2021-10-01 00:20:00+00:00,2021,4,Cincinnati Bengals,Jacksonville Jaguars,21.6,16.8,24.6,32.0,-3.0,-15.2,323.4,301.4,392.8,416.4,197.4,213.6,126.0,87.8,1.4,2.4,-0.2,-1.8,16.6,16.8,0.3163614163614163,0.3136363636363636,2.0,2.4,2.2,1.0,0.6,0.0,16.2,18.6,1.0
401326382,2021-10-03 17:00:00+00:00,2021,4,Chicago Bears,Detroit Lions,19.4,21.8,25.8,35.8,-6.4,-14.0,264.4,332.4,329.4,449.6,156.6,228.6,107.8,103.8,1.2,1.4,0.2,-0.8,19.0,21.0,0.3690909090909091,0.3222222222222222,3.4,2.2,2.6,2.6,0.4,0.0,23.0,19.2,1.0
401326388,2021-10-03 17:00:00+00:00,2021,4,Philadelphia Eagles,Kansas City Chiefs,19.0,26.0,24.2,29.4,-5.2,-3.4,364.4,380.4,341.4,414.6,233.0,282.6,131.4,97.8,1.6,1.8,-0.8,-0.8,18.8,23.4,0.3960892049127343,0.502051282051282,2.2,1.0,2.4,2.2,0.2,0.4,17.8,32.4,0.0
401326385,2021-10-03 17:00:00+00:00,2021,4,Minnesota Vikings,Cleveland Browns,31.4,25.2,33.0,21.0,-1.6,4.2,429.4,377.4,445.8,294.6,309.6,225.2,119.8,152.2,0.2,1.2,1.0,-0.6,26.0,23.2,0.3717765567765568,0.4201493930905696,2.0,3.4,2.2,3.0,0.4,0.6,28.0,26.6,0.0
401326380,2021-10-03 17:00:00+00:00,2021,4,Atlanta Falcons,Washington,17.8,20.0,31.0,25.2,-13.2,-5.2,331.2,318.0,400.2,358.4,238.2,217.6,93.0,100.4,1.4,2.2,-0.4,-0.8,20.8,17.8,0.39978021978021977,0.3312354312354312,2.4,1.8,1.4,2.6,0.2,0.4,25.2,25.6,0.0
401326387,2021-10-03 17:00:00+00:00,2021,4,New York Jets,Tennessee Titans,11.4,25.2,22.8,32.4,-11.4,-7.2,286.6,380.0,337.4,396.6,190.2,195.6,96.4,184.4,1.8,2.0,-1.0,-1.4,16.8,23.4,0.3377777777777778,0.48805194805194796,4.0,2.8,2.6,2.4,0.2,0.6,17.4,32.8,1.0
401326384,2021-10-03 17:00:00+00:00,2021,4,Miami Dolphins,Indianapolis Colts,19.4,21.6,32.6,24.4,-13.2,-2.8,328.4,351.4,415.4,351.4,232.8,209.6,95.6,141.8,1.6,1.2,0.0,0.2,19.2,21.6,0.3378066378066378,0.3547552447552447,2.8,2.6,1.8,2.4,0.4,0.2,19.4,28.8,0.0
401326383,2021-10-03 17:00:00+00:00,2021,4,Dallas Cowboys,Carolina Panthers,29.2,19.2,21.8,15.2,7.4,4.0,414.0,354.2,403.8,261.2,278.6,253.4,135.4,100.8,1.0,1.8,1.6,-0.4,26.0,22.0,0.4887782805429864,0.35694083694083695,3.0,2.6,1.8,3.8,0.6,0.8,30.8,23.6,1.0
401326381,2021-10-03 17:00:00+00:00,2021,4,Buffalo Bills,Houston Texans,37.6,27.2,15.8,30.8,21.8,-3.6,419.0,377.8,282.6,437.8,301.0,268.6,118.0,109.2,1.0,0.8,1.0,0.4,25.4,20.4,0.4799145299145299,0.423015873015873,1.0,2.2,2.6,1.6,0.8,0.2,33.6,19.2,1.0
401326386,2021-10-03 17:00:00+00:00,2021,4,New Orleans Saints,New York Giants,31.6,18.4,16.4,24.0,15.2,-5.6,326.4,331.2,319.2,372.4,170.2,230.8,156.2,100.4,0.8,0.8,1.6,0.2,20.6,21.4,0.4254967254967255,0.2866666666666667,1.8,3.2,2.2,2.4,0.8,0.2,34.0,20.2,0.0
401326389,2021-10-03 20:05:00+00:00,2021,4,Los Angeles Rams,Arizona Cardinals,24.4,24.4,17.8,20.6,6.6,3.8,366.2,372.2,325.6,351.8,270.4,272.6,95.8,99.6,1.0,1.4,0.0,0.6,20.4,20.2,0.4838277511961723,0.291025641025641,1.6,2.4,3.6,3.0,0.8,0.6,26.0,23.8,0.0
401326390,2021-10-03 20:05:00+00:00,2021,4,San Francisco 49ers,Seattle Seahawks,25.8,24.2,22.4,22.2,3.4,2.0,354.4,347.8,348.2,396.6,228.8,240.0,125.6,107.8,1.2,0.2,-0.6,0.6,21.8,18.4,0.40409812409812407,0.39133986928104575,2.2,3.0,2.2,2.6,0.6,0.6,21.4,22.8,0.0
401326392,2021-10-03 20:25:00+00:00,2021,4,Green Bay Packers,Pittsburgh Steelers,28.6,20.0,22.6,22.8,6.0,-2.8,333.8,334.6,316.0,357.4,223.4,281.4,110.4,53.2,1.0,0.8,0.6,0.0,20.8,19.6,0.4363059163059163,0.4115817618913594,1.6,2.0,1.6,2.8,0.8,0.4,34.0,20.8,1.0
401326391,2021-10-03 20:25:00+00:00,2021,4,Denver Broncos,Baltimore Ravens,24.6,29.4,15.4,20.2,9.2,9.2,400.6,446.2,289.2,329.0,273.4,204.4,127.2,241.8,0.8,1.4,1.0,-0.4,23.2,23.0,0.372277183600713,0.4539572192513369,2.2,1.6,2.6,2.2,0.6,0.8,19.8,29.0,0.0
401326393,2021-10-04 00:20:00+00:00,2021,4,New England Patriots,Tampa Bay Buccaneers,18.2,38.8,20.6,24.4,-2.4,14.4,311.6,458.2,334.2,355.4,194.4,383.4,117.2,74.8,1.0,1.2,0.4,0.4,18.2,26.0,0.4278508771929824,0.43897435897435894,2.4,1.8,2.4,1.6,0.4,0.8,17.2,34.6,0.0
401326394,2021-10-05 00:50:00+00:00,2021,4,Los Angeles Chargers,Las Vegas Raiders,24.8,29.4,19.4,25.8,5.4,3.6,383.2,459.2,355.8,379.2,286.0,362.4,97.2,96.8,0.8,1.4,1.0,-0.8,23.4,24.2,0.43914331282752334,0.3538461538461538,2.0,2.8,1.6,2.4,0.8,0.8,18.0,25.2,1.0
401326395,2021-10-08 00:20:00+00:00,2021,5,Seattle Seahawks,Los Angeles Rams,25.8,26.6,24.6,21.2,1.2,5.4,336.2,379.6,421.2,360.2,226.4,283.2,109.8,96.4,0.2,1.2,0.8,-0.2,18.2,21.2,0.3372222222222222,0.49818181818181817,2.6,1.0,2.4,3.2,0.6,0.8,26.0,23.6,0.0
401326324,2021-10-10 13:30:00+00:00,2021,5,Atlanta Falcons,New York Jets,21.0,12.2,34.4,24.4,-13.4,-12.2,332.6,291.0,403.6,363.6,237.8,207.6,94.8,83.4,1.2,2.0,-0.6,-1.6,21.0,16.4,0.4247802197802198,0.3457142857142857,1.8,3.8,1.6,3.2,0.2,0.2,24.4,10.8,1.0
401326399,2021-10-10 17:00:00+00:00,2021,5,Jacksonville Jaguars,Tennessee Titans,17.6,27.2,28.6,29.8,-11.0,-2.6,313.8,414.0,422.2,378.0,213.4,225.4,100.4,188.6,2.0,1.6,-1.6,-1.0,18.2,26.4,0.33030303030303027,0.44977443609022555,2.4,3.8,1.0,2.4,0.0,0.6,16.8,28.6,0.0
401326400,2021-10-10 17:00:00+00:00,2021,5,Minnesota Vikings,Detroit Lions,26.2,23.2,25.4,31.2,0.8,-8.0,407.6,365.4,394.6,406.6,292.8,258.2,114.8,107.2,0.4,1.4,0.4,-0.6,24.2,23.2,0.36760989010989015,0.3749494949494949,2.0,2.2,2.8,2.4,0.4,0.0,23.8,18.0,1.0
401326402,2021-10-10 17:00:00+00:00,2021,5,Tampa Bay Buccaneers,Miami Dolphins,33.2,17.6,26.4,33.0,6.8,-15.4,416.8,292.4,377.0,401.6,340.2,215.8,76.6,76.6,1.2,2.0,0.4,-0.4,24.4,18.2,0.45371120107962215,0.3256854256854257,1.6,2.8,1.6,1.6,0.8,0.2,34.6,23.4,1.0
401326398,2021-10-10 17:00:00+00:00,2021,5,Houston Texans,New England Patriots,21.0,19.8,31.4,16.8,-10.4,3.0,302.0,330.2,419.8,315.6,216.4,242.2,85.6,88.0,1.6,1.4,-0.2,0.0,17.0,20.0,0.3563492063492063,0.4056286549707602,2.6,2.6,1.8,2.6,0.2,0.4,27.0,21.0,0.0
401326401,2021-10-10 17:00:00+00:00,2021,5,Pittsburgh Steelers,Denver Broncos,17.8,22.8,23.4,16.2,-5.6,6.6,320.2,372.2,357.8,307.2,259.0,250.4,61.2,121.8,1.2,0.6,-0.6,1.2,17.8,21.6,0.4115817618913594,0.33278138528138523,2.2,2.8,2.4,2.8,0.2,0.6,18.2,22.8,1.0
401326397,2021-10-10 17:00:00+00:00,2021,5,Cincinnati Bengals,Green Bay Packers,19.0,26.0,22.6,23.2,-3.6,2.8,299.4,317.6,363.4,320.4,191.6,227.8,107.8,89.8,1.4,1.0,-0.4,0.6,15.4,20.0,0.33516483516483514,0.45630591630591627,2.2,2.0,2.2,1.6,0.6,0.8,17.6,26.0,0.0
401326396,2021-10-10 17:00:00+00:00,2021,5,Carolina Panthers,Philadelphia Eagles,20.8,21.6,19.8,25.2,1.0,-3.6,374.0,361.2,270.6,333.0,273.2,239.4,100.8,121.8,1.8,1.0,-1.2,-0.2,23.0,20.0,0.3384792984792985,0.4137362637362637,2.8,2.2,3.2,2.2,0.6,0.2,19.8,22.4,0.0
401326403,2021-10-10 17:00:00+00:00,2021,5,Washington,New Orleans Saints,24.2,25.4,27.2,15.2,-3.0,10.2,323.2,290.8,377.2,343.4,220.0,153.4,103.2,137.4,1.4,0.6,-0.4,2.0,19.0,17.6,0.3267909867909868,0.43746253746253744,1.4,1.8,2.0,1.8,0.6,0.6,18.8,22.0,0.0
401326404,2021-10-10 20:05:00+00:00,2021,5,Los Angeles Chargers,Cleveland Browns,26.6,24.8,19.0,17.8,7.6,7.0,396.0,383.0,319.2,279.0,283.0,203.0,113.0,180.0,0.8,0.8,0.8,0.0,25.2,22.6,0.45068177436598483,0.4179271708683473,2.0,3.2,2.0,3.0,0.8,0.8,16.8,24.0,1.0
401326405,2021-10-10 20:05:00+00:00,2021,5,Las Vegas Raiders,Chicago Bears,27.2,16.0,26.2,25.2,1.0,-9.2,418.2,260.8,378.6,343.8,332.6,141.0,85.6,119.8,1.4,1.2,-0.8,0.2,22.2,17.4,0.41538461538461535,0.29409090909090907,3.0,3.4,2.2,3.2,0.8,0.4,28.6,23.8,0.0
401326407,2021-10-10 20:25:00+00:00,2021,5,Dallas Cowboys,New York Giants,29.0,21.2,24.0,22.8,5.0,-1.6,398.0,374.4,384.2,367.0,243.8,268.2,154.2,106.2,0.8,1.0,1.6,0.0,26.4,20.8,0.4631372549019607,0.33939393939393936,2.6,2.0,2.2,2.4,0.6,0.4,34.2,21.0,1.0
401326406,2021-10-10 20:25:00+00:00,2021,5,Arizona Cardinals,San Francisco 49ers,29.4,26.0,20.6,25.6,8.8,0.4,395.2,366.2,352.4,325.0,276.4,257.4,118.8,108.8,1.0,1.4,1.2,-1.2,21.6,22.0,0.3641025641025641,0.3882251082251082,2.4,2.0,2.4,2.2,0.8,0.4,27.8,26.8,1.0
401326408,2021-10-11 00:20:00+00:00,2021,5,Kansas City Chiefs,Buffalo Bills,31.0,38.0,32.6,14.0,-1.6,24.0,395.6,414.2,433.4,264.2,281.2,282.4,114.4,131.8,1.6,1.2,-0.8,1.8,25.0,24.4,0.6051282051282051,0.4799145299145299,1.2,1.2,2.0,2.6,0.4,0.8,23.4,37.0,0.0
401326409,2021-10-12 00:15:00+00:00,2021,5,Baltimore Ravens,Indianapolis Colts,28.6,22.2,19.0,22.2,9.6,0.0,441.0,348.2,326.0,321.2,228.6,204.0,212.4,144.2,1.2,1.0,0.0,0.8,22.0,21.4,0.39085561497326204,0.3578321678321678,2.2,2.0,2.0,2.8,0.8,0.4,32.2,27.4,1.0
401326410,2021-10-15 00:20:00+00:00,2021,6,Philadelphia Eagles,Tampa Bay Buccaneers,23.0,33.4,24.8,24.4,-1.8,9.0,372.6,431.4,336.8,360.2,256.2,349.4,116.4,82.0,0.8,1.0,0.2,0.6,19.8,25.4,0.40384615384615385,0.49007483744325847,2.0,1.8,2.2,2.0,0.4,0.8,19.2,33.4,0.0
401326325,2021-10-17 13:30:00+00:00,2021,6,Jacksonville Jaguars,Miami Dolphins,18.6,15.8,30.4,30.8,-11.8,-15.0,348.0,261.8,408.4,422.2,218.6,191.4,129.4,70.4,2.2,1.6,-2.0,-0.4,19.4,16.2,0.3236363636363636,0.3399711399711399,1.6,3.2,1.6,1.8,0.0,0.2,15.6,22.8,1.0
401326411,2021-10-17 17:00:00+00:00,2021,6,Baltimore Ravens,Los Angeles Chargers,27.2,28.4,23.4,23.2,3.8,5.2,440.6,411.4,389.6,371.8,291.8,303.0,148.8,108.4,1.2,1.0,-0.2,0.4,23.2,24.8,0.33644385026737966,0.45727518095939146,2.6,1.8,2.4,2.0,0.8,0.8,33.6,27.0,1.0
401326413,2021-10-17 17:00:00+00:00,2021,6,Chicago Bears,Green Bay Packers,16.8,24.0,20.0,24.4,-3.2,-0.4,240.0,347.6,332.4,322.6,113.2,247.0,126.8,100.6,0.8,1.0,0.6,0.6,17.0,20.8,0.3063986013986014,0.4147474747474747,3.6,2.2,3.6,2.0,0.6,0.8,25.2,24.8,0.0
401326412,2021-10-17 17:00:00+00:00,2021,6,Carolina Panthers,Minnesota Vikings,23.0,22.6,17.4,21.8,5.6,0.8,363.4,382.8,255.8,368.8,255.6,269.0,107.8,113.8,1.4,0.8,-0.4,0.0,23.0,21.6,0.3829237429237429,0.38299450549450553,2.8,1.8,3.2,3.4,0.6,0.4,19.4,28.2,0.0
401326415,2021-10-17 17:00:00+00:00,2021,6,Indianapolis Colts,Houston Texans,21.6,17.8,25.6,28.2,-4.0,-10.4,363.4,282.6,369.2,391.8,249.2,202.8,114.2,79.8,1.0,1.6,0.8,0.0,22.6,14.6,0.3978321678321678,0.3587301587301587,2.4,2.4,2.0,1.6,0.2,0.2,24.2,17.8,1.0
401326416,2021-10-17 17:00:00+00:00,2021,6,New York Giants,Los Angeles Rams,20.6,28.2,27.8,23.2,-7.2,5.0,380.6,408.2,408.6,388.2,284.8,310.2,95.8,98.0,1.0,1.0,0.2,0.2,20.4,21.8,0.40093240093240096,0.4581818181818182,1.6,0.8,1.6,2.8,0.2,0.8,12.6,25.4,0.0
401326414,2021-10-17 17:00:00+00:00,2021,6,Detroit Lions,Cincinnati Bengals,19.6,22.8,27.6,20.0,-8.0,2.8,339.6,333.8,381.8,351.6,236.6,234.8,103.0,99.0,1.4,1.4,-0.2,-0.4,23.4,17.0,0.32949494949494945,0.38437118437118434,2.8,2.8,2.2,2.6,0.0,0.6,23.2,18.8,0.0
401326417,2021-10-17 17:00:00+00:00,2021,6,Washington,Kansas City Chiefs,24.6,30.8,31.0,32.6,-6.4,-1.8,348.2,420.4,407.8,437.4,239.4,292.2,108.8,128.2,1.4,2.2,-0.6,-1.4,21.0,27.2,0.30929098679098677,0.5551282051282052,1.2,1.4,1.8,1.4,0.4,0.4,19.2,33.8,0.0
401326418,2021-10-17 20:05:00+00:00,2021,6,Cleveland Browns,Arizona Cardinals,28.4,31.4,22.8,19.0,5.6,12.4,417.6,413.2,298.8,353.4,230.0,285.2,187.6,128.0,0.8,1.0,0.0,1.0,23.4,22.6,0.38459383753501397,0.37965811965811963,2.6,2.0,3.2,2.4,0.6,1.0,29.0,27.8,0.0
401326419,2021-10-17 20:25:00+00:00,2021,6,Denver Broncos,Las Vegas Raiders,20.4,22.6,15.2,24.0,5.2,-1.4,357.8,377.0,292.4,339.8,239.2,298.4,118.6,78.6,0.8,0.8,0.4,-0.2,20.2,21.0,0.2786147186147186,0.4098901098901099,2.8,3.0,2.4,2.2,0.6,0.6,17.2,21.8,0.0
401326420,2021-10-17 20:25:00+00:00,2021,6,New England Patriots,Dallas Cowboys,19.2,34.0,18.4,23.4,0.8,10.6,319.8,439.6,317.6,390.4,239.8,266.8,80.0,172.8,1.8,1.0,-0.6,1.4,19.6,26.4,0.4147195640616693,0.5068347338935574,2.2,1.8,2.6,1.8,0.4,0.8,16.6,23.0,0.0
401326421,2021-10-18 00:20:00+00:00,2021,6,Pittsburgh Steelers,Seattle Seahawks,18.8,24.0,22.4,25.2,-3.6,-1.2,319.6,351.0,361.0,450.8,246.0,247.0,73.6,104.0,1.2,0.6,-0.4,0.4,18.0,18.4,0.43413078149920253,0.35055555555555556,2.2,2.6,2.0,2.0,0.4,0.4,19.8,23.8,1.0
401326422,2021-10-19 00:15:00+00:00,2021,6,Tennessee Titans,Buffalo Bills,26.4,34.4,26.0,12.8,0.4,21.6,389.2,410.4,377.4,251.8,221.4,270.0,167.8,140.4,1.4,0.8,-0.6,2.2,25.4,23.6,0.4006835269993164,0.49082362082362085,4.0,1.0,2.0,2.8,0.6,0.8,27.2,38.6,1.0
401326423,2021-10-22 00:20:00+00:00,2021,7,Cleveland Browns,Denver Broncos,25.4,19.8,23.6,19.4,1.8,0.4,384.2,358.0,289.8,314.8,212.6,250.0,171.6,108.0,1.0,1.4,-0.2,-0.4,21.8,20.4,0.3874509803921568,0.25670995670995667,3.2,3.4,3.2,2.4,0.6,0.4,27.4,23.4,1.0
401326424,2021-10-24 17:00:00+00:00,2021,7,Baltimore Ravens,Cincinnati Bengals,28.6,24.2,18.0,17.4,10.6,6.8,424.8,340.2,333.0,316.6,276.4,242.6,148.4,97.6,1.2,1.6,-0.2,-0.6,24.6,17.0,0.39553475935828875,0.4481807081807082,2.6,2.2,2.2,2.2,1.0,0.6,33.6,23.8,0.0
401326426,2021-10-24 17:00:00+00:00,2021,7,Miami Dolphins,Atlanta Falcons,16.4,21.0,32.2,29.6,-15.8,-8.6,296.2,345.6,422.8,352.6,225.2,254.6,71.0,91.0,1.6,1.2,-0.6,-0.6,17.6,21.6,0.3731262201850437,0.4533516483516483,2.8,1.6,2.0,1.8,0.0,0.4,17.0,20.0,0.0
401326427,2021-10-24 17:00:00+00:00,2021,7,New England Patriots,New York Jets,21.8,13.4,22.0,24.2,-0.2,-10.8,308.2,267.0,379.2,372.8,229.2,193.0,79.0,74.0,1.8,1.8,-0.4,-1.0,18.2,15.6,0.343886230728336,0.3857142857142857,2.4,3.6,2.2,2.6,0.4,0.2,20.6,14.2,1.0
401326429,2021-10-24 17:00:00+00:00,2021,7,Tennessee Titans,Kansas City Chiefs,30.6,30.4,24.6,29.4,6.0,1.0,412.0,440.8,377.6,401.2,232.2,305.4,179.8,135.4,1.0,2.8,-0.2,-2.0,25.2,28.8,0.409254955570745,0.5460784313725491,2.8,1.6,2.2,1.0,0.8,0.4,30.6,34.6,1.0
401326425,2021-10-24 17:00:00+00:00,2021,7,Green Bay Packers,Washington,28.2,24.0,19.6,33.2,8.6,-9.2,366.4,351.6,313.6,422.8,243.6,249.2,122.8,102.4,0.4,1.6,1.4,-0.6,22.4,21.0,0.4447474747474748,0.3492909867909868,2.4,1.0,2.8,2.0,1.0,0.4,31.2,24.2,1.0
401326428,2021-10-24 17:00:00+00:00,2021,7,New York Giants,Carolina Panthers,20.2,24.8,30.0,21.4,-9.8,3.4,370.0,348.4,397.6,319.6,274.2,239.2,95.8,109.2,1.6,1.8,-0.2,-0.8,20.8,23.4,0.35426573426573427,0.3591142191142191,2.0,3.4,1.6,2.0,0.2,0.4,13.4,23.0,1.0
401326431,2021-10-24 20:05:00+00:00,2021,7,Las Vegas Raiders,Philadelphia Eagles,22.8,21.0,23.4,29.2,-0.6,-8.2,364.0,328.4,342.8,364.6,284.6,226.6,79.4,101.8,0.6,1.0,0.4,0.2,19.0,18.2,0.38928404928404925,0.37153846153846154,2.8,2.2,2.6,1.6,0.6,0.2,25.0,23.4,1.0
401326430,2021-10-24 20:05:00+00:00,2021,7,Los Angeles Rams,Detroit Lions,29.0,15.2,22.6,26.2,6.4,-11.0,404.0,299.2,376.0,373.0,294.6,212.2,109.4,87.0,1.4,1.4,0.2,-0.4,22.6,20.2,0.38545454545454544,0.34759018759018756,1.0,2.4,3.0,2.4,0.8,0.0,25.2,21.4,1.0
401326432,2021-10-24 20:25:00+00:00,2021,7,Arizona Cardinals,Houston Texans,31.2,11.0,19.2,30.2,12.0,-19.2,400.4,263.4,361.8,390.4,270.8,190.8,129.6,72.6,0.8,2.2,1.2,-1.2,23.0,14.0,0.3786324786324786,0.3503267973856209,2.0,2.6,2.2,1.8,1.0,0.0,24.8,10.2,1.0
401326433,2021-10-24 20:25:00+00:00,2021,7,Tampa Bay Buccaneers,Chicago Bears,32.8,16.8,23.0,18.0,9.8,-1.2,425.0,231.0,312.6,319.8,333.0,103.0,92.0,128.0,0.4,0.6,1.2,0.8,26.0,16.4,0.5068580542264753,0.2882167832167832,1.8,3.8,2.2,4.0,0.8,0.6,38.8,22.8,1.0
401326434,2021-10-25 00:20:00+00:00,2021,7,San Francisco 49ers,Indianapolis Colts,23.4,24.6,23.8,20.6,-0.4,4.0,368.2,373.8,329.8,363.6,246.2,247.4,122.0,126.4,1.4,0.8,-1.0,1.4,22.4,21.0,0.36277056277056274,0.3809090909090909,1.8,2.2,2.2,1.8,0.4,0.4,22.2,27.2,0.0
401326435,2021-10-26 00:15:00+00:00,2021,7,Seattle Seahawks,New Orleans Saints,22.4,25.4,26.6,18.2,-4.2,7.2,336.6,295.2,452.6,354.0,231.8,169.4,104.8,125.8,0.6,1.0,0.4,1.0,18.4,17.2,0.31166666666666665,0.4244755244755245,3.0,1.8,1.6,1.6,0.2,0.6,23.8,24.4,0.0
401326436,2021-10-29 00:20:00+00:00,2021,8,Arizona Cardinals,Green Bay Packers,30.6,26.0,13.6,18.2,17.0,7.8,385.0,362.6,310.0,330.8,241.6,247.6,143.4,115.0,0.6,0.6,1.6,1.2,23.6,21.2,0.41196581196581195,0.4336363636363636,2.2,2.4,2.4,3.4,1.0,1.0,25.4,23.4,0.0
401326437,2021-10-31 17:00:00+00:00,2021,8,Atlanta Falcons,Carolina Panthers,25.8,20.2,28.8,25.0,-3.0,-4.8,373.0,306.4,348.4,354.4,292.4,203.8,80.6,102.6,1.6,1.8,-0.6,-1.2,22.0,20.0,0.5028021978021978,0.2791142191142191,1.2,4.2,1.8,1.6,0.6,0.2,21.2,18.2,0.0
401326443,2021-10-31 17:00:00+00:00,2021,8,Indianapolis Colts,Tennessee Titans,25.8,29.4,18.8,19.2,7.0,10.2,362.0,379.4,345.4,365.0,227.8,221.4,134.2,158.0,0.8,1.0,1.8,0.4,20.0,23.4,0.3757142857142857,0.4568740031897926,1.8,2.4,2.0,2.4,0.6,0.8,25.2,29.8,0.0
401326444,2021-10-31 17:00:00+00:00,2021,8,New York Jets,Cincinnati Bengals,13.2,29.0,31.2,16.8,-18.0,12.2,276.4,394.6,406.8,354.0,199.0,288.6,77.4,106.0,2.2,1.0,-1.6,-0.2,16.0,18.0,0.43186813186813183,0.41741147741147744,2.8,1.4,2.6,2.6,0.2,0.8,17.4,30.6,1.0
401326441,2021-10-31 17:00:00+00:00,2021,8,Detroit Lions,Philadelphia Eagles,15.6,23.2,24.8,32.4,-9.2,-9.2,313.4,334.4,383.2,391.8,220.6,235.8,92.8,98.6,1.4,1.4,-0.4,0.0,20.2,19.0,0.33870129870129867,0.3805128205128205,2.6,2.2,2.0,1.6,0.0,0.2,20.6,22.6,0.0
401326438,2021-10-31 17:00:00+00:00,2021,8,Buffalo Bills,Miami Dolphins,37.4,22.0,15.0,31.2,22.4,-9.2,419.6,335.6,273.8,439.4,286.2,252.4,133.4,83.2,0.8,1.4,2.4,-0.4,24.8,20.4,0.5096270396270396,0.4115100585688821,1.0,1.8,2.4,2.0,0.8,0.0,36.2,21.6,1.0
401326442,2021-10-31 17:00:00+00:00,2021,8,Houston Texans,Los Angeles Rams,7.8,29.2,30.2,21.6,-22.4,7.6,235.0,404.6,398.8,388.2,170.4,306.0,64.6,98.6,2.0,1.0,-1.2,0.6,12.2,22.8,0.2668103138691374,0.45724941724941726,2.8,1.0,2.2,2.8,0.0,0.8,27.4,27.6,0.0
401326440,2021-10-31 17:00:00+00:00,2021,8,Cleveland Browns,Pittsburgh Steelers,22.6,18.8,22.2,23.2,0.4,-4.4,388.4,338.2,274.0,348.6,211.6,255.8,176.8,82.4,0.6,1.4,0.0,-0.6,22.0,19.2,0.4185620915032679,0.4388926862611073,3.0,2.0,3.4,2.4,0.6,0.4,22.4,18.8,0.0
401326439,2021-10-31 17:00:00+00:00,2021,8,Chicago Bears,San Francisco 49ers,13.4,18.8,22.2,23.2,-8.8,-4.4,252.0,335.8,351.8,302.8,120.0,217.8,132.0,118.0,1.4,1.8,-0.6,-1.2,16.6,20.8,0.24458041958041954,0.3142857142857142,4.0,2.0,3.0,1.8,0.4,0.2,22.0,24.2,0.0
401326446,2021-10-31 20:05:00+00:00,2021,8,Seattle Seahawks,Jacksonville Jaguars,18.4,19.0,22.6,27.0,-4.2,-8.0,301.0,348.2,407.0,404.8,193.6,217.2,107.4,131.0,0.6,1.8,0.4,-1.4,17.8,19.6,0.29500000000000004,0.3190909090909091,3.4,1.8,1.4,1.4,0.2,0.2,23.4,18.8,1.0
401326445,2021-10-31 20:05:00+00:00,2021,8,Los Angeles Chargers,New England Patriots,25.6,27.6,26.8,23.4,-1.2,4.2,368.2,366.4,385.4,371.8,272.6,278.0,95.6,88.4,0.8,1.8,0.8,-0.6,22.2,21.2,0.3599067599067599,0.4105528973950026,1.8,2.0,2.4,1.8,0.6,0.4,26.2,22.0,0.0
401326447,2021-10-31 20:25:00+00:00,2021,8,Denver Broncos,Washington,18.0,20.0,20.2,32.2,-2.2,-12.2,323.0,356.2,352.2,405.4,226.0,232.2,97.0,124.0,1.6,1.8,-1.0,-0.6,19.0,21.0,0.31125541125541123,0.36047979797979796,3.2,1.6,2.4,1.8,0.2,0.2,21.4,21.6,1.0
401326448,2021-10-31 20:25:00+00:00,2021,8,New Orleans Saints,Tampa Bay Buccaneers,20.4,30.8,19.6,18.6,0.8,12.2,291.6,438.4,352.0,305.2,181.2,326.4,110.4,112.0,1.2,0.4,0.2,1.6,17.0,27.4,0.3552447552447552,0.5068580542264753,2.2,1.2,2.2,2.8,0.6,0.8,32.8,29.8,1.0
401326449,2021-11-01 00:20:00+00:00,2021,8,Minnesota Vikings,Dallas Cowboys,24.6,35.2,22.0,23.0,2.6,12.2,416.4,462.8,356.8,371.2,276.4,277.6,140.0,185.2,0.8,1.2,0.6,0.8,22.0,26.8,0.3954945054945055,0.4471062271062271,1.2,1.6,3.2,2.2,0.6,1.0,22.0,26.6,0.0
401326450,2021-11-02 00:15:00+00:00,2021,8,Kansas City Chiefs,New York Giants,24.0,19.4,27.6,24.6,-3.6,-5.2,426.6,352.2,378.8,350.8,288.2,268.4,138.4,83.8,3.0,1.6,-2.4,-0.2,28.8,20.8,0.5854723707664884,0.3750990675990676,2.4,1.6,1.0,2.6,0.4,0.4,23.0,21.2,1.0
401326451,2021-11-05 00:20:00+00:00,2021,9,Indianapolis Colts,New York Jets,28.8,18.8,20.6,32.4,8.2,-13.6,370.4,311.4,339.8,418.4,237.0,245.0,133.4,66.4,1.4,2.0,1.0,-1.2,21.0,18.8,0.4132142857142857,0.46403596403596403,1.6,2.4,2.4,2.6,0.6,0.4,26.0,12.2,1.0
401326454,2021-11-07 18:00:00+00:00,2021,9,Cincinnati Bengals,Cleveland Browns,30.4,19.4,21.6,24.0,8.8,-4.6,404.6,366.0,387.8,338.6,309.6,213.0,95.0,153.0,1.0,0.8,0.0,-0.2,19.2,20.6,0.43074481074481075,0.3844444444444444,2.0,2.8,2.2,2.0,0.6,0.4,20.6,24.2,0.0
401326459,2021-11-07 18:00:00+00:00,2021,9,New York Giants,Las Vegas Raiders,20.0,24.2,25.2,24.4,-5.2,-0.2,343.0,367.4,365.2,348.2,264.8,274.6,78.2,92.8,1.6,0.8,0.0,0.4,20.2,19.2,0.34176573426573426,0.37902763902763903,1.8,2.4,2.4,2.6,0.4,0.6,17.2,27.4,1.0
401326457,2021-11-07 18:00:00+00:00,2021,9,Miami Dolphins,Houston Texans,18.6,10.4,30.2,33.0,-11.6,-22.6,322.0,261.0,410.2,410.8,251.8,196.0,70.2,65.0,1.8,2.2,-1.0,-1.4,19.2,13.0,0.4019862490450725,0.3112547583135818,1.8,3.0,1.4,1.8,0.0,0.0,18.8,9.8,1.0
401326458,2021-11-07 18:00:00+00:00,2021,9,New Orleans Saints,Atlanta Falcons,26.2,23.4,19.8,23.0,6.4,0.4,338.2,346.0,359.6,346.6,207.0,260.0,131.2,86.0,0.8,1.4,1.0,-0.4,21.0,21.6,0.39030969030969026,0.4828021978021978,1.6,1.6,2.4,1.2,0.8,0.6,35.2,22.6,0.0
401326453,2021-11-07 18:00:00+00:00,2021,9,Carolina Panthers,New England Patriots,19.2,30.4,25.8,22.6,-6.6,7.8,291.4,376.8,358.4,395.2,171.6,269.8,119.8,107.0,2.0,1.4,-1.0,0.2,18.6,22.2,0.3058521870286576,0.43160552897395005,3.6,1.8,1.4,1.8,0.2,0.6,19.6,18.4,0.0
401326455,2021-11-07 18:00:00+00:00,2021,9,Dallas Cowboys,Denver Broncos,35.2,16.2,22.8,22.2,12.4,-6.0,462.8,309.0,345.2,388.2,301.6,219.4,161.2,89.6,1.4,1.6,0.2,-1.0,26.4,17.8,0.4271062271062271,0.3462204462204462,1.8,3.6,2.0,2.4,1.0,0.2,39.8,19.8,0.0
401326452,2021-11-07 18:00:00+00:00,2021,9,Baltimore Ravens,Minnesota Vikings,24.8,21.2,19.2,19.2,5.6,2.0,407.2,388.2,356.0,345.8,286.0,263.4,121.2,124.8,0.8,0.8,0.0,0.6,22.4,21.0,0.3489438502673797,0.3708791208791209,3.4,1.2,2.4,3.2,0.8,0.6,29.0,32.2,1.0
401326456,2021-11-07 18:00:00+00:00,2021,9,Jacksonville Jaguars,Buffalo Bills,17.8,35.6,28.6,17.2,-10.8,18.4,372.2,427.0,371.0,283.0,239.8,301.8,132.4,125.2,1.6,0.4,-1.2,2.6,21.2,25.4,0.3177922077922078,0.49424242424242426,1.8,0.8,1.4,1.6,0.2,0.8,18.2,38.0,1.0
401326460,2021-11-07 21:05:00+00:00,2021,9,Philadelphia Eagles,Los Angeles Chargers,27.8,27.0,25.4,28.2,2.4,-1.2,331.0,360.4,361.4,372.0,198.0,251.2,133.0,109.2,1.0,0.8,0.4,0.8,22.0,20.8,0.4138461538461538,0.34324009324009325,1.8,2.0,2.0,2.2,0.4,0.6,20.2,24.8,0.0
401326462,2021-11-07 21:25:00+00:00,2021,9,San Francisco 49ers,Arizona Cardinals,22.0,28.6,25.4,14.6,-3.4,14.0,368.0,370.4,302.0,304.8,244.4,230.4,123.6,140.0,1.8,1.0,-1.0,0.4,20.4,23.4,0.30857142857142855,0.46974358974358976,2.0,2.6,2.2,2.0,0.2,0.8,21.0,30.0,0.0
401326461,2021-11-07 21:25:00+00:00,2021,9,Kansas City Chiefs,Green Bay Packers,23.2,24.8,25.0,16.8,-1.8,8.0,412.8,359.0,368.4,338.0,290.2,233.8,122.6,125.2,2.6,0.6,-1.8,1.4,28.0,21.8,0.5488057040998218,0.42844155844155846,2.4,2.4,1.4,3.0,0.6,1.0,23.6,21.2,1.0
401326463,2021-11-08 01:20:00+00:00,2021,9,Los Angeles Rams,Tennessee Titans,30.0,31.2,21.2,22.2,8.8,9.0,416.6,373.8,363.6,373.4,300.2,233.2,116.4,140.6,1.0,0.8,0.8,1.2,23.6,22.2,0.3966433566433566,0.45099165024861615,1.0,2.8,3.2,2.2,0.8,0.8,26.8,33.8,0.0
401326464,2021-11-09 01:15:00+00:00,2021,9,Pittsburgh Steelers,Chicago Bears,18.4,16.6,20.0,23.6,-1.6,-7.0,346.0,307.4,324.8,361.6,248.4,149.4,97.6,158.0,1.2,1.6,-0.2,-0.8,20.0,19.8,0.4170978144662355,0.33306526806526804,2.0,3.0,2.8,2.0,0.6,0.4,21.0,16.8,1.0
401326465,2021-11-12 01:20:00+00:00,2021,10,Miami Dolphins,Baltimore Ravens,18.6,27.8,26.6,22.0,-8.0,5.8,333.8,429.8,394.8,362.6,261.2,282.4,72.6,147.4,2.4,1.0,-1.0,-0.2,21.0,26.6,0.459940794499618,0.4089438502673797,2.0,3.2,2.0,2.0,0.2,0.8,16.8,30.8,1.0
401326472,2021-11-14 18:00:00+00:00,2021,10,Washington,Tampa Bay Buccaneers,17.8,31.4,27.0,19.0,-9.2,12.4,366.6,433.4,363.8,296.0,235.8,314.2,130.8,119.2,1.6,1.0,-0.2,1.0,22.6,25.2,0.39554473304473303,0.537627284995706,2.4,1.2,2.6,2.8,0.2,0.8,18.8,29.0,1.0
401326468,2021-11-14 18:00:00+00:00,2021,10,New England Patriots,Cleveland Browns,31.8,24.8,20.0,25.8,11.8,-1.0,372.6,372.8,367.0,357.2,235.2,226.0,137.4,146.8,1.4,0.8,0.8,0.2,21.6,19.4,0.4728753702437912,0.37333333333333335,1.4,2.6,1.8,2.6,0.8,0.4,25.8,28.4,1.0
401326469,2021-11-14 18:00:00+00:00,2021,10,New York Jets,Buffalo Bills,24.8,28.2,36.2,14.8,-11.4,13.4,376.2,391.0,456.2,268.6,300.8,275.8,75.4,115.2,2.0,1.0,-1.4,1.6,22.6,23.0,0.5167832167832167,0.4542424242424242,1.8,1.6,2.4,1.8,0.4,0.6,23.6,29.6,0.0
401326466,2021-11-14 18:00:00+00:00,2021,10,Dallas Cowboys,Atlanta Falcons,30.2,25.4,24.6,25.2,5.6,0.2,444.8,360.0,353.2,352.6,300.0,281.0,144.8,79.0,1.6,1.2,-0.4,-0.2,23.8,21.6,0.40402930402930404,0.4828021978021978,1.4,1.4,2.4,1.0,0.8,0.6,34.8,25.2,1.0
401326467,2021-11-14 18:00:00+00:00,2021,10,Indianapolis Colts,Jacksonville Jaguars,32.4,15.8,23.2,23.6,9.2,-7.8,407.0,343.6,396.4,349.8,249.4,227.2,157.6,116.4,1.2,1.0,1.2,-0.2,22.6,20.4,0.4332142857142857,0.31219780219780213,1.4,1.6,2.2,2.2,0.6,0.4,29.4,15.4,1.0
401326470,2021-11-14 18:00:00+00:00,2021,10,Pittsburgh Steelers,Detroit Lions,22.2,13.4,20.6,29.8,1.6,-16.4,333.6,302.0,354.0,375.8,224.0,216.4,109.6,85.6,1.0,1.6,0.2,-0.8,19.8,18.8,0.39294920765509,0.3501298701298701,2.0,3.4,3.4,1.2,0.8,0.0,21.2,18.4,
401326471,2021-11-14 18:00:00+00:00,2021,10,Tennessee Titans,New Orleans Saints,32.0,25.6,20.0,22.6,12.0,3.0,326.6,363.0,371.8,372.8,207.6,238.4,119.0,124.6,1.0,1.0,1.2,0.2,19.4,22.4,0.46502673796791444,0.358001998001998,2.0,1.2,3.0,2.4,1.0,0.6,29.0,22.8,1.0
401326473,2021-11-14 21:05:00+00:00,2021,10,Arizona Cardinals,Carolina Panthers,27.4,14.8,14.0,23.4,13.4,-8.6,364.8,263.6,292.0,326.4,235.4,150.8,129.4,112.8,1.0,2.2,0.6,-0.8,22.4,16.4,0.44000000000000006,0.2988591800356506,2.4,2.8,3.0,1.8,0.8,0.2,23.0,18.8,0.0
401326474,2021-11-14 21:05:00+00:00,2021,10,Los Angeles Chargers,Minnesota Vikings,26.4,21.4,28.2,22.6,-1.8,-1.2,379.0,361.2,350.8,368.0,267.4,238.2,111.6,123.0,0.8,0.8,0.0,1.0,22.2,18.0,0.37051282051282053,0.31373626373626373,1.8,1.0,2.0,3.4,0.6,0.4,27.0,31.8,0.0
401326475,2021-11-14 21:25:00+00:00,2021,10,Denver Broncos,Philadelphia Eagles,20.8,26.6,20.8,22.4,0.0,4.2,339.6,305.0,365.0,356.2,233.2,157.4,106.4,147.6,1.4,1.0,-0.4,0.2,19.4,20.0,0.41002997002997,0.4471794871794872,3.4,1.4,2.2,1.8,0.4,0.4,21.0,28.0,0.0
401326476,2021-11-14 21:25:00+00:00,2021,10,Green Bay Packers,Seattle Seahawks,20.8,21.2,16.0,18.0,4.8,3.2,345.8,269.0,329.0,378.2,222.4,169.0,123.4,100.0,0.8,0.6,0.8,0.6,21.0,17.0,0.34177489177489173,0.27999999999999997,2.0,3.6,2.8,1.4,0.8,0.4,30.0,23.8,1.0
401326477,2021-11-15 01:20:00+00:00,2021,10,Las Vegas Raiders,Kansas City Chiefs,21.2,17.4,23.4,20.4,-2.2,-3.0,348.6,366.0,331.6,336.4,260.4,268.0,88.2,98.0,1.2,2.4,0.2,-1.2,18.4,24.6,0.339027639027639,0.4402342755283931,2.0,2.4,2.8,1.0,0.4,0.6,26.2,28.6,0.0
401326478,2021-11-16 01:15:00+00:00,2021,10,San Francisco 49ers,Los Angeles Rams,19.8,29.2,25.6,19.4,-5.8,9.8,375.8,405.8,318.8,309.4,257.8,294.8,118.0,111.0,2.0,1.0,-1.2,1.0,19.6,23.2,0.26129870129870125,0.34088578088578086,2.2,2.0,2.4,3.2,0.2,0.8,21.4,27.6,1.0
401326479,2021-11-19 01:20:00+00:00,2021,11,Atlanta Falcons,New England Patriots,20.0,35.8,27.0,17.0,-7.0,18.8,328.0,392.6,356.4,338.4,248.2,243.6,79.8,149.0,1.8,1.0,-0.6,1.2,19.0,23.4,0.375984015984016,0.5193400167084377,1.6,1.6,0.8,2.2,0.6,0.8,20.6,22.6,0.0
401326488,2021-11-21 18:00:00+00:00,2021,11,Tennessee Titans,Houston Texans,29.2,12.2,20.4,28.4,8.8,-16.2,305.8,293.6,355.6,373.2,210.4,223.6,95.4,70.0,1.0,2.0,1.0,-0.4,18.2,14.6,0.42411764705882354,0.3596207713854772,1.8,3.4,3.4,2.4,1.0,0.0,24.4,7.6,0.0
401326482,2021-11-21 18:00:00+00:00,2021,11,Chicago Bears,Baltimore Ravens,17.2,25.2,26.6,25.0,-9.4,0.2,315.6,409.4,347.4,381.8,168.0,263.6,147.6,145.8,1.8,1.4,-1.2,-0.8,19.8,27.2,0.3747319347319347,0.3551623376623376,3.4,3.4,2.0,1.8,0.2,0.6,19.2,23.4,0.0
401326481,2021-11-21 18:00:00+00:00,2021,11,Carolina Panthers,Washington,18.0,16.8,21.2,24.8,-3.2,-8.0,278.4,348.2,305.6,343.6,154.2,223.0,124.2,125.2,2.0,1.8,-0.6,0.0,17.8,22.0,0.32552584670231727,0.4224453178400546,2.2,3.2,2.2,2.4,0.4,0.2,19.4,19.0,0.0
401326483,2021-11-21 18:00:00+00:00,2021,11,Cleveland Browns,Detroit Lions,17.8,13.8,25.4,28.2,-7.6,-14.4,310.0,293.0,349.0,378.6,189.4,179.6,120.6,113.4,1.0,1.2,-0.2,0.0,17.8,17.6,0.32484848484848483,0.3218470418470418,3.4,3.4,2.6,1.0,0.4,0.1,19.6,16.6,1.0
401326480,2021-11-21 18:00:00+00:00,2021,11,Buffalo Bills,Indianapolis Colts,29.2,32.0,18.2,20.4,11.0,11.6,398.8,363.4,320.0,358.0,295.6,205.0,103.2,158.4,1.2,1.0,1.4,1.4,23.0,19.8,0.4851948051948051,0.38654761904761903,1.8,1.2,1.4,2.4,0.6,0.8,36.2,24.4,0.0
401326485,2021-11-21 18:00:00+00:00,2021,11,Minnesota Vikings,Green Bay Packers,25.4,19.2,23.8,11.6,1.6,7.6,386.4,331.2,353.2,297.2,255.8,213.2,130.6,118.0,0.8,0.8,1.2,0.8,19.6,21.2,0.32266483516483513,0.369047619047619,1.0,1.8,3.2,2.8,0.6,0.8,19.8,22.0,1.0
401326486,2021-11-21 18:00:00+00:00,2021,11,New York Jets,Miami Dolphins,22.8,19.6,40.4,19.6,-17.6,0.0,378.4,343.6,468.0,344.0,302.2,266.8,76.2,76.8,2.8,2.0,-1.8,-0.2,23.8,21.0,0.4772227772227772,0.448951783510607,1.8,2.2,1.4,2.4,0.2,0.4,21.4,18.6,0.0
401326484,2021-11-21 18:00:00+00:00,2021,11,Jacksonville Jaguars,San Francisco 49ers,15.0,21.8,23.4,22.0,-8.4,-0.2,341.6,351.4,324.8,327.6,217.2,230.8,124.4,120.6,1.2,1.6,-0.4,-0.4,19.2,19.0,0.27886446886446886,0.347012987012987,2.0,2.0,2.2,2.2,0.4,0.4,16.6,24.2,0.0
401326487,2021-11-21 18:00:00+00:00,2021,11,Philadelphia Eagles,New Orleans Saints,28.4,25.6,21.4,21.8,7.0,3.8,327.6,356.6,364.4,328.6,155.0,248.8,172.6,107.8,0.8,1.0,0.0,0.0,21.4,22.6,0.47794871794871796,0.31825840825840823,1.4,2.0,1.4,2.8,0.4,0.6,20.2,20.4,1.0
401326489,2021-11-21 21:05:00+00:00,2021,11,Las Vegas Raiders,Cincinnati Bengals,21.2,28.8,26.0,25.6,-4.8,3.2,365.8,390.2,358.8,391.8,277.2,293.8,88.6,96.4,1.4,1.6,0.2,-0.6,18.8,20.0,0.2997113997113997,0.37417915417915415,1.6,2.8,2.4,2.4,0.4,0.4,24.0,29.4,0.0
401326490,2021-11-21 21:25:00+00:00,2021,11,Kansas City Chiefs,Dallas Cowboys,21.6,31.6,15.6,19.6,6.0,12.0,390.8,444.4,309.0,320.2,298.0,325.8,92.8,118.6,1.8,1.8,-0.2,-0.4,24.6,23.4,0.47690094219505985,0.423076923076923,2.0,1.4,1.4,1.8,0.8,0.8,22.0,24.6,1.0
401326491,2021-11-21 21:25:00+00:00,2021,11,Seattle Seahawks,Arizona Cardinals,15.6,26.0,17.2,18.8,-1.6,7.2,263.8,337.8,365.4,292.6,169.8,214.2,94.0,123.6,1.0,1.2,0.0,0.6,17.2,20.6,0.33333333333333337,0.44153846153846155,3.6,2.8,1.2,2.6,0.2,0.6,21.6,34.8,0.0
401326492,2021-11-22 01:20:00+00:00,2021,11,Los Angeles Chargers,Pittsburgh Steelers,24.8,22.0,30.8,18.4,-6.0,3.6,353.6,354.6,384.4,341.8,259.2,228.4,94.4,126.2,1.0,1.2,-0.2,-0.2,21.2,20.8,0.3923076923076923,0.4025748761042879,1.8,1.6,1.6,3.6,0.4,0.9,27.2,18.8,1.0
401326493,2021-11-23 01:15:00+00:00,2021,11,Tampa Bay Buccaneers,New York Giants,31.4,19.2,21.4,24.2,10.0,-5.0,411.8,295.4,301.2,364.8,306.0,204.0,105.8,91.4,1.4,1.6,0.4,0.4,23.6,19.2,0.522890442890443,0.36903846153846154,1.0,2.4,3.0,2.6,0.6,0.4,41.2,21.2,1.0
401326494,2021-11-25 17:30:00+00:00,2021,12,Detroit Lions,Chicago Bears,12.4,15.8,27.0,28.0,-14.6,-12.2,284.4,335.8,371.6,355.4,159.0,198.4,125.4,137.4,1.2,2.0,0.0,-1.4,15.6,18.8,0.3218470418470418,0.31878787878787873,2.6,3.6,0.8,2.6,0.1,0.0,20.4,14.0,0.0
401326495,2021-11-25 21:30:00+00:00,2021,12,Dallas Cowboys,Las Vegas Raiders,24.6,22.0,19.4,28.4,5.2,-6.4,396.6,369.6,320.8,366.0,301.8,280.8,94.8,88.8,2.0,1.6,-0.6,0.2,21.4,18.2,0.3754578754578754,0.25685425685425683,2.0,1.4,2.4,2.6,0.6,0.4,36.0,24.4,0.0
401326496,2021-11-26 01:20:00+00:00,2021,12,New Orleans Saints,Buffalo Bills,24.8,24.6,25.4,22.4,-0.6,2.2,347.4,373.8,330.0,315.6,237.4,276.6,110.0,97.2,1.2,2.0,-0.4,-0.2,22.6,22.8,0.3378388278388278,0.49428571428571433,1.6,2.0,3.0,1.0,0.4,0.4,34.4,31.0,0.0
401326498,2021-11-28 18:00:00+00:00,2021,12,Houston Texans,New York Jets,12.2,22.2,26.0,39.8,-13.8,-17.6,259.6,408.4,386.8,455.6,186.4,324.6,73.2,83.8,1.8,2.8,0.4,-2.0,14.8,24.0,0.3444947209653092,0.4772227772227772,2.8,1.8,2.6,1.4,0.2,0.2,25.6,15.4,0.0
401326499,2021-11-28 18:00:00+00:00,2021,12,Indianapolis Colts,Tampa Bay Buccaneers,34.0,28.4,22.8,20.0,11.2,8.4,359.8,380.6,349.6,284.0,183.4,280.2,176.4,100.4,1.0,1.6,1.6,0.4,22.4,22.6,0.4598809523809523,0.46974358974358976,0.8,0.8,2.2,2.8,0.8,0.6,30.8,23.4,0.0
401326497,2021-11-28 18:00:00+00:00,2021,12,Cincinnati Bengals,Pittsburgh Steelers,30.8,24.0,23.2,22.8,7.6,1.2,374.4,336.4,354.2,373.6,266.8,228.6,107.6,107.8,1.4,1.0,-0.2,0.0,21.0,21.4,0.40275058275058273,0.3925748761042879,2.8,2.0,2.4,3.6,0.6,0.7,18.4,22.8,1.0
401326501,2021-11-28 18:00:00+00:00,2021,12,Miami Dolphins,Carolina Panthers,20.4,16.6,18.4,19.8,2.0,-3.2,335.0,276.6,340.8,265.2,250.6,153.8,84.4,122.8,2.0,1.4,-0.2,0.0,20.4,17.4,0.45735514485514484,0.3366369578134284,2.2,1.6,2.4,2.8,0.6,0.4,16.8,21.6,1.0
401326500,2021-11-28 18:00:00+00:00,2021,12,Jacksonville Jaguars,Atlanta Falcons,13.2,14.6,22.0,28.0,-8.8,-13.4,290.8,271.0,317.8,372.0,195.2,204.8,95.6,66.2,1.2,2.2,-0.4,-1.0,17.2,15.6,0.3097735597735597,0.28377622377622375,2.2,2.4,2.0,1.0,0.4,0.4,16.0,20.4,0.0
401326503,2021-11-28 18:00:00+00:00,2021,12,New York Giants,Philadelphia Eagles,17.2,32.0,21.4,21.6,-4.2,10.4,265.0,361.0,342.2,349.2,175.0,160.0,90.0,201.0,1.8,0.8,0.0,0.4,18.2,22.4,0.3297222222222222,0.5322344322344322,2.8,1.6,2.4,1.4,0.4,0.6,17.2,27.6,1.0
401326502,2021-11-28 18:00:00+00:00,2021,12,New England Patriots,Tennessee Titans,35.0,25.0,10.0,18.6,25.0,6.4,387.2,317.4,258.0,310.2,235.4,230.6,151.8,86.8,0.8,1.8,1.8,0.0,24.0,20.2,0.5193400167084377,0.42411764705882354,1.8,2.2,3.0,2.8,1.0,0.8,31.6,31.2,1.0
401326504,2021-11-28 21:05:00+00:00,2021,12,Denver Broncos,Los Angeles Chargers,19.6,23.6,21.4,29.8,-1.8,-6.2,326.4,361.6,364.0,338.2,222.0,257.8,104.4,103.8,1.4,1.0,-0.4,-0.2,19.4,22.4,0.39487845487845485,0.4166666666666667,3.2,1.8,2.4,2.0,0.4,0.4,17.4,24.2,1.0
401326506,2021-11-28 21:25:00+00:00,2021,12,San Francisco 49ers,Minnesota Vikings,25.8,28.4,20.6,26.6,5.2,1.8,350.4,391.2,306.8,389.0,226.0,266.6,124.4,124.6,1.4,0.4,0.0,1.2,20.2,21.0,0.39246753246753247,0.38420329670329667,2.0,1.0,2.4,2.8,0.6,0.6,23.0,29.8,1.0
401326505,2021-11-28 21:25:00+00:00,2021,12,Green Bay Packers,Los Angeles Rams,20.6,26.0,15.6,22.2,5.0,3.8,360.0,366.2,323.4,305.6,253.8,268.4,106.2,97.8,0.8,1.2,0.6,0.4,21.0,21.6,0.44632034632034634,0.3608857808857809,1.6,2.2,2.4,3.0,0.6,0.6,28.6,27.8,1.0
401326507,2021-11-29 01:20:00+00:00,2021,12,Baltimore Ravens,Cleveland Browns,22.2,17.6,22.6,20.0,-0.4,-2.4,364.6,321.8,349.8,327.6,211.4,179.0,153.2,142.8,1.4,0.8,-0.8,0.4,25.8,19.0,0.36766233766233763,0.34177156177156176,4.2,2.6,2.0,2.2,0.6,0.6,30.4,26.6,1.0
401326508,2021-11-30 01:15:00+00:00,2021,12,Washington,Seattle Seahawks,17.8,14.8,22.4,16.6,-4.6,-1.8,347.4,246.2,329.2,352.8,210.4,153.4,137.0,92.8,1.6,0.6,-0.2,0.2,21.6,16.0,0.452253010147747,0.29333333333333333,3.4,4.0,2.2,1.4,0.4,0.2,22.0,18.6,1.0
401326509,2021-12-03 01:20:00+00:00,2021,13,New Orleans Saints,Dallas Cowboys,23.4,24.2,29.6,20.8,-6.2,3.4,324.6,370.6,358.4,355.6,224.6,287.4,100.0,83.2,1.2,1.6,0.0,-0.6,20.8,19.6,0.3784981684981685,0.3754578754578754,1.6,2.2,2.4,2.6,0.2,0.4,25.2,22.6,0.0
401326513,2021-12-05 18:00:00+00:00,2021,13,Detroit Lions,Minnesota Vikings,13.0,26.8,23.4,27.8,-10.4,-1.0,286.6,341.6,367.6,412.4,153.2,243.2,133.4,98.4,1.2,0.6,0.0,0.6,15.4,19.2,0.3304184704184704,0.3467032967032967,2.6,1.2,0.6,2.4,0.1,0.4,16.2,30.2,1.0
401326512,2021-12-05 18:00:00+00:00,2021,13,Cincinnati Bengals,Los Angeles Chargers,32.2,25.0,23.0,28.6,9.2,-3.6,368.8,391.4,368.8,333.2,250.0,278.4,118.8,113.0,1.4,1.2,0.2,-0.6,22.0,23.6,0.386993006993007,0.4666666666666667,2.8,2.0,2.8,1.6,0.6,0.4,26.0,19.2,0.0
401326511,2021-12-05 18:00:00+00:00,2021,13,Chicago Bears,Arizona Cardinals,16.2,23.2,26.0,18.6,-9.8,4.6,356.0,350.0,338.6,287.8,233.0,236.2,123.0,113.8,2.0,1.2,-1.2,0.0,18.8,21.6,0.32298368298368296,0.43487179487179495,3.0,2.8,2.2,2.4,0.2,0.6,18.6,31.8,0.0
401326516,2021-12-05 18:00:00+00:00,2021,13,Miami Dolphins,New York Giants,21.4,17.6,14.4,15.2,7.0,2.4,315.4,265.6,301.0,335.6,235.2,173.6,80.2,92.0,1.8,1.0,0.2,1.2,19.4,17.4,0.41579670329670326,0.3263888888888889,2.4,2.2,3.2,2.2,0.8,0.6,23.4,20.6,1.0
401326514,2021-12-05 18:00:00+00:00,2021,13,Houston Texans,Indianapolis Colts,14.4,34.2,24.0,26.8,-9.6,7.4,229.4,379.2,362.4,365.4,161.8,211.0,67.6,168.2,1.4,1.6,1.0,0.6,13.6,23.8,0.3243266537384184,0.46507575757575753,3.4,1.2,3.0,2.2,0.2,0.6,20.8,27.8,0.0
401326510,2021-12-05 18:00:00+00:00,2021,13,Atlanta Falcons,Tampa Bay Buccaneers,12.8,30.4,25.2,21.8,-12.4,8.6,258.0,372.6,360.8,319.8,176.4,264.2,81.6,108.4,2.0,1.8,-0.8,1.0,15.6,22.8,0.27480186480186475,0.412051282051282,2.4,1.2,1.0,3.0,0.4,0.6,15.2,26.2,0.0
401326517,2021-12-05 18:00:00+00:00,2021,13,New York Jets,Philadelphia Eagles,23.8,29.0,31.8,17.6,-8.0,11.4,401.8,355.8,385.8,313.6,299.0,140.2,102.8,215.6,2.4,1.2,-1.4,-0.2,24.0,21.8,0.40029970029970025,0.5126540126540127,2.2,1.4,2.2,1.6,0.4,0.6,20.2,24.8,0.0
401326518,2021-12-05 21:05:00+00:00,2021,13,Las Vegas Raiders,Washington,22.4,18.6,30.2,19.2,-7.8,-0.6,386.2,366.4,369.2,282.8,286.0,217.8,100.2,148.6,1.6,1.4,-0.6,-0.4,20.6,24.0,0.23028083028083027,0.4291760870708239,1.6,3.6,1.8,2.0,0.4,0.6,20.0,20.4,0.0
401326519,2021-12-05 21:05:00+00:00,2021,13,Los Angeles Rams,Jacksonville Jaguars,24.0,11.4,27.2,22.2,-3.2,-10.8,363.8,283.0,333.2,298.0,278.6,176.0,85.2,107.0,1.4,1.4,-0.4,-0.6,20.2,17.0,0.38606060606060605,0.3722735597735597,2.2,2.0,2.4,2.2,0.4,0.2,26.4,16.0,1.0
401326520,2021-12-05 21:25:00+00:00,2021,13,Pittsburgh Steelers,Baltimore Ravens,21.4,18.6,27.0,23.4,-5.6,-4.8,327.6,359.8,385.8,360.6,233.4,214.4,94.2,145.4,1.4,1.8,-0.4,-1.0,20.2,24.8,0.4288386123680241,0.3519047619047619,2.4,4.0,3.0,2.2,0.5,0.6,21.0,19.0,1.0
401326521,2021-12-05 21:25:00+00:00,2021,13,Seattle Seahawks,San Francisco 49ers,13.8,29.0,15.4,19.8,-1.6,9.2,237.8,379.0,358.0,312.4,167.0,235.2,70.8,143.8,0.6,0.8,0.2,0.6,14.4,22.2,0.31,0.4576190476190476,3.4,2.0,1.4,2.4,0.2,0.8,20.2,26.2,1.0
401326515,2021-12-06 01:20:00+00:00,2021,13,Kansas City Chiefs,Denver Broncos,19.2,20.4,14.8,17.2,4.4,3.2,365.0,302.6,309.0,350.2,268.8,191.2,96.2,111.4,1.6,0.8,0.2,0.6,23.2,19.0,0.4141558441558441,0.4689044289044289,2.0,2.4,2.4,2.6,0.8,0.6,19.2,22.6,1.0
401326522,2021-12-07 01:15:00+00:00,2021,13,Buffalo Bills,New England Patriots,24.6,31.4,16.8,10.0,7.8,21.4,362.6,355.8,281.2,269.2,259.2,212.6,103.4,143.2,2.2,0.8,-0.4,2.0,21.4,22.2,0.5096703296703297,0.4826733500417711,1.8,2.0,1.4,3.0,0.6,1.0,28.0,25.2,0.0
401326523,2021-12-10 01:20:00+00:00,2021,14,Minnesota Vikings,Pittsburgh Steelers,29.0,22.4,29.6,28.8,-0.6,-6.4,371.2,317.8,403.0,389.8,273.0,229.6,98.2,88.2,0.8,1.4,0.4,-0.4,21.0,19.4,0.4236263736263736,0.45063348416289595,1.6,2.2,2.4,3.6,0.4,0.5,21.2,20.4,1.0
401326526,2021-12-12 18:00:00+00:00,2021,14,Cleveland Browns,Baltimore Ravens,16.2,19.0,20.4,19.2,-4.2,-0.2,299.0,346.4,343.6,320.8,184.6,202.6,114.4,143.8,1.2,2.0,0.6,-1.4,17.2,25.2,0.2833100233100233,0.3894047619047619,3.0,4.4,2.2,2.2,0.4,0.6,16.0,17.4,1.0
401326524,2021-12-12 18:00:00+00:00,2021,14,Carolina Panthers,Atlanta Falcons,18.0,13.6,21.4,27.4,-3.4,-13.8,281.6,291.4,267.8,379.4,157.2,202.0,124.4,89.4,1.8,1.8,-0.2,-0.6,17.2,16.4,0.3671131482896189,0.32068421774304123,1.4,2.8,2.8,1.0,0.4,0.4,19.8,19.6,0.0
401326531,2021-12-12 18:00:00+00:00,2021,14,Washington,Dallas Cowboys,20.0,25.6,17.4,21.0,2.6,4.6,340.0,362.2,284.0,381.0,208.0,265.4,132.0,96.8,1.2,1.4,-0.4,0.4,23.6,18.4,0.4641411220358589,0.30622710622710614,3.0,1.8,1.8,2.8,0.8,0.4,22.2,22.2,0.0
401326528,2021-12-12 18:00:00+00:00,2021,14,Kansas City Chiefs,Las Vegas Raiders,23.0,18.8,11.2,29.2,11.8,-10.4,351.6,359.8,316.0,357.2,253.0,268.2,98.6,91.6,1.2,1.4,1.0,-0.6,21.8,20.4,0.4247619047619048,0.21361416361416358,1.4,2.0,2.4,1.6,1.0,0.2,18.8,25.2,1.0
401326529,2021-12-12 18:00:00+00:00,2021,14,New York Jets,New Orleans Saints,20.6,19.6,32.2,29.6,-11.6,-10.0,355.8,333.4,405.8,349.6,258.4,233.2,97.4,100.2,2.0,2.0,-1.2,-1.2,21.8,19.0,0.3578754578754578,0.3784981684981685,2.2,1.8,2.0,2.0,0.2,0.0,22.6,24.8,0.0
401326527,2021-12-12 18:00:00+00:00,2021,14,Houston Texans,Seattle Seahawks,13.4,17.8,24.0,17.4,-10.6,0.4,225.6,259.4,360.8,370.2,149.6,177.4,76.0,82.0,1.6,1.2,0.8,0.0,13.8,15.8,0.3435574229691877,0.32666666666666666,3.8,3.2,2.4,1.2,0.2,0.4,13.4,16.0,0.0
401326530,2021-12-12 18:00:00+00:00,2021,14,Tennessee Titans,Jacksonville Jaguars,22.2,11.4,25.2,23.4,-3.0,-12.0,314.6,260.6,322.2,335.8,194.4,157.8,120.2,102.8,2.4,1.6,-1.2,-0.8,19.0,15.8,0.38169340463458107,0.38417832167832167,2.4,2.2,2.4,1.8,0.6,0.2,24.4,14.6,1.0
401326533,2021-12-12 21:05:00+00:00,2021,14,Los Angeles Chargers,New York Giants,28.4,14.4,27.6,18.6,0.8,-4.2,390.2,255.2,334.0,360.4,294.0,165.6,96.2,89.6,1.4,1.2,-0.2,0.8,23.8,16.4,0.46153846153846156,0.3138888888888889,2.2,2.4,2.6,1.4,0.6,0.4,32.0,16.6,1.0
401326532,2021-12-12 21:05:00+00:00,2021,14,Denver Broncos,Detroit Lions,19.4,15.0,18.2,23.2,1.2,-8.2,338.8,278.0,328.4,378.0,204.8,152.0,134.0,126.0,1.2,1.2,0.4,0.2,20.4,16.2,0.43513819513819507,0.28678210678210675,2.2,2.8,2.6,1.0,0.6,0.3,17.8,15.2,1.0
401326525,2021-12-12 21:25:00+00:00,2021,14,Cincinnati Bengals,San Francisco 49ers,28.4,27.0,27.8,21.4,0.6,5.6,336.0,358.6,362.8,313.0,220.2,229.6,115.8,129.0,2.0,1.4,0.2,0.4,22.4,21.4,0.4254545454545454,0.4376190476190477,3.8,2.2,2.6,2.4,0.4,0.6,25.0,22.6,0.0
401326534,2021-12-12 21:25:00+00:00,2021,14,Tampa Bay Buccaneers,Buffalo Bills,28.8,21.4,24.6,17.4,4.2,4.0,376.0,338.4,333.6,277.0,292.6,235.6,83.4,102.8,1.8,2.4,0.2,-0.8,22.2,19.8,0.4684615384615385,0.4789010989010989,1.2,2.2,3.2,1.0,0.6,0.4,38.4,30.2,1.0
401326535,2021-12-13 01:20:00+00:00,2021,14,Green Bay Packers,Chicago Bears,23.0,20.0,19.2,25.0,3.8,-5.0,379.0,359.6,308.0,308.4,265.8,242.8,113.2,116.8,0.8,1.8,0.8,-1.2,21.4,20.6,0.42000455684666205,0.3666200466200466,1.2,2.8,2.0,2.4,0.6,0.2,27.8,14.4,1.0
401326536,2021-12-14 01:15:00+00:00,2021,14,Arizona Cardinals,Los Angeles Rams,23.6,25.8,22.0,24.8,1.6,1.0,322.0,372.6,321.6,289.6,215.2,271.2,106.8,101.4,1.0,1.4,0.8,-0.4,19.6,20.6,0.42578088578088574,0.33093240093240095,2.2,2.2,2.6,2.4,0.6,0.4,22.6,28.0,0.0
401326537,2021-12-17 01:20:00+00:00,2021,15,Los Angeles Chargers,Kansas City Chiefs,30.4,28.6,27.0,9.6,3.4,19.0,385.8,352.4,331.0,314.0,277.0,248.8,108.8,103.6,1.4,0.8,0.2,2.2,23.4,20.2,0.46923076923076923,0.4798901098901099,2.6,1.6,2.8,2.6,0.6,1.0,33.8,30.4,0.0
401326540,2021-12-19 01:15:00+00:00,2021,15,Indianapolis Colts,New England Patriots,34.2,28.8,20.0,7.2,14.2,21.6,395.6,333.6,325.6,241.4,196.4,174.4,199.2,159.2,1.2,0.8,1.0,1.8,24.2,20.2,0.4852680652680652,0.4212698412698413,1.2,1.8,2.4,2.8,0.8,1.0,32.2,23.0,1.0
401326545,2021-12-19 18:00:00+00:00,2021,15,Jacksonville Jaguars,Houston Texans,9.6,11.6,26.2,23.0,-16.6,-11.4,255.4,237.0,328.2,358.0,166.8,157.2,88.6,79.8,2.2,1.4,-2.0,1.0,14.4,15.2,0.4303321678321678,0.3230446024563671,2.4,3.2,1.8,2.2,0.0,0.2,15.0,7.8,0.0
401326547,2021-12-19 18:00:00+00:00,2021,15,Pittsburgh Steelers,Tennessee Titans,22.2,19.4,30.6,19.0,-8.4,0.4,336.8,299.2,398.6,299.2,248.4,177.2,88.4,122.0,1.4,2.0,-0.4,-0.6,19.8,19.8,0.44158371040723987,0.36757575757575756,2.4,2.6,3.0,2.8,0.3,0.6,23.0,27.2,1.0
401326538,2021-12-19 18:00:00+00:00,2021,15,Buffalo Bills,Carolina Panthers,25.6,18.4,22.2,24.6,3.4,-6.2,371.4,282.0,331.0,288.8,248.4,180.0,123.0,102.0,2.0,2.2,-0.6,-0.8,21.8,17.2,0.42967032967032964,0.3221933621933622,2.0,1.6,1.0,2.2,0.4,0.2,26.8,18.8,1.0
401326546,2021-12-19 18:00:00+00:00,2021,15,New York Giants,Dallas Cowboys,15.2,27.8,22.0,19.0,-6.8,8.8,258.4,368.8,371.4,344.4,156.2,263.2,102.2,105.6,1.4,1.4,0.2,1.2,16.8,19.4,0.3472222222222222,0.30708180708180705,2.2,2.2,1.4,3.0,0.4,0.6,17.2,23.6,0.0
401326544,2021-12-19 18:00:00+00:00,2021,15,Detroit Lions,Arizona Cardinals,15.8,24.0,22.0,23.2,-6.2,0.8,295.6,344.6,379.6,325.8,157.4,232.0,138.2,112.6,1.4,0.8,0.0,1.0,16.6,19.6,0.28678210678210675,0.4524475524475524,2.0,2.6,1.2,3.0,0.3,0.6,15.4,32.2,1.0
401326541,2021-12-19 18:00:00+00:00,2021,15,Miami Dolphins,New York Jets,23.2,16.4,11.0,29.2,12.2,-12.8,322.4,309.8,280.8,368.2,242.2,214.4,80.2,95.4,1.4,1.6,0.8,-0.8,20.0,18.4,0.43865384615384617,0.28644688644688643,2.4,2.4,3.8,2.4,1.0,0.2,24.0,16.8,1.0
401326549,2021-12-19 21:05:00+00:00,2021,15,San Francisco 49ers,Atlanta Falcons,28.8,14.0,19.8,26.6,9.0,-12.6,362.2,281.8,305.0,371.0,221.0,173.6,141.2,108.2,0.8,2.0,1.4,-0.4,21.2,16.8,0.42428571428571427,0.34376114081996434,2.2,2.4,3.0,1.0,0.8,0.4,24.2,22.0,1.0
401326548,2021-12-19 21:05:00+00:00,2021,15,Denver Broncos,Cincinnati Bengals,23.6,26.8,18.2,26.2,5.4,0.6,355.8,351.8,323.2,331.6,201.6,227.0,154.2,124.8,1.0,2.2,0.6,-0.6,22.0,23.2,0.46077922077922073,0.406993006993007,1.6,4.2,2.0,3.2,0.6,0.4,24.0,32.4,0.0
401326543,2021-12-19 21:25:00+00:00,2021,15,Baltimore Ravens,Green Bay Packers,16.6,27.2,17.8,21.0,-1.2,6.2,324.2,399.8,315.2,310.6,206.2,293.0,118.0,106.8,2.0,0.8,-1.2,0.8,22.2,22.0,0.32607142857142857,0.4142902711323764,4.6,1.6,2.2,2.0,0.4,0.6,26.4,22.2,0.0
401326551,2021-12-20 01:20:00+00:00,2021,15,Tampa Bay Buccaneers,New Orleans Saints,30.0,20.6,22.8,26.0,7.2,-5.4,389.4,327.0,354.6,327.6,292.8,208.0,96.6,119.0,1.2,1.8,1.0,-1.0,24.2,18.0,0.4453846153846154,0.3984981684981685,1.0,2.2,3.6,2.2,0.8,0.2,38.8,25.2,0.0
401326539,2021-12-20 22:00:00+00:00,2021,15,Cleveland Browns,Las Vegas Raiders,19.0,17.4,21.8,34.2,-2.8,-16.8,295.8,337.2,347.4,382.2,180.6,260.2,115.2,77.0,1.2,1.8,1.0,-1.2,17.4,19.4,0.3156177156177156,0.21967476967476962,2.2,2.6,2.6,1.6,0.6,0.2,15.6,21.8,0.0
401326552,2021-12-21 01:15:00+00:00,2021,15,Chicago Bears,Minnesota Vikings,21.6,30.0,27.4,28.4,-5.8,1.6,364.2,399.2,302.8,378.0,255.2,278.8,109.0,120.4,2.2,1.2,-1.6,-0.2,19.4,22.8,0.33687645687645684,0.4236263736263736,2.4,1.6,3.0,2.8,0.2,0.6,19.0,29.0,0.0
401326550,2021-12-22 00:00:00+00:00,2021,15,Los Angeles Rams,Seattle Seahawks,24.2,18.2,25.0,18.6,-0.8,-0.4,350.4,304.2,314.4,384.4,264.2,197.4,86.2,106.8,1.4,1.2,-0.2,-0.2,19.0,16.4,0.3582051282051282,0.37435897435897436,2.6,2.6,2.2,1.4,0.4,0.4,27.0,19.2,1.0
401326542,2021-12-22 00:00:00+00:00,2021,15,Philadelphia Eagles,Washington,26.8,22.0,20.0,19.4,6.8,2.6,369.4,316.4,324.2,294.0,164.0,186.8,205.4,129.6,1.2,1.6,-0.2,-0.6,21.6,22.2,0.504961704961705,0.43556969346443025,1.8,3.0,0.8,1.8,0.6,0.8,25.4,19.6,1.0
401326553,2021-12-24 01:20:00+00:00,2021,16,Tennessee Titans,San Francisco 49ers,16.4,28.8,19.6,20.4,-3.2,8.4,324.0,374.6,263.4,304.4,175.6,232.2,148.4,142.4,2.6,1.0,-1.6,1.0,21.0,21.8,0.3897979797979798,0.41909090909090907,2.8,2.0,2.4,3.2,0.4,0.8,23.4,24.4,1.0
401326554,2021-12-25 21:30:00+00:00,2021,16,Green Bay Packers,Cleveland Browns,32.0,13.6,24.4,21.8,7.6,-8.2,408.8,270.8,334.0,343.4,307.2,168.4,101.6,102.4,0.4,1.2,1.2,0.8,23.4,17.2,0.49206804891015415,0.33466533466533466,2.0,1.8,2.0,2.0,0.8,0.4,29.8,22.8,1.0
401326555,2021-12-26 01:15:00+00:00,2021,16,Arizona Cardinals,Indianapolis Colts,20.2,30.6,25.8,17.4,-5.6,13.2,336.8,344.2,326.0,301.4,235.8,151.8,101.0,192.4,1.0,1.4,0.4,0.8,19.8,21.6,0.4524475524475524,0.42526806526806527,2.6,1.2,2.4,2.2,0.4,0.8,20.4,30.8,0.0
401326563,2021-12-26 18:00:00+00:00,2021,16,Philadelphia Eagles,New York Giants,27.4,11.8,18.0,23.0,9.4,-11.2,407.0,269.4,282.6,356.4,189.2,172.2,217.8,97.2,1.6,2.0,-0.6,-0.8,22.2,16.6,0.47932067932067934,0.3329365079365079,2.2,1.8,1.2,1.8,0.8,0.2,28.6,15.4,1.0
401326557,2021-12-26 18:00:00+00:00,2021,16,Carolina Panthers,Tampa Bay Buccaneers,20.0,26.2,26.0,18.8,-6.0,7.4,289.0,395.2,296.6,333.0,172.4,285.6,116.6,109.6,1.8,1.2,-0.6,0.8,18.4,24.8,0.3500008488243782,0.42854251012145744,2.2,1.8,2.6,3.0,0.2,0.8,18.8,28.4,0.0
401326562,2021-12-26 18:00:00+00:00,2021,16,New York Jets,Jacksonville Jaguars,17.8,9.4,26.4,27.6,-8.6,-18.2,282.2,248.4,346.2,325.4,180.4,174.2,101.8,74.2,0.8,2.0,0.2,-1.6,17.2,15.6,0.29483849483849484,0.40652264402264404,3.4,2.4,2.2,1.8,0.2,0.0,19.0,10.4,1.0
401326561,2021-12-26 18:00:00+00:00,2021,16,New England Patriots,Buffalo Bills,27.4,22.8,11.4,21.6,16.0,1.2,352.0,336.0,248.4,312.8,206.8,217.0,145.2,119.0,0.8,1.8,1.4,-1.2,20.8,20.8,0.41555555555555557,0.4010989010989011,1.6,2.4,2.8,1.6,0.8,0.4,36.2,28.0,0.0
401326560,2021-12-26 18:00:00+00:00,2021,16,Minnesota Vikings,Los Angeles Rams,28.0,25.0,26.2,21.4,1.8,3.6,361.6,347.4,401.4,318.4,235.4,255.4,126.2,92.0,1.2,1.2,0.2,0.0,20.6,18.6,0.4110213316095669,0.40487179487179487,2.0,2.4,3.0,2.2,0.6,0.6,22.4,28.8,0.0
401326559,2021-12-26 18:00:00+00:00,2021,16,Houston Texans,Los Angeles Chargers,15.8,32.0,22.8,28.4,-7.0,3.6,238.8,420.8,364.8,354.0,158.6,290.0,80.2,130.8,0.8,1.6,0.6,0.2,15.0,25.0,0.36356747827336056,0.47820512820512817,2.4,2.2,2.0,2.6,0.4,0.6,14.2,23.4,1.0
401326556,2021-12-26 18:00:00+00:00,2021,16,Atlanta Falcons,Detroit Lions,16.0,18.6,24.2,21.2,-8.2,-2.6,294.0,302.0,364.2,381.8,194.0,184.4,100.0,117.6,1.6,1.6,0.0,-0.6,17.2,17.6,0.4025023995612231,0.3346453546453546,2.6,1.6,1.0,1.6,0.4,0.4,17.4,14.4,1.0
401326558,2021-12-26 18:00:00+00:00,2021,16,Cincinnati Bengals,Baltimore Ravens,26.6,20.6,20.0,19.6,6.6,1.0,332.0,334.2,317.8,314.4,201.6,206.4,130.4,127.8,1.6,1.6,0.2,-0.8,20.6,22.4,0.413986013986014,0.40519230769230774,3.8,4.0,3.4,2.0,0.6,0.4,24.8,18.0,1.0
401326564,2021-12-26 21:05:00+00:00,2021,16,Seattle Seahawks,Chicago Bears,20.2,18.0,19.2,25.0,1.0,-7.0,305.4,355.4,372.2,285.4,197.6,250.6,107.8,104.8,1.0,2.4,0.0,-1.8,16.0,20.2,0.33557109557109555,0.3035431235431235,2.6,2.4,2.0,3.0,0.4,0.2,20.2,19.2,0.0
401326565,2021-12-26 21:25:00+00:00,2021,16,Kansas City Chiefs,Pittsburgh Steelers,32.8,22.8,13.8,30.0,19.0,-7.2,404.2,293.0,339.4,401.0,298.8,226.6,105.4,66.4,1.2,0.8,1.8,1.0,22.6,17.8,0.5251282051282051,0.39559440559440556,1.6,3.0,2.4,3.0,1.0,0.4,24.4,21.4,1.0
401326566,2021-12-26 21:25:00+00:00,2021,16,Las Vegas Raiders,Denver Broncos,17.8,19.6,28.8,18.0,-11.0,1.6,343.0,332.8,326.2,315.0,256.4,190.0,86.6,142.8,1.8,1.2,-1.4,0.0,20.4,21.2,0.28976023976023974,0.44161255411255407,2.6,1.4,1.6,2.2,0.4,0.4,16.8,19.0,1.0
401326567,2021-12-27 01:20:00+00:00,2021,16,Dallas Cowboys,Washington,23.4,19.6,19.6,21.0,3.8,-1.4,348.2,299.8,362.0,343.2,240.4,176.4,107.8,123.4,1.4,1.4,1.4,-0.4,19.6,20.4,0.3356532356532356,0.41208791208791207,2.8,2.4,2.8,2.4,0.6,0.6,34.4,16.2,1.0
401326568,2021-12-28 01:15:00+00:00,2021,16,New Orleans Saints,Miami Dolphins,18.2,26.0,21.4,14.0,-3.2,12.0,294.8,345.8,335.2,272.0,180.8,238.4,114.0,107.4,1.6,1.0,-0.4,0.6,15.8,20.2,0.35266483516483516,0.40948717948717944,1.8,1.8,2.6,4.0,0.4,1.0,21.0,20.0,0.0
401326576,2022-01-02 18:00:00+00:00,2021,17,New York Jets,Tampa Bay Buccaneers,19.6,26.6,25.8,18.0,-6.2,8.6,280.8,393.0,345.4,344.6,144.8,270.4,136.0,122.6,0.6,1.0,0.4,0.6,17.2,23.4,0.26150516150516145,0.4362348178137652,3.2,1.6,2.4,4.0,0.4,0.8,17.4,29.2,0.0
401326577,2022-01-02 18:00:00+00:00,2021,17,Tennessee Titans,Miami Dolphins,15.8,25.6,18.8,12.6,-3.0,13.0,326.8,327.6,266.6,244.0,173.6,215.0,153.2,112.6,2.6,1.2,-1.4,0.4,20.8,20.0,0.4522979797979798,0.43,3.2,1.6,2.0,4.8,0.4,1.0,20.6,18.4,1.0
401326570,2022-01-02 18:00:00+00:00,2021,17,Chicago Bears,New York Giants,20.4,11.8,26.6,23.8,-6.2,-12.0,348.2,264.8,291.8,340.8,244.2,164.0,104.0,100.8,2.2,1.8,-1.8,-0.8,22.6,16.6,0.3671794871794872,0.3907142857142857,2.6,1.8,2.2,1.8,0.4,0.2,16.0,13.4,1.0
401326581,2022-01-02 18:00:00+00:00,2021,17,Baltimore Ravens,Los Angeles Rams,21.6,29.0,25.2,19.8,-3.6,9.2,341.2,363.0,358.8,323.6,230.2,249.6,111.0,113.4,1.6,1.4,-1.0,0.0,22.0,19.8,0.4267832167832168,0.4448717948717949,3.0,2.0,2.0,2.6,0.2,0.8,26.2,27.2,0.0
401326573,2022-01-02 18:00:00+00:00,2021,17,Indianapolis Colts,Las Vegas Raiders,30.4,18.6,17.2,25.0,13.2,-6.4,354.4,355.8,310.8,300.2,162.2,251.6,192.2,104.2,1.4,2.0,0.6,-1.8,22.6,22.2,0.47860139860139855,0.3611888111888112,1.4,2.6,1.6,1.4,0.8,0.6,31.4,22.2,0.0
401326569,2022-01-02 18:00:00+00:00,2021,17,Buffalo Bills,Atlanta Falcons,26.4,20.0,17.6,22.4,8.8,-2.4,359.4,311.8,296.4,370.2,235.8,210.4,123.6,101.4,1.0,1.0,0.0,0.6,22.6,17.8,0.4010989010989011,0.41613876319758675,2.2,2.4,1.8,0.4,0.6,0.6,24.4,18.6,1.0
401326578,2022-01-02 18:00:00+00:00,2021,17,Washington,Philadelphia Eagles,17.0,28.2,28.0,17.4,-11.0,10.8,277.4,394.6,383.2,259.4,175.0,194.0,102.4,200.6,1.6,1.4,-0.6,-0.2,18.4,21.2,0.36593406593406586,0.4639360639360639,2.8,2.0,2.8,1.4,0.4,0.8,20.2,27.2,0.0
401326574,2022-01-02 18:00:00+00:00,2021,17,New England Patriots,Jacksonville Jaguars,22.6,11.6,16.6,26.8,6.0,-15.2,319.2,285.2,290.6,333.4,181.0,195.4,138.2,89.8,1.2,1.8,0.8,-1.4,18.8,18.2,0.27999999999999997,0.4079212454212454,1.4,2.0,1.8,1.6,0.6,0.0,37.0,10.4,1.0
401326571,2022-01-02 18:00:00+00:00,2021,17,Cincinnati Bengals,Kansas City Chiefs,28.4,31.8,21.6,13.0,6.8,18.8,389.4,377.2,329.0,340.2,275.4,265.2,114.0,112.0,1.4,1.0,0.2,2.2,22.6,21.8,0.413986013986014,0.4778554778554779,3.8,2.0,3.2,2.4,0.6,1.0,28.6,30.2,1.0
401326579,2022-01-02 21:05:00+00:00,2021,17,Los Angeles Chargers,Denver Broncos,29.6,19.6,29.2,15.4,0.4,4.2,397.6,302.8,381.4,306.2,280.8,175.6,116.8,127.2,2.0,1.0,-0.2,0.6,23.4,19.4,0.4948717948717949,0.44343073593073595,2.0,1.6,2.2,2.2,0.4,0.4,30.0,17.0,1.0
401326580,2022-01-02 21:05:00+00:00,2021,17,San Francisco 49ers,Houston Texans,26.2,19.6,22.4,26.0,3.8,-6.4,385.8,288.2,320.0,364.2,261.0,186.8,124.8,101.4,1.4,0.8,0.2,0.2,21.2,17.2,0.3940909090909091,0.4314407814407814,2.0,2.6,3.4,1.8,0.6,0.4,26.2,13.8,1.0
401326575,2022-01-02 21:25:00+00:00,2021,17,New Orleans Saints,Carolina Panthers,13.0,14.4,17.4,30.4,-4.4,-16.0,263.0,275.4,311.0,341.0,154.2,178.6,108.8,96.8,1.4,1.6,-0.2,-0.8,14.2,16.8,0.26035714285714284,0.33444529326882266,3.4,3.6,2.6,1.8,0.4,0.0,17.4,16.0,1.0
401326582,2022-01-02 21:25:00+00:00,2021,17,Seattle Seahawks,Detroit Lions,22.4,19.8,19.6,22.6,2.8,-2.8,318.4,320.6,353.0,362.8,193.8,210.6,124.6,110.0,1.0,1.4,0.0,-0.6,16.4,19.0,0.35557109557109556,0.36759990009990007,2.2,1.6,2.4,2.0,0.4,0.4,21.6,14.2,1.0
401326572,2022-01-02 21:25:00+00:00,2021,17,Dallas Cowboys,Arizona Cardinals,32.8,21.4,18.6,23.4,14.2,-2.0,392.4,378.6,339.4,327.0,279.4,264.0,113.0,114.6,0.8,0.6,2.0,0.4,22.0,21.6,0.40231990231990233,0.4832167832167832,2.4,1.8,3.2,2.8,0.8,0.4,38.4,27.2,0.0
401326583,2022-01-03 01:20:00+00:00,2021,17,Green Bay Packers,Minnesota Vikings,33.4,25.8,28.8,26.0,4.6,-0.2,392.4,352.2,374.0,379.2,290.2,230.8,102.2,121.4,0.2,1.4,1.8,0.6,22.8,19.4,0.4520680489101542,0.30589312648136174,1.8,2.2,2.4,2.6,0.8,0.4,29.2,25.6,1.0
401326584,2022-01-04 01:15:00+00:00,2021,17,Pittsburgh Steelers,Cleveland Browns,17.4,16.6,29.0,17.6,-11.6,-1.0,293.6,309.0,370.6,315.2,212.2,182.6,81.4,126.4,1.4,1.8,0.2,0.2,17.4,19.4,0.36585081585081586,0.4331501831501831,2.8,1.8,3.0,1.6,0.4,0.4,21.4,24.4,1.0
401326598,2022-01-08 21:30:00+00:00,2021,18,Denver Broncos,Kansas City Chiefs,16.6,34.2,19.6,18.0,-3.0,16.2,306.2,386.0,303.0,380.0,191.8,268.2,114.4,117.8,1.0,0.6,0.2,2.0,18.4,22.0,0.352521645021645,0.5202797202797202,1.6,1.4,1.6,2.2,0.2,0.8,21.2,28.0,0.0
401326595,2022-01-09 01:15:00+00:00,2021,18,Philadelphia Eagles,Dallas Cowboys,24.2,30.6,14.8,16.4,9.4,14.2,384.6,365.2,257.2,317.4,208.8,256.0,175.8,109.2,1.2,1.0,-0.4,1.8,20.6,21.2,0.4163170163170163,0.41071151071151063,1.6,2.4,2.0,2.8,0.8,0.8,29.4,20.8,0.0
401326586,2022-01-09 18:00:00+00:00,2021,18,Baltimore Ravens,Pittsburgh Steelers,22.2,20.6,27.2,23.6,-5.0,-3.0,346.0,293.2,381.0,343.0,231.6,184.0,114.4,109.2,1.2,1.0,-0.4,0.8,21.4,18.2,0.3905927405927406,0.31371406371406374,3.6,2.6,1.6,4.4,0.0,0.6,23.2,20.0,0.0
401326588,2022-01-09 18:00:00+00:00,2021,18,Cleveland Browns,Cincinnati Bengals,16.8,27.0,20.8,25.8,-4.0,1.2,285.6,410.4,326.0,351.6,177.4,324.0,108.2,86.4,1.8,1.2,0.0,-0.2,18.0,22.2,0.4150506356388709,0.40307692307692305,3.4,4.2,2.0,2.6,0.2,0.6,15.6,30.6,1.0
401326593,2022-01-09 18:00:00+00:00,2021,18,Minnesota Vikings,Chicago Bears,22.6,23.0,26.6,24.4,-4.0,-1.4,328.8,322.4,390.8,275.0,215.4,214.6,113.4,107.8,1.0,2.4,0.8,-1.4,18.2,21.8,0.2892264598146951,0.36525641025641026,2.4,2.8,2.2,2.8,0.4,0.4,25.6,20.2,1.0
401326589,2022-01-09 18:00:00+00:00,2021,18,Detroit Lions,Green Bay Packers,22.8,34.6,29.6,24.0,-6.8,10.6,344.2,395.2,386.6,333.6,230.4,277.2,113.8,118.0,1.8,0.2,-1.2,1.8,20.2,24.4,0.3875999000999001,0.4324876293297346,1.4,1.4,2.0,2.4,0.4,1.0,18.0,23.4,1.0
401326594,2022-01-09 18:00:00+00:00,2021,18,New York Giants,Washington,9.8,16.8,28.2,29.0,-18.4,-12.2,243.0,265.6,324.2,395.8,124.0,174.8,119.0,90.8,2.6,1.6,-2.0,-0.8,15.8,17.8,0.3588961038961039,0.409010989010989,2.4,3.2,2.0,2.6,0.0,0.2,15.6,17.0,0.0
401326591,2022-01-09 18:00:00+00:00,2021,18,Jacksonville Jaguars,Indianapolis Colts,10.8,26.2,32.6,18.8,-21.8,7.4,264.4,332.8,361.2,313.8,186.8,169.0,77.6,163.8,2.0,1.4,-1.8,0.2,16.4,20.2,0.362087912087912,0.3998135198135198,2.2,1.6,1.4,1.8,0.0,0.6,14.4,29.8,1.0
401326590,2022-01-09 18:00:00+00:00,2021,18,Houston Texans,Tennessee Titans,18.2,20.0,26.4,15.0,-8.2,5.0,292.2,304.4,394.2,279.8,192.8,132.2,99.4,172.2,0.8,1.6,0.2,0.0,17.6,19.0,0.41239316239316237,0.4656313131313131,2.2,3.0,1.2,2.8,0.4,0.6,18.0,25.0,0.0
401326596,2022-01-09 21:25:00+00:00,2021,18,Tampa Bay Buccaneers,Carolina Panthers,24.6,12.2,16.6,28.6,8.0,-16.4,414.6,251.6,341.0,323.2,308.0,159.4,106.6,92.2,0.8,2.0,0.0,-1.4,23.0,16.4,0.5062348178137652,0.3757151345386639,1.4,4.8,3.6,1.6,0.8,0.0,29.2,17.4,1.0
401326597,2022-01-09 21:25:00+00:00,2021,18,Arizona Cardinals,Seattle Seahawks,21.8,29.6,25.2,22.0,-3.4,7.6,375.8,364.4,334.0,350.2,254.8,193.6,121.0,170.8,0.6,0.8,0.6,0.6,20.4,20.2,0.4707167832167832,0.4055710955710955,1.6,2.0,2.2,2.2,0.4,0.6,20.2,15.6,0.0
401326587,2022-01-09 21:25:00+00:00,2021,18,Buffalo Bills,New York Jets,26.0,20.2,19.4,28.6,6.6,-8.4,357.4,302.4,311.4,398.4,209.8,167.8,147.6,134.6,1.2,0.6,-0.2,0.4,24.0,18.0,0.3946886446886447,0.33982683982683975,2.0,2.6,2.4,1.6,0.6,0.2,22.2,21.6,1.0
401326599,2022-01-09 21:25:00+00:00,2021,18,Los Angeles Rams,San Francisco 49ers,27.4,24.0,16.4,18.6,11.0,5.4,367.0,384.4,309.2,299.8,252.6,266.2,114.4,118.2,1.4,1.4,0.2,0.0,20.8,20.4,0.45,0.38768065268065266,1.8,1.8,3.4,3.8,1.0,0.6,24.2,25.8,0.0
401326585,2022-01-09 21:25:00+00:00,2021,18,Atlanta Falcons,New Orleans Saints,18.8,15.4,25.4,13.2,-6.6,2.2,298.4,281.0,369.0,274.4,207.6,166.4,90.8,114.6,1.0,1.2,0.8,0.0,17.2,14.8,0.3613768584356819,0.2658516483516483,3.2,3.4,0.4,3.6,0.4,0.6,15.4,20.4,0.0
401326592,2022-01-09 21:25:00+00:00,2021,18,Miami Dolphins,New England Patriots,21.4,27.6,16.0,18.6,5.4,9.0,301.2,351.8,229.6,308.2,196.8,204.2,104.4,147.6,1.4,1.0,0.0,0.8,19.2,21.2,0.3657142857142857,0.37333333333333335,2.4,0.8,4.6,1.4,0.8,0.6,24.6,21.4,1.0
401326600,2022-01-10 01:20:00+00:00,2021,18,Las Vegas Raiders,Los Angeles Chargers,16.0,33.8,22.4,26.2,-6.4,7.6,319.2,394.4,265.2,384.8,226.6,271.2,92.6,123.2,2.4,1.6,-2.2,0.2,20.2,23.6,0.4007492507492508,0.5148717948717948,2.4,1.4,1.4,2.2,0.6,0.6,18.4,23.2,1.0
401437654,2022-09-09 00:20:00+00:00,2022,1,Los Angeles Rams,Buffalo Bills,24.8,29.4,20.4,18.6,4.4,10.8,336.4,396.2,359.6,273.8,234.8,234.4,101.6,161.8,1.8,1.0,-0.2,-0.2,19.8,25.8,0.484313725490196,0.42203907203907204,2.6,1.6,3.6,4.2,0.8,0.8,25.0,28.4,0.0
401437637,2022-09-11 17:00:00+00:00,2022,1,Houston Texans,Indianapolis Colts,23.2,22.2,25.8,16.4,-2.6,5.8,334.6,301.0,397.4,305.6,239.2,139.8,95.4,161.2,0.4,0.8,0.4,0.4,19.4,18.0,0.4351204351204351,0.3755710955710955,1.8,2.2,1.2,1.6,0.4,0.6,18.6,27.0,
401437647,2022-09-11 17:00:00+00:00,2022,1,Chicago Bears,San Francisco 49ers,22.0,24.8,24.0,17.4,-2.0,7.4,327.8,401.2,289.8,287.4,224.4,270.2,103.4,131.0,2.0,1.2,-1.0,0.0,21.4,21.6,0.3519230769230769,0.4562520812520813,3.6,2.2,3.2,4.0,0.4,0.8,19.0,24.6,1.0
401437650,2022-09-11 17:00:00+00:00,2022,1,Atlanta Falcons,New Orleans Saints,19.4,18.0,25.4,11.8,-6.0,6.2,273.8,273.8,357.8,250.4,194.8,150.8,79.0,123.0,1.4,0.4,0.2,1.2,15.6,15.8,0.3154945054945055,0.2944230769230769,2.8,3.2,0.6,4.0,0.4,0.8,14.0,23.8,0.0
401437634,2022-09-11 17:00:00+00:00,2022,1,Cincinnati Bengals,Pittsburgh Steelers,25.8,19.8,21.8,22.4,4.0,-2.6,375.6,291.8,354.2,354.0,292.6,183.8,83.0,108.0,0.4,1.2,0.4,1.0,20.2,18.6,0.37450549450549453,0.30096896567484804,3.8,2.6,2.0,3.6,0.6,0.6,32.2,20.2,0.0
401437646,2022-09-11 17:00:00+00:00,2022,1,Washington Commanders,Jacksonville Jaguars,,14.6,,27.4,,-12.8,,288.6,,324.2,,203.0,,85.6,,1.6,,-1.0,,17.4,,0.37208791208791203,,2.0,,2.4,,0.2,,11.0,1.0
401437648,2022-09-11 17:00:00+00:00,2022,1,Detroit Lions,Philadelphia Eagles,24.4,28.0,30.2,22.4,-5.8,5.6,350.6,381.2,377.0,299.4,237.0,217.2,113.6,164.0,1.4,0.6,-0.4,0.2,19.4,21.2,0.42396353646353646,0.4547008547008547,1.0,2.0,2.2,2.0,0.4,0.8,23.2,26.8,0.0
401437651,2022-09-11 17:00:00+00:00,2022,1,Carolina Panthers,Cleveland Browns,13.6,19.0,30.2,20.8,-16.6,-1.8,275.4,308.4,342.0,301.8,174.0,167.2,101.4,141.2,1.8,1.8,-1.4,-0.8,18.0,20.0,0.3757151345386639,0.4535121741004094,4.2,3.0,1.4,2.4,0.0,0.4,16.4,18.8,0.0
401437630,2022-09-11 17:00:00+00:00,2022,1,Miami Dolphins,New England Patriots,21.4,25.2,18.8,22.6,2.6,2.6,297.8,348.8,265.8,296.8,176.6,195.4,121.2,153.4,1.2,1.6,0.2,-0.6,19.4,20.8,0.37333333333333335,0.39333333333333337,2.2,0.8,4.0,1.2,0.8,0.4,27.8,20.8,1.0
401437632,2022-09-11 17:00:00+00:00,2022,1,New York Jets,Baltimore Ravens,18.6,21.0,27.4,26.4,-8.8,-5.4,256.8,357.0,399.6,379.6,126.6,214.2,130.2,142.8,0.4,1.6,0.6,-0.6,14.6,21.0,0.2874458874458874,0.3334498834498834,4.0,2.8,1.2,1.6,0.2,0.0,18.8,17.6,0.0
401437653,2022-09-11 20:25:00+00:00,2022,1,Arizona Cardinals,Kansas City Chiefs,21.2,35.4,28.4,21.0,-7.2,14.4,385.4,410.6,354.4,372.0,268.2,283.6,117.2,127.0,0.8,0.4,0.0,1.8,21.6,24.6,0.4798076923076923,0.5512321012321012,2.4,1.4,1.8,2.2,0.2,0.8,20.0,27.4,0.0
401437649,2022-09-11 20:25:00+00:00,2022,1,Minnesota Vikings,Green Bay Packers,23.4,33.4,24.2,25.8,-0.8,7.6,309.8,391.0,387.6,343.8,195.6,267.0,114.2,124.0,0.8,0.6,1.0,0.8,15.2,24.6,0.3046110751993104,0.4730891330891331,2.4,2.0,3.0,2.2,0.6,0.8,28.0,24.6,1.0
401437640,2022-09-11 20:25:00+00:00,2022,1,Tennessee Titans,New York Giants,23.0,9.4,12.8,28.6,10.2,-19.2,314.4,228.4,271.6,329.8,171.4,108.8,143.0,119.6,0.8,3.0,0.8,-2.4,20.0,14.6,0.4977991452991454,0.35448433919022154,2.8,2.4,2.8,2.2,0.8,0.0,22.0,10.6,0.0
401437643,2022-09-11 20:25:00+00:00,2022,1,Los Angeles Chargers,Las Vegas Raiders,32.0,20.0,28.8,25.4,3.2,-5.4,409.8,326.4,382.8,293.6,285.4,214.2,124.4,112.2,1.4,2.4,-0.4,-2.0,25.4,20.6,0.49777777777777776,0.4448668978080742,1.2,2.6,1.6,1.8,0.4,0.8,32.0,20.0,1.0
401437644,2022-09-12 00:20:00+00:00,2022,1,Dallas Cowboys,Tampa Bay Buccaneers,35.4,26.8,18.2,16.6,17.2,10.2,384.8,411.4,299.4,328.4,270.6,299.2,114.2,112.2,0.8,0.6,1.4,0.4,22.2,22.2,0.503019203019203,0.4558851674641148,2.4,1.6,3.0,3.0,0.8,0.8,34.0,29.4,0.0
401437655,2022-09-13 00:15:00+00:00,2022,1,Seattle Seahawks,Denver Broncos,31.2,19.6,23.4,20.8,7.8,-1.2,385.2,298.2,338.2,327.6,203.2,176.4,182.0,121.8,0.6,0.6,0.4,0.4,19.8,17.6,0.4722377622377622,0.4120454545454545,1.4,1.6,3.0,1.6,0.6,0.2,29.8,15.8,1.0
401434030,2022-09-16 00:15:00+00:00,2022,2,Kansas City Chiefs,Los Angeles Chargers,34.6,29.4,23.4,28.4,11.2,1.0,433.8,396.2,370.4,383.6,307.6,287.0,126.2,109.2,0.6,1.4,0.6,-0.2,27.0,23.8,0.5377705627705628,0.4757997557997558,0.8,0.8,2.0,2.4,0.8,0.4,27.6,28.4,1.0
401437633,2022-09-18 17:00:00+00:00,2022,2,Baltimore Ravens,Miami Dolphins,21.4,21.4,23.4,18.4,-2.0,3.0,334.0,299.8,397.6,270.0,202.2,179.2,131.8,120.6,1.4,1.2,-0.2,0.6,19.4,19.2,0.3937062937062937,0.379047619047619,2.4,2.4,2.2,3.8,0.2,0.8,22.4,15.6,0.0
401437732,2022-09-18 17:00:00+00:00,2022,2,Detroit Lions,Washington Commanders,29.4,28.0,30.2,22.0,-0.8,6.0,364.6,390.0,396.4,383.0,238.4,305.0,126.2,85.0,1.2,3.0,-0.2,-2.0,20.6,26.0,0.4811063936063936,0.7,0.8,1.0,2.2,2.0,0.4,1.0,29.0,,1.0
401437635,2022-09-18 17:00:00+00:00,2022,2,Cleveland Browns,New York Jets,19.4,18.6,21.2,26.2,-1.8,-7.6,321.4,281.6,276.2,385.6,156.8,150.4,164.6,131.2,1.6,0.8,-0.8,0.4,20.6,16.8,0.450093370681606,0.2731601731601731,3.2,4.0,2.4,1.0,0.4,0.2,16.4,19.6,0.0
401437639,2022-09-18 17:00:00+00:00,2022,2,Jacksonville Jaguars,Indianapolis Colts,19.0,20.0,29.0,20.4,-10.0,-0.4,326.8,326.6,349.6,337.2,218.2,177.6,108.6,149.0,1.0,1.0,0.2,0.0,20.4,19.4,0.34516483516483515,0.34787878787878784,1.8,2.4,1.8,1.4,0.2,0.5,15.0,25.0,1.0
401437645,2022-09-18 17:00:00+00:00,2022,2,New York Giants,Carolina Panthers,9.4,14.2,25.2,29.6,-15.8,-15.4,244.0,260.8,317.0,349.4,103.8,166.8,140.2,94.0,3.0,1.4,-2.2,-1.2,14.4,16.8,0.29448433919022154,0.3757151345386639,3.0,4.8,2.0,1.6,0.2,0.0,14.8,17.0,1.0
401437636,2022-09-18 17:00:00+00:00,2022,2,Pittsburgh Steelers,New England Patriots,18.8,23.8,19.2,24.6,-0.4,-0.8,270.2,354.8,348.8,312.2,168.4,230.2,101.8,124.6,1.0,2.0,1.8,-1.2,16.8,22.0,0.2927638374697198,0.4488888888888889,1.8,1.2,5.0,1.4,0.8,0.2,22.0,17.4,0.0
401437652,2022-09-18 17:00:00+00:00,2022,2,New Orleans Saints,Tampa Bay Buccaneers,17.4,24.0,15.2,11.8,2.2,12.2,282.0,383.2,282.4,284.0,169.4,268.0,112.6,115.2,0.6,0.8,1.4,0.2,15.2,20.6,0.2759615384615385,0.42731373889268626,3.4,1.6,3.4,3.2,0.8,0.8,13.8,29.4,0.0
401437605,2022-09-18 20:05:00+00:00,2022,2,San Francisco 49ers,Seattle Seahawks,21.6,28.0,16.6,24.0,5.0,4.0,396.4,345.2,248.8,348.8,250.2,186.6,146.2,158.6,1.6,0.8,-0.6,0.6,20.8,19.6,0.4837030616442381,0.47363636363636363,1.6,1.8,3.4,3.0,0.6,0.6,27.2,19.2,1.0
401437733,2022-09-18 20:05:00+00:00,2022,2,Los Angeles Rams,Atlanta Falcons,20.8,18.8,22.0,26.6,-1.2,-7.8,313.8,293.4,352.8,368.0,219.6,199.8,94.2,93.6,2.4,1.6,-0.4,-0.4,20.0,16.8,0.47662141779788836,0.2924175824175824,3.4,2.8,3.2,1.2,0.6,0.2,21.4,16.2,1.0
401437642,2022-09-18 20:25:00+00:00,2022,2,Las Vegas Raiders,Arizona Cardinals,22.0,20.8,20.6,31.2,1.4,-10.4,332.4,352.4,290.2,380.8,216.2,235.2,116.2,117.2,2.0,0.4,-1.6,0.6,20.4,20.8,0.4630487159898924,0.4231410256410256,3.0,2.2,1.2,1.2,0.8,0.2,18.8,24.8,0.0
401437641,2022-09-18 20:25:00+00:00,2022,2,Denver Broncos,Houston Texans,15.2,24.6,22.2,23.2,-7.0,1.4,313.2,318.4,315.0,410.2,207.6,220.2,105.6,98.2,1.0,0.6,-0.2,0.6,16.6,18.4,0.3853787878787879,0.45563325563325563,1.8,2.0,1.6,1.6,0.0,0.5,22.6,14.6,1.0
401437734,2022-09-18 20:25:00+00:00,2022,2,Dallas Cowboys,Cincinnati Bengals,30.6,25.2,18.0,21.2,12.6,4.0,369.0,382.6,324.0,336.6,265.0,290.2,104.0,92.4,0.6,1.0,1.0,-0.2,20.8,22.2,0.46524142524142525,0.4129670329670329,2.4,4.2,2.4,1.2,0.6,0.6,31.4,27.0,1.0
401437606,2022-09-19 00:20:00+00:00,2022,2,Green Bay Packers,Chicago Bears,25.8,19.8,24.4,17.0,1.4,2.8,370.8,299.2,353.4,268.2,248.4,203.4,122.4,95.8,1.0,1.6,-0.2,-0.2,23.4,21.2,0.4597557997557997,0.3464285714285714,2.2,3.6,2.0,3.0,0.6,0.6,31.8,23.0,1.0
401436831,2022-09-19 23:15:00+00:00,2022,2,Buffalo Bills,Tennessee Titans,30.2,23.0,14.0,17.0,16.2,6.0,385.6,333.6,224.8,312.0,234.2,192.4,151.4,141.2,1.6,1.0,-0.2,0.2,25.0,19.4,0.5712698412698413,0.47234459984459987,1.4,2.2,5.2,3.2,1.0,0.6,22.4,23.2,1.0
401436832,2022-09-20 00:30:00+00:00,2022,2,Philadelphia Eagles,Minnesota Vikings,29.0,20.8,25.8,20.0,3.2,0.8,388.6,297.2,320.4,380.2,218.4,206.2,170.2,91.0,0.6,0.4,0.2,1.6,21.4,14.6,0.48004022121669176,0.29472096530920056,1.8,2.6,1.8,2.8,0.8,0.6,30.2,21.4,1.0
401437735,2022-09-23 00:15:00+00:00,2022,3,Cleveland Browns,Pittsburgh Steelers,22.6,17.8,24.2,20.0,-1.6,-2.2,355.2,285.2,291.0,360.4,171.6,172.2,183.6,113.0,1.8,1.4,-1.2,0.8,23.8,17.6,0.4977124183006536,0.3630668677727501,3.4,1.8,2.4,4.2,0.4,0.6,20.4,17.4,1.0
401437638,2022-09-25 17:00:00+00:00,2022,3,Indianapolis Colts,Kansas City Chiefs,14.6,33.2,21.8,22.6,-7.2,10.6,315.2,398.4,330.4,365.0,200.6,270.8,114.6,127.6,1.4,0.2,-0.8,0.8,18.2,24.8,0.34787878787878784,0.48777056277056274,3.2,0.8,1.2,2.4,0.3,0.8,29.2,35.6,1.0
401437740,2022-09-25 17:00:00+00:00,2022,3,New York Jets,Cincinnati Bengals,20.0,25.6,26.0,23.2,-6.0,2.4,316.4,383.6,390.8,345.6,187.0,296.0,129.4,87.6,0.8,1.0,0.0,-0.2,17.6,23.6,0.3252813852813853,0.4220168067226891,3.2,4.8,1.0,0.8,0.4,0.4,17.2,22.2,0.0
401437738,2022-09-25 17:00:00+00:00,2022,3,Miami Dolphins,Buffalo Bills,23.6,32.2,21.2,12.6,2.4,19.6,333.4,406.0,319.0,207.2,232.2,258.2,101.2,147.8,1.0,1.4,0.6,0.6,20.0,25.4,0.42298701298701297,0.5624786324786324,2.4,0.8,2.6,4.8,0.8,1.0,27.4,33.4,1.0
401437739,2022-09-25 17:00:00+00:00,2022,3,Minnesota Vikings,Detroit Lions,18.8,30.6,23.0,33.2,-4.2,-2.6,311.4,382.0,403.4,396.0,234.4,242.8,77.0,139.2,0.8,1.0,0.8,0.0,16.0,19.6,0.30256410256410254,0.4503371628371628,2.2,1.0,2.8,2.8,0.4,0.4,29.4,16.2,1.0
401437736,2022-09-25 17:00:00+00:00,2022,3,Carolina Panthers,New Orleans Saints,14.6,17.6,27.2,19.2,-12.6,-1.6,260.8,301.2,340.0,274.0,167.8,180.8,93.0,120.4,1.6,1.6,-1.6,0.2,16.6,16.6,0.32669552669552665,0.3,4.4,4.2,1.4,2.8,0.0,0.6,15.6,25.0,1.0
401437631,2022-09-25 17:00:00+00:00,2022,3,New England Patriots,Baltimore Ravens,23.8,23.0,22.0,25.6,1.8,-2.6,357.0,357.8,305.8,437.8,223.8,223.6,133.2,134.2,1.8,1.4,-0.8,0.2,21.6,19.2,0.47477124183006536,0.346013986013986,1.0,2.2,1.8,1.8,0.4,0.2,41.2,20.4,0.0
401437737,2022-09-25 17:00:00+00:00,2022,3,Chicago Bears,Houston Texans,20.0,20.4,19.0,23.2,1.0,-2.8,270.8,309.0,312.4,421.0,162.0,209.8,108.8,99.2,1.2,0.4,0.2,1.0,18.6,18.8,0.3416666666666667,0.37529137529137524,3.6,2.4,2.8,1.6,0.6,0.3,18.4,15.4,1.0
401437742,2022-09-25 17:00:00+00:00,2022,3,Washington Commanders,Philadelphia Eagles,27.5,28.4,29.0,23.8,-1.5,4.6,393.0,382.0,404.0,325.8,306.5,226.8,86.5,155.2,2.0,0.4,-1.5,1.0,23.5,21.8,0.5833333333333333,0.48004022121669176,3.0,1.8,2.5,1.8,0.5,0.8,28.0,25.6,0.0
401437741,2022-09-25 17:00:00+00:00,2022,3,Tennessee Titans,Las Vegas Raiders,21.8,23.4,21.4,23.6,0.4,-0.2,307.4,331.6,361.2,325.6,190.4,219.0,117.0,112.6,1.0,1.8,0.2,-1.2,17.4,20.4,0.4501223776223776,0.4798319327731092,1.8,2.8,2.8,1.4,0.6,0.6,21.4,20.6,1.0
401437743,2022-09-25 20:05:00+00:00,2022,3,Los Angeles Chargers,Jacksonville Jaguars,28.6,20.6,27.0,23.0,1.6,-2.4,390.8,333.8,348.2,337.0,305.0,227.4,85.8,106.4,1.2,1.0,-0.4,0.6,22.4,20.4,0.44599206349206344,0.3823076923076923,1.2,1.2,2.4,2.6,0.4,0.4,32.8,12.0,0.0
401437607,2022-09-25 20:25:00+00:00,2022,3,Tampa Bay Buccaneers,Green Bay Packers,28.0,25.0,12.0,20.4,16.0,4.6,374.8,384.4,303.2,328.2,268.8,240.6,106.0,143.8,0.6,1.2,1.4,-0.2,19.8,23.4,0.4229793735676088,0.4597557997557997,1.0,2.2,4.0,2.4,1.0,0.6,28.4,21.2,0.0
401437745,2022-09-25 20:25:00+00:00,2022,3,Seattle Seahawks,Atlanta Falcons,27.4,21.6,25.4,26.6,2.0,-5.0,345.6,290.6,357.0,356.0,195.8,191.4,149.8,99.2,1.2,2.0,0.0,-0.4,19.8,17.6,0.47623376623376623,0.2754945054945055,1.6,2.8,2.4,1.4,0.6,0.2,27.0,21.0,0.0
401437744,2022-09-25 20:25:00+00:00,2022,3,Arizona Cardinals,Los Angeles Rams,24.2,23.0,29.8,25.4,-5.6,-2.4,355.4,314.8,378.0,362.2,230.6,232.2,124.8,82.6,0.4,2.8,0.6,-0.4,21.8,20.8,0.37596153846153846,0.4966214177978884,2.0,2.8,1.0,3.2,0.4,0.6,20.0,23.6,0.0
401437746,2022-09-26 00:20:00+00:00,2022,3,Denver Broncos,San Francisco 49ers,16.4,20.8,21.0,15.4,-4.6,5.4,324.8,391.6,312.0,237.0,216.0,240.0,108.8,151.6,1.0,1.4,-0.2,0.0,16.8,21.2,0.3478787878787879,0.454612152553329,1.8,1.8,1.6,3.2,0.2,0.6,23.2,20.6,1.0
401437747,2022-09-27 00:15:00+00:00,2022,3,New York Giants,Dallas Cowboys,12.0,30.4,24.2,20.2,-12.2,10.2,236.6,370.8,306.4,314.4,100.6,270.4,136.0,100.4,2.2,0.6,-1.2,0.2,15.0,20.0,0.2754367201426025,0.410955710955711,3.4,2.0,1.8,3.4,0.4,0.6,13.6,27.0,0.0
401437748,2022-09-30 00:15:00+00:00,2022,4,Cincinnati Bengals,Miami Dolphins,22.8,23.8,21.4,24.4,1.4,-0.6,334.6,324.0,344.4,385.6,248.6,231.8,86.0,92.2,1.2,0.8,0.2,0.6,21.0,19.8,0.4220168067226891,0.43132034632034627,4.6,2.2,1.4,1.8,0.4,0.8,28.0,20.0,1.0
401435639,2022-10-02 13:30:00+00:00,2022,4,New Orleans Saints,Minnesota Vikings,19.8,19.8,19.6,21.8,0.2,-2.0,353.6,313.8,280.8,415.4,233.0,225.4,120.6,88.4,1.8,0.8,-0.2,0.4,18.4,18.2,0.3769230769230769,0.31367521367521367,2.8,1.8,2.8,2.8,0.6,0.6,10.8,17.4,0.0
401437750,2022-10-02 17:00:00+00:00,2022,4,Baltimore Ravens,Buffalo Bills,26.2,29.4,22.6,12.6,3.6,16.8,369.8,419.8,412.2,192.0,205.8,271.8,164.0,148.0,1.6,1.6,0.8,0.0,18.8,26.0,0.3278321678321678,0.5847008547008548,2.8,1.6,1.8,5.0,0.4,0.8,23.2,28.2,0.0
401437751,2022-10-02 17:00:00+00:00,2022,4,Dallas Cowboys,Washington Commanders,23.8,21.0,20.6,27.333333333333332,3.2,-6.333333333333333,349.6,342.0,330.2,402.6666666666667,235.6,255.33333333333334,114.0,86.66666666666667,0.6,1.6666666666666667,0.0,-1.3333333333333333,19.0,22.333333333333332,0.35454545454545455,0.5065359477124183,1.4,5.0,3.4,2.6666666666666665,0.6,0.3333333333333333,26.8,27.0,1.0
401437754,2022-10-02 17:00:00+00:00,2022,4,Indianapolis Colts,Tennessee Titans,14.2,22.6,22.0,22.4,-7.8,0.2,297.8,324.0,317.8,362.6,192.0,203.2,105.8,120.8,1.6,1.2,-0.6,-0.2,18.0,18.0,0.32121212121212117,0.43762237762237766,3.8,1.2,1.4,2.6,0.3,0.6,24.2,17.8,0.0
401437753,2022-10-02 17:00:00+00:00,2022,4,Houston Texans,Los Angeles Chargers,16.2,24.8,22.0,26.4,-5.8,-1.6,287.4,369.8,410.2,343.4,207.6,296.6,79.8,73.2,0.8,1.0,0.4,-0.2,17.0,20.6,0.2868298368298368,0.38958180708180706,2.4,1.2,2.4,2.2,0.1,0.4,19.8,27.8,0.0
401437752,2022-10-02 17:00:00+00:00,2022,4,Detroit Lions,Seattle Seahawks,32.2,27.2,34.8,25.8,-2.6,1.4,397.6,363.4,419.8,370.8,256.6,225.2,141.0,138.2,1.0,1.4,0.0,0.2,20.4,20.8,0.4003371628371628,0.5221161191749427,1.0,1.6,2.4,2.2,0.4,0.6,33.4,20.6,0.0
401437755,2022-10-02 17:00:00+00:00,2022,4,New York Giants,Chicago Bears,13.2,19.6,22.0,18.2,-8.8,1.4,265.4,280.0,319.8,312.0,112.8,132.6,152.6,147.4,2.0,1.6,-1.0,0.2,16.4,16.8,0.249982174688057,0.32738095238095233,4.0,3.8,1.6,2.6,0.4,0.6,12.2,19.6,1.0
401437749,2022-10-02 17:00:00+00:00,2022,4,Atlanta Falcons,Cleveland Browns,23.0,24.0,28.0,22.8,-5.0,1.2,317.0,348.8,372.4,290.4,191.4,174.8,125.6,174.0,2.2,1.0,-0.6,-0.2,19.6,22.6,0.3397802197802197,0.4560457516339869,2.8,2.8,1.8,2.6,0.2,0.6,16.6,15.8,1.0
401437756,2022-10-02 17:00:00+00:00,2022,4,Philadelphia Eagles,Jacksonville Jaguars,26.4,24.0,23.4,19.8,3.0,4.2,397.2,339.6,335.4,324.8,253.6,229.4,143.6,110.2,0.4,0.8,0.8,1.2,22.6,20.0,0.46978381096028154,0.39666666666666667,2.2,1.0,3.2,2.6,0.8,0.6,30.2,18.2,1.0
401437757,2022-10-02 17:00:00+00:00,2022,4,Pittsburgh Steelers,New York Jets,19.2,17.2,18.6,27.2,0.6,-10.0,286.2,307.4,359.4,380.0,178.4,217.4,107.8,90.0,1.0,1.6,1.2,-0.8,17.6,17.8,0.3083660130718954,0.33639249639249635,1.6,3.8,4.2,1.2,0.6,0.2,19.0,23.2,0.0
401437758,2022-10-02 20:05:00+00:00,2022,4,Carolina Panthers,Arizona Cardinals,17.8,23.4,23.6,29.4,-5.8,-6.0,264.8,352.8,347.0,376.6,156.2,240.6,108.6,112.2,1.4,0.4,-0.8,0.8,15.8,22.4,0.30606060606060603,0.3503205128205128,3.6,2.4,1.6,0.8,0.2,0.4,18.8,24.4,0.0
401437760,2022-10-02 20:25:00+00:00,2022,4,Las Vegas Raiders,Denver Broncos,24.4,16.0,25.8,19.6,-1.4,-3.6,342.4,345.4,366.2,297.0,242.6,220.0,99.8,125.4,1.4,1.0,-0.6,-0.2,20.8,18.0,0.39649859943977583,0.39103668261562996,2.6,2.2,1.2,2.0,0.4,0.4,20.6,16.2,1.0
401437759,2022-10-02 20:25:00+00:00,2022,4,Green Bay Packers,New England Patriots,23.0,24.8,18.4,22.8,4.6,2.0,385.2,388.8,303.6,299.0,249.8,256.4,135.4,132.4,1.6,2.2,-1.0,-0.8,22.4,22.0,0.47975579975579974,0.4992156862745098,2.4,1.4,2.0,2.6,0.6,0.4,33.8,15.8,1.0
401437470,2022-10-03 00:20:00+00:00,2022,4,Tampa Bay Buccaneers,Kansas City Chiefs,24.0,29.4,13.6,24.6,10.4,4.8,353.6,385.2,311.6,356.2,272.6,271.4,81.0,113.8,1.0,0.6,1.2,0.0,19.4,23.8,0.3593430099312452,0.47504329004329,1.6,0.6,2.8,3.0,0.8,0.6,23.2,30.8,0.0
401437761,2022-10-04 00:15:00+00:00,2022,4,San Francisco 49ers,Los Angeles Rams,19.4,21.0,13.6,23.2,5.8,-2.2,367.2,311.4,233.6,363.0,214.6,240.6,152.6,70.8,1.6,2.4,-0.2,-0.2,19.4,19.4,0.39961215255332905,0.4716214177978884,2.2,3.0,3.2,3.0,0.6,0.6,29.2,25.6,1.0
401437762,2022-10-07 00:15:00+00:00,2022,5,Denver Broncos,Indianapolis Colts,18.0,13.6,19.2,22.2,-1.2,-8.6,341.4,318.4,305.8,301.2,215.6,229.4,125.8,89.0,1.0,2.2,-0.2,-1.6,16.8,19.0,0.39103668261562996,0.37435897435897436,2.6,4.2,2.4,1.6,0.4,0.3,19.8,16.8,0.0
401435640,2022-10-09 13:30:00+00:00,2022,5,Green Bay Packers,New York Giants,21.0,16.6,21.2,18.6,-0.2,-2.0,377.6,301.0,316.6,330.8,237.2,128.2,140.4,172.8,2.0,1.6,-1.2,-0.4,21.4,18.0,0.45777777777777773,0.31751464222052456,2.6,3.4,2.4,2.4,0.6,0.6,32.0,12.8,0.0
401437770,2022-10-09 17:00:00+00:00,2022,5,Tampa Bay Buccaneers,Atlanta Falcons,24.6,24.6,17.0,26.2,7.6,-1.6,335.4,330.6,320.2,382.8,266.2,183.8,69.2,146.8,1.2,2.2,1.0,-0.8,19.6,19.8,0.3593430099312452,0.37787545787545784,1.6,2.0,3.2,1.8,0.6,0.4,23.4,22.2,1.0
401437764,2022-10-09 17:00:00+00:00,2022,5,Cleveland Browns,Los Angeles Chargers,25.2,24.8,22.2,28.6,3.0,-3.8,383.0,385.4,297.2,348.8,192.2,316.8,190.8,68.6,1.0,1.2,-0.2,-0.2,24.0,20.8,0.46865079365079365,0.36958180708180705,1.2,1.4,2.4,2.8,0.6,0.4,23.6,32.0,0.0
401437767,2022-10-09 17:00:00+00:00,2022,5,New England Patriots,Detroit Lions,19.6,35.4,26.2,34.2,-6.6,1.2,348.8,430.2,337.0,431.4,219.2,279.2,129.6,151.0,2.4,0.8,-1.2,0.4,19.0,21.8,0.39376114081996433,0.38033716283716285,2.2,1.2,2.4,2.2,0.2,0.4,35.6,17.8,1.0
401437771,2022-10-09 17:00:00+00:00,2022,5,Washington Commanders,Tennessee Titans,18.25,20.6,26.75,25.2,-8.5,-4.6,330.75,311.0,371.75,384.4,230.25,204.4,100.5,106.6,1.75,1.2,-1.5,0.0,21.0,18.4,0.463235294117647,0.42762237762237765,4.25,1.6,2.25,2.4,0.25,0.6,18.0,17.0,0.0
401437765,2022-10-09 17:00:00+00:00,2022,5,Jacksonville Jaguars,Houston Texans,26.2,19.6,15.6,24.2,10.6,-4.6,332.8,312.2,310.8,410.8,224.4,223.4,108.4,88.8,1.2,1.0,1.0,0.2,20.4,17.2,0.3871428571428571,0.2868298368298368,1.4,2.6,3.0,2.4,0.6,0.1,18.0,17.6,0.0
401437768,2022-10-09 17:00:00+00:00,2022,5,New Orleans Saints,Seattle Seahawks,21.2,26.6,23.2,29.0,-2.0,-2.4,365.2,375.0,314.0,403.4,237.0,242.8,128.2,132.2,2.2,1.6,-0.8,-0.2,19.2,20.4,0.38,0.555449452508276,2.8,1.4,2.0,2.4,0.4,0.6,14.6,27.2,1.0
401437769,2022-10-09 17:00:00+00:00,2022,5,New York Jets,Miami Dolphins,17.2,26.2,25.6,23.0,-8.4,3.2,302.2,348.4,346.0,398.2,222.6,254.0,79.6,94.4,1.8,0.8,-0.4,0.6,17.2,20.6,0.3073015873015873,0.4213203463203463,3.8,1.6,1.6,1.8,0.4,0.8,16.0,20.8,1.0
401437763,2022-10-09 17:00:00+00:00,2022,5,Buffalo Bills,Pittsburgh Steelers,28.2,18.0,13.6,20.6,14.6,-2.6,414.8,285.8,198.2,382.6,288.4,192.2,126.4,93.6,1.4,1.6,0.4,0.6,24.8,17.6,0.5407614607614607,0.3528104575163399,1.6,1.8,4.4,2.6,0.8,0.4,27.6,18.8,1.0
401437766,2022-10-09 17:00:00+00:00,2022,5,Minnesota Vikings,Chicago Bears,23.4,16.2,19.4,21.6,4.0,-5.4,341.4,291.0,386.8,347.6,242.2,131.2,99.2,159.8,1.0,1.8,0.6,-0.4,20.6,16.6,0.35177045177045174,0.31904761904761897,2.0,4.6,3.2,2.0,0.8,0.4,28.2,18.8,1.0
401437772,2022-10-09 20:05:00+00:00,2022,5,Carolina Panthers,San Francisco 49ers,19.0,19.6,25.2,14.0,-6.2,5.6,273.2,349.4,358.6,240.6,174.2,214.2,99.0,135.2,1.6,1.4,-0.8,0.2,14.8,18.2,0.2603463203463203,0.40602240896358543,2.6,2.0,1.4,4.0,0.2,0.6,17.8,18.0,0.0
401437773,2022-10-09 20:25:00+00:00,2022,5,Arizona Cardinals,Philadelphia Eagles,23.6,28.2,28.2,24.4,-4.6,3.8,340.6,411.4,360.4,316.8,227.4,249.4,113.2,162.0,0.6,0.6,1.0,1.4,21.8,24.0,0.3428205128205128,0.4564504776269482,2.4,2.4,1.0,3.4,0.4,0.8,20.4,24.4,0.0
401437774,2022-10-09 20:25:00+00:00,2022,5,Los Angeles Rams,Dallas Cowboys,18.8,24.4,24.2,17.6,-5.4,6.8,288.2,345.2,363.0,309.8,220.6,227.8,67.6,117.4,2.2,0.4,-0.4,0.6,19.6,18.2,0.4716214177978884,0.36666666666666664,4.2,1.4,2.0,3.6,0.4,0.8,24.4,29.8,0.0
401437775,2022-10-10 00:20:00+00:00,2022,5,Baltimore Ravens,Cincinnati Bengals,26.4,21.4,23.2,18.2,3.2,3.2,363.6,313.8,402.8,337.2,200.2,226.4,163.4,87.4,1.6,1.2,0.6,0.6,19.4,19.6,0.36299700299700294,0.44868347338935577,2.2,4.0,1.8,1.6,0.4,0.4,24.0,21.4,1.0
401437776,2022-10-11 00:15:00+00:00,2022,5,Kansas City Chiefs,Las Vegas Raiders,31.4,26.2,24.0,26.4,7.4,-0.2,385.8,354.2,336.4,373.6,265.2,229.0,120.6,125.2,0.8,1.0,0.2,0.0,24.6,22.2,0.5071288515406163,0.4107843137254902,1.2,2.6,2.4,1.6,0.8,0.4,30.4,17.8,1.0
401437777,2022-10-14 00:15:00+00:00,2022,6,Chicago Bears,Washington Commanders,17.2,18.0,21.2,25.6,-4.0,-7.6,274.0,341.6,367.2,345.6,116.6,252.6,157.4,89.0,1.6,1.6,0.0,-1.4,14.6,20.2,0.33238095238095233,0.38877005347593585,3.6,4.0,1.6,2.8,0.4,0.2,20.4,18.5,0.0
401437782,2022-10-16 17:00:00+00:00,2022,6,Miami Dolphins,Minnesota Vikings,23.0,23.0,26.2,20.4,-3.2,2.6,347.8,361.0,386.8,369.8,265.0,259.2,82.8,101.8,1.2,1.2,-0.4,0.2,19.8,24.2,0.4007142857142857,0.4040781440781441,1.8,1.6,1.8,2.2,0.6,0.8,25.0,17.8,0.0
401437778,2022-10-16 17:00:00+00:00,2022,6,Atlanta Falcons,San Francisco 49ers,23.6,21.6,24.4,12.2,-0.8,9.4,331.4,339.0,393.0,249.2,166.8,200.2,164.6,138.8,1.6,1.2,-0.2,0.2,21.0,18.0,0.4035897435897436,0.3941176470588236,2.4,1.8,1.6,4.2,0.4,0.6,21.2,20.2,1.0
401437779,2022-10-16 17:00:00+00:00,2022,6,Cleveland Browns,New England Patriots,26.6,20.6,25.0,19.6,1.6,1.0,396.4,345.8,353.8,339.8,204.0,207.8,192.4,138.0,0.8,2.0,0.0,-0.4,24.6,19.2,0.44865079365079363,0.360427807486631,1.0,1.8,1.8,2.6,0.4,0.4,24.4,17.8,0.0
401437780,2022-10-16 17:00:00+00:00,2022,6,Green Bay Packers,New York Jets,19.4,23.2,19.2,23.6,0.2,-0.4,362.2,356.0,303.4,320.2,227.4,259.0,134.8,97.0,1.4,1.8,-0.6,0.0,21.4,20.6,0.4234920634920635,0.3839249639249639,2.2,2.4,2.4,2.0,0.6,0.6,27.4,22.0,0.0
401437781,2022-10-16 17:00:00+00:00,2022,6,Indianapolis Colts,Jacksonville Jaguars,13.8,22.2,18.8,16.0,-5.0,6.2,333.0,353.6,312.6,313.8,241.6,238.2,91.4,115.4,2.2,1.6,-1.2,0.2,20.2,21.0,0.3576923076923077,0.3795238095238095,4.2,1.2,2.2,2.0,0.5,0.4,23.0,22.4,1.0
401437784,2022-10-16 17:00:00+00:00,2022,6,New York Giants,Baltimore Ravens,20.6,27.6,18.6,23.4,2.0,4.2,333.2,352.4,326.0,398.2,154.2,207.8,179.0,144.6,1.0,1.2,0.2,1.0,20.8,19.8,0.356017316017316,0.41104895104895095,3.0,1.8,2.2,2.2,0.8,0.6,13.6,24.6,1.0
401437785,2022-10-16 17:00:00+00:00,2022,6,Pittsburgh Steelers,Tampa Bay Buccaneers,15.4,20.6,25.6,16.6,-10.2,4.0,295.8,337.6,416.8,309.0,207.2,271.6,88.6,66.0,1.8,1.2,0.2,0.6,18.4,20.6,0.3488888888888889,0.3991157372039725,2.2,1.4,2.0,3.8,0.2,0.6,19.8,25.8,1.0
401437783,2022-10-16 17:00:00+00:00,2022,6,New Orleans Saints,Cincinnati Bengals,23.0,21.6,25.6,17.8,-2.6,3.8,379.0,335.6,341.8,327.0,242.8,243.8,136.2,91.8,2.6,1.4,-1.6,0.2,20.0,21.4,0.3942857142857143,0.4572549019607843,2.8,3.8,2.0,1.6,0.4,0.4,19.0,18.4,0.0
401437786,2022-10-16 20:05:00+00:00,2022,6,Los Angeles Rams,Carolina Panthers,16.0,18.6,23.2,24.4,-7.2,-5.8,299.8,271.4,321.0,356.2,237.4,181.6,62.4,89.8,2.4,1.4,-1.0,-0.4,18.6,14.2,0.42456259426847665,0.2432034632034632,4.2,3.4,2.0,1.6,0.4,0.2,19.0,13.4,1.0
401437787,2022-10-16 20:05:00+00:00,2022,6,Seattle Seahawks,Arizona Cardinals,25.4,21.0,30.8,24.6,-5.4,-3.6,368.0,352.2,430.0,345.6,246.0,237.8,122.0,114.4,1.4,0.6,0.2,0.6,19.6,22.4,0.4443383413971649,0.3571062271062271,1.8,1.6,1.6,1.2,0.4,0.4,29.0,25.0,1.0
401437788,2022-10-16 20:25:00+00:00,2022,6,Kansas City Chiefs,Buffalo Bills,31.8,30.4,25.0,12.2,6.8,18.2,381.4,440.4,339.2,260.4,267.2,324.0,114.2,116.4,0.8,1.8,0.0,0.4,24.8,24.0,0.5095098039215686,0.562983682983683,1.6,1.6,2.6,3.2,0.8,0.8,32.6,26.6,0.0
401437789,2022-10-17 00:20:00+00:00,2022,6,Philadelphia Eagles,Dallas Cowboys,27.0,18.6,17.6,14.4,9.4,4.2,419.8,298.0,294.4,311.4,259.8,182.2,160.0,115.8,0.4,0.4,1.8,1.0,24.4,15.8,0.4376470588235294,0.3102564102564102,2.2,1.8,3.4,4.0,1.0,0.8,28.0,28.8,1.0
401437790,2022-10-18 00:15:00+00:00,2022,6,Los Angeles Chargers,Denver Broncos,24.4,15.0,27.2,16.0,-2.8,-1.0,390.4,343.6,368.2,289.0,291.2,231.0,99.2,112.6,0.8,1.2,0.4,0.0,20.6,16.8,0.3851373626373626,0.30103668261563,1.0,3.2,2.2,3.4,0.6,0.4,26.6,14.8,1.0
401437791,2022-10-21 00:15:00+00:00,2022,7,Arizona Cardinals,New Orleans Saints,18.6,22.8,19.6,26.4,-1.0,-3.6,358.8,381.8,307.2,328.2,236.2,230.2,122.6,151.6,1.0,2.4,0.2,-1.6,21.8,20.8,0.3571062271062271,0.4268648998060763,2.2,2.2,2.2,2.6,0.4,0.2,19.2,22.0,1.0
401437796,2022-10-23 17:00:00+00:00,2022,7,Jacksonville Jaguars,New York Giants,23.2,21.2,17.2,18.6,6.0,2.6,352.8,302.0,322.6,335.4,213.4,154.0,139.4,148.0,1.6,0.8,-0.4,0.6,21.2,20.6,0.42952380952380953,0.41601731601731595,1.6,2.8,1.8,2.4,0.4,0.8,17.2,16.4,0.0
401437794,2022-10-23 17:00:00+00:00,2022,7,Cincinnati Bengals,Atlanta Falcons,23.6,24.0,18.4,21.8,5.2,2.2,318.8,306.0,353.4,385.2,238.6,148.0,80.2,158.0,0.6,1.2,1.0,0.6,19.2,19.4,0.4772549019607843,0.4552380952380952,3.0,2.8,1.6,0.8,0.6,0.6,29.0,19.4,1.0
401437797,2022-10-23 17:00:00+00:00,2022,7,Tennessee Titans,Indianapolis Colts,19.2,16.6,23.6,20.2,-4.4,-3.6,278.2,316.4,390.8,328.6,175.4,251.4,102.8,65.0,1.2,1.8,0.2,-0.8,16.8,19.4,0.3616883116883117,0.411025641025641,2.4,3.8,2.6,2.4,0.6,0.6,23.6,13.0,1.0
401437798,2022-10-23 17:00:00+00:00,2022,7,Washington Commanders,Green Bay Packers,14.8,20.0,22.6,20.0,-7.8,0.0,306.4,350.2,347.2,280.0,208.8,225.6,97.6,124.6,1.0,1.2,-0.6,-0.4,17.8,20.2,0.28513368983957216,0.4068253968253968,4.4,2.2,3.4,2.6,0.2,0.6,17.666666666666668,22.6,1.0
401437792,2022-10-23 17:00:00+00:00,2022,7,Baltimore Ravens,Cleveland Browns,26.8,24.4,26.4,27.8,0.4,-3.4,378.8,391.0,369.8,381.4,204.6,228.0,174.2,163.0,1.4,1.6,0.6,-0.8,21.8,23.2,0.4141258741258741,0.41309523809523807,1.8,1.6,2.4,1.4,0.4,0.2,21.8,18.4,1.0
401437793,2022-10-23 17:00:00+00:00,2022,7,Carolina Panthers,Tampa Bay Buccaneers,15.8,20.4,24.0,20.0,-8.2,0.4,259.8,329.0,357.2,314.2,162.2,278.4,97.6,50.6,1.4,1.0,-0.2,0.6,12.8,21.0,0.21047619047619048,0.3848300229182582,3.0,1.4,1.6,3.4,0.2,0.4,16.6,23.4,1.0
401437795,2022-10-23 17:00:00+00:00,2022,7,Dallas Cowboys,Detroit Lions,21.4,28.0,15.8,34.0,5.6,-6.0,312.2,411.8,295.6,428.6,183.8,260.4,128.4,151.4,0.8,1.2,0.4,-0.4,17.6,21.4,0.35025641025641024,0.3742765567765568,1.0,1.4,4.4,1.4,0.8,0.2,25.2,15.8,1.0
401437799,2022-10-23 20:05:00+00:00,2022,7,Denver Broncos,New York Jets,15.0,26.8,16.4,20.8,-1.4,6.0,308.6,335.6,297.8,321.0,197.0,219.4,111.6,116.2,1.0,1.4,0.2,0.4,15.4,18.6,0.25151287309182047,0.3735353535353535,3.6,2.2,3.4,2.4,0.4,0.8,14.0,23.2,0.0
401437800,2022-10-23 20:05:00+00:00,2022,7,Las Vegas Raiders,Houston Texans,25.0,17.2,26.0,19.8,-1.0,-2.6,360.6,291.2,359.2,414.2,239.2,192.0,121.4,99.2,1.0,1.0,-0.4,0.6,21.0,16.6,0.39999999999999997,0.291025641025641,2.4,2.4,1.6,2.2,0.2,0.3,24.4,15.8,1.0
401437802,2022-10-23 20:25:00+00:00,2022,7,San Francisco 49ers,Kansas City Chiefs,22.4,27.0,14.0,25.6,8.4,1.4,342.0,361.2,266.2,371.4,228.4,259.0,113.6,102.2,1.4,1.0,-0.2,0.0,18.8,22.8,0.375,0.45723707664884133,1.4,2.2,4.2,2.2,0.6,0.6,27.8,32.2,0.0
401437801,2022-10-23 20:25:00+00:00,2022,7,Los Angeles Chargers,Seattle Seahawks,23.4,25.8,26.6,29.4,-3.2,-3.6,378.8,376.6,355.8,406.4,280.2,242.6,98.6,134.0,1.0,1.4,-0.2,0.2,21.8,19.6,0.39942307692307694,0.392390289449113,1.4,2.4,1.8,2.4,0.6,0.4,23.0,27.0,0.0
401437803,2022-10-24 00:20:00+00:00,2022,7,Miami Dolphins,Pittsburgh Steelers,22.2,14.8,29.6,25.2,-7.4,-10.4,378.0,296.4,379.4,391.2,293.6,207.4,84.4,89.0,1.8,1.8,-1.6,-0.8,20.8,18.8,0.37214285714285716,0.3888888888888889,2.4,2.4,2.0,1.0,0.4,0.2,24.2,13.8,1.0
401437804,2022-10-25 00:15:00+00:00,2022,7,New England Patriots,Chicago Bears,26.8,14.8,18.6,21.6,8.2,-6.8,371.4,311.4,344.0,343.8,229.4,126.4,142.0,185.0,1.6,1.8,0.8,-0.6,19.8,15.6,0.37153891859774213,0.3378754578754578,1.8,4.2,2.8,1.8,0.6,0.2,32.4,17.2,0.0
401437805,2022-10-28 00:15:00+00:00,2022,8,Tampa Bay Buccaneers,Baltimore Ravens,17.0,23.8,22.2,22.0,-5.2,1.8,341.4,335.0,321.2,327.6,296.0,159.8,45.4,175.2,0.8,1.6,-0.2,0.4,21.8,20.6,0.3593398268398268,0.4474592074592074,1.4,2.4,2.4,3.2,0.2,0.6,21.0,24.8,0.0
401435641,2022-10-30 13:30:00+00:00,2022,8,Jacksonville Jaguars,Denver Broncos,21.8,13.6,21.8,17.8,0.0,-4.2,377.0,303.4,366.2,303.0,228.4,200.6,148.6,102.8,1.8,1.0,-1.2,0.2,22.4,15.6,0.44183150183150177,0.2640128730918204,1.6,3.2,1.0,3.4,0.2,0.2,17.8,16.2,0.0
401437806,2022-10-30 17:00:00+00:00,2022,8,Atlanta Falcons,Carolina Panthers,22.0,16.8,22.6,20.8,-0.6,-4.0,296.6,273.4,425.2,368.6,135.2,170.4,161.4,103.0,0.6,1.0,0.6,0.2,18.6,12.0,0.47523809523809524,0.24380952380952384,2.8,2.8,1.2,1.2,0.6,0.4,23.4,13.4,1.0
401437809,2022-10-30 17:00:00+00:00,2022,8,Minnesota Vikings,Arizona Cardinals,23.2,21.2,22.2,21.8,1.0,-0.6,328.8,341.4,393.8,341.2,236.6,220.0,92.2,121.4,1.2,0.8,0.4,0.8,22.6,20.4,0.37587301587301586,0.370952380952381,2.0,2.4,2.6,2.0,0.8,0.4,26.8,20.2,1.0
401437811,2022-10-30 17:00:00+00:00,2022,8,New York Jets,New England Patriots,23.8,26.2,16.6,22.4,7.2,3.8,307.2,348.2,304.8,373.4,178.6,217.0,128.6,131.2,1.2,2.2,0.6,0.0,16.6,18.6,0.30972582972582974,0.3656565656565657,2.4,2.0,2.4,3.0,0.8,0.4,22.2,22.0,0.0
401437812,2022-10-30 17:00:00+00:00,2022,8,Philadelphia Eagles,Pittsburgh Steelers,24.6,14.0,14.0,25.0,10.6,-11.0,382.4,316.0,280.2,390.4,238.4,226.2,144.0,89.8,0.4,2.0,2.2,-1.2,23.4,19.4,0.4057142857142857,0.33936507936507937,2.8,2.2,3.2,1.0,1.0,0.2,27.8,13.8,1.0
401437807,2022-10-30 17:00:00+00:00,2022,8,Dallas Cowboys,Chicago Bears,22.2,19.4,13.6,19.0,8.6,0.4,310.8,343.8,307.2,313.0,176.0,146.2,134.8,197.6,0.8,1.8,1.4,0.0,18.0,18.2,0.3569230769230769,0.4315262515262515,1.2,4.4,4.2,1.4,0.8,0.4,18.8,18.8,1.0
401437808,2022-10-30 17:00:00+00:00,2022,8,Detroit Lions,Miami Dolphins,22.2,17.0,31.2,24.0,-9.0,-7.0,397.0,343.0,403.6,353.0,258.4,253.6,138.6,89.4,2.0,1.4,-1.0,-0.6,20.4,18.8,0.3123717948717949,0.302012987012987,2.2,2.2,1.6,2.4,0.2,0.4,36.6,19.4,0.0
401437810,2022-10-30 17:00:00+00:00,2022,8,New Orleans Saints,Las Vegas Raiders,27.6,28.8,30.8,25.2,-3.2,3.6,419.0,376.6,341.4,369.0,270.4,235.2,148.6,141.4,2.0,0.4,-1.4,0.4,22.2,22.4,0.457634130575307,0.397979797979798,1.0,1.4,2.8,1.8,0.2,0.4,23.6,21.8,1.0
401437813,2022-10-30 20:05:00+00:00,2022,8,Houston Texans,Tennessee Titans,17.2,19.0,23.4,21.4,-6.2,-2.4,312.2,257.2,390.8,370.4,206.8,145.4,105.4,111.8,1.0,1.2,0.2,0.4,16.8,16.2,0.34435897435897433,0.3904761904761905,2.0,2.6,2.0,2.2,0.2,0.8,24.6,18.6,0.0
401437815,2022-10-30 20:25:00+00:00,2022,8,Los Angeles Rams,San Francisco 49ers,18.8,21.6,19.0,21.4,-0.2,0.2,323.2,356.2,279.0,328.8,249.0,260.2,74.2,96.0,2.0,2.0,-1.2,-1.0,19.2,18.8,0.4322549019607843,0.40928571428571425,3.0,2.2,2.0,4.0,0.6,0.4,19.8,19.6,0.0
401437816,2022-10-30 20:25:00+00:00,2022,8,Seattle Seahawks,New York Giants,31.8,22.0,28.6,18.8,3.2,3.2,414.2,336.2,397.6,370.8,244.8,161.6,169.4,174.6,1.2,0.8,0.8,0.4,21.6,22.4,0.44635854341736697,0.44935064935064933,2.4,2.4,2.8,2.0,0.6,0.8,26.8,16.8,1.0
401437814,2022-10-30 20:25:00+00:00,2022,8,Indianapolis Colts,Washington Commanders,18.6,14.0,19.2,19.6,-0.6,-5.6,331.2,300.0,313.2,308.6,264.0,186.8,67.2,113.2,1.8,1.0,-0.6,-0.4,21.0,18.0,0.43256410256410255,0.27930035650623886,3.4,3.6,2.8,2.8,0.6,0.4,23.6,16.333333333333332,0.0
401437817,2022-10-31 00:20:00+00:00,2022,8,Buffalo Bills,Green Bay Packers,29.0,18.8,14.2,22.6,14.8,-3.8,446.4,313.8,289.2,307.2,329.2,222.2,117.2,91.6,1.2,1.2,0.8,-0.4,24.6,18.2,0.4557109557109557,0.2957142857142857,1.4,1.6,2.4,2.2,0.8,0.4,33.2,20.6,1.0
401437818,2022-11-01 00:15:00+00:00,2022,8,Cleveland Browns,Cincinnati Bengals,22.4,27.2,26.2,17.8,-3.8,9.4,377.2,375.4,351.8,328.8,228.4,297.4,148.8,78.0,1.8,0.6,-1.0,0.8,21.0,21.2,0.31612554112554114,0.5339393939393939,2.4,2.4,1.6,2.0,0.2,0.8,24.6,21.4,1.0
401437819,2022-11-04 00:15:00+00:00,2022,9,Houston Texans,Philadelphia Eagles,17.4,26.8,23.6,15.2,-6.2,11.6,297.6,365.4,391.6,287.8,199.6,231.8,98.0,133.6,1.2,0.2,0.2,2.2,15.8,22.4,0.34216117216117214,0.41468864468864464,2.0,2.8,2.0,4.0,0.2,1.0,24.0,27.0,0.0
401437826,2022-11-06 18:00:00+00:00,2022,9,New York Jets,Buffalo Bills,24.8,26.2,15.6,16.2,9.2,10.0,319.0,437.4,296.4,331.4,195.4,309.8,123.6,127.6,1.0,1.6,0.8,-0.2,16.2,24.0,0.30337662337662336,0.43593073593073595,2.0,1.6,3.2,2.4,0.8,0.8,20.4,26.0,1.0
401437824,2022-11-06 18:00:00+00:00,2022,9,Jacksonville Jaguars,Las Vegas Raiders,17.6,24.2,24.0,24.2,-6.4,0.0,355.4,348.4,370.0,359.8,198.8,215.4,156.6,133.0,2.2,0.4,-1.8,0.2,22.2,21.0,0.4078921078921079,0.36031746031746026,2.0,2.0,1.4,1.6,0.0,0.4,18.0,18.6,1.0
401437822,2022-11-06 18:00:00+00:00,2022,9,Cincinnati Bengals,Carolina Panthers,24.4,19.2,21.8,25.4,2.6,-6.2,355.2,310.4,351.2,364.6,283.8,202.6,71.4,107.8,0.8,1.2,0.2,-0.2,20.2,14.2,0.5139393939393939,0.2635897435897436,3.0,2.4,1.6,1.4,0.6,0.2,31.4,17.4,1.0
401437827,2022-11-06 18:00:00+00:00,2022,9,Washington Commanders,Minnesota Vikings,15.8,28.6,18.0,22.6,-2.2,6.0,324.4,352.2,293.4,371.6,209.4,237.8,115.0,114.4,1.0,0.8,0.0,1.2,18.0,23.6,0.24204545454545454,0.4015140415140415,2.2,2.2,2.6,2.8,0.6,1.0,19.0,17.2,0.0
401437823,2022-11-06 18:00:00+00:00,2022,9,Detroit Lions,Green Bay Packers,20.4,19.4,32.0,25.6,-11.6,-6.2,390.6,330.4,419.6,324.0,273.8,210.6,116.8,119.8,2.0,1.0,-1.0,-0.2,21.4,19.6,0.3397222222222222,0.3157142857142857,1.8,1.8,1.0,2.0,0.0,0.2,36.0,17.8,1.0
401437820,2022-11-06 18:00:00+00:00,2022,9,Atlanta Falcons,Los Angeles Chargers,24.0,23.2,24.8,28.6,-0.8,-5.4,300.6,364.4,436.8,372.8,141.6,270.2,159.0,94.2,0.6,1.2,0.6,0.0,18.0,21.8,0.4609523809523809,0.4035897435897436,2.6,1.6,1.0,2.0,0.6,0.6,26.8,29.8,0.0
401437821,2022-11-06 18:00:00+00:00,2022,9,Chicago Bears,Miami Dolphins,20.6,19.0,24.8,25.6,-4.2,-6.6,345.4,395.8,335.6,332.2,156.0,293.2,189.4,102.6,1.6,1.6,0.0,-1.0,19.2,21.2,0.4258119658119658,0.3603463203463203,4.2,2.2,1.4,1.8,0.2,0.4,17.4,21.6,0.0
401437825,2022-11-06 18:00:00+00:00,2022,9,New England Patriots,Indianapolis Colts,25.4,17.8,18.4,19.2,7.0,-1.4,316.4,344.2,372.0,322.6,188.8,266.4,127.6,77.8,1.6,2.0,0.8,-1.0,18.0,20.2,0.3843700159489633,0.43589743589743585,2.6,2.8,2.6,3.0,0.6,0.4,28.0,10.6,1.0
401437828,2022-11-06 21:05:00+00:00,2022,9,Arizona Cardinals,Seattle Seahawks,24.0,32.6,24.6,25.8,-0.6,6.8,343.4,385.6,349.6,365.4,220.4,221.2,123.0,164.4,1.4,1.2,0.2,0.8,20.8,20.8,0.377012987012987,0.38663003663003664,2.8,2.6,2.4,3.2,0.4,0.8,24.4,32.4,0.0
401437829,2022-11-06 21:25:00+00:00,2022,9,Tampa Bay Buccaneers,Los Angeles Rams,19.0,15.4,24.8,19.8,-5.8,-4.4,354.2,300.4,348.8,300.4,306.8,228.0,47.4,72.4,0.6,1.4,-0.4,-1.2,22.0,17.6,0.38451465201465196,0.43533182503770734,1.4,3.2,2.8,2.0,0.2,0.4,25.4,21.8,1.0
401437830,2022-11-07 01:20:00+00:00,2022,9,Kansas City Chiefs,Tennessee Titans,30.4,21.0,25.4,15.2,5.0,5.8,403.2,290.6,380.0,319.8,297.2,132.0,106.0,158.6,1.4,0.8,0.0,1.0,24.6,17.0,0.523903743315508,0.3904761904761905,2.2,2.8,2.8,2.6,0.6,1.0,32.2,19.4,1.0
401437831,2022-11-08 01:15:00+00:00,2022,9,New Orleans Saints,Baltimore Ravens,29.6,21.8,26.4,21.2,3.2,0.6,407.2,346.8,319.4,308.0,248.2,163.0,159.0,183.8,1.4,1.2,-0.6,0.2,22.8,22.2,0.4973777203188968,0.44885780885780885,0.8,2.2,3.0,3.2,0.4,0.6,24.8,25.8,0.0
401437832,2022-11-11 01:15:00+00:00,2022,10,Carolina Panthers,Atlanta Falcons,20.2,22.8,28.6,24.8,-8.4,-2.0,312.0,297.0,389.8,423.4,199.4,138.2,112.6,158.8,1.2,0.8,-0.4,0.4,14.6,18.0,0.2735897435897436,0.4851948051948051,2.0,2.8,1.6,0.8,0.2,0.4,19.6,20.2,1.0
401435638,2022-11-13 14:30:00+00:00,2022,10,Tampa Bay Buccaneers,Seattle Seahawks,16.0,29.2,19.2,21.0,-3.2,8.2,343.6,358.8,306.6,313.8,286.6,209.8,57.0,149.0,0.2,1.2,-0.2,0.6,20.2,20.8,0.3502289377289377,0.3699633699633699,1.4,3.0,3.0,4.0,0.4,0.8,20.4,31.0,1.0
401437839,2022-11-13 18:00:00+00:00,2022,10,Tennessee Titans,Denver Broncos,19.6,15.6,14.8,19.2,4.8,-3.6,264.2,317.4,340.4,310.6,93.0,214.6,171.2,102.8,0.6,1.2,1.2,-0.2,15.0,16.4,0.3086580086580087,0.2372186147186147,3.2,3.0,3.2,3.0,0.8,0.2,23.4,17.8,1.0
401437836,2022-11-13 18:00:00+00:00,2022,10,Miami Dolphins,Cleveland Browns,23.0,23.0,26.6,25.4,-3.6,-2.4,396.0,390.0,331.6,336.0,295.0,241.0,101.0,149.0,1.2,2.2,-0.6,-1.2,21.4,21.4,0.4203463203463203,0.3642024642024642,2.0,2.4,2.0,2.4,0.6,0.2,21.2,20.4,1.0
401437838,2022-11-13 18:00:00+00:00,2022,10,Pittsburgh Steelers,New Orleans Saints,13.2,27.2,26.2,26.2,-13.0,1.0,314.8,388.2,395.4,314.4,217.0,241.8,97.8,146.4,2.2,1.2,-1.4,-0.6,19.6,21.6,0.3338095238095238,0.4719231748643513,3.2,1.2,1.2,3.0,0.2,0.4,19.8,22.8,1.0
401437833,2022-11-13 18:00:00+00:00,2022,10,Buffalo Bills,Minnesota Vikings,25.8,27.0,16.0,21.2,9.8,5.8,401.4,337.8,351.0,341.0,270.0,236.8,131.4,101.0,1.8,0.8,-0.2,1.2,21.6,21.0,0.4367854367854368,0.44456959706959703,1.8,2.4,2.4,3.4,0.8,1.0,32.4,17.8,0.0
401437834,2022-11-13 18:00:00+00:00,2022,10,Chicago Bears,Detroit Lions,24.6,18.6,27.8,28.2,-3.2,-9.6,358.2,358.2,344.8,422.8,148.2,245.8,210.0,112.4,1.0,2.0,0.2,-0.6,20.6,20.6,0.48414529914529914,0.4113131313131313,3.4,1.8,1.2,1.0,0.2,0.2,22.0,15.0,0.0
401437835,2022-11-13 18:00:00+00:00,2022,10,Kansas City Chiefs,Jacksonville Jaguars,31.0,18.8,24.8,22.2,6.2,-3.4,440.0,392.2,374.0,354.0,330.2,216.2,109.8,176.0,1.2,1.4,0.0,-1.0,26.4,24.0,0.5481142696312975,0.47074925074925067,2.8,1.2,2.4,1.4,0.8,0.2,26.6,23.6,1.0
401437837,2022-11-13 18:00:00+00:00,2022,10,New York Giants,Houston Texans,21.4,16.8,19.6,24.8,1.8,-8.0,314.0,292.4,348.0,391.0,157.2,179.2,156.8,113.2,1.0,1.2,0.4,0.0,20.8,16.4,0.4698051948051948,0.33660561660561655,2.4,2.4,2.6,1.8,0.8,0.2,17.2,13.8,1.0
401437840,2022-11-13 21:05:00+00:00,2022,10,Las Vegas Raiders,Indianapolis Colts,23.8,15.0,24.8,19.6,-1.0,-4.6,333.4,295.4,368.2,314.6,205.0,209.6,128.4,85.8,0.4,1.6,0.2,-0.4,19.4,17.6,0.39365079365079364,0.3282051282051282,2.2,4.0,1.4,3.2,0.4,0.4,29.0,9.0,0.0
401437841,2022-11-13 21:25:00+00:00,2022,10,Los Angeles Rams,Arizona Cardinals,14.0,23.0,20.6,27.6,-6.6,-4.6,273.8,328.2,292.0,389.8,207.8,207.2,66.0,121.0,1.2,1.4,-1.0,-0.2,16.4,19.8,0.4136651583710407,0.3827272727272727,3.8,3.6,1.8,2.4,0.2,0.2,17.8,23.0,0.0
401437131,2022-11-13 21:25:00+00:00,2022,10,Green Bay Packers,Dallas Cowboys,15.8,27.4,23.8,16.2,-8.0,11.2,319.6,321.0,320.6,314.2,218.4,181.4,101.2,139.6,1.2,1.0,-0.4,1.2,18.6,18.2,0.33666666666666667,0.44363636363636366,1.8,1.4,1.2,4.0,0.0,0.8,24.6,26.8,1.0
401437842,2022-11-14 01:20:00+00:00,2022,10,San Francisco 49ers,Los Angeles Chargers,25.8,25.2,22.0,24.4,3.8,0.8,376.4,369.2,321.2,353.2,275.8,262.0,100.6,107.2,1.4,1.2,-0.4,0.4,20.6,22.4,0.5003968253968254,0.42666666666666664,2.0,1.4,3.6,2.4,0.6,0.8,25.6,28.0,1.0
401437843,2022-11-15 01:15:00+00:00,2022,10,Philadelphia Eagles,Washington Commanders,27.8,17.2,17.0,17.0,10.8,0.2,357.4,317.6,300.4,297.8,209.6,203.6,147.8,114.0,0.4,0.8,2.2,0.4,23.0,18.2,0.448021978021978,0.23537878787878785,3.0,2.4,2.8,2.8,1.0,0.6,28.0,16.5,0.0
401437844,2022-11-18 01:15:00+00:00,2022,11,Green Bay Packers,Tennessee Titans,17.6,18.2,24.0,13.4,-6.4,4.8,342.4,277.0,337.2,330.0,218.6,118.6,123.8,158.4,1.6,0.8,-0.4,0.6,18.2,14.0,0.34897435897435897,0.3003246753246753,1.8,2.8,1.4,3.8,0.2,0.8,23.4,17.2,0.0
401437846,2022-11-20 18:00:00+00:00,2022,11,Baltimore Ravens,Carolina Panthers,23.2,22.2,19.2,24.2,4.0,-2.0,351.4,317.0,291.4,368.6,162.4,170.8,189.0,146.2,0.8,1.0,0.4,-0.2,22.4,15.2,0.47655011655011653,0.31358974358974356,2.4,1.0,3.8,2.2,0.8,0.4,22.6,19.6,1.0
401437848,2022-11-20 18:00:00+00:00,2022,11,Houston Texans,Washington Commanders,15.2,20.2,22.8,17.0,-7.6,3.2,300.6,306.6,380.6,302.4,193.4,170.8,107.2,135.8,1.2,1.0,-0.2,1.0,17.6,19.8,0.3299389499389499,0.331482683982684,2.4,2.4,2.2,2.0,0.2,0.8,19.2,19.6,0.0
401437849,2022-11-20 18:00:00+00:00,2022,11,Indianapolis Colts,Philadelphia Eagles,17.6,26.2,21.8,19.2,-4.2,7.0,317.2,330.0,301.4,322.6,211.2,205.4,106.0,124.6,1.4,1.0,-0.6,1.0,17.8,21.6,0.3872960372960373,0.5196886446886447,3.0,2.8,2.8,2.6,0.4,0.8,21.4,26.2,0.0
401437847,2022-11-20 18:00:00+00:00,2022,11,Buffalo Bills,Cleveland Browns,27.2,22.4,18.6,28.6,8.6,-6.2,433.4,368.8,388.0,367.6,292.0,232.8,141.4,136.0,2.2,2.0,-0.6,-1.2,23.0,21.0,0.4717504717504718,0.37610722610722613,2.0,2.8,2.8,2.4,0.6,0.2,32.6,19.4,1.0
401437845,2022-11-20 18:00:00+00:00,2022,11,Atlanta Falcons,Chicago Bears,22.8,26.2,25.6,28.2,-2.8,-2.0,303.0,385.6,406.0,323.6,146.8,139.6,156.2,246.0,1.0,1.0,0.2,0.0,18.2,21.6,0.45402597402597406,0.5132362082362082,2.8,3.6,1.0,1.4,0.4,0.2,26.2,21.2,1.0
401437851,2022-11-20 18:00:00+00:00,2022,11,New Orleans Saints,Los Angeles Rams,21.4,15.6,23.8,21.2,-2.4,-5.6,337.8,273.6,311.0,286.2,232.6,205.8,105.2,67.8,1.2,1.2,-0.8,-1.0,18.4,15.8,0.407637460578637,0.4015439462498286,1.4,3.0,3.6,2.2,0.2,0.2,25.4,18.4,1.0
401437850,2022-11-20 18:00:00+00:00,2022,11,New England Patriots,New York Jets,25.8,24.0,13.6,15.0,12.2,9.0,302.8,311.4,307.6,300.4,194.6,172.6,108.2,138.8,1.6,0.8,0.6,0.6,16.8,16.6,0.4004127966976264,0.3002997002997002,2.6,2.2,4.2,3.6,0.8,0.8,29.0,21.6,1.0
401437852,2022-11-20 18:00:00+00:00,2022,11,New York Giants,Detroit Lions,22.2,15.8,20.4,24.6,1.8,-8.8,320.8,318.8,364.6,393.4,178.2,216.4,142.6,102.4,0.6,1.6,0.6,-0.2,20.4,20.2,0.48409090909090907,0.42222222222222217,2.8,2.0,2.2,1.6,0.8,0.4,20.6,18.0,0.0
401437853,2022-11-20 21:05:00+00:00,2022,11,Denver Broncos,Las Vegas Raiders,13.0,21.4,16.2,25.2,-3.2,-3.8,320.2,318.2,295.0,391.4,221.4,216.8,98.8,101.4,1.2,0.4,0.0,0.2,17.6,18.0,0.22973198370257192,0.37057387057387053,3.6,2.2,2.8,1.0,0.2,0.2,13.8,18.0,0.0
401437856,2022-11-20 21:25:00+00:00,2022,11,Pittsburgh Steelers,Cincinnati Bengals,13.2,27.4,23.4,23.0,-10.2,4.4,331.2,373.8,363.0,321.2,213.8,267.6,117.4,106.2,1.4,0.8,-0.6,0.4,21.2,23.0,0.3396918767507003,0.5272727272727272,3.8,3.2,1.4,1.4,0.4,0.6,20.0,20.8,0.0
401437855,2022-11-20 21:25:00+00:00,2022,11,Minnesota Vikings,Dallas Cowboys,28.0,28.0,22.2,20.4,5.8,7.6,365.2,349.4,370.6,337.8,251.0,190.4,114.2,159.0,1.0,1.4,1.4,0.8,21.2,20.0,0.45549396681749627,0.44363636363636366,2.6,1.6,3.4,4.0,1.0,0.6,29.0,28.2,0.0
401437854,2022-11-21 01:20:00+00:00,2022,11,Los Angeles Chargers,Kansas City Chiefs,21.6,28.2,24.0,22.0,-2.4,6.2,333.0,453.8,361.4,361.8,231.8,350.8,101.2,103.0,1.2,1.6,0.2,-0.8,20.4,26.2,0.40166666666666667,0.5469377990430622,1.8,2.2,1.8,3.2,0.6,0.8,22.0,34.8,0.0
401435642,2022-11-22 01:15:00+00:00,2022,11,Arizona Cardinals,San Francisco 49ers,25.0,25.4,27.0,23.4,-2.0,2.0,315.2,388.4,369.6,317.4,203.4,274.0,111.8,114.4,1.2,1.6,0.4,-0.8,18.8,22.4,0.3351082251082251,0.5229458450046686,3.8,2.2,2.6,2.8,0.4,0.6,22.6,20.4,0.0
401437857,2022-11-24 17:30:00+00:00,2022,12,Detroit Lions,Buffalo Bills,22.0,25.8,22.4,22.6,-0.4,3.2,321.4,394.4,403.2,394.4,207.2,242.8,114.2,151.6,1.2,1.8,0.6,-0.4,21.4,23.2,0.4478632478632479,0.4151848151848152,1.6,2.4,2.0,2.4,0.6,0.6,31.6,22.8,0.0
401437858,2022-11-24 21:30:00+00:00,2022,12,Dallas Cowboys,New York Giants,31.6,20.4,19.0,22.2,12.6,-1.8,393.2,335.8,309.8,369.4,236.6,200.4,156.6,135.4,1.4,1.2,0.4,0.0,22.6,20.6,0.5181461675579323,0.4519230769230769,1.0,3.0,4.4,1.8,0.6,0.6,24.2,17.4,1.0
401437859,2022-11-25 01:20:00+00:00,2022,12,Minnesota Vikings,New England Patriots,22.8,22.0,25.8,14.2,-3.0,7.8,316.0,289.4,408.0,265.8,210.6,196.6,105.4,92.8,1.0,1.4,1.2,0.4,18.6,15.0,0.31367578499931437,0.38707946336429305,3.8,3.8,3.0,4.6,0.8,0.8,23.4,21.6,1.0
401437866,2022-11-27 18:00:00+00:00,2022,12,Washington Commanders,Atlanta Falcons,22.4,22.6,17.6,27.6,4.8,-5.0,332.6,301.2,253.8,394.4,191.8,148.8,140.8,152.4,1.0,1.4,1.0,-0.6,21.0,18.2,0.34127289377289377,0.36989898989898984,1.8,2.4,2.0,1.8,0.8,0.4,18.6,20.2,1.0
401437863,2022-11-27 18:00:00+00:00,2022,12,Miami Dolphins,Houston Texans,27.4,14.6,22.0,26.2,5.4,-11.6,435.2,280.6,326.6,365.0,322.6,192.4,112.6,88.2,0.8,1.6,0.0,-1.0,23.4,16.8,0.45670995670995673,0.28378510378510374,1.8,3.2,2.2,2.2,0.8,0.0,22.4,15.6,1.0
401437864,2022-11-27 18:00:00+00:00,2022,12,New York Jets,Chicago Bears,16.6,29.6,13.6,31.2,3.0,-1.6,267.6,365.0,300.8,336.8,144.0,134.4,123.6,230.6,0.8,0.8,0.2,0.6,13.6,21.6,0.2522477522477522,0.5488131313131313,2.6,3.4,4.4,0.8,0.6,0.2,19.6,24.0,1.0
401437865,2022-11-27 18:00:00+00:00,2022,12,Tennessee Titans,Cincinnati Bengals,19.4,31.4,13.4,25.2,6.0,6.2,310.4,397.2,307.2,326.4,155.4,298.8,155.0,98.4,1.0,1.0,0.2,0.0,15.2,23.4,0.35087412587412586,0.5139393939393939,2.4,3.0,3.4,1.6,0.8,0.8,22.8,24.8,0.0
401437860,2022-11-27 18:00:00+00:00,2022,12,Carolina Panthers,Denver Broncos,20.8,14.4,22.0,18.2,-1.2,-3.8,317.4,309.2,358.2,315.2,182.6,216.6,134.8,92.6,1.4,0.8,-0.6,0.0,16.2,17.8,0.3235897435897436,0.2530653170359053,1.4,3.4,2.6,1.8,0.4,0.2,19.8,17.2,1.0
401437862,2022-11-27 18:00:00+00:00,2022,12,Jacksonville Jaguars,Baltimore Ravens,21.0,22.0,25.0,16.4,-4.0,5.6,370.8,348.0,401.6,274.2,207.0,167.0,163.8,181.0,1.0,0.8,0.0,0.8,23.0,21.8,0.44217782217782214,0.46564102564102566,2.2,2.8,1.2,4.0,0.2,0.8,18.2,27.0,1.0
401437861,2022-11-27 18:00:00+00:00,2022,12,Cleveland Browns,Tampa Bay Buccaneers,21.4,16.0,28.8,19.4,-7.4,-3.4,359.4,343.4,346.0,311.0,250.0,268.0,109.4,75.4,2.0,0.6,-1.2,-0.4,21.0,20.2,0.3688344988344988,0.371062271062271,3.0,1.4,2.6,2.6,0.2,0.4,26.8,17.6,1.0
401437867,2022-11-27 21:05:00+00:00,2022,12,Arizona Cardinals,Los Angeles Chargers,25.2,21.0,30.8,24.4,-5.6,-3.4,315.0,313.0,387.8,369.8,218.6,236.4,96.4,76.6,1.2,1.6,0.2,-0.2,19.6,19.6,0.38510822510822507,0.45595238095238094,3.2,2.6,1.6,2.0,0.4,0.4,20.4,24.8,0.0
401437868,2022-11-27 21:05:00+00:00,2022,12,Seattle Seahawks,Las Vegas Raiders,26.0,20.0,17.4,22.4,8.6,-2.4,336.2,324.0,310.0,381.8,209.6,231.8,126.6,92.2,1.2,0.4,0.6,0.2,21.6,18.4,0.3699633699633699,0.3417859917859918,3.0,2.0,3.8,1.0,0.8,0.4,27.4,18.6,0.0
401437869,2022-11-27 21:25:00+00:00,2022,12,Kansas City Chiefs,Los Angeles Rams,28.2,17.6,21.6,22.2,6.6,-4.6,477.2,276.2,359.2,303.0,362.2,186.4,115.0,89.8,1.8,0.6,-0.6,-0.4,25.0,16.4,0.5302711323763954,0.40238428238428237,1.8,2.8,3.8,2.4,0.8,0.2,24.8,16.4,1.0
401437870,2022-11-27 21:25:00+00:00,2022,12,San Francisco 49ers,New Orleans Saints,25.6,21.6,22.4,21.8,3.2,-0.2,386.4,322.6,318.6,308.6,270.8,245.4,115.6,77.2,1.4,1.2,-0.4,-1.0,22.2,17.8,0.5153700874289109,0.38624708624708626,1.8,2.0,2.2,3.8,0.6,0.4,23.8,23.0,1.0
401437871,2022-11-28 01:20:00+00:00,2022,12,Philadelphia Eagles,Green Bay Packers,25.6,19.0,19.0,24.0,6.6,-5.0,321.4,341.0,306.8,363.2,196.4,218.0,125.0,123.0,1.4,1.4,0.6,0.0,20.4,18.2,0.5107142857142857,0.39897435897435896,3.0,1.2,3.2,1.6,0.8,0.2,27.0,13.6,1.0
401437872,2022-11-29 01:15:00+00:00,2022,12,Indianapolis Colts,Pittsburgh Steelers,14.0,18.6,19.8,23.2,-5.8,-4.6,287.2,328.6,288.4,334.2,170.4,201.6,116.8,127.0,1.6,1.0,-0.6,-0.2,14.8,20.0,0.32062937062937064,0.3671428571428571,3.8,3.6,2.6,1.8,0.2,0.4,20.6,13.2,0.0
401437873,2022-12-02 01:15:00+00:00,2022,13,New England Patriots,Buffalo Bills,19.6,26.6,17.8,23.6,1.8,3.0,291.4,386.0,271.8,382.2,209.2,226.6,82.2,159.4,1.2,1.8,0.0,-0.4,14.4,23.6,0.3470794633642931,0.45912420912420915,4.0,2.8,4.0,2.2,0.6,0.6,21.0,22.2,0.0
401437876,2022-12-04 18:00:00+00:00,2022,13,Chicago Bears,Green Bay Packers,25.0,21.4,34.6,27.4,-9.6,-6.0,345.4,363.0,378.0,390.4,138.0,226.4,207.4,136.6,0.8,1.6,-0.2,-0.2,19.6,18.8,0.4881293706293707,0.42754578754578754,3.0,1.8,0.8,1.8,0.0,0.2,22.2,18.8,0.0
401437878,2022-12-04 18:00:00+00:00,2022,13,Houston Texans,Cleveland Browns,13.6,23.0,24.6,24.6,-11.0,-1.6,241.8,367.2,352.8,331.2,168.0,234.0,73.8,133.2,2.0,1.4,-1.2,-0.8,15.4,22.2,0.19455433455433452,0.3743246949129302,4.0,3.0,3.0,2.8,0.0,0.4,16.2,21.2,0.0
401437880,2022-12-04 18:00:00+00:00,2022,13,New York Giants,Washington Commanders,19.6,21.6,23.8,16.0,-4.2,5.6,348.2,322.6,374.2,273.8,211.4,179.8,136.8,142.8,1.0,1.0,0.2,1.0,21.2,20.6,0.4064685314685315,0.33710622710622706,2.8,1.6,1.4,2.2,0.4,0.8,20.4,18.8,
401437881,2022-12-04 18:00:00+00:00,2022,13,Philadelphia Eagles,Tennessee Titans,28.4,18.8,22.2,15.4,6.2,3.4,367.8,328.4,312.2,323.6,197.4,188.4,170.4,140.0,1.6,0.8,0.2,-0.2,21.8,15.0,0.5316666666666666,0.3550407925407925,2.6,2.2,3.8,3.0,0.8,0.6,30.2,21.2,1.0
401437879,2022-12-04 18:00:00+00:00,2022,13,Minnesota Vikings,New York Jets,24.6,17.4,27.8,13.6,-3.2,3.8,340.8,305.2,398.2,303.6,239.6,185.8,101.2,119.4,1.2,0.8,0.4,0.2,21.0,15.2,0.38700911833264773,0.3507326007326007,3.4,2.4,2.4,4.0,0.8,0.6,25.4,20.2,1.0
401437877,2022-12-04 18:00:00+00:00,2022,13,Detroit Lions,Jacksonville Jaguars,25.8,21.2,23.2,23.6,2.6,-2.4,324.2,361.4,417.4,397.8,214.2,238.6,110.0,122.8,0.6,1.0,1.2,0.4,22.2,21.6,0.46119658119658113,0.4037162837162837,1.0,2.2,2.2,1.4,0.6,0.4,29.6,25.0,1.0
401437874,2022-12-04 18:00:00+00:00,2022,13,Atlanta Falcons,Pittsburgh Steelers,21.8,19.4,24.4,23.0,-2.6,-3.6,324.8,339.2,349.8,331.4,160.4,193.2,164.4,146.0,1.6,1.0,-0.6,0.2,19.2,21.4,0.36989898989898984,0.37380952380952376,2.0,3.8,1.2,2.0,0.4,0.4,26.4,13.4,0.0
401437875,2022-12-04 18:00:00+00:00,2022,13,Baltimore Ravens,Denver Broncos,23.4,13.2,17.2,19.0,6.2,-5.8,349.8,306.8,293.0,325.6,178.6,209.6,171.2,97.2,0.8,1.0,0.8,-0.2,22.0,18.0,0.4999267399267399,0.2530653170359053,2.6,3.2,4.0,1.4,0.8,0.2,22.6,16.0,1.0
401437883,2022-12-04 21:05:00+00:00,2022,13,San Francisco 49ers,Miami Dolphins,25.4,30.2,16.8,20.2,8.6,10.0,380.6,411.4,312.8,321.8,255.8,300.2,124.8,111.2,0.8,0.4,0.6,1.0,22.2,23.8,0.5172931643519878,0.4529004329004328,2.0,1.6,2.0,2.6,0.8,1.0,21.8,28.0,1.0
401437882,2022-12-04 21:05:00+00:00,2022,13,Los Angeles Rams,Seattle Seahawks,14.8,29.0,25.4,23.6,-10.6,5.4,243.8,351.4,349.8,362.2,153.0,239.0,90.8,112.4,0.8,1.4,-0.4,0.4,14.6,22.2,0.37930735930735926,0.37948717948717947,3.2,2.6,2.0,2.8,0.0,0.6,19.2,32.8,0.0
401437884,2022-12-04 21:25:00+00:00,2022,13,Cincinnati Bengals,Kansas City Chiefs,29.4,29.4,23.2,18.8,6.2,10.6,402.4,487.2,315.4,310.2,297.4,362.4,105.0,124.8,0.8,1.8,0.2,-0.4,23.4,26.2,0.4653679653679654,0.5484529505582136,2.6,1.2,1.6,4.2,0.8,1.0,31.6,35.2,1.0
401437885,2022-12-04 21:25:00+00:00,2022,13,Las Vegas Raiders,Los Angeles Chargers,20.4,22.2,25.2,26.0,-4.8,-3.8,359.2,315.8,375.4,391.4,243.2,240.8,116.0,75.0,0.8,1.4,0.0,0.2,18.8,19.2,0.3671828171828172,0.4482600732600733,2.0,3.0,1.4,1.4,0.4,0.4,29.6,25.0,1.0
401437886,2022-12-05 01:20:00+00:00,2022,13,Dallas Cowboys,Indianapolis Colts,33.8,15.4,17.8,20.8,16.0,-5.4,416.2,286.8,316.2,302.2,252.6,161.0,163.6,125.8,1.2,1.4,0.6,-0.6,23.6,15.2,0.5654188948306595,0.3090909090909091,1.0,3.8,4.2,2.8,0.8,0.2,29.2,10.0,1.0
401437887,2022-12-06 01:15:00+00:00,2022,13,Tampa Bay Buccaneers,New Orleans Saints,15.8,14.8,20.0,16.0,-4.2,-1.2,347.6,275.8,330.4,306.8,268.0,203.0,79.6,72.8,0.6,1.0,-0.2,-0.8,19.4,15.6,0.3672527472527472,0.36666666666666664,1.6,2.2,3.0,3.6,0.4,0.4,22.2,17.0,1.0
401437888,2022-12-09 01:15:00+00:00,2022,14,Los Angeles Rams,Las Vegas Raiders,16.6,25.8,24.6,24.4,-8.0,1.4,263.0,403.4,363.8,379.2,149.2,264.2,113.8,139.2,1.2,1.0,-0.4,0.0,15.4,20.4,0.3228971028971029,0.35575424575424575,3.6,1.2,2.2,2.4,0.0,0.6,17.6,22.2,1.0
401437891,2022-12-11 18:00:00+00:00,2022,14,Dallas Cowboys,Houston Texans,39.8,14.4,20.4,26.6,19.4,-12.2,427.2,266.2,315.6,342.8,247.4,184.6,179.8,81.6,1.2,2.6,0.6,-1.8,24.0,16.6,0.6064445358563006,0.18264957264957263,0.8,3.4,3.8,2.6,0.8,0.0,36.0,16.8,1.0
401437895,2022-12-11 18:00:00+00:00,2022,14,Tennessee Titans,Jacksonville Jaguars,17.4,20.6,20.4,27.0,-3.0,-6.4,299.4,324.2,382.0,398.0,204.8,210.8,94.6,113.4,0.4,1.0,0.0,0.4,14.0,19.0,0.34551698301698297,0.3614085914085914,2.8,2.6,2.8,1.6,0.4,0.4,19.2,23.4,0.0
401437889,2022-12-11 18:00:00+00:00,2022,14,Buffalo Bills,New York Jets,26.0,18.6,22.2,17.2,3.8,1.4,383.2,350.4,351.0,296.2,228.0,238.0,155.2,112.4,1.6,1.2,-0.4,-0.4,24.0,17.8,0.521981351981352,0.34537545787545787,2.8,2.0,2.0,4.2,0.6,0.4,33.4,18.4,1.0
401437892,2022-12-11 18:00:00+00:00,2022,14,Detroit Lions,Minnesota Vikings,28.4,23.2,19.8,27.0,8.6,-3.8,333.0,322.0,375.4,420.4,219.4,229.8,113.6,92.2,0.6,1.0,1.2,0.4,24.0,20.2,0.5056410256410256,0.3947014260249554,1.2,3.2,2.2,1.8,0.8,0.8,30.4,22.4,1.0
401437890,2022-12-11 18:00:00+00:00,2022,14,Cincinnati Bengals,Cleveland Browns,27.8,24.4,24.6,22.8,3.2,1.6,381.2,360.8,342.4,337.0,261.4,215.4,119.8,145.4,0.8,1.4,0.4,-0.2,22.8,21.4,0.4653679653679654,0.3994995200877554,2.2,2.2,1.4,2.2,0.8,0.6,30.2,21.4,1.0
401437893,2022-12-11 18:00:00+00:00,2022,14,New York Giants,Philadelphia Eagles,19.0,28.4,24.4,21.6,-5.4,6.8,324.2,378.2,366.0,293.6,207.8,216.6,116.4,161.6,1.2,1.6,0.0,-0.2,19.8,23.0,0.368006993006993,0.46954545454545454,3.4,2.4,2.4,3.8,0.3,0.8,21.2,25.6,0.0
401437894,2022-12-11 18:00:00+00:00,2022,14,Pittsburgh Steelers,Baltimore Ravens,21.2,20.8,23.0,15.0,-1.8,5.8,341.2,356.0,318.2,280.2,183.4,196.2,157.8,159.8,0.4,1.0,1.0,0.2,22.0,22.6,0.41666666666666663,0.45274725274725275,3.4,2.8,2.2,3.4,0.6,0.8,20.8,27.6,0.0
401437899,2022-12-11 21:05:00+00:00,2022,14,Denver Broncos,Kansas City Chiefs,13.2,25.4,17.8,19.6,-4.6,5.8,296.4,451.2,330.6,307.6,202.6,321.2,93.8,130.0,0.8,1.6,0.4,-0.8,16.2,25.4,0.22389865036923856,0.5242105263157895,3.4,1.4,1.6,3.4,0.2,0.8,12.2,31.2,0.0
401437898,2022-12-11 21:25:00+00:00,2022,14,Seattle Seahawks,Carolina Panthers,27.0,21.2,23.6,23.4,3.4,-2.2,358.2,318.6,360.2,343.0,270.4,181.4,87.8,137.2,1.4,1.6,0.4,-0.4,22.4,17.2,0.36837606837606834,0.29025641025641025,3.0,1.2,3.0,3.0,0.6,0.4,24.0,16.8,0.0
401437897,2022-12-11 21:25:00+00:00,2022,14,San Francisco 49ers,Tampa Bay Buccaneers,27.4,18.6,11.4,19.0,16.0,-0.4,362.0,353.2,268.6,321.4,233.2,267.6,128.8,85.6,0.4,1.0,1.4,-0.6,22.0,21.0,0.4872179763820631,0.4405860805860805,1.8,1.6,2.4,3.2,1.0,0.6,23.0,15.4,1.0
401437896,2022-12-12 01:20:00+00:00,2022,14,Los Angeles Chargers,Miami Dolphins,21.6,30.4,24.0,24.8,-2.4,5.6,327.2,398.6,391.4,323.8,248.4,303.0,78.8,95.6,1.2,1.2,0.4,-0.2,19.4,23.2,0.44409340659340657,0.3957575757575757,3.4,2.2,1.0,3.0,0.4,0.8,20.6,23.0,1.0
401437900,2022-12-13 01:15:00+00:00,2022,14,Arizona Cardinals,New England Patriots,21.6,18.8,29.0,16.0,-7.4,2.8,323.0,287.8,351.2,264.8,217.8,207.6,105.2,80.2,1.6,0.4,-0.8,0.8,19.4,14.8,0.43280053280053277,0.2970794633642931,3.0,4.0,2.4,3.6,0.2,0.6,22.8,25.4,0.0
401437901,2022-12-16 01:15:00+00:00,2022,15,Seattle Seahawks,San Francisco 49ers,26.4,28.2,27.0,10.0,-0.6,18.2,360.2,369.2,380.8,288.4,280.6,220.8,79.6,148.4,1.6,0.6,-0.2,1.8,21.8,22.4,0.4145299145299145,0.46499575415984085,3.0,1.2,2.4,2.0,0.4,1.0,25.4,26.0,0.0
401437904,2022-12-17 18:00:00+00:00,2022,15,Minnesota Vikings,Indianapolis Colts,23.8,16.0,30.4,28.2,-6.6,-12.2,345.0,283.8,460.6,306.8,259.6,163.8,85.4,120.0,1.2,2.0,0.0,-1.2,21.4,15.8,0.38720142602495544,0.28729603729603725,3.6,4.0,1.2,2.6,0.6,0.2,25.2,13.8,1.0
401437903,2022-12-17 21:40:00+00:00,2022,15,Cleveland Browns,Baltimore Ravens,20.0,18.6,24.8,13.4,-4.8,5.2,341.6,327.2,363.8,276.2,216.4,170.6,125.2,156.6,1.2,1.0,-0.2,0.6,20.2,20.8,0.3297559303441656,0.421978021978022,2.2,2.6,1.6,3.2,0.4,0.8,25.4,23.4,1.0
401437902,2022-12-18 01:15:00+00:00,2022,15,Buffalo Bills,Miami Dolphins,26.6,27.6,20.6,24.0,6.0,3.6,366.2,347.2,350.8,331.6,217.4,254.6,148.8,92.6,1.2,1.0,0.2,0.0,23.0,20.6,0.4296736596736596,0.31696969696969696,2.4,2.2,2.4,3.6,0.8,0.6,29.2,23.4,1.0
401437907,2022-12-18 18:00:00+00:00,2022,15,Carolina Panthers,Pittsburgh Steelers,20.4,21.4,20.8,19.2,-0.4,2.2,288.6,346.6,319.2,299.8,140.6,204.6,148.0,142.0,1.4,0.6,-0.2,0.8,17.4,22.4,0.30564102564102563,0.5,1.4,2.6,3.2,2.0,0.6,0.6,20.0,13.8,0.0
401437910,2022-12-18 18:00:00+00:00,2022,15,Jacksonville Jaguars,Dallas Cowboys,24.4,35.4,27.2,19.2,-2.8,16.2,348.8,419.6,404.6,306.8,261.6,254.4,87.2,165.2,0.6,1.6,1.4,0.4,18.6,23.4,0.38098901098901095,0.5494748388866035,2.2,0.8,1.8,3.0,0.6,0.8,19.0,26.0,1.0
401437909,2022-12-18 18:00:00+00:00,2022,15,Houston Texans,Kansas City Chiefs,15.6,28.2,26.2,21.8,-10.6,6.4,271.0,437.6,351.6,325.8,200.2,305.2,70.8,132.4,2.6,2.0,-1.4,-0.8,15.8,23.6,0.23153846153846153,0.5399999999999999,2.8,1.0,2.0,4.0,0.0,0.8,15.0,34.6,0.0
401437905,2022-12-18 18:00:00+00:00,2022,15,New Orleans Saints,Atlanta Falcons,13.2,17.6,19.4,21.4,-6.2,-3.8,262.0,304.8,340.2,324.4,203.2,144.6,58.8,160.2,1.0,1.4,-0.6,-0.6,14.0,18.6,0.3214285714285714,0.32989898989898986,2.6,1.8,3.0,1.0,0.2,0.2,25.8,17.4,1.0
401437908,2022-12-18 18:00:00+00:00,2022,15,Chicago Bears,Philadelphia Eagles,23.0,32.2,30.4,22.6,-7.4,9.6,353.0,393.6,361.0,293.8,162.6,210.0,190.4,183.6,1.2,1.4,-0.8,-0.2,18.2,23.6,0.5172202797202796,0.47863636363636364,2.2,2.4,0.6,4.6,0.0,0.8,22.2,27.6,0.0
401437911,2022-12-18 18:00:00+00:00,2022,15,New York Jets,Detroit Lions,17.6,32.2,16.8,22.6,0.8,9.6,334.8,375.0,285.0,380.8,217.4,258.0,117.4,117.0,1.0,0.4,-0.4,1.2,18.2,24.8,0.36806453350570995,0.4898834498834499,2.4,1.2,3.6,2.8,0.4,0.8,24.0,18.4,0.0
401437915,2022-12-18 21:05:00+00:00,2022,15,Las Vegas Raiders,New England Patriots,25.0,19.8,22.4,15.2,2.6,4.6,399.6,295.8,355.0,252.0,242.0,220.4,157.6,75.4,1.2,0.4,-0.2,0.6,20.6,14.6,0.3826773226773227,0.2884670231729055,0.8,3.0,3.2,4.4,0.6,0.6,28.0,27.4,1.0
401437912,2022-12-18 21:05:00+00:00,2022,15,Denver Broncos,Arizona Cardinals,14.6,19.0,21.2,27.6,-6.6,-8.6,294.2,312.6,355.8,340.6,199.4,200.4,94.8,112.2,1.0,1.4,0.4,-0.6,16.0,18.2,0.25812324929971986,0.4172161172161172,4.0,3.4,1.6,2.0,0.0,0.2,14.6,23.4,1.0
401437913,2022-12-18 21:25:00+00:00,2022,15,Los Angeles Chargers,Tennessee Titans,22.2,18.4,24.0,23.6,-1.8,-5.2,346.4,326.4,372.2,367.8,269.4,238.8,77.0,87.6,0.8,1.2,0.4,-1.0,20.4,16.6,0.44409340659340657,0.42733516483516476,4.2,3.0,1.0,2.0,0.4,0.4,20.4,18.4,1.0
401437914,2022-12-18 21:25:00+00:00,2022,15,Tampa Bay Buccaneers,Cincinnati Bengals,15.6,29.8,20.6,20.2,-5.0,9.6,347.8,408.0,311.6,323.2,257.2,268.2,90.6,139.8,1.4,0.6,-0.8,0.4,20.6,24.4,0.429047619047619,0.4653679653679654,1.0,1.6,2.6,1.4,0.6,1.0,19.4,23.4,0.0
401437906,2022-12-19 01:20:00+00:00,2022,15,Washington Commanders,New York Giants,22.2,20.8,16.8,28.6,5.4,-7.8,332.4,340.0,272.2,398.0,175.8,214.6,156.6,125.4,1.0,1.0,0.8,0.0,21.6,20.6,0.3466300366300366,0.35454545454545455,2.2,3.8,2.6,2.6,0.7,0.3,16.8,20.8,0.0
401437916,2022-12-20 01:15:00+00:00,2022,15,Green Bay Packers,Los Angeles Rams,23.6,17.4,25.8,24.6,-2.2,-7.2,354.8,278.2,398.4,359.6,224.8,163.8,130.0,114.4,1.4,1.4,0.2,-0.2,18.8,17.6,0.41985347985347976,0.3362304362304362,1.4,3.6,1.4,2.0,0.4,0.2,21.4,14.4,1.0
401437917,2022-12-23 01:15:00+00:00,2022,16,New York Jets,Jacksonville Jaguars,17.0,27.0,17.4,30.0,-0.4,-3.0,340.2,368.8,293.4,419.8,247.6,276.8,92.6,92.0,1.0,1.0,-0.8,1.2,17.6,19.4,0.39114145658263305,0.3943223443223443,2.8,2.4,2.6,2.0,0.2,0.6,25.0,23.0,0.0
401437919,2022-12-24 18:00:00+00:00,2022,16,Carolina Panthers,Detroit Lions,19.4,30.0,17.2,20.0,2.2,10.0,284.8,382.2,291.4,366.6,145.4,262.8,139.4,119.4,0.8,0.4,0.4,1.2,17.2,23.2,0.32836829836829834,0.4656410256410256,2.2,0.8,3.0,3.0,0.6,0.8,20.0,17.6,1.0
401437921,2022-12-24 18:00:00+00:00,2022,16,Cleveland Browns,New Orleans Saints,19.2,14.8,17.6,17.6,1.6,-2.8,338.8,283.0,330.4,340.4,207.4,207.0,131.4,76.0,1.0,1.0,0.4,-0.4,20.0,14.8,0.31308926367749895,0.3577922077922078,2.2,2.2,2.0,3.2,0.6,0.4,22.2,14.8,0.0
401437923,2022-12-24 18:00:00+00:00,2022,16,Minnesota Vikings,New York Giants,25.0,20.0,31.6,27.8,-6.6,-7.8,352.4,324.2,431.6,398.0,278.0,211.4,74.4,112.8,1.4,1.0,-0.8,0.0,23.0,20.6,0.3715151515151515,0.29454545454545455,4.2,3.2,1.4,2.4,0.6,0.3,27.2,20.6,1.0
401437920,2022-12-24 18:00:00+00:00,2022,16,Chicago Bears,Buffalo Bills,20.6,27.0,28.4,19.8,-7.8,7.2,329.0,358.2,369.4,335.6,157.6,214.4,171.4,143.8,1.4,0.6,-0.4,0.4,16.6,23.0,0.46914335664335666,0.4362670662670663,3.0,2.4,0.8,2.0,0.0,1.0,21.6,23.2,0.0
401437922,2022-12-24 18:00:00+00:00,2022,16,Kansas City Chiefs,Seattle Seahawks,28.8,22.8,23.2,27.0,5.6,-4.2,440.8,331.4,306.6,404.6,301.6,269.4,139.2,62.0,1.8,1.6,-0.4,-0.4,25.0,19.6,0.5,0.34273504273504274,1.4,3.2,3.2,1.6,0.8,0.2,24.6,28.6,1.0
401437924,2022-12-24 18:00:00+00:00,2022,16,New England Patriots,Cincinnati Bengals,19.4,28.2,20.6,20.6,-1.2,7.6,318.8,362.6,289.4,356.8,216.2,260.4,102.6,102.2,0.4,0.8,0.6,0.4,16.2,22.4,0.2486480186480186,0.4222910422910423,2.2,1.6,3.2,1.6,0.4,1.0,17.8,26.8,0.0
401437918,2022-12-24 18:00:00+00:00,2022,16,Baltimore Ravens,Atlanta Falcons,13.8,17.8,13.4,21.6,0.4,-3.8,328.2,305.8,284.2,326.8,169.6,139.6,158.6,166.2,1.4,1.2,0.0,-0.6,19.6,19.0,0.3853113553113553,0.351489898989899,2.6,2.2,3.0,1.4,0.6,0.2,17.0,15.6,1.0
401437925,2022-12-24 19:00:00+00:00,2022,16,Tennessee Titans,Houston Texans,17.8,17.2,25.0,27.4,-7.2,-10.2,321.8,237.4,378.2,378.6,221.4,168.0,100.4,69.4,1.2,2.4,-0.8,-0.8,17.2,15.0,0.40688061938061937,0.25153846153846154,3.6,2.2,1.4,1.8,0.2,0.0,19.6,17.4,0.0
401437926,2022-12-24 21:05:00+00:00,2022,16,San Francisco 49ers,Washington Commanders,28.0,21.2,9.4,16.8,18.6,4.4,368.0,357.2,296.2,269.6,217.0,196.2,151.0,161.0,0.4,1.2,2.0,0.4,21.0,22.0,0.4514210935263566,0.30663003663003663,1.2,2.2,2.0,2.2,1.0,0.7,25.2,20.8,1.0
401437927,2022-12-24 21:25:00+00:00,2022,16,Dallas Cowboys,Philadelphia Eagles,36.6,33.0,21.0,20.2,15.6,12.8,414.8,425.0,324.4,277.4,250.6,237.8,164.2,187.2,1.6,1.2,0.6,-0.2,23.4,24.0,0.5953081722199369,0.4661363636363636,1.0,2.4,2.8,5.2,0.8,1.0,36.4,27.8,1.0
401437928,2022-12-25 01:15:00+00:00,2022,16,Pittsburgh Steelers,Las Vegas Raiders,22.2,27.0,20.4,22.2,1.8,4.8,335.8,399.4,304.4,335.6,206.0,237.8,129.8,161.6,0.6,1.4,0.4,-0.4,21.2,20.6,0.5441176470588236,0.37718281718281715,1.6,1.0,2.4,3.0,0.6,0.8,20.8,19.6,1.0
401437929,2022-12-25 18:00:00+00:00,2022,16,Miami Dolphins,Green Bay Packers,26.4,26.6,24.0,25.2,2.4,1.4,352.4,346.0,347.2,378.8,237.6,209.6,114.8,136.4,1.0,1.2,0.2,0.4,20.4,20.4,0.2883982683982683,0.4020757020757021,2.6,1.8,3.6,2.4,0.4,0.6,24.4,21.6,0.0
401436983,2022-12-25 21:30:00+00:00,2022,16,Los Angeles Rams,Denver Broncos,16.4,17.4,24.0,20.8,-7.6,-3.4,258.2,296.4,369.0,342.4,142.6,181.0,115.6,115.4,1.2,1.2,0.4,0.6,16.6,17.0,0.3544122544122544,0.28379169849758085,4.0,4.2,2.2,2.0,0.2,0.2,19.0,13.2,1.0
401437930,2022-12-26 01:20:00+00:00,2022,16,Arizona Cardinals,Tampa Bay Buccaneers,17.8,17.0,26.2,24.8,-8.4,-7.8,308.2,362.4,321.2,317.8,205.8,263.6,102.4,98.8,1.8,2.2,-0.8,-1.4,17.8,22.0,0.3648351648351648,0.41,3.0,1.0,3.0,2.2,0.2,0.4,22.0,13.0,0.0
401437931,2022-12-27 01:15:00+00:00,2022,16,Indianapolis Colts,Los Angeles Chargers,22.6,22.4,30.8,22.4,-8.2,0.0,327.8,371.8,369.8,351.6,189.2,290.2,138.6,81.6,2.0,1.0,-0.8,0.2,18.2,22.6,0.3504539320328794,0.43063186813186816,2.8,4.2,3.2,1.6,0.2,0.6,20.0,22.2,0.0
401437932,2022-12-30 01:15:00+00:00,2022,17,Tennessee Titans,Dallas Cowboys,15.2,36.6,25.4,27.2,-10.2,9.4,294.6,407.0,381.0,376.2,175.0,250.0,119.6,157.0,1.6,1.8,-1.0,1.0,16.2,23.8,0.3658549783549784,0.5607983682983683,3.8,2.2,1.4,1.4,0.0,0.8,17.6,28.2,0.0
401437938,2023-01-01 18:00:00+00:00,2022,17,New England Patriots,Miami Dolphins,21.0,22.6,24.4,25.8,-3.4,-3.2,316.4,329.4,357.2,348.0,221.4,237.2,95.0,92.2,0.6,1.8,1.0,-0.6,16.6,17.6,0.2876223776223776,0.2364502164502164,1.8,2.8,2.8,3.4,0.2,0.2,15.6,25.8,1.0
401437933,2023-01-01 18:00:00+00:00,2022,17,Atlanta Falcons,Arizona Cardinals,16.6,15.6,20.0,26.6,-3.4,-11.0,313.0,313.6,320.0,349.2,151.4,202.6,161.6,111.0,1.2,2.4,-0.6,-1.4,18.4,17.4,0.36837301587301585,0.3508000771158666,1.6,2.8,1.2,2.4,0.2,0.0,25.0,20.6,1.0
401437942,2023-01-01 18:00:00+00:00,2022,17,Washington Commanders,Cleveland Browns,18.8,16.6,20.0,14.8,-1.2,1.8,361.0,309.4,291.0,307.8,214.6,169.2,146.4,140.2,1.2,1.0,-0.2,0.6,21.2,17.6,0.30003663003663,0.3278619909502262,2.0,2.4,2.6,1.6,0.5,0.6,17.6,19.4,0.0
401437937,2023-01-01 18:00:00+00:00,2022,17,Kansas City Chiefs,Denver Broncos,27.6,17.0,19.8,26.6,7.8,-9.6,403.2,297.0,300.2,338.6,281.2,179.6,122.0,117.4,1.6,2.0,-0.4,-0.2,23.2,16.8,0.4545454545454545,0.2937916984975808,1.4,4.8,2.6,1.8,0.8,0.2,23.4,12.8,1.0
401437939,2023-01-01 18:00:00+00:00,2022,17,New York Giants,Indianapolis Colts,21.2,18.2,27.0,30.8,-5.8,-12.6,330.6,279.4,403.6,370.8,210.4,168.4,120.2,111.0,0.8,2.4,0.2,-0.8,20.2,16.2,0.27216783216783214,0.24136302294197032,3.4,4.0,3.2,3.6,0.3,0.0,21.6,18.6,1.0
401437935,2023-01-01 18:00:00+00:00,2022,17,Detroit Lions,Chicago Bears,28.4,17.2,23.8,29.2,4.6,-12.0,393.4,289.2,398.0,390.0,297.0,153.4,96.4,135.8,0.6,1.6,0.4,0.0,23.0,15.0,0.44000000000000006,0.39338578088578086,1.2,2.8,2.6,0.6,0.6,0.0,28.2,23.6,1.0
401437940,2023-01-01 18:00:00+00:00,2022,17,Philadelphia Eagles,New Orleans Saints,36.4,16.2,25.0,15.6,11.4,0.6,450.6,294.6,304.4,314.4,274.2,194.0,176.4,100.6,1.6,0.8,-0.6,0.0,25.4,15.6,0.4970887445887445,0.40112554112554105,1.8,1.8,5.6,2.4,0.8,0.6,31.4,15.4,0.0
401437936,2023-01-01 18:00:00+00:00,2022,17,Houston Texans,Jacksonville Jaguars,19.0,27.4,25.6,25.2,-6.6,2.2,264.8,378.8,364.2,368.0,185.6,272.4,79.2,106.4,2.2,1.2,0.0,0.8,15.8,19.8,0.29219780219780217,0.4246794871794871,1.4,1.6,2.6,2.6,0.2,0.8,15.0,22.6,0.0
401437941,2023-01-01 18:00:00+00:00,2022,17,Tampa Bay Buccaneers,Carolina Panthers,16.6,21.8,24.8,18.8,-8.2,3.0,357.8,332.2,326.2,309.4,268.2,175.2,89.6,157.0,2.2,0.8,-1.0,0.4,21.0,19.6,0.3472549019607843,0.315034965034965,1.0,2.0,1.8,2.4,0.4,0.6,19.8,19.6,1.0
401437944,2023-01-01 21:05:00+00:00,2022,17,Seattle Seahawks,New York Jets,21.6,17.0,27.6,19.2,-6.0,-2.2,341.4,365.0,380.2,307.0,260.6,271.0,80.8,94.0,1.6,1.4,-0.8,-1.0,19.6,18.4,0.34908424908424907,0.37905354449472095,3.0,2.6,1.8,1.6,0.2,0.2,23.4,16.0,1.0
401437943,2023-01-01 21:05:00+00:00,2022,17,Las Vegas Raiders,San Francisco 49ers,24.6,27.8,21.6,11.4,3.0,16.4,358.2,364.8,341.6,303.2,206.8,215.0,151.4,149.8,2.0,0.6,-0.8,1.8,19.2,19.6,0.4226373626373626,0.4150574571627203,1.4,1.8,2.4,1.8,0.6,1.0,29.4,28.2,0.0
401437945,2023-01-01 21:25:00+00:00,2022,17,Green Bay Packers,Minnesota Vikings,25.6,29.8,23.6,28.4,2.0,1.4,323.2,386.4,369.8,429.0,212.4,310.0,110.8,76.4,1.0,1.2,1.0,-0.2,19.8,24.4,0.3383394383394383,0.44564102564102565,1.8,3.6,2.4,2.0,0.6,0.8,20.8,25.6,1.0
401437946,2023-01-01 21:25:00+00:00,2022,17,Los Angeles Chargers,Los Angeles Rams,21.0,22.6,17.0,21.4,4.0,1.2,361.6,268.6,289.2,369.0,282.8,151.0,78.8,117.6,1.0,1.2,0.6,1.2,21.6,18.4,0.40523504273504274,0.402983682983683,4.0,3.2,2.8,2.6,0.8,0.4,21.8,12.8,1.0
401437934,2023-01-02 01:20:00+00:00,2022,17,Baltimore Ravens,Pittsburgh Steelers,14.6,18.8,14.6,15.0,0.0,3.8,326.4,335.6,308.6,263.0,154.0,205.0,172.4,130.6,1.2,0.8,-0.2,0.4,18.8,21.6,0.37197802197802193,0.5214285714285715,2.0,1.2,2.6,2.6,0.6,0.8,16.4,18.0,0.0
401437947,2023-01-03 01:30:00+00:00,2022,17,Cincinnati Bengals,Buffalo Bills,25.2,27.8,18.2,17.8,7.0,10.0,369.4,372.0,343.6,298.2,265.0,211.6,104.4,160.4,1.0,1.2,0.4,0.0,23.6,22.6,0.4556243756243756,0.4908125208125208,1.6,2.2,2.0,2.2,1.0,1.0,30.8,25.6,
401437961,2023-01-07 21:30:00+00:00,2022,18,Las Vegas Raiders,Kansas City Chiefs,23.4,27.8,22.2,22.6,1.2,5.2,343.0,390.6,358.0,322.0,221.2,282.8,121.8,107.8,2.0,1.6,-1.0,-0.4,19.6,21.8,0.38835164835164837,0.40808080808080804,1.2,1.4,1.8,2.8,0.4,0.8,29.8,32.4,0.0
401437954,2023-01-08 01:15:00+00:00,2022,18,Jacksonville Jaguars,Tennessee Titans,28.0,14.6,20.4,26.8,7.6,-12.2,379.8,289.2,340.4,378.4,247.2,162.8,132.6,126.4,1.4,2.0,0.4,-0.8,20.2,16.6,0.42980769230769234,0.3658549783549784,1.2,4.0,2.8,1.4,0.8,0.0,25.8,17.0,1.0
401437956,2023-01-08 18:00:00+00:00,2022,18,New Orleans Saints,Carolina Panthers,14.8,26.0,13.6,22.2,1.2,3.8,292.6,371.2,309.8,343.4,183.8,206.6,108.8,164.6,1.0,0.8,0.0,0.4,15.6,21.4,0.4158982683982684,0.3377622377622377,2.4,1.6,2.8,2.4,0.6,0.6,22.2,22.4,0.0
401437955,2023-01-08 18:00:00+00:00,2022,18,Miami Dolphins,New York Jets,20.8,12.0,27.4,21.8,-6.6,-9.8,328.2,327.6,355.8,317.8,232.0,250.2,96.2,77.4,2.0,2.0,-1.4,-1.8,16.8,18.0,0.24025974025974026,0.3239253393665158,2.2,3.2,3.0,2.0,0.0,0.0,24.2,11.8,1.0
401437951,2023-01-08 18:00:00+00:00,2022,18,Cincinnati Bengals,Baltimore Ravens,21.2,11.8,15.0,12.2,6.2,-0.4,368.25,291.4,343.5,312.4,264.75,127.4,103.5,164.0,1.25,1.0,0.5,-0.2,24.25,17.0,0.48024475524475524,0.34102564102564104,1.75,2.0,2.25,2.2,0.9,0.6,25.4,20.0,1.0
401437949,2023-01-08 18:00:00+00:00,2022,18,Buffalo Bills,New England Patriots,22.2,20.4,12.8,22.0,9.4,-1.6,364.75,284.4,291.25,352.2,205.25,183.2,159.5,101.2,1.25,0.6,-0.25,1.2,21.25,16.0,0.46768231768231766,0.3045454545454545,2.0,1.8,2.25,3.0,0.9,0.4,28.0,27.4,1.0
401437953,2023-01-08 18:00:00+00:00,2022,18,Indianapolis Colts,Houston Texans,17.0,16.6,35.0,25.8,-18.0,-9.2,273.0,278.2,386.8,363.8,156.2,189.4,116.8,88.8,2.4,1.8,-1.0,0.6,16.2,15.6,0.22469635627530363,0.3320168067226891,3.6,0.8,3.0,2.0,0.0,0.2,17.2,18.6,0.0
401437950,2023-01-08 18:00:00+00:00,2022,18,Chicago Bears,Minnesota Vikings,14.4,26.6,32.0,31.4,-17.6,-4.8,277.6,384.0,434.8,410.2,133.8,298.6,143.8,85.4,1.8,1.8,-0.6,-0.8,12.8,23.4,0.327039627039627,0.42230769230769233,3.4,3.8,1.0,1.6,0.0,0.6,22.8,23.4,0.0
401437958,2023-01-08 18:00:00+00:00,2022,18,Pittsburgh Steelers,Cleveland Browns,17.2,16.8,14.2,13.4,3.0,3.4,341.2,296.2,253.0,294.8,205.4,164.6,135.8,131.6,0.8,0.8,0.2,1.4,21.6,16.4,0.5464285714285715,0.34176573426573426,1.0,2.6,2.2,1.6,0.8,0.6,19.4,20.2,1.0
401437948,2023-01-08 18:00:00+00:00,2022,18,Atlanta Falcons,Tampa Bay Buccaneers,15.2,19.2,19.0,25.0,-3.8,-5.8,316.6,388.4,330.2,332.8,158.4,304.6,158.2,83.8,1.0,2.4,-0.6,-0.8,18.8,22.8,0.4148376623376623,0.3472549019607843,1.8,1.0,0.8,1.4,0.2,0.6,23.4,12.8,1.0
401437960,2023-01-08 21:25:00+00:00,2022,18,Denver Broncos,Los Angeles Chargers,19.8,22.2,27.4,14.2,-7.6,8.0,309.2,385.6,343.6,271.4,192.6,281.4,116.6,104.2,2.0,1.0,0.0,0.4,18.2,21.6,0.2866488413547237,0.4360042735042735,5.0,3.2,1.8,3.2,0.2,0.8,17.2,20.2,1.0
401437963,2023-01-08 21:25:00+00:00,2022,18,Seattle Seahawks,Los Angeles Rams,19.4,22.6,20.8,22.4,-1.4,0.2,336.2,284.4,320.8,367.8,228.8,156.8,107.4,127.6,1.2,1.0,-0.2,1.0,19.2,18.2,0.34908424908424907,0.39878787878787875,3.2,3.2,2.4,2.6,0.4,0.4,24.2,13.0,1.0
401437959,2023-01-08 21:25:00+00:00,2022,18,Washington Commanders,Dallas Cowboys,16.2,36.4,22.8,25.8,-6.6,10.6,344.2,393.2,321.6,379.6,201.2,252.6,143.0,140.6,1.8,2.0,-1.2,1.2,20.6,23.8,0.34138278388278387,0.5566025641025641,2.6,2.4,2.6,1.2,0.3,0.8,16.2,29.2,1.0
401437957,2023-01-08 21:25:00+00:00,2022,18,Philadelphia Eagles,New York Giants,30.4,24.8,22.4,23.4,8.0,1.4,413.2,349.4,298.6,368.0,296.0,203.8,117.2,145.6,1.6,1.0,-0.8,-0.2,21.8,21.2,0.4404220779220779,0.3319080919080919,2.6,2.8,6.4,3.6,0.6,0.5,28.2,20.0,1.0
401437962,2023-01-08 21:25:00+00:00,2022,18,San Francisco 49ers,Arizona Cardinals,32.6,17.4,18.2,23.0,14.4,-5.6,392.2,318.6,351.2,331.4,227.6,195.8,164.6,122.8,0.8,2.0,1.6,-0.8,20.8,18.0,0.4381343802396434,0.3235273498431393,1.6,2.6,1.6,2.6,1.0,0.0,28.0,19.2,1.0
401437952,2023-01-09 01:20:00+00:00,2022,18,Green Bay Packers,Detroit Lions,30.4,31.6,21.6,20.2,8.8,11.4,332.0,429.0,357.4,363.8,199.8,298.8,132.2,130.2,1.0,0.2,1.6,1.0,20.8,23.8,0.35500610500610497,0.42666666666666664,1.8,1.2,2.2,3.4,0.8,0.8,24.6,22.2,0.0
401547353,2023-09-08 00:20:00+00:00,2023,1,Kansas City Chiefs,Detroit Lions,29.2,27.6,19.8,20.6,9.4,7.0,390.6,406.2,291.6,368.8,276.8,275.2,113.8,131.0,1.4,0.2,0.2,1.2,22.0,21.8,0.41010101010101013,0.36,1.4,1.0,3.8,3.4,1.0,0.8,24.8,25.0,0.0
401547398,2023-09-10 17:00:00+00:00,2023,1,Minnesota Vikings,Tampa Bay Buccaneers,27.0,19.2,29.6,27.8,-2.6,-8.6,423.0,362.8,364.8,349.6,335.0,277.0,88.0,85.8,2.2,2.2,-1.2,-0.4,24.8,20.2,0.4313986013986014,0.3328959276018099,3.4,0.8,1.6,1.4,0.6,0.4,25.8,12.6,0.0
401547396,2023-09-10 17:00:00+00:00,2023,1,Baltimore Ravens,Houston Texans,13.0,20.2,15.8,26.6,-2.8,-6.4,311.6,293.6,309.4,382.6,146.2,209.4,165.4,84.2,1.4,1.6,-0.4,1.0,17.0,16.0,0.3698717948717949,0.3867787114845938,2.0,1.0,2.2,2.2,0.4,0.4,15.2,21.0,1.0
401547404,2023-09-10 17:00:00+00:00,2023,1,Indianapolis Colts,Jacksonville Jaguars,19.8,29.2,36.6,15.6,-16.8,13.6,294.6,371.0,394.2,315.4,160.6,253.6,134.0,117.4,2.6,1.4,-0.6,0.8,17.4,20.0,0.2362348178137652,0.4707167832167832,3.4,1.0,2.6,3.2,0.0,1.0,16.6,23.4,0.0
401547406,2023-09-10 17:00:00+00:00,2023,1,Washington Commanders,Arizona Cardinals,17.6,15.2,21.4,25.6,-3.8,-10.4,343.2,296.4,291.6,331.4,205.2,197.6,138.0,98.8,1.8,2.4,-1.0,-1.2,19.8,16.2,0.30090659340659337,0.2958350421508316,3.2,3.0,2.6,2.6,0.3,0.0,16.8,20.0,1.0
401547397,2023-09-10 17:00:00+00:00,2023,1,Cleveland Browns,Cincinnati Bengals,14.2,21.2,16.2,13.4,-2.0,7.8,296.8,324.75,304.8,352.75,173.2,245.5,123.6,79.25,0.8,1.5,0.8,1.0,17.2,21.5,0.36356060606060603,0.4044871794871795,3.8,2.0,1.8,2.75,0.4,0.9,18.6,25.2,1.0
401547399,2023-09-10 17:00:00+00:00,2023,1,New Orleans Saints,Tennessee Titans,16.2,15.8,13.0,23.8,3.2,-8.0,301.4,309.8,287.0,332.2,176.6,171.4,124.8,138.4,0.8,2.4,0.6,-1.0,16.0,18.2,0.4047094572094572,0.37930035650623883,2.4,3.6,3.0,1.2,0.6,0.0,18.4,16.8,1.0
401547405,2023-09-10 17:00:00+00:00,2023,1,Pittsburgh Steelers,San Francisco 49ers,19.0,33.6,13.8,17.4,5.2,16.2,337.6,384.2,253.2,340.6,203.8,210.0,133.8,174.2,1.0,0.6,0.2,1.8,21.8,20.2,0.5664285714285715,0.44623154623154615,1.2,1.6,3.4,1.6,0.8,1.0,21.0,28.2,0.0
401547403,2023-09-10 17:00:00+00:00,2023,1,Atlanta Falcons,Carolina Panthers,18.6,23.4,18.6,21.6,0.0,1.8,326.6,342.0,311.8,355.0,167.0,180.2,159.6,161.8,1.0,1.0,-0.6,0.0,19.6,20.4,0.4148376623376623,0.4187146187146187,2.0,2.0,0.8,2.0,0.4,0.6,22.0,17.6,1.0
401547408,2023-09-10 20:25:00+00:00,2023,1,Seattle Seahawks,Los Angeles Rams,17.8,21.2,19.4,20.8,-1.6,0.4,329.0,274.4,310.8,360.6,200.2,151.8,128.8,122.6,1.2,0.8,-0.4,1.2,18.6,17.0,0.2672660672660673,0.38926406926406926,3.0,3.4,2.6,2.4,0.4,0.4,22.6,13.6,0.0
401547401,2023-09-10 20:25:00+00:00,2023,1,Los Angeles Chargers,Miami Dolphins,23.8,19.6,15.0,22.0,8.8,-2.4,378.8,327.0,284.8,323.0,277.2,205.0,101.6,122.0,1.2,1.2,0.2,-0.8,21.4,17.4,0.4735042735042735,0.30179820179820177,2.4,1.8,3.6,2.2,0.8,0.2,24.2,23.8,0.0
401547407,2023-09-10 20:25:00+00:00,2023,1,Chicago Bears,Green Bay Packers,15.0,27.0,31.6,17.6,-16.6,9.4,271.0,321.8,438.0,322.0,129.0,190.2,142.0,131.6,2.0,1.0,-0.4,1.4,12.6,20.4,0.3099456099456099,0.3931013431013431,3.2,1.6,0.8,2.0,0.0,0.8,19.0,22.6,0.0
401547400,2023-09-10 20:25:00+00:00,2023,1,Denver Broncos,Las Vegas Raiders,24.2,20.6,31.0,24.4,-6.8,-3.8,349.0,318.0,357.0,350.6,209.0,207.2,140.0,110.8,2.4,2.0,-0.4,-1.2,20.2,19.6,0.33664884135472367,0.42835164835164835,5.0,2.4,1.2,1.2,0.4,0.2,21.6,21.6,0.0
401547402,2023-09-10 20:25:00+00:00,2023,1,New England Patriots,Philadelphia Eagles,23.0,27.8,24.2,23.6,-1.2,4.2,304.2,391.0,346.6,313.6,193.6,260.2,110.6,130.8,1.2,1.8,1.0,-1.0,17.2,21.2,0.31608391608391606,0.45730519480519477,1.8,2.8,3.0,5.6,0.4,0.6,17.4,30.6,0.0
401547409,2023-09-11 00:20:00+00:00,2023,1,New York Giants,Dallas Cowboys,24.0,26.8,23.8,27.2,0.2,-0.4,343.0,352.6,354.2,379.6,198.4,243.2,144.6,109.4,0.8,2.2,0.0,0.2,20.8,21.2,0.3275124875124875,0.49335470085470085,2.4,2.4,3.2,1.2,0.4,0.6,24.4,27.0,0.0
401547352,2023-09-12 00:15:00+00:00,2023,1,New York Jets,Buffalo Bills,8.8,24.4,18.6,15.4,-9.8,9.0,267.8,357.75,320.8,316.0,206.8,208.75,61.0,149.0,1.6,1.75,-1.4,0.0,15.6,20.25,0.3739253393665158,0.463515651015651,3.0,2.0,1.8,2.25,0.0,0.9,17.6,20.8,1.0
401547410,2023-09-15 00:15:00+00:00,2023,2,Philadelphia Eagles,Minnesota Vikings,23.2,25.8,23.2,26.8,0.0,-1.0,353.8,413.6,329.2,320.4,254.2,321.8,99.6,91.8,2.0,2.4,-1.0,-1.4,19.2,23.8,0.40975274725274724,0.4371128871128871,2.6,3.0,4.6,1.8,0.6,0.6,25.6,24.4,1.0
401547417,2023-09-17 17:00:00+00:00,2023,2,Atlanta Falcons,Green Bay Packers,20.2,29.0,16.8,17.8,3.4,11.2,309.6,316.2,297.8,302.4,153.2,201.2,156.4,115.0,0.8,1.0,0.2,1.2,18.6,19.2,0.3948376623376623,0.41329365079365077,2.6,1.8,1.2,2.8,0.6,0.8,23.4,26.8,1.0
401547413,2023-09-17 17:00:00+00:00,2023,2,Jacksonville Jaguars,Kansas City Chiefs,28.2,26.4,15.4,18.4,12.8,8.0,353.8,367.6,298.6,301.2,227.4,253.6,126.4,114.0,1.8,1.0,0.2,0.4,19.6,21.4,0.4284090909090909,0.3815295815295815,1.4,1.0,3.2,2.8,1.0,0.8,26.4,29.8,0.0
401547414,2023-09-17 17:00:00+00:00,2023,2,Tennessee Titans,Los Angeles Chargers,14.4,26.0,19.8,18.8,-5.4,7.2,294.0,379.0,316.8,348.2,162.2,247.2,131.8,131.8,2.2,1.2,-0.4,0.6,17.0,22.6,0.3126336898395722,0.4935042735042735,3.4,2.2,2.0,3.2,0.0,0.6,16.4,21.8,1.0
401547419,2023-09-17 17:00:00+00:00,2023,2,Houston Texans,Indianapolis Colts,17.4,20.2,26.2,32.0,-8.8,-11.8,281.8,288.8,354.8,385.6,206.0,163.0,75.8,125.8,1.4,2.2,1.0,0.0,16.4,17.4,0.37122315592903826,0.20802968960863696,2.0,3.6,2.8,2.8,0.4,0.0,13.6,18.6,0.0
401547418,2023-09-17 17:00:00+00:00,2023,2,Detroit Lions,Seattle Seahawks,25.0,15.6,20.0,19.4,5.0,-3.8,387.0,307.6,348.8,330.4,259.2,171.0,127.8,136.6,0.4,0.8,0.8,0.0,21.0,18.0,0.3333333333333333,0.2194028194028194,1.2,2.8,2.6,2.2,0.8,0.4,31.0,24.2,0.0
401547411,2023-09-17 17:00:00+00:00,2023,2,Buffalo Bills,Las Vegas Raiders,23.6,20.8,17.4,24.2,6.2,-3.4,378.25,309.8,311.0,346.2,230.5,219.8,147.75,90.0,2.75,1.8,-1.25,-1.2,21.5,20.6,0.5212079587079587,0.44233766233766236,2.5,2.4,2.0,0.8,0.7,0.4,29.6,21.0,1.0
401547420,2023-09-17 17:00:00+00:00,2023,2,Tampa Bay Buccaneers,Chicago Bears,21.8,15.2,24.2,33.6,-2.4,-18.4,346.8,251.4,342.6,432.4,260.2,116.0,86.6,135.4,1.6,1.8,0.6,-0.2,19.8,14.0,0.3534841628959276,0.24700854700854696,1.0,4.0,1.8,1.0,0.6,0.0,21.4,21.2,1.0
401547412,2023-09-17 17:00:00+00:00,2023,2,Cincinnati Bengals,Baltimore Ravens,17.2,14.8,16.2,14.8,1.0,0.0,269.5,302.8,354.25,297.2,205.5,158.4,64.0,144.4,1.25,1.8,1.5,-1.2,17.25,17.0,0.3378205128205128,0.41500000000000004,2.0,2.4,3.0,2.8,0.7,0.4,23.8,17.8,0.0
401547421,2023-09-17 20:05:00+00:00,2023,2,Arizona Cardinals,New York Giants,15.8,19.6,24.2,22.2,-8.4,-2.6,273.8,316.4,315.4,319.8,178.4,174.8,95.4,141.6,2.4,1.2,-0.8,-0.4,15.0,20.0,0.2958350421508316,0.328474025974026,2.4,2.4,3.6,2.4,0.0,0.4,16.8,18.6,0.0
401547422,2023-09-17 20:05:00+00:00,2023,2,Los Angeles Rams,San Francisco 49ers,23.8,32.6,20.2,17.4,3.6,15.2,303.2,381.6,336.2,324.0,176.4,211.6,126.8,170.0,0.6,0.6,1.0,1.6,18.4,19.8,0.452009167303285,0.44965034965034967,2.6,2.2,2.8,2.6,0.4,1.0,24.4,31.4,0.0
401547416,2023-09-17 20:25:00+00:00,2023,2,Denver Broncos,Washington Commanders,21.8,17.6,27.6,20.6,-5.8,-3.0,337.0,310.6,323.0,270.4,199.4,187.2,137.6,123.4,2.0,2.2,-0.4,-1.2,21.2,19.0,0.35696969696969694,0.32471611721611715,4.2,3.4,0.8,2.4,0.4,0.4,23.0,22.4,0.0
401547415,2023-09-17 20:25:00+00:00,2023,2,Dallas Cowboys,New York Jets,29.4,10.8,22.6,17.8,6.8,-7.0,324.8,263.8,348.4,337.2,216.4,183.6,108.4,80.2,1.6,1.4,1.0,-0.4,20.6,14.4,0.4789957264957265,0.3567307692307692,2.2,2.8,2.6,2.2,0.6,0.2,39.6,9.8,1.0
401547423,2023-09-18 00:20:00+00:00,2023,2,New England Patriots,Miami Dolphins,21.6,23.4,26.6,24.2,-5.0,-0.8,315.0,390.4,332.2,323.2,209.8,272.8,105.2,117.6,1.4,1.6,0.6,-1.2,18.4,20.6,0.3282051282051282,0.3361416361416361,2.0,1.4,2.4,2.0,0.2,0.4,16.2,24.0,0.0
401547425,2023-09-18 23:15:00+00:00,2023,2,Carolina Panthers,New Orleans Saints,19.4,16.2,21.6,12.6,-2.2,3.6,332.6,312.0,341.8,274.0,184.6,186.6,148.0,125.4,1.6,1.2,-1.0,0.4,19.6,16.2,0.39783549783549776,0.4207808857808858,2.0,2.8,2.2,3.4,0.4,0.8,24.4,12.6,0.0
401547424,2023-09-19 00:15:00+00:00,2023,2,Pittsburgh Steelers,Cleveland Browns,17.6,17.0,16.6,12.2,1.0,4.8,319.6,298.0,269.6,260.6,190.6,147.4,129.0,150.6,0.8,1.0,0.6,0.4,20.2,17.8,0.5330952380952381,0.36737012987012985,1.8,4.0,3.6,1.8,0.8,0.6,18.4,19.6,1.0
401547426,2023-09-22 00:15:00+00:00,2023,3,San Francisco 49ers,New York Giants,34.4,21.8,19.4,25.4,15.0,-3.6,378.4,346.6,345.8,318.2,210.6,205.2,167.8,141.4,0.6,1.4,1.8,-1.0,21.0,21.4,0.4017871017871018,0.40514069264069263,2.2,3.0,2.2,1.8,1.0,0.4,31.2,22.2,1.0
401547427,2023-09-24 17:00:00+00:00,2023,3,Baltimore Ravens,Indianapolis Colts,19.6,19.2,17.0,28.2,2.6,-9.0,321.0,291.2,297.0,359.8,180.6,174.4,140.4,116.8,1.4,2.0,-0.6,-0.2,18.8,17.2,0.4602380952380953,0.24487179487179483,1.8,3.0,2.4,2.6,0.6,0.2,15.6,24.2,0.0
401547435,2023-09-24 17:00:00+00:00,2023,3,Jacksonville Jaguars,Houston Texans,22.0,16.6,12.0,26.4,10.0,-9.8,307.4,315.8,299.0,325.0,204.6,248.4,102.8,67.4,1.4,1.4,0.8,0.6,18.0,17.6,0.3450757575757576,0.3859599980343014,2.0,3.0,2.8,2.4,0.8,0.4,24.8,19.6,0.0
401547429,2023-09-24 17:00:00+00:00,2023,3,Miami Dolphins,Denver Broncos,22.4,23.6,21.2,31.6,1.2,-8.0,387.2,352.0,291.6,352.6,278.2,223.6,109.0,128.4,1.8,2.0,-1.2,-1.0,21.0,20.8,0.34471306471306473,0.3509090909090909,1.2,4.2,2.4,1.0,0.6,0.2,23.2,13.4,1.0
401547434,2023-09-24 17:00:00+00:00,2023,3,Green Bay Packers,New Orleans Saints,29.0,16.0,20.4,12.4,8.6,3.6,292.0,310.6,360.4,257.8,187.8,185.2,104.2,125.4,0.6,1.2,1.6,0.4,17.2,17.4,0.39107142857142857,0.4173717948717949,1.4,3.2,2.0,3.4,0.6,0.8,25.8,14.6,1.0
401547436,2023-09-24 17:00:00+00:00,2023,3,Minnesota Vikings,Los Angeles Chargers,23.6,27.4,26.4,21.4,-2.8,6.0,384.8,374.4,338.2,359.6,305.8,245.2,79.0,129.2,2.6,0.8,-1.6,0.8,21.2,21.8,0.49044622044622044,0.4605372405372405,2.0,2.2,2.0,3.4,0.4,0.4,28.6,23.4,0.0
401547430,2023-09-24 17:00:00+00:00,2023,3,New York Jets,New England Patriots,9.4,20.2,19.8,25.4,-10.4,-5.2,239.4,309.0,341.8,348.4,156.4,227.4,83.0,81.6,2.0,1.6,-1.0,0.4,13.2,19.2,0.2767307692307692,0.39076923076923076,2.6,2.8,2.4,2.0,0.2,0.2,18.6,24.4,0.0
401547433,2023-09-24 17:00:00+00:00,2023,3,Detroit Lions,Atlanta Falcons,27.2,21.6,24.0,17.4,3.2,4.2,398.8,334.8,360.0,273.0,272.0,182.4,126.8,152.4,1.0,0.8,0.0,0.0,22.6,19.8,0.37575757575757573,0.3623376623376623,1.6,2.0,2.0,1.0,0.6,0.8,34.2,14.4,1.0
401547431,2023-09-24 17:00:00+00:00,2023,3,Washington Commanders,Buffalo Bills,22.2,24.8,23.2,13.6,-1.0,11.2,310.8,379.25,292.6,269.75,194.8,223.25,116.0,156.0,1.8,2.5,-0.4,-0.25,20.2,21.5,0.3647161172161172,0.5129662004662005,3.6,2.5,3.8,1.5,0.6,0.7,17.4,20.6,0.0
401547428,2023-09-24 17:00:00+00:00,2023,3,Cleveland Browns,Tennessee Titans,18.8,17.0,16.8,21.2,2.0,-4.2,323.0,305.4,246.8,312.2,161.4,170.8,161.6,134.6,1.8,2.0,-0.4,-0.6,18.0,18.0,0.3632034632034632,0.35039592760180993,4.6,3.6,1.6,2.0,0.4,0.2,20.4,16.4,1.0
401547432,2023-09-24 20:05:00+00:00,2023,3,Seattle Seahawks,Carolina Panthers,20.4,19.6,21.4,20.8,-1.0,-1.2,330.8,338.6,337.8,345.0,191.8,174.8,139.0,163.8,0.6,1.8,0.8,-1.0,20.4,20.0,0.24877344877344876,0.38225108225108223,2.4,2.0,2.4,2.8,0.6,0.4,18.4,15.4,1.0
401547437,2023-09-24 20:25:00+00:00,2023,3,Arizona Cardinals,Dallas Cowboys,18.4,28.6,25.6,16.6,-7.2,12.0,301.6,321.8,338.4,290.8,190.6,217.4,111.0,104.4,1.8,1.2,-0.4,1.6,17.2,21.0,0.3425017088174983,0.4664957264957265,1.8,1.8,2.8,3.0,0.0,0.8,18.2,29.4,1.0
401547438,2023-09-24 20:25:00+00:00,2023,3,Kansas City Chiefs,Chicago Bears,23.8,14.6,15.4,34.0,8.4,-19.4,347.0,249.0,311.6,435.6,250.6,131.6,96.4,117.4,1.2,2.0,0.2,-1.0,18.6,13.8,0.34306804306804306,0.26239316239316235,0.8,4.0,3.4,0.8,0.8,0.0,24.8,18.0,1.0
401547439,2023-09-25 00:20:00+00:00,2023,3,Las Vegas Raiders,Pittsburgh Steelers,16.8,18.0,27.0,17.8,-10.2,0.2,296.2,305.6,372.6,309.4,214.6,196.8,81.6,108.8,2.2,1.2,-1.8,1.0,19.6,17.6,0.4566233766233766,0.4402380952380952,1.8,2.0,1.2,4.0,0.2,0.8,24.8,19.2,0.0
401547440,2023-09-25 23:15:00+00:00,2023,3,Tampa Bay Buccaneers,Philadelphia Eagles,22.6,25.0,20.8,24.8,1.8,0.2,355.0,355.6,342.4,354.4,262.8,226.6,92.2,129.0,0.8,1.6,1.6,0.0,18.6,20.0,0.3934841628959276,0.38296703296703294,0.8,3.2,2.6,3.8,0.8,0.6,23.6,29.8,0.0
401547441,2023-09-26 00:15:00+00:00,2023,3,Cincinnati Bengals,Los Angeles Rams,15.2,26.0,17.0,21.4,-1.8,4.6,280.75,349.2,359.0,340.2,213.5,219.0,67.25,130.2,1.25,0.8,0.5,0.4,17.0,21.4,0.4083333333333333,0.4792818945760122,1.75,1.8,2.75,2.4,0.5,0.4,20.2,15.6,1.0
401547442,2023-09-29 00:15:00+00:00,2023,4,Green Bay Packers,Detroit Lions,27.4,26.6,19.8,17.8,7.6,8.8,299.8,394.2,335.6,282.6,192.4,253.4,107.4,140.8,0.6,1.0,0.8,0.2,18.0,21.8,0.45138888888888895,0.3662337662337662,1.2,1.2,2.4,3.4,0.6,0.8,23.2,23.0,0.0
401547227,2023-10-01 13:30:00+00:00,2023,4,Jacksonville Jaguars,Atlanta Falcons,21.6,21.0,18.8,18.0,2.8,3.0,315.2,306.0,326.8,284.8,218.6,167.8,96.6,138.2,1.6,0.8,0.2,0.2,18.6,19.6,0.3344988344988345,0.34805194805194806,1.8,3.0,2.2,1.0,0.6,0.8,22.8,12.2,1.0
401547452,2023-10-01 17:00:00+00:00,2023,4,Tennessee Titans,Cincinnati Bengals,14.8,14.6,22.8,16.6,-8.0,-2.0,269.8,247.5,323.4,360.75,166.8,181.75,103.0,65.75,1.4,0.75,0.0,1.25,16.0,14.75,0.3170625942684766,0.35686274509803917,3.8,1.75,2.4,3.25,0.2,0.5,18.4,23.2,1.0
401547450,2023-10-01 17:00:00+00:00,2023,4,New Orleans Saints,Tampa Bay Buccaneers,16.0,21.0,14.0,22.6,2.0,-1.6,312.2,310.6,276.0,371.8,201.8,233.2,110.4,77.4,1.0,0.8,0.6,1.4,17.6,16.8,0.3811813186813187,0.42289592760180994,4.0,1.2,3.2,2.6,0.6,0.6,16.8,16.0,0.0
401547444,2023-10-01 17:00:00+00:00,2023,4,Chicago Bears,Denver Broncos,14.0,24.8,35.2,35.4,-21.2,-10.6,247.8,360.0,441.6,420.2,123.2,238.6,124.6,121.4,2.0,1.8,-1.2,-0.8,13.8,20.4,0.2957264957264957,0.34090909090909094,4.2,3.2,0.6,1.0,0.0,0.2,17.0,15.4,0.0
401547448,2023-10-01 17:00:00+00:00,2023,4,Carolina Panthers,Minnesota Vikings,17.6,23.0,23.6,27.2,-6.0,-4.2,300.2,409.2,353.8,344.2,191.6,320.8,108.6,88.4,1.8,3.0,-1.0,-2.2,18.6,22.4,0.42084757347915236,0.4552813852813853,2.6,2.0,2.8,1.6,0.2,0.2,23.6,26.0,0.0
401547449,2023-10-01 17:00:00+00:00,2023,4,Indianapolis Colts,Los Angeles Rams,23.0,19.0,28.0,22.4,-5.0,-3.4,322.0,330.0,369.8,337.4,191.2,217.2,130.8,112.8,1.4,1.2,0.4,-0.6,19.0,19.2,0.3175990675990676,0.3774637127578304,2.6,3.0,2.6,1.6,0.4,0.2,17.6,16.8,0.0
401547446,2023-10-01 17:00:00+00:00,2023,4,Houston Texans,Pittsburgh Steelers,20.2,20.0,27.0,19.4,-6.8,0.6,332.0,302.2,351.4,341.6,261.4,193.6,70.6,108.6,1.2,1.0,0.6,1.2,17.6,17.2,0.43453142660572996,0.4488095238095238,2.8,2.2,1.6,4.2,0.4,0.8,14.2,21.2,1.0
401547443,2023-10-01 17:00:00+00:00,2023,4,Buffalo Bills,Miami Dolphins,25.2,32.4,11.6,20.0,13.6,12.4,369.25,457.2,275.0,304.0,234.75,294.6,134.5,162.6,2.0,1.0,1.0,0.0,21.5,24.0,0.5266025641025641,0.3986813186813187,2.25,0.8,3.25,2.2,0.7,0.8,31.2,25.4,1.0
401547445,2023-10-01 17:00:00+00:00,2023,4,Cleveland Browns,Baltimore Ravens,22.2,20.0,14.0,19.6,8.2,0.4,341.4,334.0,216.8,297.0,189.0,193.2,152.4,140.8,1.8,1.8,-0.6,-1.2,19.6,19.8,0.3680111555111555,0.4685714285714286,4.8,2.6,2.6,3.0,0.6,0.4,19.4,17.8,0.0
401547451,2023-10-01 17:00:00+00:00,2023,4,Philadelphia Eagles,Washington Commanders,23.2,18.8,19.0,23.2,4.2,-4.4,361.6,287.0,305.4,295.6,209.8,165.8,151.8,121.2,1.2,2.4,0.6,-1.0,20.4,19.0,0.39368131868131867,0.27924603174603174,3.4,5.0,3.0,3.2,0.8,0.6,28.2,26.0,1.0
401547447,2023-10-01 20:05:00+00:00,2023,4,Los Angeles Chargers,Las Vegas Raiders,29.0,18.4,25.6,29.0,3.4,-10.6,406.6,328.4,420.0,369.2,291.6,244.6,115.0,83.8,0.6,2.2,0.8,-2.0,23.2,20.8,0.4625574425574426,0.41816183816183816,1.6,2.0,2.8,1.4,0.4,0.2,26.4,18.6,1.0
401547454,2023-10-01 20:25:00+00:00,2023,4,San Francisco 49ers,Arizona Cardinals,33.0,20.8,17.8,25.0,15.2,-4.2,392.4,316.6,306.0,342.4,227.0,185.4,165.4,131.2,0.4,1.2,1.8,0.0,23.4,18.0,0.44155982905982905,0.38987012987012987,2.0,2.0,2.2,3.2,1.0,0.2,34.6,18.0,1.0
401547453,2023-10-01 20:25:00+00:00,2023,4,Dallas Cowboys,New England Patriots,23.8,19.6,15.4,23.0,8.4,-3.4,321.2,323.6,282.4,294.2,202.8,222.8,118.4,100.8,1.2,1.4,0.8,0.0,21.2,19.6,0.4723290598290598,0.38267206477732796,1.0,2.0,3.4,2.2,0.6,0.4,35.8,23.0,1.0
401547455,2023-10-02 00:20:00+00:00,2023,4,New York Jets,Kansas City Chiefs,10.8,27.2,19.0,15.4,-8.2,11.8,228.2,378.8,340.4,285.6,150.8,267.2,77.4,111.6,1.6,1.6,-0.8,0.0,13.6,22.0,0.27453296703296703,0.43137973137973135,2.6,0.6,2.2,3.6,0.2,0.8,16.6,27.2,0.0
401547456,2023-10-03 00:15:00+00:00,2023,4,New York Giants,Seattle Seahawks,19.4,25.8,26.0,22.0,-6.6,3.8,287.6,349.2,335.8,354.0,165.6,207.6,122.0,141.6,1.2,0.6,-0.8,0.8,18.8,22.0,0.4005952380952381,0.26635586635586633,2.8,2.4,1.4,2.8,0.4,0.8,19.6,24.2,0.0
401547457,2023-10-06 00:15:00+00:00,2023,5,Washington Commanders,Chicago Bears,23.0,17.6,25.2,33.2,-2.2,-15.6,308.0,296.0,318.4,403.0,192.6,177.2,115.4,118.8,1.8,2.0,-0.4,-1.2,20.8,17.2,0.28586367880485525,0.34957264957264955,5.4,3.6,2.8,0.4,0.6,0.0,14.2,14.2,0.0
401547228,2023-10-08 13:30:00+00:00,2023,5,Buffalo Bills,Jacksonville Jaguars,34.8,20.0,15.6,19.6,19.2,0.4,378.2,307.8,298.6,328.8,249.8,224.0,128.4,83.8,1.6,1.2,1.2,1.0,22.0,17.8,0.5212820512820513,0.33926073926073924,2.2,1.8,3.4,2.6,0.8,0.6,34.6,26.2,0.0
401547459,2023-10-08 17:00:00+00:00,2023,5,New England Patriots,New Orleans Saints,15.6,13.8,26.4,17.2,-10.8,-3.4,324.4,289.0,303.0,284.0,228.2,190.4,96.2,98.6,2.0,1.4,-1.0,0.2,18.8,17.0,0.3672874493927125,0.3651098901098901,1.8,3.2,2.4,2.2,0.2,0.4,17.6,18.0,0.0
401547465,2023-10-08 17:00:00+00:00,2023,5,Miami Dolphins,New York Giants,32.2,12.4,25.0,28.8,7.2,-16.4,469.2,258.4,337.0,341.6,295.4,157.4,173.8,101.0,1.0,1.6,0.0,-1.4,23.8,17.0,0.4015384615384615,0.3613095238095238,1.2,5.0,2.0,1.4,0.8,0.2,34.0,20.6,1.0
401547458,2023-10-08 17:00:00+00:00,2023,5,Indianapolis Colts,Tennessee Titans,25.6,17.6,26.2,18.0,-0.6,-0.4,337.4,286.4,384.4,293.4,205.6,168.2,131.8,118.2,1.4,1.2,0.4,-0.2,20.0,17.2,0.32759906759906754,0.35263951734539967,2.6,4.0,3.0,2.8,0.4,0.4,19.0,11.6,1.0
401547464,2023-10-08 17:00:00+00:00,2023,5,Detroit Lions,Carolina Panthers,25.2,15.4,19.8,21.8,5.4,-6.4,373.6,266.6,282.6,311.2,243.6,156.2,130.0,110.4,1.2,1.4,0.0,-0.4,21.6,18.2,0.38192004074357017,0.41954887218045106,1.2,3.2,3.0,2.6,0.8,0.2,33.2,20.2,1.0
401547463,2023-10-08 17:00:00+00:00,2023,5,Atlanta Falcons,Houston Texans,18.4,25.6,18.8,22.0,-0.4,3.6,303.8,366.8,277.0,329.0,166.6,285.2,137.2,81.6,1.2,1.0,-0.2,0.6,19.0,19.8,0.35714285714285715,0.4639431913116123,3.6,2.4,1.0,1.8,0.6,0.6,23.0,24.0,1.0
401547460,2023-10-08 17:00:00+00:00,2023,5,Pittsburgh Steelers,Baltimore Ravens,18.0,23.0,22.8,17.0,-4.8,6.0,277.0,345.2,383.8,260.0,185.2,202.2,91.8,143.0,1.2,1.8,0.8,-0.6,15.2,20.0,0.4095238095238095,0.4519047619047619,2.4,3.0,4.0,3.4,0.6,0.6,17.6,18.0,1.0
401547467,2023-10-08 20:05:00+00:00,2023,5,Los Angeles Rams,Philadelphia Eagles,22.8,28.0,20.8,21.2,2.0,6.8,368.0,382.0,317.0,315.8,255.6,222.8,112.4,159.2,1.2,1.0,-0.4,0.6,22.2,22.8,0.3847364400305577,0.41034798534798533,2.8,2.8,2.0,2.6,0.4,1.0,26.2,31.4,0.0
401547466,2023-10-08 20:05:00+00:00,2023,5,Arizona Cardinals,Cincinnati Bengals,20.2,15.2,28.0,22.0,-7.8,-6.8,321.2,240.2,361.8,368.6,194.2,173.2,127.0,67.0,1.2,0.8,-0.2,1.0,18.2,14.6,0.4238095238095238,0.3299346405228758,1.8,2.0,3.2,3.2,0.2,0.4,21.8,16.4,0.0
401547462,2023-10-08 20:25:00+00:00,2023,5,Minnesota Vikings,Kansas City Chiefs,23.8,26.4,21.6,14.6,2.2,11.8,393.0,384.2,327.6,291.4,298.0,241.0,95.0,143.2,2.6,1.6,-1.6,-0.2,21.6,22.4,0.3969480519480519,0.5036019536019536,2.0,0.8,2.4,3.2,0.4,0.8,26.8,27.0,0.0
401547461,2023-10-08 20:25:00+00:00,2023,5,Denver Broncos,New York Jets,26.2,13.6,35.6,19.0,-9.4,-5.4,360.8,239.6,439.6,351.4,243.4,155.6,117.4,84.0,1.4,1.2,-0.4,0.0,19.6,13.2,0.4,0.2963278388278388,2.6,2.2,1.8,1.6,0.4,0.2,26.4,11.2,0.0
401547354,2023-10-09 00:20:00+00:00,2023,5,San Francisco 49ers,Dallas Cowboys,32.6,26.0,14.2,13.4,18.4,12.6,380.6,324.4,278.4,269.6,224.4,198.6,156.2,125.8,0.2,0.6,1.6,1.6,24.0,20.4,0.46155982905982906,0.4559188034188034,2.2,1.4,2.4,3.4,1.0,0.6,35.0,24.6,1.0
401547468,2023-10-10 00:15:00+00:00,2023,5,Las Vegas Raiders,Green Bay Packers,15.0,23.2,26.4,23.2,-11.4,0.0,281.2,282.8,339.4,346.6,209.2,202.6,72.0,80.2,2.4,1.0,-2.2,-0.2,19.4,17.0,0.3563436563436563,0.3892676767676767,3.4,2.0,1.8,2.4,0.2,0.4,24.4,29.8,1.0
401547469,2023-10-13 00:15:00+00:00,2023,6,Kansas City Chiefs,Denver Broncos,25.6,24.2,16.0,36.2,9.6,-12.0,381.0,328.2,301.4,450.6,258.0,224.0,123.0,104.2,1.6,1.6,-0.4,-0.6,22.4,18.8,0.5124908424908424,0.3966666666666666,0.8,3.0,2.6,2.4,0.8,0.2,27.6,19.6,1.0
401547229,2023-10-15 13:30:00+00:00,2023,6,Tennessee Titans,Baltimore Ravens,17.6,21.8,18.6,15.0,-1.0,6.8,293.6,335.0,334.8,266.4,187.0,189.0,106.6,146.0,1.0,1.6,-0.2,-0.4,17.2,19.8,0.36538461538461536,0.44833333333333336,3.4,3.0,2.8,3.6,0.4,0.6,20.6,16.8,0.0
401547477,2023-10-15 17:00:00+00:00,2023,6,Houston Texans,New Orleans Saints,23.0,19.2,20.0,15.2,3.0,4.0,357.4,289.0,338.8,274.6,274.8,191.8,82.6,97.2,0.4,1.2,1.0,0.6,19.6,17.2,0.45405308142150247,0.3702380952380952,2.2,3.4,1.4,2.2,0.4,0.6,18.2,21.6,1.0
401547471,2023-10-15 17:00:00+00:00,2023,6,Cincinnati Bengals,Seattle Seahawks,16.6,26.0,22.8,21.4,-6.2,4.6,264.8,336.2,350.2,347.8,190.2,210.0,74.6,126.2,0.8,0.6,0.8,0.8,17.0,20.6,0.33469654528478054,0.24968919968919967,2.2,2.0,3.0,4.2,0.4,0.8,18.6,22.8,1.0
401547475,2023-10-15 17:00:00+00:00,2023,6,Chicago Bears,Minnesota Vikings,23.0,22.0,31.4,24.4,-8.4,-2.4,334.4,362.4,384.2,342.4,203.6,281.6,130.8,80.8,1.6,2.4,-0.8,-1.8,18.2,20.8,0.3984615384615384,0.37357142857142855,4.0,2.6,1.4,2.6,0.2,0.2,18.8,23.6,0.0
401547472,2023-10-15 17:00:00+00:00,2023,6,Jacksonville Jaguars,Indianapolis Colts,21.0,24.0,20.4,23.0,0.6,1.0,358.2,343.6,344.0,382.0,239.0,212.4,119.2,131.2,1.4,0.8,0.8,0.6,21.0,19.2,0.3594627594627594,0.3891375291375291,2.6,2.4,1.8,3.0,0.6,0.6,21.8,23.6,1.0
401547470,2023-10-15 17:00:00+00:00,2023,6,Atlanta Falcons,Washington Commanders,16.6,21.8,19.2,32.0,-2.6,-10.2,316.8,323.8,295.2,372.2,195.2,232.8,121.6,91.0,1.4,2.0,-0.6,-1.0,19.8,22.2,0.3771428571428571,0.3430065359477124,3.2,5.8,1.0,3.2,0.6,0.4,24.0,25.8,0.0
401547476,2023-10-15 17:00:00+00:00,2023,6,Cleveland Browns,San Francisco 49ers,18.0,33.4,17.6,13.6,0.4,19.8,314.4,402.6,224.0,266.8,172.6,246.2,141.8,156.4,2.4,0.4,-1.6,1.4,19.0,24.8,0.3452838827838828,0.4783430458430458,4.6,1.6,2.6,2.6,0.4,1.0,15.4,31.2,1.0
401547473,2023-10-15 17:00:00+00:00,2023,6,Miami Dolphins,Carolina Panthers,36.2,18.2,27.0,28.8,9.2,-10.6,513.6,294.4,353.2,325.8,327.8,198.4,185.8,96.0,1.6,1.6,-0.6,-0.8,24.8,20.6,0.41500000000000004,0.4052631578947368,1.2,3.0,3.4,2.8,0.8,0.0,32.4,19.0,1.0
401547474,2023-10-15 20:05:00+00:00,2023,6,Las Vegas Raiders,New England Patriots,15.8,11.0,22.8,26.2,-7.0,-15.2,281.2,287.4,326.6,298.4,209.8,203.6,71.4,83.8,2.2,2.0,-1.4,-1.6,19.0,16.4,0.33326673326673323,0.32003470213996527,3.0,2.0,1.8,2.4,0.4,0.2,22.4,18.4,1.0
401547478,2023-10-15 20:25:00+00:00,2023,6,Tampa Bay Buccaneers,Detroit Lions,20.2,29.6,19.6,21.4,0.6,8.2,285.6,384.4,331.2,292.8,198.8,243.4,86.8,141.0,0.8,1.2,1.4,0.2,16.0,22.0,0.4762292609351433,0.3952533740769035,0.8,1.4,2.8,2.8,0.6,0.8,21.6,23.6,0.0
401547479,2023-10-15 20:25:00+00:00,2023,6,Los Angeles Rams,Arizona Cardinals,22.4,21.6,21.6,27.2,0.8,-5.6,364.0,329.0,327.4,375.6,270.0,185.8,94.0,143.2,1.0,1.0,-0.4,0.2,22.8,19.0,0.41330786860198626,0.4165367965367965,2.6,1.8,1.6,3.0,0.4,0.2,25.6,15.8,1.0
401547480,2023-10-15 20:25:00+00:00,2023,6,New York Jets,Philadelphia Eagles,18.6,28.2,21.0,20.8,-2.4,7.4,283.6,404.4,352.6,308.8,160.4,240.4,123.2,164.0,1.6,1.0,0.2,0.6,14.6,23.8,0.2588278388278388,0.4833638583638583,3.0,2.4,2.2,3.0,0.4,1.0,14.4,26.4,1.0
401547481,2023-10-16 00:20:00+00:00,2023,6,Buffalo Bills,New York Giants,31.8,12.4,16.0,30.6,15.8,-18.2,390.4,255.2,325.2,378.0,274.2,163.0,116.2,92.2,1.4,1.6,1.2,-1.0,22.0,16.4,0.4879487179487179,0.36299019607843136,1.8,6.0,4.2,1.0,0.6,0.2,34.6,19.8,1.0
401547482,2023-10-17 00:15:00+00:00,2023,6,Los Angeles Chargers,Dallas Cowboys,27.6,26.8,27.0,16.6,0.6,10.2,381.4,327.4,417.4,292.0,273.8,203.0,107.6,124.4,0.8,1.0,1.0,1.2,22.0,20.0,0.41090909090909084,0.48420163170163166,2.0,2.0,3.6,3.0,0.4,0.6,25.8,19.8,0.0
401547483,2023-10-20 00:15:00+00:00,2023,7,New Orleans Saints,Jacksonville Jaguars,18.6,22.2,16.2,20.2,2.4,2.0,304.8,336.4,277.0,358.8,203.6,221.2,101.2,115.2,1.2,1.2,0.2,1.2,19.0,20.4,0.36273809523809525,0.3666056166056166,3.0,2.8,2.0,1.6,0.4,0.6,16.0,28.4,0.0
401547486,2023-10-22 17:00:00+00:00,2023,7,New York Giants,Washington Commanders,14.2,22.6,25.4,32.0,-11.2,-9.4,284.4,312.8,384.4,410.6,187.4,225.8,97.0,87.0,1.0,1.4,0.0,-0.2,17.6,20.6,0.4057533539731682,0.31633986928104574,5.2,5.6,1.0,3.2,0.2,0.4,16.6,26.0,1.0
401547485,2023-10-22 17:00:00+00:00,2023,7,New England Patriots,Buffalo Bills,10.4,31.4,25.4,13.4,-15.0,18.0,262.8,387.0,317.8,330.8,177.6,264.6,85.2,122.4,1.8,1.0,-1.4,1.4,15.0,22.6,0.3533680354732986,0.511025641025641,2.4,0.8,1.8,4.2,0.2,0.8,15.6,22.4,1.0
401547490,2023-10-22 17:00:00+00:00,2023,7,Chicago Bears,Las Vegas Raiders,21.6,16.6,27.6,23.0,-6.0,-6.4,327.2,298.6,362.4,326.4,188.4,222.6,138.8,76.0,1.8,2.2,-0.8,-1.2,17.4,18.4,0.43802197802197795,0.3423576423576423,4.2,3.0,1.6,2.2,0.2,0.4,17.4,14.0,1.0
401547489,2023-10-22 17:00:00+00:00,2023,7,Baltimore Ravens,Detroit Lions,21.6,29.4,16.4,18.6,5.2,10.8,354.0,386.8,259.4,279.8,202.2,261.4,151.8,125.4,1.4,1.0,0.0,0.4,20.2,22.0,0.4416666666666667,0.4410867074102368,2.4,1.8,3.8,3.0,0.6,0.8,16.8,23.6,1.0
401547491,2023-10-22 17:00:00+00:00,2023,7,Tampa Bay Buccaneers,Atlanta Falcons,18.0,15.0,17.6,22.0,0.4,-7.0,291.4,353.0,330.8,277.6,212.6,236.2,78.8,116.8,0.8,2.0,1.2,-1.8,16.2,22.2,0.41725490196078424,0.4038095238095238,1.0,3.0,3.0,1.6,0.6,0.4,19.4,10.6,0.0
401547484,2023-10-22 17:00:00+00:00,2023,7,Indianapolis Colts,Cleveland Browns,23.8,19.0,24.2,15.4,-0.4,3.6,358.4,319.8,360.2,200.4,231.4,172.8,127.0,147.0,1.0,2.4,0.2,-1.6,19.2,19.0,0.4263924310983135,0.30810439560439556,2.2,3.6,3.2,3.0,0.6,0.6,20.2,19.4,0.0
401547493,2023-10-22 20:05:00+00:00,2023,7,Seattle Seahawks,Arizona Cardinals,24.8,20.2,21.6,28.4,3.2,-8.2,332.6,356.0,336.8,402.4,228.4,206.0,104.2,150.0,0.6,1.0,0.8,-0.2,21.0,20.4,0.3148407148407148,0.4343939393939394,2.2,1.6,3.8,2.4,0.6,0.2,21.0,14.6,1.0
401547492,2023-10-22 20:05:00+00:00,2023,7,Los Angeles Rams,Pittsburgh Steelers,21.6,15.8,20.8,22.0,0.8,-6.2,355.2,268.2,360.4,389.4,243.8,187.8,111.4,80.4,1.2,1.2,-0.2,1.0,20.8,14.0,0.3505627705627706,0.3695238095238095,3.2,2.8,1.6,3.4,0.4,0.6,26.2,17.6,0.0
401547488,2023-10-22 20:25:00+00:00,2023,7,Kansas City Chiefs,Los Angeles Chargers,25.4,25.4,13.4,24.8,12.0,0.6,395.6,365.4,267.2,391.6,271.4,259.0,124.2,106.4,1.6,0.6,0.0,1.0,23.4,21.4,0.5026007326007326,0.3823376623376623,1.2,2.0,3.2,4.2,1.0,0.4,26.2,24.0,1.0
401547487,2023-10-22 20:25:00+00:00,2023,7,Denver Broncos,Green Bay Packers,22.6,22.6,36.6,22.6,-14.0,0.0,315.6,281.6,476.2,337.8,207.2,200.0,108.4,81.6,2.2,1.2,-1.2,-0.2,17.2,17.2,0.38575757575757574,0.3892676767676767,3.4,2.0,2.8,3.0,0.2,0.4,25.0,25.8,1.0
401547494,2023-10-23 00:20:00+00:00,2023,7,Philadelphia Eagles,Miami Dolphins,26.0,37.4,20.8,24.4,5.2,13.0,423.8,491.2,281.2,325.8,263.2,287.0,160.6,204.2,1.6,1.4,-0.4,-0.4,25.2,23.4,0.5218253968253969,0.43380341880341877,2.2,1.2,3.6,3.6,0.8,0.8,27.0,26.0,1.0
401547495,2023-10-24 00:15:00+00:00,2023,7,Minnesota Vikings,San Francisco 49ers,22.4,30.8,23.0,16.0,-0.6,14.8,332.6,367.4,349.0,285.8,250.8,227.0,81.8,140.4,2.0,0.4,-0.8,1.4,19.6,23.4,0.3186263736263736,0.43603535353535355,2.6,1.6,3.4,2.0,0.4,0.8,25.4,27.0,1.0
401547496,2023-10-27 00:15:00+00:00,2023,8,Buffalo Bills,Tampa Bay Buccaneers,28.8,16.6,17.2,17.4,11.6,-0.8,364.8,308.8,355.6,337.2,262.8,230.0,102.0,78.8,1.4,1.2,0.6,0.8,21.6,17.2,0.4866666666666667,0.44666666666666666,0.6,1.4,4.4,2.8,0.6,0.4,31.0,17.8,1.0
401547500,2023-10-29 17:00:00+00:00,2023,8,Tennessee Titans,Atlanta Falcons,17.8,13.2,20.2,19.8,-2.4,-6.6,283.2,344.0,336.6,298.6,171.6,238.2,111.6,105.8,0.8,2.4,-0.2,-1.8,17.4,20.8,0.35427350427350424,0.43150183150183147,4.0,3.0,2.2,2.0,0.4,0.4,19.4,11.2,1.0
401547505,2023-10-29 17:00:00+00:00,2023,8,Dallas Cowboys,Los Angeles Rams,22.8,20.4,20.0,19.6,2.8,0.8,342.8,348.8,312.2,347.4,223.6,228.2,119.2,120.6,1.2,1.0,0.6,0.0,20.4,19.0,0.46881701631701633,0.3630627705627706,3.0,3.4,1.8,1.8,0.6,0.4,37.8,20.2,1.0
401547499,2023-10-29 17:00:00+00:00,2023,8,Pittsburgh Steelers,Jacksonville Jaguars,19.2,26.6,19.4,21.6,-0.2,5.0,280.4,348.2,382.0,360.4,191.0,225.2,89.4,123.0,0.8,1.4,1.4,0.6,14.4,20.4,0.3695238095238095,0.35296925296925297,2.2,2.0,3.2,1.6,0.8,0.8,18.2,27.4,0.0
401547506,2023-10-29 17:00:00+00:00,2023,8,Green Bay Packers,Minnesota Vikings,18.4,21.2,22.4,19.6,-4.0,1.6,282.0,348.2,343.4,328.0,191.4,257.2,90.6,91.0,1.4,1.4,-0.8,0.2,18.2,20.6,0.36248196248196246,0.32170329670329667,1.8,2.2,2.4,2.8,0.2,0.6,23.8,22.8,0.0
401547507,2023-10-29 17:00:00+00:00,2023,8,Indianapolis Colts,New Orleans Saints,25.2,19.4,28.0,19.0,-2.8,0.4,379.0,318.0,345.6,295.2,243.6,221.2,135.4,96.8,1.8,1.2,-0.4,0.4,19.4,19.4,0.4197257644316467,0.30857142857142855,3.0,2.4,2.4,1.2,0.4,0.2,27.2,20.8,0.0
401547504,2023-10-29 17:00:00+00:00,2023,8,Carolina Panthers,Houston Texans,20.4,25.2,32.4,17.6,-12.0,7.6,297.4,363.2,366.4,371.8,210.6,271.0,86.8,92.2,1.0,0.4,0.0,1.0,20.8,19.8,0.4052631578947368,0.4490025763709974,3.4,1.6,2.0,1.0,0.0,0.6,21.2,23.2,1.0
401547497,2023-10-29 17:00:00+00:00,2023,8,Miami Dolphins,New England Patriots,36.0,12.8,27.2,25.6,8.8,-12.8,462.2,278.0,339.2,307.8,278.0,191.2,184.2,86.8,1.4,1.6,-0.4,-1.0,21.4,14.6,0.42653069153069156,0.3489235910288542,1.8,1.8,3.4,1.8,0.6,0.4,34.8,16.4,1.0
401547498,2023-10-29 17:00:00+00:00,2023,8,New York Giants,New York Jets,10.8,18.2,21.2,20.6,-10.4,-2.4,267.8,274.6,363.2,359.4,175.0,168.0,92.8,106.6,1.2,1.4,0.0,0.4,15.6,15.4,0.35158668730650156,0.21826839826839825,5.4,3.4,2.2,1.6,0.2,0.4,15.4,13.0,0.0
401547508,2023-10-29 17:00:00+00:00,2023,8,Washington Commanders,Philadelphia Eagles,17.0,25.4,28.2,18.6,-11.2,6.8,289.8,408.8,402.0,255.2,212.0,280.2,77.8,128.6,1.6,1.8,-0.4,-1.2,18.2,25.6,0.26967320261437905,0.5027777777777778,6.0,2.0,2.6,4.0,0.2,0.8,15.8,24.2,0.0
401547509,2023-10-29 20:05:00+00:00,2023,8,Seattle Seahawks,Cleveland Browns,26.2,22.0,17.6,22.4,8.6,-0.4,360.2,313.0,301.4,263.2,250.0,177.2,110.2,135.8,1.2,2.4,0.2,-0.8,22.0,18.4,0.37808857808857804,0.30096153846153845,2.2,3.4,4.6,3.4,0.8,0.6,22.4,21.8,1.0
401547503,2023-10-29 20:25:00+00:00,2023,8,San Francisco 49ers,Cincinnati Bengals,28.2,19.4,15.8,20.6,12.4,-1.2,359.4,279.2,299.0,357.0,237.8,210.4,121.6,68.8,1.0,1.0,0.6,0.6,23.0,18.8,0.5027020202020202,0.36257533316356844,1.6,2.4,1.8,3.2,0.6,0.6,36.4,19.2,0.0
401547502,2023-10-29 20:25:00+00:00,2023,8,Denver Broncos,Kansas City Chiefs,19.8,28.2,33.0,15.0,-13.2,13.2,303.6,412.4,464.8,284.6,190.6,294.8,113.0,117.6,1.8,1.4,-0.6,0.4,16.6,24.6,0.40242424242424246,0.5501531801531802,2.2,1.2,2.0,3.4,0.4,1.0,24.0,25.6,1.0
401547501,2023-10-29 20:25:00+00:00,2023,8,Arizona Cardinals,Baltimore Ravens,16.6,23.8,26.2,12.8,-9.6,11.0,330.0,371.6,378.2,270.4,184.8,226.2,145.2,145.4,1.0,1.6,0.2,-0.2,18.6,19.6,0.4210606060606061,0.41309523809523807,2.4,2.4,2.2,4.6,0.2,0.6,21.0,21.0,0.0
401547510,2023-10-30 00:20:00+00:00,2023,8,Los Angeles Chargers,Chicago Bears,22.0,24.2,23.8,24.6,-1.8,-0.4,350.4,344.6,381.0,322.0,262.8,184.6,87.6,160.0,1.0,1.4,0.6,0.2,18.6,19.2,0.348051948051948,0.46879120879120884,2.4,3.4,4.4,1.8,0.4,0.4,24.6,17.4,1.0
401547511,2023-10-31 00:15:00+00:00,2023,8,Detroit Lions,Las Vegas Raiders,24.4,17.0,18.8,21.4,5.6,-4.4,370.6,297.6,301.8,301.0,248.8,224.8,121.8,72.8,0.6,2.2,1.0,-1.2,20.6,19.8,0.39449579831932774,0.3010878010878011,2.4,3.2,2.8,2.2,0.8,0.4,33.6,13.2,1.0
401547512,2023-11-03 00:15:00+00:00,2023,9,Pittsburgh Steelers,Tennessee Titans,16.0,18.0,19.0,20.0,-3.0,-2.0,281.6,290.0,375.8,336.6,189.2,176.8,92.4,113.2,0.8,1.0,1.2,-0.2,16.0,16.4,0.36238095238095236,0.32863247863247863,2.4,3.4,2.6,2.8,0.6,0.4,17.6,12.8,1.0
401547230,2023-11-05 14:30:00+00:00,2023,9,Kansas City Chiefs,Miami Dolphins,21.8,28.2,17.8,26.6,4.0,1.6,376.0,395.0,292.0,310.2,276.6,265.2,99.4,129.8,2.0,1.8,-0.4,-1.2,22.0,20.2,0.46729603729603725,0.3868481518481518,1.8,2.2,4.0,3.8,0.8,0.6,27.6,23.6,1.0
401547516,2023-11-05 18:00:00+00:00,2023,9,New Orleans Saints,Chicago Bears,23.6,24.8,20.8,22.4,2.8,2.4,369.8,363.0,301.4,301.2,256.2,211.6,113.6,151.4,1.4,1.4,0.2,0.0,21.2,20.4,0.3514285714285714,0.4878388278388278,1.8,3.0,1.4,1.8,0.4,0.4,15.4,18.0,1.0
401547513,2023-11-05 18:00:00+00:00,2023,9,Baltimore Ravens,Seattle Seahawks,26.2,23.6,13.2,15.4,13.0,8.2,352.4,354.0,267.0,294.8,218.2,237.4,134.2,116.6,1.2,1.6,0.6,-0.2,19.8,19.8,0.4108225108225108,0.3538461538461538,2.4,2.2,4.0,4.8,0.8,0.8,22.4,22.2,1.0
401547520,2023-11-05 18:00:00+00:00,2023,9,New England Patriots,Washington Commanders,13.2,22.6,29.8,28.4,-16.6,-5.8,250.0,338.2,351.6,399.6,179.2,264.6,70.8,73.6,1.8,0.8,-0.8,0.6,13.8,20.4,0.2869352869352869,0.36411764705882355,2.4,4.4,1.6,3.0,0.2,0.2,17.8,23.4,0.0
401547518,2023-11-05 18:00:00+00:00,2023,9,Atlanta Falcons,Minnesota Vikings,16.6,21.2,21.4,16.0,-4.8,5.2,375.8,322.4,302.0,287.0,250.8,245.0,125.0,77.4,2.4,1.2,-1.8,0.4,21.0,19.6,0.4276923076923077,0.37567155067155067,2.8,2.0,2.4,3.4,0.4,0.8,23.2,24.2,0.0
401547519,2023-11-05 18:00:00+00:00,2023,9,Green Bay Packers,Los Angeles Rams,15.6,21.2,22.2,24.4,-6.6,-3.2,291.2,346.4,323.4,363.0,202.6,221.6,88.6,124.8,1.6,0.8,-1.0,0.2,18.0,19.0,0.3672438672438672,0.40641941391941394,2.4,2.6,2.8,2.0,0.2,0.4,21.0,22.2,1.0
401547514,2023-11-05 18:00:00+00:00,2023,9,Cleveland Browns,Arizona Cardinals,21.6,15.8,22.0,29.2,-0.4,-13.4,308.4,312.0,284.6,348.6,181.2,185.4,127.2,126.6,2.2,1.4,-0.6,-0.4,19.0,19.0,0.31846153846153846,0.4043939393939394,2.8,2.4,3.2,2.6,0.6,0.0,16.6,12.8,1.0
401547515,2023-11-05 18:00:00+00:00,2023,9,Houston Texans,Tampa Bay Buccaneers,23.8,14.8,14.4,18.8,9.4,-4.0,331.2,281.8,346.0,375.4,227.4,211.4,103.8,70.4,0.4,1.2,1.0,0.6,18.2,16.8,0.4375990675990676,0.3933333333333333,0.8,2.0,2.2,2.0,0.6,0.2,19.4,20.0,1.0
401547517,2023-11-05 21:05:00+00:00,2023,9,Carolina Panthers,Indianapolis Colts,20.0,26.2,31.0,31.8,-11.0,-5.6,294.4,387.8,344.0,375.0,218.8,247.4,75.6,140.4,0.8,2.0,0.2,-0.8,22.0,19.4,0.41954887218045106,0.43449849170437405,3.8,2.4,1.6,1.8,0.2,0.2,19.6,23.8,0.0
401547522,2023-11-05 21:25:00+00:00,2023,9,Philadelphia Eagles,Dallas Cowboys,28.0,25.4,22.6,22.0,5.4,3.4,389.2,343.8,314.8,325.2,289.0,231.0,100.2,112.8,1.8,1.4,-1.4,-0.2,24.4,20.0,0.5008547008547009,0.46881701631701633,2.2,3.4,3.8,1.6,0.8,0.6,26.2,18.4,1.0
401547521,2023-11-05 21:25:00+00:00,2023,9,Las Vegas Raiders,New York Giants,16.2,10.4,22.0,17.8,-5.8,-7.4,256.6,276.6,331.6,325.2,181.6,149.0,75.0,127.6,1.8,1.0,-0.2,0.6,18.4,16.0,0.2617715617715618,0.3226393188854489,3.6,5.8,2.2,2.6,0.4,0.2,20.6,16.8,1.0
401547523,2023-11-06 01:20:00+00:00,2023,9,Cincinnati Bengals,Buffalo Bills,20.8,26.2,18.6,20.2,2.2,6.0,302.8,373.0,366.0,370.0,220.4,281.6,82.4,91.4,1.0,1.4,1.2,-0.4,20.8,22.6,0.3042419998302351,0.47435897435897434,2.8,1.0,3.6,3.2,0.8,0.6,17.4,22.6,1.0
401547524,2023-11-07 01:15:00+00:00,2023,9,New York Jets,Los Angeles Chargers,18.8,23.2,16.6,21.0,2.2,2.2,281.8,352.4,321.8,371.8,176.4,266.2,105.4,86.2,1.0,1.2,0.8,0.8,15.4,18.8,0.2249350649350649,0.4271728271728271,3.6,1.8,2.2,3.6,0.6,0.6,15.0,23.4,0.0
401547525,2023-11-10 01:15:00+00:00,2023,10,Chicago Bears,Carolina Panthers,22.6,17.2,21.0,29.0,1.6,-11.8,342.4,273.8,299.2,298.6,194.0,179.4,148.4,94.4,2.0,1.4,-0.6,-0.4,19.2,20.8,0.4878388278388278,0.40178571428571425,2.6,4.0,1.6,1.4,0.4,0.2,20.8,18.4,1.0
401547231,2023-11-12 14:30:00+00:00,2023,10,New England Patriots,Indianapolis Colts,16.0,27.0,26.2,28.6,-10.2,-1.6,264.8,361.6,362.6,336.6,183.2,232.2,81.6,129.4,1.4,2.0,0.0,-0.4,15.4,19.0,0.2753968253968254,0.4360369532428356,2.0,2.2,1.6,2.2,0.2,0.4,16.6,22.0,0.0
401547528,2023-11-12 18:00:00+00:00,2023,10,Tampa Bay Buccaneers,Tennessee Titans,20.0,20.6,21.6,18.6,-1.6,2.0,313.4,339.2,380.2,333.6,235.0,210.2,78.4,129.0,1.0,1.2,0.6,-0.6,18.6,19.8,0.33948717948717944,0.34145299145299146,2.0,3.2,2.4,2.2,0.2,0.4,17.4,13.2,1.0
401547526,2023-11-12 18:00:00+00:00,2023,10,Cincinnati Bengals,Houston Texans,21.8,24.2,19.0,18.4,2.8,5.8,320.4,357.2,371.0,331.6,240.6,260.0,79.8,97.2,0.8,0.6,1.4,0.6,21.6,20.4,0.35208513708513706,0.37214452214452215,2.6,1.4,2.6,2.6,0.8,0.6,22.2,22.0,0.0
401547527,2023-11-12 18:00:00+00:00,2023,10,Pittsburgh Steelers,Green Bay Packers,15.4,16.0,18.6,19.4,-3.2,-3.4,280.2,301.4,371.4,310.4,175.6,195.0,104.6,106.4,0.8,1.8,0.8,-0.8,17.0,18.0,0.3823809523809524,0.37835497835497833,2.2,3.0,2.6,2.2,0.6,0.2,16.0,23.6,1.0
401547533,2023-11-12 18:00:00+00:00,2023,10,Minnesota Vikings,New Orleans Saints,23.2,26.6,19.0,19.0,4.2,7.6,342.0,390.6,314.6,304.4,262.4,273.6,79.6,117.0,1.2,0.8,0.6,1.6,21.4,21.6,0.43817155067155067,0.38,2.4,1.2,2.6,1.6,0.8,0.6,22.0,24.4,1.0
401547531,2023-11-12 18:00:00+00:00,2023,10,Baltimore Ravens,Cleveland Browns,28.0,21.6,13.2,21.4,14.8,0.2,396.2,305.4,264.0,277.4,228.6,171.2,167.6,134.2,1.4,2.0,0.2,0.2,22.4,17.8,0.4364635364635364,0.29674208144796377,2.0,2.4,4.0,3.6,0.8,0.6,26.4,23.8,0.0
401547532,2023-11-12 18:00:00+00:00,2023,10,Jacksonville Jaguars,San Francisco 49ers,27.2,25.6,16.2,19.6,11.0,6.0,342.8,363.2,339.4,349.0,221.8,247.2,121.0,116.0,1.6,1.6,0.8,0.0,20.0,22.6,0.36835386835386835,0.5013131313131314,2.6,1.6,2.2,2.0,1.0,0.4,21.2,26.2,0.0
401547530,2023-11-12 21:05:00+00:00,2023,10,Los Angeles Chargers,Detroit Lions,23.0,25.6,17.4,20.4,5.6,5.2,295.6,396.2,330.8,296.6,198.6,253.0,97.0,143.2,1.0,1.0,1.2,0.6,16.8,22.8,0.4237637362637362,0.4230672268907563,2.6,2.6,4.4,2.6,0.6,0.8,27.2,20.2,0.0
401547529,2023-11-12 21:05:00+00:00,2023,10,Arizona Cardinals,Atlanta Falcons,12.6,20.8,27.6,23.0,-15.0,-2.2,251.2,392.4,334.8,314.6,137.4,270.8,113.8,121.6,2.0,2.2,-1.0,-1.2,15.8,21.2,0.31439393939393934,0.4388034188034188,3.6,2.2,2.6,2.8,0.0,0.4,23.2,12.2,1.0
401547534,2023-11-12 21:25:00+00:00,2023,10,Dallas Cowboys,New York Giants,26.8,11.0,22.0,19.0,4.8,-8.0,341.8,282.4,303.6,335.8,251.4,152.6,90.4,129.8,1.4,0.8,-0.2,0.8,20.2,15.6,0.4363170163170163,0.29763931888544887,4.0,5.2,1.8,2.2,0.6,0.2,35.6,14.8,1.0
401547535,2023-11-12 21:25:00+00:00,2023,10,Seattle Seahawks,Washington Commanders,16.8,20.4,17.4,25.0,-0.6,-4.6,299.2,351.6,322.2,382.0,206.2,274.6,93.0,77.0,1.8,1.2,0.0,0.4,15.6,19.8,0.3243589743589744,0.37588235294117645,2.6,4.0,4.4,2.4,0.6,0.4,22.6,23.4,1.0
401547536,2023-11-13 01:20:00+00:00,2023,10,Las Vegas Raiders,New York Jets,18.8,18.0,18.4,19.0,0.4,-1.0,270.6,301.6,326.0,288.4,185.8,191.0,84.8,110.6,1.2,1.6,0.6,0.2,17.0,16.4,0.315018315018315,0.23165775401069516,2.2,4.6,3.4,3.2,0.6,0.6,19.8,13.2,1.0
401547537,2023-11-14 01:15:00+00:00,2023,10,Buffalo Bills,Denver Broncos,20.2,20.6,21.0,20.8,-0.8,-0.2,353.6,279.0,370.8,374.4,269.4,149.2,84.2,129.8,1.8,1.4,-1.2,0.8,22.0,17.2,0.49102564102564106,0.4381385281385281,0.8,3.2,2.6,2.6,0.4,0.6,28.8,19.4,0.0
401547538,2023-11-17 01:15:00+00:00,2023,11,Baltimore Ravens,Cincinnati Bengals,32.2,26.6,16.4,19.6,15.8,7.0,390.4,354.2,280.8,399.8,226.6,275.6,163.8,78.6,1.2,1.0,0.6,1.6,22.0,22.8,0.415034965034965,0.39335497835497835,1.8,2.8,4.2,2.2,0.8,0.8,30.0,18.6,1.0
401547548,2023-11-19 18:00:00+00:00,2023,11,Washington Commanders,New York Giants,21.6,11.2,22.8,22.6,-1.2,-11.4,345.2,263.2,389.6,359.0,260.4,128.2,84.8,135.0,1.0,1.0,0.6,0.4,18.4,15.8,0.36921568627450985,0.2388157894736842,3.6,4.8,2.0,2.0,0.4,0.2,20.0,12.0,0.0
401547546,2023-11-19 18:00:00+00:00,2023,11,Detroit Lions,Chicago Bears,27.0,17.8,24.0,19.6,3.0,-1.8,422.6,311.2,334.8,264.2,281.6,171.8,141.0,139.4,0.8,2.0,0.6,-1.0,22.4,19.8,0.40225274725274723,0.4745054945054945,2.2,2.0,1.6,1.2,0.8,0.4,32.0,19.4,1.0
401547547,2023-11-19 18:00:00+00:00,2023,11,Green Bay Packers,Los Angeles Chargers,15.8,25.8,17.2,22.2,-1.4,3.6,335.2,318.8,295.0,384.6,211.0,233.2,124.2,85.6,1.8,1.0,-1.0,0.6,18.4,18.4,0.4238095238095238,0.4523351648351648,2.2,2.2,2.0,3.0,0.2,0.4,16.8,24.8,1.0
401547541,2023-11-19 18:00:00+00:00,2023,11,Jacksonville Jaguars,Tennessee Titans,23.2,16.4,21.6,22.0,1.6,-5.6,327.0,301.0,369.4,359.4,215.2,198.2,111.8,102.8,2.4,1.2,-0.6,-0.6,19.2,18.0,0.3635919635919636,0.2983760683760684,3.2,3.4,1.8,2.2,0.8,0.2,17.8,11.2,1.0
401547545,2023-11-19 18:00:00+00:00,2023,11,Carolina Panthers,Dallas Cowboys,17.2,29.0,28.0,24.8,-10.8,4.2,270.0,394.4,304.6,287.4,183.6,295.2,86.4,99.2,1.2,1.8,-0.6,-1.0,19.2,22.2,0.37035714285714283,0.42965034965034965,3.6,3.4,1.0,2.4,0.2,0.6,19.0,21.8,0.0
401547540,2023-11-19 18:00:00+00:00,2023,11,Houston Texans,Arizona Cardinals,24.2,13.6,22.6,25.4,1.6,-11.8,375.8,262.8,362.6,309.6,268.8,153.0,107.0,109.8,1.2,1.6,0.2,-0.8,21.2,16.8,0.33368298368298366,0.2962121212121212,1.6,3.4,2.8,2.6,0.6,0.2,22.4,10.2,1.0
401547542,2023-11-19 18:00:00+00:00,2023,11,Miami Dolphins,Las Vegas Raiders,27.0,18.6,21.2,18.2,5.8,0.4,374.8,269.6,280.8,342.0,250.0,174.4,124.8,95.2,1.6,1.4,-0.8,0.0,20.2,16.2,0.3768481518481518,0.30476190476190473,2.0,2.0,3.8,3.4,0.6,0.6,37.0,14.0,1.0
401547539,2023-11-19 18:00:00+00:00,2023,11,Cleveland Browns,Pittsburgh Steelers,27.6,18.8,22.0,16.4,5.6,2.4,346.8,300.0,279.4,361.0,195.6,177.2,151.2,122.8,1.8,0.6,0.6,1.4,20.0,18.8,0.34674208144796376,0.35820512820512823,2.4,1.8,3.6,2.8,0.8,0.8,20.0,18.6,1.0
401547549,2023-11-19 21:05:00+00:00,2023,11,San Francisco 49ers,Tampa Bay Buccaneers,25.4,18.8,17.0,21.0,8.4,-2.2,371.6,310.8,320.8,382.6,251.6,239.8,120.0,71.0,1.6,1.0,0.8,0.2,20.6,18.2,0.44797979797979803,0.3261538461538461,1.8,2.4,2.8,2.6,0.4,0.2,32.4,23.6,1.0
401547543,2023-11-19 21:25:00+00:00,2023,11,Buffalo Bills,New York Jets,20.6,16.4,20.8,17.6,-0.2,-1.2,349.8,307.4,336.0,263.0,233.0,196.8,116.8,110.6,2.2,1.6,-1.8,0.2,22.0,15.6,0.48269230769230764,0.2358244206773618,0.8,4.6,2.4,3.6,0.4,0.6,25.6,14.4,1.0
401547544,2023-11-19 21:25:00+00:00,2023,11,Los Angeles Rams,Seattle Seahawks,16.0,17.8,23.8,22.0,-7.8,-4.2,290.4,340.8,375.4,343.8,184.8,248.0,105.6,92.8,1.0,1.8,0.2,-0.4,15.6,18.4,0.3978479853479853,0.3315018315018315,2.4,2.4,2.4,2.8,0.2,0.6,26.2,17.4,1.0
401547550,2023-11-20 01:20:00+00:00,2023,11,Denver Broncos,Minnesota Vikings,19.2,24.6,19.6,17.4,-0.4,7.2,276.8,353.8,354.0,304.0,142.0,263.2,134.8,90.6,1.6,1.0,1.0,1.2,17.6,21.2,0.4132581453634085,0.432457264957265,3.8,2.0,1.8,2.8,0.6,1.0,22.6,24.6,1.0
401547345,2023-11-21 01:15:00+00:00,2023,11,Kansas City Chiefs,Philadelphia Eagles,21.4,26.8,16.6,21.0,4.8,5.8,349.2,364.6,283.2,323.0,272.0,263.4,77.2,101.2,1.8,1.8,-0.2,-1.2,20.4,23.8,0.4106293706293706,0.5341880341880342,2.0,2.2,4.2,3.8,0.8,0.8,26.4,25.0,0.0
401547552,2023-11-23 17:30:00+00:00,2023,12,Detroit Lions,Green Bay Packers,24.8,17.8,24.4,17.8,0.4,0.0,414.8,357.6,333.2,318.0,282.6,235.0,132.2,122.6,1.6,1.2,-0.6,-0.4,22.4,19.4,0.46770729270729267,0.45714285714285713,2.2,2.4,1.8,1.6,0.8,0.4,30.0,22.2,0.0
401547551,2023-11-23 21:30:00+00:00,2023,12,Dallas Cowboys,Washington Commanders,33.6,20.6,18.4,25.8,15.2,-5.2,417.2,387.4,240.6,367.6,308.0,282.2,109.2,105.2,1.0,2.2,0.0,-1.2,25.2,21.4,0.4444230769230769,0.4061387631975867,2.6,3.4,3.6,3.2,0.8,0.2,40.0,21.6,1.0
401547553,2023-11-24 01:20:00+00:00,2023,12,Seattle Seahawks,San Francisco 49ers,18.4,22.4,22.0,17.8,-3.6,4.6,322.2,371.4,354.4,338.8,233.2,262.4,89.0,109.0,1.6,1.4,-0.2,0.6,16.8,20.0,0.3148351648351648,0.4188888888888889,2.0,2.4,2.4,2.8,0.6,0.4,24.6,25.6,0.0
401547242,2023-11-24 20:00:00+00:00,2023,12,New York Jets,Miami Dolphins,11.4,24.8,19.8,20.6,-8.4,4.2,257.0,354.4,280.0,286.4,180.6,254.2,76.4,100.2,2.0,1.6,-0.6,-0.2,14.8,20.0,0.18582442067736185,0.35639360639360634,5.0,2.0,3.0,2.8,0.4,0.6,15.6,22.2,0.0
401547556,2023-11-26 18:00:00+00:00,2023,12,Indianapolis Colts,Tampa Bay Buccaneers,24.4,20.4,26.6,22.4,-2.2,-2.0,328.6,318.0,335.0,390.6,223.8,243.0,104.8,75.0,2.2,1.2,-0.4,0.0,17.6,20.0,0.38988310708898943,0.3928205128205128,2.0,3.0,3.0,2.8,0.4,0.2,26.4,23.0,1.0
401547559,2023-11-26 18:00:00+00:00,2023,12,Atlanta Falcons,New Orleans Saints,21.2,23.6,24.2,24.4,-3.0,-0.8,353.8,385.8,322.4,350.8,214.6,283.0,139.2,102.8,1.8,1.2,-0.6,0.6,20.0,21.4,0.4388034188034188,0.37047619047619046,2.8,1.4,3.2,1.4,0.2,0.4,22.8,24.2,1.0
401547560,2023-11-26 18:00:00+00:00,2023,12,New York Giants,New England Patriots,15.6,17.2,23.6,21.4,-8.0,-4.2,258.2,301.6,380.4,354.6,131.4,195.6,126.8,106.0,1.0,1.2,1.2,0.4,14.4,18.0,0.2049812030075188,0.3468253968253968,6.0,2.6,2.8,1.2,0.4,0.2,13.0,15.0,1.0
401547554,2023-11-26 18:00:00+00:00,2023,12,Cincinnati Bengals,Pittsburgh Steelers,23.8,17.4,22.4,17.0,1.4,0.4,332.6,292.0,422.0,345.8,245.4,152.2,87.2,139.8,0.8,0.4,1.2,1.2,21.4,17.8,0.35829004329004327,0.32106227106227103,3.2,1.8,2.2,2.2,0.6,0.6,22.2,15.8,0.0
401547555,2023-11-26 18:00:00+00:00,2023,12,Houston Texans,Jacksonville Jaguars,24.6,25.0,21.6,20.4,3.0,4.6,397.0,310.0,337.0,338.8,280.6,211.8,116.4,98.2,1.8,2.0,-0.4,-0.2,22.2,18.2,0.41060606060606053,0.31914751914751915,2.4,2.4,3.4,2.2,0.8,0.8,26.0,27.6,0.0
401547561,2023-11-26 18:00:00+00:00,2023,12,Tennessee Titans,Carolina Panthers,16.0,14.4,24.2,26.2,-8.2,-11.8,278.4,239.0,351.4,291.4,175.0,150.4,103.4,88.6,1.4,1.0,-0.8,-0.4,16.6,16.6,0.27218559218559213,0.3370238095238095,3.6,4.8,2.2,0.6,0.2,0.2,22.2,19.0,1.0
401547562,2023-11-26 21:05:00+00:00,2023,12,Arizona Cardinals,Los Angeles Rams,15.0,16.6,24.4,22.4,-9.4,-5.8,257.6,294.0,317.0,342.8,149.2,182.8,108.4,111.2,1.6,1.2,-0.4,0.0,16.8,16.2,0.2812121212121212,0.35657814407814403,3.6,1.8,2.8,2.6,0.2,0.4,25.0,19.6,0.0
401547563,2023-11-26 21:05:00+00:00,2023,12,Denver Broncos,Cleveland Browns,19.2,26.4,17.4,20.6,1.8,5.8,274.2,331.8,349.6,286.2,158.0,193.4,116.2,138.4,1.0,1.6,1.8,0.6,16.6,20.4,0.3665914786967418,0.3476470588235294,3.4,2.2,1.4,3.6,0.8,0.8,23.6,25.6,1.0
401547557,2023-11-26 21:25:00+00:00,2023,12,Las Vegas Raiders,Kansas City Chiefs,17.0,19.4,18.8,16.8,-1.8,2.6,259.2,349.8,374.6,265.0,173.6,252.4,85.6,97.4,1.8,2.2,0.0,-0.6,14.8,20.8,0.26190476190476186,0.38474701768819414,2.4,1.8,2.8,4.6,0.4,0.6,20.4,21.4,0.0
401547558,2023-11-26 21:25:00+00:00,2023,12,Philadelphia Eagles,Buffalo Bills,26.4,24.2,21.6,20.2,4.8,4.0,321.4,369.0,340.4,303.6,229.2,251.8,92.2,117.2,1.8,2.0,-0.8,-0.8,21.4,22.0,0.44428904428904425,0.4596153846153846,3.0,1.0,3.2,3.0,0.8,0.4,29.8,19.2,1.0
401547564,2023-11-27 01:20:00+00:00,2023,12,Los Angeles Chargers,Baltimore Ravens,26.4,34.2,22.8,17.2,3.6,17.0,343.2,399.4,395.6,288.6,238.2,232.0,105.0,167.4,1.0,1.0,0.4,0.4,18.2,22.4,0.4809065934065934,0.415034965034965,2.4,2.2,2.6,4.0,0.4,0.8,28.6,24.0,0.0
401547565,2023-11-28 01:15:00+00:00,2023,12,Minnesota Vikings,Chicago Bears,24.8,20.4,19.0,22.0,5.8,-1.6,386.8,323.0,308.0,287.8,270.4,179.4,116.4,143.6,1.4,1.6,0.2,0.0,22.6,21.2,0.4816880341880342,0.46571428571428564,2.0,1.4,2.2,1.2,0.8,0.4,22.0,21.2,0.0
401547566,2023-12-01 01:15:00+00:00,2023,13,Dallas Cowboys,Seattle Seahawks,38.6,17.0,17.0,26.2,21.6,-9.2,435.0,302.6,261.4,380.0,325.0,219.0,110.0,83.6,0.8,1.4,0.2,0.2,25.4,16.0,0.4875,0.26168831168831164,1.6,2.8,4.2,1.8,0.8,0.4,41.0,18.6,1.0
401547573,2023-12-03 18:00:00+00:00,2023,13,New York Jets,Atlanta Falcons,10.0,22.8,23.8,22.4,-13.8,0.4,240.0,352.6,289.4,372.6,175.6,189.0,64.4,163.6,2.4,1.6,-1.2,0.0,13.8,20.0,0.2208893557422969,0.47213675213675216,5.4,2.2,3.0,2.4,0.2,0.4,13.8,15.0,0.0
401547572,2023-12-03 18:00:00+00:00,2023,13,New Orleans Saints,Detroit Lions,24.0,25.2,25.2,29.0,-1.2,-3.8,388.6,431.6,370.6,358.4,274.0,279.4,114.6,152.2,1.2,2.2,0.8,-1.4,21.0,23.6,0.37619047619047613,0.44854062604062606,1.2,2.2,1.0,1.6,0.4,0.6,16.0,24.4,0.0
401547570,2023-12-03 18:00:00+00:00,2023,13,Tennessee Titans,Indianapolis Colts,16.2,25.8,21.4,23.2,-5.2,2.6,284.6,336.6,331.0,348.0,191.0,209.6,93.6,127.0,1.0,1.6,-0.4,0.4,16.2,19.2,0.2863270063270063,0.35565850815850814,2.6,1.8,2.8,3.6,0.4,0.6,23.0,22.0,0.0
401547568,2023-12-03 18:00:00+00:00,2023,13,Pittsburgh Steelers,Arizona Cardinals,15.8,15.8,15.6,27.8,0.2,-12.0,316.2,266.2,319.4,344.8,163.0,168.6,153.2,97.6,0.6,1.6,1.0,-0.8,18.8,17.6,0.3485132514544279,0.28513368983957216,1.8,3.6,2.6,2.4,0.6,0.2,19.2,10.2,0.0
401547567,2023-12-03 18:00:00+00:00,2023,13,New England Patriots,Los Angeles Chargers,15.2,25.0,19.2,20.6,-4.0,4.4,306.4,327.4,329.0,371.2,187.6,233.0,118.8,94.4,1.6,1.4,0.0,-0.4,18.2,18.2,0.30396825396825394,0.488525641025641,2.2,2.0,2.4,2.8,0.2,0.4,13.8,23.2,0.0
401547571,2023-12-03 18:00:00+00:00,2023,13,Houston Texans,Denver Broncos,24.8,23.4,23.8,16.0,1.0,7.4,408.0,293.6,340.0,325.6,297.4,166.6,110.6,127.0,1.6,0.6,-0.4,2.6,22.2,17.2,0.4301864801864802,0.37230576441102753,2.8,2.8,3.0,1.8,0.6,1.0,26.2,21.4,1.0
401547574,2023-12-03 18:00:00+00:00,2023,13,Washington Commanders,Miami Dolphins,21.2,23.2,32.0,19.0,-10.8,4.2,408.0,348.6,382.6,259.0,296.4,247.4,111.6,101.2,2.2,2.0,-1.6,-0.2,23.2,19.8,0.48613876319758675,0.3862012987012987,3.0,2.4,2.4,3.4,0.2,0.6,18.6,21.8,0.0
401547569,2023-12-03 21:05:00+00:00,2023,13,Tampa Bay Buccaneers,Carolina Panthers,21.8,12.2,24.6,21.2,-2.8,-9.0,311.8,231.4,389.2,259.4,226.4,145.2,85.4,86.2,1.2,1.2,-0.4,-0.8,19.2,16.2,0.36974358974358973,0.34059523809523806,3.6,4.8,3.0,0.8,0.2,0.2,15.4,19.0,1.0
401547575,2023-12-03 21:25:00+00:00,2023,13,Los Angeles Rams,Cleveland Browns,18.8,21.0,23.4,18.8,-4.6,2.2,309.0,322.4,332.2,253.8,188.0,192.6,121.0,129.8,1.2,1.8,-0.4,-0.2,17.8,20.6,0.3899114774114774,0.32841628959276015,1.2,2.6,3.0,3.0,0.4,0.6,19.4,25.2,1.0
401547276,2023-12-03 21:25:00+00:00,2023,13,Philadelphia Eagles,San Francisco 49ers,31.0,25.2,24.4,16.6,6.6,8.6,327.4,403.8,392.6,316.0,214.2,282.6,113.2,121.2,1.4,1.4,-0.2,0.6,21.4,21.6,0.41701631701631703,0.4597979797979798,3.0,2.0,2.4,3.6,1.0,0.6,32.8,25.8,0.0
401547576,2023-12-04 01:20:00+00:00,2023,13,Green Bay Packers,Kansas City Chiefs,20.2,21.8,18.4,18.6,1.8,3.2,366.8,344.0,343.0,297.2,249.8,252.0,117.0,92.0,1.0,2.0,0.4,-1.0,18.8,21.0,0.4623376623376624,0.4141176470588235,2.4,1.6,2.0,4.0,0.6,0.6,18.2,21.4,1.0
401547577,2023-12-05 01:15:00+00:00,2023,13,Jacksonville Jaguars,Cincinnati Bengals,22.4,22.4,20.6,23.0,1.8,-0.6,352.4,334.2,338.4,429.4,255.0,251.2,97.4,83.0,2.0,0.8,-1.0,1.0,19.2,20.4,0.3696969696969697,0.34374458874458874,1.8,3.4,2.4,1.8,0.8,0.4,22.8,18.2,0.0
401547578,2023-12-08 01:15:00+00:00,2023,14,Pittsburgh Steelers,New England Patriots,15.8,9.4,16.4,15.4,-0.6,-6.0,327.4,285.0,300.4,309.4,162.2,155.8,165.2,129.2,0.4,1.6,0.6,-0.4,19.0,16.6,0.3712405241817006,0.2722222222222222,1.2,3.0,2.4,2.2,0.6,0.0,16.0,11.8,0.0
401547580,2023-12-10 18:00:00+00:00,2023,14,Cincinnati Bengals,Indianapolis Colts,23.0,24.4,25.8,21.0,-2.8,3.4,352.4,316.4,412.6,361.0,265.0,212.0,87.4,104.4,0.8,1.2,0.4,0.8,20.0,19.0,0.383030303030303,0.3051823176823177,3.2,1.6,2.2,4.4,0.4,0.8,19.4,22.0,1.0
401547581,2023-12-10 18:00:00+00:00,2023,14,Cleveland Browns,Jacksonville Jaguars,20.8,22.4,21.2,22.6,-0.4,-0.2,310.8,361.6,261.2,355.2,194.6,272.6,116.2,89.0,1.4,1.6,-0.2,-0.6,20.0,20.2,0.33591628959276015,0.4133333333333333,2.4,2.6,2.8,2.6,0.6,0.6,17.8,26.2,1.0
401547579,2023-12-10 18:00:00+00:00,2023,14,Atlanta Falcons,Tampa Bay Buccaneers,22.2,22.4,21.4,23.4,0.8,-1.0,311.2,315.8,358.6,360.2,160.8,220.4,150.4,95.4,1.0,1.4,0.8,-0.6,19.0,18.8,0.4215873015873016,0.3964102564102564,2.6,3.2,2.6,3.4,0.4,0.4,22.8,23.0,0.0
401547586,2023-12-10 18:00:00+00:00,2023,14,Chicago Bears,Detroit Lions,16.8,30.6,21.6,27.0,-4.8,3.6,321.8,433.6,289.2,330.2,189.2,269.8,132.6,163.8,2.0,2.0,-0.2,-1.0,20.2,23.6,0.4315262515262515,0.47834831834831837,1.6,1.4,1.4,2.0,0.4,0.8,21.4,26.8,1.0
401547582,2023-12-10 18:00:00+00:00,2023,14,New York Jets,Houston Texans,9.0,26.6,24.4,24.2,-15.4,2.4,241.6,432.8,289.4,351.6,176.4,326.4,65.2,106.4,2.6,1.4,-1.4,0.4,14.2,21.8,0.2208893557422969,0.3968531468531468,5.4,3.4,2.8,2.4,0.0,0.8,13.4,21.6,1.0
401547585,2023-12-10 18:00:00+00:00,2023,14,Baltimore Ravens,Los Angeles Rams,30.6,22.6,18.0,22.4,12.6,0.2,371.0,318.0,277.0,337.6,193.4,200.0,177.6,118.0,0.8,1.0,1.2,0.0,21.8,18.0,0.3765734265734266,0.3440781440781441,2.6,0.8,3.6,3.0,0.8,0.6,31.8,21.0,1.0
401547587,2023-12-10 18:00:00+00:00,2023,14,New Orleans Saints,Carolina Panthers,24.8,12.8,25.6,22.8,-0.8,-10.0,379.6,243.0,374.0,278.0,264.8,139.0,114.8,104.0,1.4,1.4,0.2,-1.0,20.6,15.2,0.4428571428571429,0.3091666666666667,1.4,4.4,1.2,0.6,0.4,0.0,20.2,17.2,1.0
401547589,2023-12-10 21:05:00+00:00,2023,14,San Francisco 49ers,Seattle Seahawks,30.2,19.2,16.0,30.4,14.2,-11.2,430.0,311.4,292.2,385.2,292.6,236.2,137.4,75.2,0.8,1.2,1.0,-0.2,22.6,17.6,0.49414141414141416,0.32359307359307354,2.2,2.8,4.2,2.0,0.8,0.2,30.2,18.2,1.0
401547588,2023-12-10 21:05:00+00:00,2023,14,Las Vegas Raiders,Minnesota Vikings,18.0,22.4,19.0,18.0,-1.0,4.4,283.8,344.8,382.0,306.4,181.4,228.6,102.4,116.2,1.2,2.0,0.6,-0.6,14.0,20.8,0.31746031746031744,0.4030555555555556,2.4,2.4,2.6,2.6,0.4,0.6,20.2,23.0,0.0
401547584,2023-12-10 21:25:00+00:00,2023,14,Los Angeles Chargers,Denver Broncos,20.2,23.0,18.0,17.0,2.2,6.0,305.2,282.2,363.6,330.0,215.8,160.6,89.4,121.6,1.2,1.2,-0.4,1.8,16.8,16.8,0.44749999999999995,0.28897243107769416,2.0,3.2,3.6,2.8,0.4,0.8,23.8,20.0,0.0
401547583,2023-12-10 21:25:00+00:00,2023,14,Kansas City Chiefs,Buffalo Bills,19.4,26.0,20.6,21.8,-1.2,4.2,314.8,402.2,302.0,306.4,206.8,266.6,108.0,135.6,1.8,1.8,-1.2,-0.4,21.0,23.0,0.43229946524064167,0.49446386946386944,2.0,1.0,3.4,3.2,0.4,0.4,25.8,26.0,0.0
401547590,2023-12-11 01:20:00+00:00,2023,14,Dallas Cowboys,Philadelphia Eagles,38.2,28.6,20.0,29.4,18.2,-0.8,439.8,323.0,286.6,435.0,323.0,220.4,116.8,102.6,0.6,1.0,0.4,0.0,27.2,20.8,0.5017857142857143,0.45701631701631695,1.8,3.0,4.0,2.0,0.8,0.8,43.2,24.2,1.0
401547592,2023-12-12 01:15:00+00:00,2023,14,Miami Dolphins,Tennessee Titans,28.8,16.2,15.8,23.0,13.0,-6.8,381.0,285.8,237.0,333.6,264.2,186.6,116.8,99.2,1.8,1.2,-0.2,-0.4,21.4,17.8,0.4211663336663337,0.2902485749544573,1.6,3.4,3.4,2.2,0.8,0.2,38.8,11.0,0.0
401547591,2023-12-12 01:15:00+00:00,2023,14,New York Giants,Green Bay Packers,14.8,23.6,23.6,17.4,-8.8,6.2,231.0,389.2,382.4,341.2,113.8,261.2,117.2,128.0,0.8,0.8,1.8,0.6,13.2,20.4,0.20401966454598033,0.4909090909090909,6.4,2.0,2.0,2.0,0.4,0.8,7.4,20.4,1.0
401547593,2023-12-15 01:15:00+00:00,2023,15,Las Vegas Raiders,Los Angeles Chargers,15.2,16.2,14.4,21.6,0.8,-5.4,292.8,323.6,331.0,374.0,195.2,235.8,97.6,87.8,1.6,1.6,-0.4,-1.2,13.2,17.4,0.33809523809523806,0.36,2.0,2.2,3.4,2.4,0.4,0.2,16.8,19.6,1.0
401547604,2023-12-16 18:00:00+00:00,2023,15,Cincinnati Bengals,Minnesota Vikings,25.0,18.2,25.0,16.0,0.0,2.2,350.0,321.8,403.6,292.8,251.2,191.6,98.8,130.2,1.0,1.8,0.2,0.0,19.2,19.2,0.3309090909090909,0.37194444444444447,3.0,2.8,2.6,2.6,0.4,0.6,22.4,19.4,1.0
401547607,2023-12-16 21:30:00+00:00,2023,15,Indianapolis Colts,Pittsburgh Steelers,21.8,15.4,20.2,17.4,1.6,-2.0,296.6,315.0,335.8,293.0,215.8,166.6,80.8,148.4,1.4,0.6,0.6,0.4,19.0,18.2,0.2722277722277722,0.31409766703884345,1.8,1.6,4.2,2.0,0.8,0.4,27.6,15.8,1.0
401547606,2023-12-17 01:15:00+00:00,2023,15,Detroit Lions,Denver Broncos,28.0,23.0,29.8,16.6,-1.8,6.4,389.8,298.6,366.0,331.8,242.4,186.4,147.4,112.2,2.0,1.2,-1.2,1.2,20.4,16.8,0.4726340326340327,0.297375792422232,2.0,2.4,1.4,3.4,0.6,0.8,28.2,20.8,1.0
401547598,2023-12-17 18:00:00+00:00,2023,15,Green Bay Packers,Tampa Bay Buccaneers,24.0,20.8,21.6,20.6,2.4,0.2,376.2,307.4,377.2,347.8,260.4,198.6,115.8,108.8,1.0,1.2,0.4,-0.4,20.0,17.8,0.4623376623376624,0.42525641025641026,1.6,3.0,1.8,3.4,0.6,0.6,20.0,23.6,0.0
401547608,2023-12-17 18:00:00+00:00,2023,15,New England Patriots,Kansas City Chiefs,10.2,21.0,12.8,19.8,-2.6,1.2,302.0,329.2,284.2,319.4,172.0,217.2,130.0,112.0,1.6,1.2,-0.6,-0.6,16.8,21.6,0.3115384615384615,0.4722994652406417,2.8,1.6,2.2,2.8,0.2,0.4,10.4,21.8,0.0
401547605,2023-12-17 18:00:00+00:00,2023,15,Cleveland Browns,Chicago Bears,21.6,19.8,26.6,18.2,-5.0,1.6,323.4,330.0,308.2,272.2,213.4,183.6,110.0,146.4,2.0,1.6,-0.6,0.6,19.8,20.8,0.30977249874308693,0.4315262515262515,2.4,2.0,2.2,2.2,0.6,0.6,18.6,21.6,1.0
401547603,2023-12-17 18:00:00+00:00,2023,15,Carolina Panthers,Atlanta Falcons,11.4,22.6,23.0,21.6,-11.6,1.0,248.6,329.6,279.8,341.6,131.4,188.0,117.2,141.6,1.2,1.0,-0.8,0.6,15.0,20.2,0.30166666666666664,0.4451770451770452,4.4,2.0,0.6,2.4,0.0,0.4,13.6,16.4,1.0
401547599,2023-12-17 18:00:00+00:00,2023,15,New Orleans Saints,New York Giants,22.8,17.6,21.4,25.4,1.4,-7.8,318.8,265.6,360.4,397.4,216.8,147.2,102.0,118.4,1.4,1.2,0.4,1.6,18.6,14.4,0.40285714285714286,0.24296703296703295,1.4,5.6,1.6,1.6,0.4,0.6,22.6,15.8,1.0
401547595,2023-12-17 18:00:00+00:00,2023,15,Tennessee Titans,Houston Texans,18.6,20.0,24.4,22.8,-5.8,-2.8,298.4,360.6,341.6,354.6,203.6,248.6,94.8,112.0,1.6,1.2,-0.6,0.6,17.6,18.6,0.32101780572368804,0.3589743589743589,2.8,3.8,3.2,2.8,0.4,0.6,23.2,21.0,0.0
401547594,2023-12-17 18:00:00+00:00,2023,15,Miami Dolphins,New York Jets,28.0,13.8,18.0,20.2,10.0,-6.4,376.2,257.0,274.0,278.2,243.4,188.8,132.8,68.2,1.6,2.2,0.4,-1.0,20.6,14.8,0.41127622377622375,0.2655952380952381,2.2,4.6,3.0,2.8,0.6,0.2,30.2,14.4,1.0
401547596,2023-12-17 21:05:00+00:00,2023,15,Arizona Cardinals,San Francisco 49ers,15.8,32.4,23.6,13.0,-7.8,19.4,260.6,443.4,354.6,277.0,158.8,294.0,101.8,149.4,1.2,0.6,-0.2,1.4,16.8,21.6,0.3194474153297683,0.49212121212121207,3.6,2.4,1.6,4.4,0.4,1.0,22.2,28.2,0.0
401547597,2023-12-17 21:05:00+00:00,2023,15,Los Angeles Rams,Washington Commanders,24.8,18.0,21.2,33.4,3.6,-15.4,344.0,362.6,350.0,389.0,218.8,240.2,125.2,122.4,0.8,2.2,0.2,-2.0,19.8,20.2,0.3575396825396825,0.45518638224520575,0.8,3.4,2.8,2.0,0.6,0.2,22.0,17.4,1.0
401547600,2023-12-17 21:25:00+00:00,2023,15,Buffalo Bills,Dallas Cowboys,25.2,40.2,21.6,17.0,3.6,23.2,382.2,437.4,315.2,293.0,246.0,307.6,136.2,129.8,1.8,0.6,0.0,1.0,22.2,26.6,0.46677156177156176,0.5342857142857143,1.2,1.4,2.8,3.6,0.4,1.0,22.4,20.4,1.0
401547602,2023-12-18 01:20:00+00:00,2023,15,Jacksonville Jaguars,Baltimore Ravens,23.8,31.8,26.8,19.4,-3.0,12.4,344.8,407.2,380.8,297.0,265.4,227.8,79.4,179.4,1.8,1.0,-0.6,0.6,20.2,22.2,0.4033785822021116,0.37051282051282053,2.8,2.2,2.2,3.6,0.4,0.8,25.6,22.6,0.0
401547601,2023-12-19 01:15:00+00:00,2023,15,Seattle Seahawks,Philadelphia Eagles,21.8,23.6,28.6,29.8,-6.8,-6.2,346.0,313.0,387.6,419.4,262.4,201.0,83.6,112.0,1.2,1.2,-0.2,-0.2,19.8,20.0,0.3432900432900433,0.42282828282828283,2.8,2.8,2.4,2.4,0.2,0.6,24.6,21.8,1.0
401547609,2023-12-22 01:15:00+00:00,2023,16,Los Angeles Rams,New Orleans Saints,29.8,22.8,21.2,19.2,8.6,3.6,395.6,317.8,331.2,325.4,244.8,215.8,150.8,102.0,0.8,1.4,0.0,-0.6,22.4,19.0,0.39861111111111114,0.40285714285714286,1.2,1.6,2.2,2.6,0.8,0.4,24.8,23.8,1.0
401547610,2023-12-23 21:30:00+00:00,2023,16,Pittsburgh Steelers,Cincinnati Bengals,13.4,25.0,19.6,23.8,-6.2,1.2,293.4,349.6,287.6,379.6,171.2,248.0,122.2,101.6,1.2,0.8,-0.6,0.2,16.6,19.6,0.31922587216704856,0.3375024975024975,2.2,3.2,2.4,3.0,0.2,0.6,16.2,24.4,1.0
401547611,2023-12-24 01:00:00+00:00,2023,16,Los Angeles Chargers,Buffalo Bills,12.8,27.8,26.0,18.8,-13.2,9.0,304.6,389.0,343.0,274.8,218.0,213.2,86.6,175.8,2.4,1.4,-2.0,0.6,16.2,23.6,0.36,0.4612160062160062,2.8,1.2,2.6,3.2,0.2,0.6,20.4,26.8,0.0
401547614,2023-12-24 18:00:00+00:00,2023,16,Tennessee Titans,Seattle Seahawks,20.6,20.0,24.2,26.8,-3.6,-6.8,297.4,307.6,341.6,380.6,197.8,228.0,99.6,79.6,1.6,1.2,-0.6,0.0,17.6,17.6,0.30768447239035474,0.37186147186147184,3.4,3.0,3.4,1.8,0.4,0.2,21.0,16.6,0.0
401547617,2023-12-24 18:00:00+00:00,2023,16,Carolina Panthers,Green Bay Packers,10.6,24.2,21.2,23.8,-10.6,0.4,262.6,360.6,261.6,402.8,128.2,256.0,134.4,104.6,1.2,0.8,-0.4,0.8,16.0,20.2,0.3283333333333333,0.4623376623376624,4.4,1.8,0.6,2.6,0.2,0.6,12.0,20.0,0.0
401547618,2023-12-24 18:00:00+00:00,2023,16,Minnesota Vikings,Detroit Lions,16.8,28.2,15.8,25.6,1.0,2.6,334.0,372.8,294.4,339.2,204.4,228.4,129.6,144.4,1.8,2.0,-0.2,-1.2,19.4,21.6,0.3677777777777778,0.5110955710955711,2.6,2.4,3.4,1.8,0.4,0.6,20.6,22.6,0.0
401547613,2023-12-24 18:00:00+00:00,2023,16,New York Jets,Washington Commanders,11.4,18.0,23.0,35.6,-11.6,-17.6,204.6,335.6,281.4,412.6,153.4,222.2,51.2,113.4,2.8,2.0,-2.0,-1.6,14.2,18.4,0.255018315018315,0.3921611721611721,5.4,3.0,2.8,2.6,0.2,0.0,15.4,16.6,1.0
401547612,2023-12-24 18:00:00+00:00,2023,16,Houston Texans,Cleveland Browns,17.8,19.0,20.6,23.8,-2.8,-4.8,319.8,324.2,319.4,294.2,215.8,244.0,104.0,80.2,0.8,2.2,0.8,-0.6,17.2,17.8,0.3507692307692307,0.25977249874308694,4.4,2.4,3.4,2.2,0.6,0.6,24.6,24.6,0.0
401547616,2023-12-24 18:00:00+00:00,2023,16,Atlanta Falcons,Indianapolis Colts,18.4,22.4,17.2,20.2,1.2,2.2,296.4,331.4,325.6,324.0,166.4,232.2,130.0,99.2,1.0,1.2,0.2,0.8,19.0,19.4,0.42637362637362636,0.29068931068931064,1.8,2.2,2.2,4.2,0.4,0.8,22.8,20.4,1.0
401547615,2023-12-24 21:05:00+00:00,2023,16,Tampa Bay Buccaneers,Jacksonville Jaguars,23.6,24.6,23.4,24.6,0.2,0.0,329.8,367.2,370.2,372.6,216.6,284.6,113.2,82.6,1.2,1.4,-0.4,0.0,18.4,21.0,0.45919580419580425,0.3828657616892911,3.4,2.0,3.0,2.4,0.6,0.4,14.2,25.4,1.0
401547620,2023-12-24 21:25:00+00:00,2023,16,Miami Dolphins,Dallas Cowboys,31.2,32.4,13.8,19.8,17.4,12.6,375.8,348.4,241.2,328.8,251.0,234.4,124.8,114.0,1.4,0.4,1.2,1.0,19.8,23.0,0.4412762237762237,0.5112087912087911,2.2,2.0,3.8,2.8,0.8,0.8,30.0,19.2,1.0
401547619,2023-12-24 21:25:00+00:00,2023,16,Chicago Bears,Arizona Cardinals,19.8,21.6,17.4,27.2,2.4,-5.6,303.6,336.2,287.4,370.6,170.8,195.8,132.8,140.4,1.2,1.0,1.6,0.0,19.2,19.8,0.375970695970696,0.3902807486631016,2.2,2.8,3.0,1.4,0.6,0.4,23.0,11.8,1.0
401547621,2023-12-25 01:15:00+00:00,2023,16,Denver Broncos,New England Patriots,21.6,10.2,20.6,14.2,1.0,-4.0,296.0,277.8,347.6,263.0,191.6,158.8,104.4,119.0,1.2,1.6,0.4,-0.6,17.0,15.2,0.29008834302951947,0.2948717948717948,2.0,3.6,3.8,2.2,0.6,0.2,22.8,13.0,0.0
401547351,2023-12-25 18:00:00+00:00,2023,16,Kansas City Chiefs,Las Vegas Raiders,22.2,21.8,20.4,17.4,1.8,4.4,341.0,301.6,302.2,340.8,239.0,204.2,102.0,97.4,1.4,1.6,-0.8,0.2,22.2,14.2,0.48922254216371863,0.37916666666666665,1.8,2.2,3.0,2.4,0.4,0.4,21.0,13.2,0.0
401547241,2023-12-25 21:30:00+00:00,2023,16,Philadelphia Eagles,New York Giants,21.4,17.6,29.2,24.2,-7.8,-6.6,318.8,248.8,397.6,389.8,193.0,143.0,125.8,105.8,1.6,0.8,-0.8,2.0,20.6,13.8,0.43532828282828284,0.21796703296703296,2.2,5.4,1.8,1.8,0.4,0.6,29.8,13.8,1.0
401547622,2023-12-26 01:15:00+00:00,2023,16,San Francisco 49ers,Baltimore Ravens,34.6,29.0,18.2,20.2,16.4,8.8,437.2,383.4,320.0,333.4,287.8,213.4,149.4,170.0,0.6,0.8,1.0,0.8,22.4,21.4,0.5397402597402597,0.36153846153846153,2.0,2.6,4.0,3.0,1.0,0.8,29.8,21.6,0.0
401547623,2023-12-29 01:15:00+00:00,2023,17,Cleveland Browns,New York Jets,23.6,16.2,26.2,22.2,-2.6,-6.0,356.0,249.8,294.4,251.8,284.2,178.4,71.8,71.4,2.4,2.4,-0.4,-1.2,19.0,16.6,0.2877136752136752,0.305018315018315,2.4,4.2,2.2,2.8,0.6,0.4,22.0,12.4,1.0
401547624,2023-12-31 01:15:00+00:00,2023,17,Dallas Cowboys,Detroit Lions,29.8,28.0,22.2,25.2,7.6,2.8,354.0,383.0,366.4,350.4,242.0,233.0,112.0,150.0,0.6,1.4,0.4,0.0,22.2,22.6,0.4903754578754579,0.46564102564102566,2.8,2.2,1.6,2.2,0.6,0.6,42.2,24.6,1.0
401547625,2023-12-31 18:00:00+00:00,2023,17,Baltimore Ravens,Miami Dolphins,29.4,31.6,17.4,15.2,12.0,16.4,390.8,366.4,344.6,249.8,221.6,243.2,169.2,123.2,0.4,0.8,1.8,1.4,22.6,20.0,0.38426573426573424,0.4790384615384616,2.4,2.2,3.0,4.2,1.0,0.8,35.4,26.0,1.0
401547633,2023-12-31 18:00:00+00:00,2023,17,Philadelphia Eagles,Arizona Cardinals,23.8,19.8,30.8,28.0,-7.0,-8.2,364.2,327.0,388.8,403.8,227.2,192.4,137.0,134.6,1.8,0.8,-1.2,0.4,23.0,19.0,0.48744949494949497,0.42323529411764704,1.4,2.8,1.8,1.0,0.4,0.2,29.6,13.2,0.0
401547629,2023-12-31 18:00:00+00:00,2023,17,Jacksonville Jaguars,Carolina Panthers,20.2,14.6,27.8,21.2,-7.6,-6.6,350.4,304.0,392.6,273.2,286.0,172.4,64.4,131.6,2.2,0.8,-1.2,0.0,20.8,18.6,0.3828657616892911,0.35397435897435897,2.6,3.4,2.4,0.8,0.2,0.2,22.4,13.6,1.0
401547628,2023-12-31 18:00:00+00:00,2023,17,Indianapolis Colts,Las Vegas Raiders,22.4,22.6,24.8,17.8,-2.4,4.8,331.0,287.8,337.2,329.4,227.4,188.6,103.6,99.2,1.2,1.2,0.4,0.8,20.6,13.6,0.28519480519480517,0.3625,3.4,2.0,3.4,2.8,0.6,0.4,29.0,15.2,1.0
401547632,2023-12-31 18:00:00+00:00,2023,17,New York Giants,Los Angeles Rams,19.2,32.4,21.0,22.4,-1.8,10.0,272.8,433.8,354.8,340.8,168.0,272.8,104.8,161.0,0.8,0.6,2.0,0.2,13.4,23.0,0.2751098901098901,0.4208333333333333,4.6,1.2,2.0,2.2,0.6,0.8,12.2,24.0,0.0
401547631,2023-12-31 18:00:00+00:00,2023,17,Houston Texans,Tennessee Titans,18.0,21.2,24.6,21.4,-6.6,-0.2,286.0,307.8,339.2,318.4,189.8,194.2,96.2,113.6,0.6,1.2,1.0,-0.2,16.8,19.8,0.27897435897435896,0.35054161524749755,4.2,4.2,3.0,3.8,0.4,0.4,25.0,16.0,1.0
401547627,2023-12-31 18:00:00+00:00,2023,17,Chicago Bears,Atlanta Falcons,22.0,19.6,18.0,14.2,4.0,5.4,328.6,326.8,306.0,307.6,172.4,198.2,156.2,128.6,1.4,1.0,1.4,0.2,19.4,19.6,0.4026373626373626,0.4032967032967033,2.4,1.4,2.8,3.0,0.6,0.6,22.8,16.4,1.0
401547634,2023-12-31 18:00:00+00:00,2023,17,Tampa Bay Buccaneers,New Orleans Saints,26.8,23.4,20.4,19.8,6.4,3.6,339.4,329.6,347.2,339.4,225.4,233.6,114.0,96.0,0.8,1.2,0.8,-0.4,18.4,19.4,0.46445896209054105,0.4366233766233766,3.0,1.4,3.0,2.6,0.8,0.4,18.0,21.4,0.0
401547635,2023-12-31 18:00:00+00:00,2023,17,Washington Commanders,San Francisco 49ers,18.4,33.0,35.8,22.0,-17.4,11.0,313.4,439.0,391.0,331.2,193.2,288.4,120.2,150.6,2.4,1.6,-1.6,-0.4,18.8,22.2,0.3488278388278388,0.5454545454545454,2.6,2.0,2.4,3.6,0.0,0.8,17.6,33.8,0.0
401547626,2023-12-31 18:00:00+00:00,2023,17,Buffalo Bills,New England Patriots,28.2,14.2,18.4,16.8,9.8,-2.6,382.2,267.6,269.4,265.4,223.8,170.2,158.4,97.4,1.2,1.4,0.6,-0.2,23.2,13.4,0.48621600621600625,0.2553113553113553,1.4,3.0,3.4,3.2,0.8,0.4,24.6,17.6,1.0
401547636,2023-12-31 21:05:00+00:00,2023,17,Seattle Seahawks,Pittsburgh Steelers,20.8,18.2,26.8,19.2,-6.0,-1.0,304.0,323.0,384.6,309.4,226.4,212.6,77.6,110.4,1.0,1.2,0.0,-0.2,18.6,17.4,0.4128871128871129,0.3763687293099057,3.2,1.8,2.8,2.8,0.4,0.4,21.2,13.8,0.0
401547235,2023-12-31 21:25:00+00:00,2023,17,Kansas City Chiefs,Cincinnati Bengals,21.6,23.2,20.2,23.8,1.4,-0.6,335.4,368.8,295.6,378.0,250.0,282.6,85.4,86.2,1.4,1.4,-1.0,-0.4,21.4,19.0,0.4576048951048951,0.39344655344655344,2.4,2.8,2.4,2.6,0.4,0.6,20.0,26.0,1.0
401547630,2023-12-31 21:25:00+00:00,2023,17,Denver Broncos,Los Angeles Chargers,22.0,13.2,21.8,26.2,0.2,-13.0,292.2,280.4,328.4,330.6,180.4,204.2,111.8,76.2,1.6,2.2,-0.4,-1.2,18.2,16.4,0.3182934712346477,0.3171428571428571,2.6,3.4,3.8,2.2,0.4,0.2,23.2,18.2,1.0
401547637,2024-01-01 01:20:00+00:00,2023,17,Minnesota Vikings,Green Bay Packers,16.2,26.2,18.0,25.8,-1.8,0.4,334.4,355.0,316.2,402.8,226.4,238.4,108.0,116.6,2.6,0.8,-1.2,0.6,18.6,20.6,0.35444444444444445,0.4766233766233766,3.2,1.4,3.0,2.6,0.2,0.6,20.6,24.0,0.0
401547639,2024-01-06 21:30:00+00:00,2023,18,Baltimore Ravens,Pittsburgh Steelers,33.8,21.0,17.2,21.8,16.6,-0.8,408.0,332.4,365.2,338.8,238.2,212.2,169.8,120.2,0.6,1.0,2.2,0.0,23.0,18.0,0.39855144855144853,0.3745587745587745,2.0,1.6,2.6,2.2,1.0,0.4,39.0,18.6,0.0
401547644,2024-01-07 01:15:00+00:00,2023,18,Indianapolis Colts,Houston Texans,21.6,19.0,24.8,20.4,-3.2,-1.4,322.0,278.0,351.6,287.6,222.6,177.8,99.4,100.2,1.0,0.6,0.2,1.0,18.6,17.0,0.3411388611388611,0.24121212121212116,3.2,3.6,2.6,4.2,0.6,0.6,29.0,17.4,0.0
401547652,2024-01-07 18:00:00+00:00,2023,18,Tennessee Titans,Jacksonville Jaguars,18.4,20.6,24.6,23.6,-6.2,-3.0,292.4,324.8,329.2,347.0,184.2,245.6,108.2,79.2,1.4,2.0,-0.6,-0.8,19.0,19.6,0.3308446455505279,0.3626734539969834,5.2,3.2,3.2,2.8,0.2,0.2,21.2,22.8,1.0
401547648,2024-01-07 18:00:00+00:00,2023,18,New England Patriots,New York Jets,17.0,17.6,20.2,22.8,-3.2,-5.2,269.8,290.0,277.6,258.4,181.2,203.0,88.6,87.0,1.6,2.4,-0.4,-1.2,13.0,17.6,0.27816849816849815,0.30858974358974356,3.2,3.2,2.2,2.6,0.4,0.4,13.8,10.2,0.0
401547642,2024-01-07 18:00:00+00:00,2023,18,Detroit Lions,Minnesota Vikings,27.4,14.2,23.4,20.4,4.0,-6.2,374.2,299.6,351.8,351.2,227.2,213.2,147.0,86.4,1.2,2.4,0.6,-0.8,21.8,17.4,0.4338461538461538,0.33444444444444443,1.8,3.6,2.8,2.6,0.6,0.2,32.6,20.4,1.0
401547640,2024-01-07 18:00:00+00:00,2023,18,Carolina Panthers,Tampa Bay Buccaneers,12.6,25.4,23.0,19.6,-10.4,5.8,277.2,349.6,283.8,330.4,153.4,249.2,123.8,100.4,0.8,1.2,0.0,0.2,16.2,17.6,0.29435897435897435,0.4375358851674641,3.8,2.2,1.2,2.8,0.2,0.8,15.4,26.8,0.0
401547649,2024-01-07 18:00:00+00:00,2023,18,New Orleans Saints,Atlanta Falcons,25.0,18.2,17.6,18.6,7.4,-0.4,302.8,309.0,330.0,305.2,214.8,199.2,88.0,109.8,0.8,1.4,0.4,-0.6,19.0,17.6,0.4397979797979798,0.3648351648351648,1.4,1.8,3.0,3.4,0.6,0.4,25.6,16.6,1.0
401547641,2024-01-07 18:00:00+00:00,2023,18,Cincinnati Bengals,Cleveland Browns,24.6,28.6,25.6,24.4,-1.0,4.2,377.0,387.8,368.4,307.6,275.0,312.0,102.0,75.8,1.2,2.4,-0.2,-0.2,21.0,19.2,0.4534465534465534,0.35694444444444445,3.2,1.8,2.6,2.4,0.6,0.8,24.4,24.0,1.0
401547645,2024-01-07 21:25:00+00:00,2023,18,Los Angeles Chargers,Kansas City Chiefs,13.0,20.4,25.4,20.2,-12.4,0.2,284.8,338.0,321.0,276.6,208.6,240.0,76.2,98.0,1.6,1.6,-0.6,-1.2,16.6,19.8,0.26017316017316017,0.41669580419580415,3.0,2.6,2.2,3.4,0.2,0.4,21.4,22.6,0.0
401547653,2024-01-07 21:25:00+00:00,2023,18,Washington Commanders,Dallas Cowboys,16.6,24.8,35.0,24.0,-18.4,0.8,277.6,344.6,414.2,375.2,179.8,240.4,97.8,104.2,1.6,1.0,-0.8,0.2,15.6,21.4,0.3385714285714285,0.47037545787545787,2.0,3.4,0.8,1.0,0.0,0.6,19.0,21.2,0.0
401547646,2024-01-07 21:25:00+00:00,2023,18,Las Vegas Raiders,Denver Broncos,24.0,19.4,18.4,21.2,5.6,-1.8,302.6,296.0,314.8,334.8,193.8,197.8,108.8,98.2,0.6,1.4,0.8,-0.6,16.4,18.0,0.3720238095238095,0.31493212669683257,2.0,2.8,2.8,3.2,0.4,0.4,25.2,18.0,1.0
401547650,2024-01-07 21:25:00+00:00,2023,18,New York Giants,Philadelphia Eagles,18.0,22.6,22.4,31.0,-4.4,-8.4,292.2,343.6,352.2,377.6,184.6,225.4,107.6,118.2,1.0,1.6,1.2,-1.0,14.2,21.6,0.26618131868131867,0.5036111111111111,4.0,1.0,2.0,1.8,0.4,0.2,16.6,20.6,1.0
401547643,2024-01-07 21:25:00+00:00,2023,18,Green Bay Packers,Chicago Bears,27.0,24.2,23.4,15.2,3.6,9.0,373.6,348.2,352.2,299.8,243.4,190.2,130.2,158.0,1.0,1.2,0.2,1.6,22.8,18.8,0.5142857142857142,0.4007142857142857,1.4,2.6,2.8,2.8,0.6,0.8,20.0,17.0,1.0
401547638,2024-01-07 21:25:00+00:00,2023,18,Arizona Cardinals,Seattle Seahawks,23.6,22.8,30.0,26.6,-6.4,-3.8,353.0,333.8,375.0,402.8,198.8,256.2,154.2,77.6,0.6,0.8,0.2,0.0,21.4,19.2,0.4632352941176471,0.425008325008325,2.4,2.2,0.2,2.8,0.4,0.4,22.4,18.0,0.0
401547651,2024-01-07 21:25:00+00:00,2023,18,San Francisco 49ers,Los Angeles Rams,32.2,30.2,21.4,24.6,10.8,5.6,445.2,420.6,332.2,360.2,291.6,284.2,153.6,136.4,1.4,1.0,-0.2,0.0,23.2,22.4,0.5434343434343434,0.3708333333333333,2.0,2.0,2.6,2.6,0.8,0.8,26.6,23.4,0.0
401547647,2024-01-08 01:20:00+00:00,2023,18,Miami Dolphins,Buffalo Bills,28.6,27.2,23.8,21.4,4.8,5.8,362.4,359.8,316.2,297.2,241.8,202.0,120.6,157.8,0.8,1.2,1.2,0.6,19.6,22.6,0.42153846153846153,0.5026262626262626,2.4,1.4,3.0,2.8,0.6,0.8,26.0,24.2,0.0
401671789,2024-09-06 00:40:00+00:00,2024,1,Kansas City Chiefs,Baltimore Ravens,19.2,31.8,17.2,18.6,2.0,13.2,324.2,380.6,270.8,367.2,231.2,229.0,93.0,151.6,1.6,1.0,-1.0,1.4,17.2,21.6,0.3644230769230769,0.39855144855144853,2.2,2.4,3.6,2.6,0.6,0.8,18.8,26.2,1.0
401671805,2024-09-07 00:15:00+00:00,2024,1,Philadelphia Eagles,Green Bay Packers,20.8,25.0,28.0,21.4,-7.2,3.6,336.8,383.6,369.4,323.2,201.2,254.4,135.6,129.2,2.4,1.2,-1.6,-0.2,20.8,22.8,0.4738675213675213,0.5542857142857143,1.4,1.2,1.8,3.2,0.2,0.6,29.6,27.2,1.0
401671712,2024-09-08 17:00:00+00:00,2024,1,New York Giants,Minnesota Vikings,21.4,16.2,23.0,24.0,-1.6,-7.8,331.2,340.8,355.4,364.0,213.4,251.2,117.8,89.6,1.0,2.0,1.4,-0.8,16.6,19.2,0.29035714285714287,0.3207692307692308,3.2,4.0,2.6,2.2,0.4,0.2,19.2,19.6,0.0
401671734,2024-09-08 17:00:00+00:00,2024,1,New Orleans Saints,Carolina Panthers,29.0,9.0,14.4,20.6,14.6,-11.6,310.4,260.6,338.4,265.0,214.2,137.2,96.2,123.4,0.4,1.0,1.4,-0.4,19.8,15.4,0.39979797979797976,0.28769230769230764,1.6,3.6,3.0,1.6,0.8,0.2,30.4,9.4,1.0
401671719,2024-09-08 17:00:00+00:00,2024,1,Chicago Bears,Tennessee Titans,23.6,18.4,16.6,22.4,7.0,-4.0,323.2,281.6,337.8,330.6,173.8,173.8,149.4,107.8,0.8,1.2,1.4,-0.4,17.8,17.8,0.36637085137085135,0.3693473193473193,3.0,4.4,2.6,2.6,0.6,0.4,27.6,13.4,1.0
401671861,2024-09-08 17:00:00+00:00,2024,1,Indianapolis Colts,Houston Texans,19.2,19.2,23.8,20.8,-4.6,-1.6,323.0,268.6,336.6,303.2,189.2,174.2,133.8,94.4,0.8,0.6,0.0,0.6,19.0,17.4,0.3164635364635365,0.2681351981351981,2.8,3.0,1.8,3.8,0.4,0.6,25.2,18.2,0.0
401671744,2024-09-08 17:00:00+00:00,2024,1,Atlanta Falcons,Pittsburgh Steelers,19.0,22.4,26.6,19.0,-7.6,3.4,348.0,326.8,333.4,327.2,240.6,201.6,107.4,125.2,2.0,1.2,-1.8,0.2,17.4,17.6,0.3804195804195804,0.38183150183150183,1.4,2.2,3.2,2.6,0.2,0.6,24.4,17.2,0.0
401671849,2024-09-08 17:00:00+00:00,2024,1,Miami Dolphins,Jacksonville Jaguars,22.4,18.4,25.0,22.4,-2.6,-4.0,336.2,322.0,361.8,314.2,218.6,240.6,117.6,81.4,1.2,2.4,1.2,-1.2,18.8,19.0,0.39384615384615385,0.39695916828269767,2.6,2.4,3.0,2.8,0.4,0.2,22.6,20.6,1.0
401671617,2024-09-08 17:00:00+00:00,2024,1,Buffalo Bills,Arizona Cardinals,24.6,24.8,16.8,26.8,7.8,-2.0,353.4,387.8,276.6,349.0,204.6,207.0,148.8,180.8,1.6,0.6,0.2,0.0,22.0,22.4,0.5044444444444445,0.46957013574660633,1.8,1.8,2.6,0.2,1.0,0.4,27.2,18.2,1.0
401671628,2024-09-08 17:00:00+00:00,2024,1,Cincinnati Bengals,New England Patriots,24.0,17.6,22.2,22.4,1.8,-4.8,344.4,242.2,342.0,280.2,237.0,165.6,107.4,76.6,1.2,1.8,0.2,-0.4,20.0,11.6,0.38916083916083916,0.23531135531135527,3.4,3.6,2.4,2.4,0.6,0.4,25.8,18.4,0.0
401671664,2024-09-08 20:05:00+00:00,2024,1,Seattle Seahawks,Denver Broncos,20.0,18.8,22.4,22.2,-2.4,-3.4,318.0,296.8,413.8,336.0,227.2,212.6,90.8,84.2,0.6,1.0,0.2,-0.2,17.8,18.2,0.3964368964368964,0.3815987933634992,2.0,3.2,2.2,2.8,0.6,0.4,21.8,19.2,1.0
401671659,2024-09-08 20:05:00+00:00,2024,1,Los Angeles Chargers,Las Vegas Raiders,14.2,26.0,28.0,15.0,-13.8,11.0,307.2,302.8,323.2,300.0,213.2,192.8,94.0,110.0,1.8,0.6,-0.8,1.0,18.4,17.6,0.2671907040328093,0.3797161172161172,3.6,2.4,1.4,3.6,0.0,0.6,17.8,15.8,1.0
401671770,2024-09-08 20:25:00+00:00,2024,1,Tampa Bay Buccaneers,Washington Commanders,23.0,16.6,16.0,33.6,7.0,-17.0,330.8,238.4,313.8,416.0,233.4,152.2,97.4,86.2,1.0,2.0,0.6,-1.0,17.4,13.4,0.43253588516746416,0.2852380952380952,2.6,2.0,2.6,0.8,0.8,0.0,19.4,20.8,1.0
401671761,2024-09-08 20:25:00+00:00,2024,1,Cleveland Browns,Dallas Cowboys,27.6,24.2,23.4,19.0,4.2,5.2,371.2,350.4,293.4,330.0,292.0,247.2,79.2,103.2,2.6,1.2,-0.2,0.4,17.8,21.0,0.3058080808080808,0.47608974358974354,2.0,2.6,3.0,1.6,0.8,0.6,25.6,24.8,0.0
401671792,2024-09-09 00:20:00+00:00,2024,1,Detroit Lions,Los Angeles Rams,26.8,27.2,21.8,24.8,5.0,2.4,381.0,392.4,369.0,354.8,248.4,258.2,132.6,134.2,1.2,1.2,0.6,-0.2,22.0,22.2,0.36376068376068377,0.42416666666666664,1.8,2.4,3.2,2.8,0.6,0.8,30.2,23.6,1.0
401671696,2024-09-10 00:15:00+00:00,2024,1,San Francisco 49ers,New York Jets,27.8,19.4,21.8,20.8,6.0,-1.4,414.0,289.0,317.2,243.4,264.6,177.4,149.4,111.6,1.6,2.0,-0.2,-0.4,22.4,17.4,0.4979797979797979,0.3219230769230769,2.2,2.6,2.4,3.4,0.6,0.6,22.2,11.0,1.0
401671807,2024-09-13 00:15:00+00:00,2024,2,Miami Dolphins,Buffalo Bills,21.0,27.4,22.8,19.0,-1.8,8.4,343.0,358.4,334.6,261.4,240.8,207.2,102.2,151.2,1.0,1.6,1.0,0.0,18.4,22.4,0.4323076923076923,0.49111111111111116,2.2,1.6,3.4,3.2,0.6,1.0,22.6,23.4,0.0
401671723,2024-09-15 17:00:00+00:00,2024,2,Green Bay Packers,Indianapolis Colts,26.4,21.8,23.4,22.8,3.0,-1.0,401.2,329.2,331.8,343.0,264.0,183.8,137.2,145.4,0.8,0.6,0.4,0.0,22.8,18.0,0.5374025974025974,0.36191808191808195,1.2,2.6,3.6,2.6,0.6,0.4,21.4,18.4,1.0
401671624,2024-09-15 17:00:00+00:00,2024,2,Baltimore Ravens,Las Vegas Raiders,28.4,28.0,17.8,18.8,10.6,9.2,381.2,321.6,355.8,317.0,220.4,208.6,160.8,113.0,1.0,0.6,1.6,1.0,22.0,18.8,0.43188478188478185,0.4082875457875458,2.2,2.4,2.6,2.8,0.6,0.6,33.6,15.4,0.0
401671645,2024-09-15 17:00:00+00:00,2024,2,Minnesota Vikings,San Francisco 49ers,21.2,28.6,25.2,22.4,-4.0,6.2,357.0,388.8,371.6,305.6,271.6,238.0,85.4,150.8,2.4,1.2,-1.4,0.2,19.4,23.4,0.3007692307692308,0.48119658119658115,3.2,2.2,2.4,1.8,0.2,0.6,18.6,35.8,1.0
401671635,2024-09-15 17:00:00+00:00,2024,2,Jacksonville Jaguars,Cleveland Browns,16.4,24.8,20.2,24.6,-3.8,0.2,316.8,339.4,316.4,287.8,221.4,258.0,95.4,81.4,1.8,2.4,-1.2,-0.8,18.4,17.6,0.3546062271062271,0.288030303030303,2.2,3.0,3.2,2.8,0.2,0.6,20.2,22.8,0.0
401671716,2024-09-15 17:00:00+00:00,2024,2,Washington Commanders,New York Giants,17.6,17.8,32.0,24.2,-14.4,-6.4,249.2,305.8,413.2,352.6,163.0,215.0,86.2,90.8,1.8,1.0,-0.8,1.2,15.6,15.8,0.24952380952380954,0.3081349206349206,1.8,4.2,1.0,2.4,0.0,0.2,17.0,17.0,1.0
401671709,2024-09-15 17:00:00+00:00,2024,2,Dallas Cowboys,New Orleans Saints,24.2,32.8,19.8,15.2,4.4,17.6,324.6,344.8,311.2,316.4,228.6,232.0,96.0,112.8,1.0,0.4,0.4,1.6,19.2,21.4,0.42073260073260077,0.44749028749028746,2.6,1.6,2.6,3.0,0.6,0.8,37.6,23.4,0.0
401671636,2024-09-15 17:00:00+00:00,2024,2,Tennessee Titans,New York Jets,16.2,17.2,21.8,26.0,-5.6,-8.8,249.8,272.8,287.0,296.6,130.6,163.4,119.2,109.4,1.2,2.2,-0.4,-0.6,16.6,16.2,0.33528138528138524,0.3619230769230769,4.8,2.0,2.0,3.0,0.2,0.4,21.2,12.4,0.0
401671721,2024-09-15 17:00:00+00:00,2024,2,Detroit Lions,Tampa Bay Buccaneers,29.4,24.6,20.2,15.0,9.2,9.6,400.2,351.2,379.2,286.8,263.0,261.0,137.2,90.2,0.8,1.0,1.2,0.4,23.6,18.6,0.37606837606837606,0.49599742362900257,1.4,2.6,3.0,2.4,0.8,0.8,30.2,21.2,0.0
401671702,2024-09-15 17:00:00+00:00,2024,2,New England Patriots,Seattle Seahawks,16.6,22.0,20.8,20.8,-4.2,1.2,239.6,314.0,272.2,354.6,145.2,208.0,94.4,106.0,1.6,0.6,0.0,0.4,12.2,18.2,0.25377289377289375,0.4267399267399267,3.4,1.6,2.6,2.0,0.4,0.8,8.6,21.6,0.0
401671652,2024-09-15 17:00:00+00:00,2024,2,Carolina Panthers,Los Angeles Chargers,9.8,17.2,24.4,25.2,-14.6,-8.0,238.6,313.8,299.4,318.0,144.4,199.8,94.2,114.0,1.2,1.4,-0.6,0.0,14.4,17.2,0.2276923076923077,0.3205240373661426,3.6,2.6,1.6,1.8,0.2,0.2,12.4,16.6,0.0
401671754,2024-09-15 20:05:00+00:00,2024,2,Arizona Cardinals,Los Angeles Rams,25.6,25.0,31.6,22.6,-6.0,2.4,385.4,387.8,356.0,337.6,209.8,262.6,175.6,125.2,0.8,1.4,-0.2,-0.4,22.4,22.6,0.4596153846153846,0.4325,2.2,2.4,0.6,2.8,0.2,0.8,22.4,27.0,1.0
401671670,2024-09-15 20:25:00+00:00,2024,2,Kansas City Chiefs,Cincinnati Bengals,21.2,19.2,17.2,22.6,4.0,-3.4,325.6,312.2,295.8,345.6,234.6,213.0,91.0,99.2,1.4,1.4,-0.8,-0.4,17.2,18.8,0.3533119658119658,0.40734265734265734,2.4,4.0,3.2,2.0,0.8,0.4,20.0,22.6,1.0
401671668,2024-09-15 20:25:00+00:00,2024,2,Denver Broncos,Pittsburgh Steelers,18.0,22.4,26.0,16.8,-8.0,5.6,278.6,328.0,340.2,311.8,195.8,191.8,82.8,136.2,1.4,1.0,-0.6,0.8,17.0,17.2,0.3430367018602313,0.4330920060331825,3.2,2.2,2.0,2.6,0.2,0.8,22.6,18.8,0.0
401671786,2024-09-16 00:20:00+00:00,2024,2,Houston Texans,Chicago Bears,23.8,22.8,20.2,17.4,3.6,5.4,325.0,285.6,294.4,333.2,204.2,147.8,120.8,137.8,0.6,1.0,0.6,1.2,20.6,16.0,0.3514685314685314,0.3114257964257964,2.8,2.8,3.4,2.4,0.8,0.6,22.4,16.2,1.0
401671691,2024-09-17 00:15:00+00:00,2024,2,Philadelphia Eagles,Atlanta Falcons,25.0,16.0,27.2,24.4,-2.2,-8.4,354.0,306.4,373.4,329.4,210.8,200.4,143.2,106.0,2.4,2.4,-1.6,-2.2,22.4,15.8,0.4421214896214896,0.34794094794094793,1.6,1.2,1.6,3.4,0.4,0.2,30.8,15.4,0.0
401671808,2024-09-20 00:15:00+00:00,2024,3,New York Jets,New England Patriots,22.0,17.2,23.4,20.0,-1.4,-2.8,305.2,260.4,298.6,278.6,180.2,139.4,125.0,121.0,1.4,1.4,0.6,-0.2,17.2,14.0,0.36833333333333335,0.29543956043956043,1.2,3.2,3.2,2.6,0.6,0.4,17.4,18.2,1.0
401671632,2024-09-22 17:00:00+00:00,2024,3,Pittsburgh Steelers,Los Angeles Chargers,22.4,18.2,12.0,13.2,10.4,5.0,335.0,318.4,296.4,274.2,185.4,179.0,149.6,139.4,0.4,0.8,1.8,0.8,17.8,17.8,0.4279638009049774,0.3330240373661426,1.8,2.2,2.4,2.0,1.0,0.4,21.0,16.4,1.0
401671823,2024-09-22 17:00:00+00:00,2024,3,Tennessee Titans,Green Bay Packers,16.4,25.6,22.8,18.6,-6.4,7.0,269.0,413.6,272.0,309.0,137.0,236.2,132.0,177.4,1.4,0.8,-0.8,0.8,17.8,23.0,0.3519480519480519,0.5550496562261268,4.2,0.8,1.6,2.8,0.2,0.8,21.2,29.2,0.0
401671865,2024-09-22 17:00:00+00:00,2024,3,Indianapolis Colts,Chicago Bears,17.8,22.0,23.4,17.2,-5.6,4.8,322.4,279.4,376.4,319.8,183.0,145.0,139.4,134.4,1.2,0.8,-1.0,1.0,18.0,16.6,0.3263625263625264,0.3375695872754696,2.2,3.6,1.8,2.2,0.2,0.6,25.2,15.4,1.0
401671736,2024-09-22 17:00:00+00:00,2024,3,New Orleans Saints,Philadelphia Eagles,36.8,25.8,17.8,27.6,19.0,-1.8,372.0,362.8,348.4,391.0,238.6,218.0,133.4,144.8,0.6,2.2,1.8,-1.4,22.2,22.2,0.4724902874902875,0.42192918192918194,1.6,1.8,2.2,1.4,0.8,0.4,35.0,19.8,0.0
401671646,2024-09-22 17:00:00+00:00,2024,3,Minnesota Vikings,Houston Texans,21.0,23.8,23.2,19.6,-2.2,4.2,352.8,319.0,375.2,294.6,266.8,212.8,86.0,106.2,2.4,0.6,-1.2,0.8,18.0,19.4,0.33410256410256406,0.3552780552780553,3.4,2.6,2.6,3.4,0.4,0.8,18.8,21.4,1.0
401671741,2024-09-22 17:00:00+00:00,2024,3,Tampa Bay Buccaneers,Denver Broncos,21.8,15.8,14.2,20.2,7.6,-4.4,304.0,280.2,315.2,300.8,219.6,201.2,84.4,79.0,1.0,1.6,0.6,-0.8,17.0,15.6,0.4087246963562753,0.2994469582704877,2.6,3.2,2.0,2.0,0.8,0.2,24.2,18.4,0.0
401671855,2024-09-22 17:00:00+00:00,2024,3,Cleveland Browns,New York Giants,24.4,20.2,23.8,23.6,0.6,-3.4,323.4,328.0,305.2,378.4,222.8,223.4,100.6,104.6,1.8,1.2,-0.8,1.0,18.2,17.0,0.2666017316017316,0.3831349206349206,2.6,3.0,3.0,3.2,0.6,0.2,23.6,19.4,0.0
401671658,2024-09-22 20:05:00+00:00,2024,3,Las Vegas Raiders,Carolina Panthers,20.6,8.6,19.2,28.2,1.4,-19.6,298.0,213.8,328.4,328.4,204.4,127.4,93.6,86.4,0.8,1.4,0.0,-0.8,18.4,12.4,0.3624542124542124,0.17769230769230765,3.2,3.4,2.6,1.8,0.6,0.0,24.6,8.8,0.0
401671662,2024-09-22 20:05:00+00:00,2024,3,Seattle Seahawks,Miami Dolphins,22.6,17.0,21.4,29.0,1.2,-12.0,326.2,355.2,352.4,363.4,231.0,240.6,95.2,114.6,0.6,1.6,0.0,-0.4,18.6,19.2,0.4343589743589743,0.44564102564102565,1.8,2.0,2.6,2.2,0.8,0.4,22.2,25.8,1.0
401671772,2024-09-22 20:25:00+00:00,2024,3,Los Angeles Rams,San Francisco 49ers,21.4,23.0,26.8,21.2,-5.4,1.8,347.8,386.8,376.0,299.0,251.2,244.4,96.6,142.4,1.2,1.6,-0.2,-0.2,20.8,23.4,0.3563636363636363,0.40691086691086686,2.8,3.4,2.8,2.0,0.6,0.4,25.6,32.4,1.0
401671763,2024-09-22 20:25:00+00:00,2024,3,Dallas Cowboys,Baltimore Ravens,26.0,28.4,22.4,21.6,3.6,6.8,356.2,378.6,327.4,341.2,264.4,237.8,91.8,140.8,1.2,1.0,0.4,1.4,20.4,21.2,0.4361172161172161,0.40309690309690305,2.6,2.0,2.6,3.4,0.6,0.4,31.6,25.4,0.0
401671771,2024-09-22 20:25:00+00:00,2024,3,Arizona Cardinals,Detroit Lions,28.0,24.2,24.6,20.8,3.4,3.4,396.0,403.2,323.8,365.0,221.0,275.2,175.0,128.0,0.6,1.2,0.2,0.8,22.8,23.0,0.49938811188811183,0.3584213172448466,1.8,1.0,1.6,3.6,0.4,0.6,25.8,27.2,0.0
401671793,2024-09-23 00:20:00+00:00,2024,3,Atlanta Falcons,Kansas City Chiefs,19.0,21.0,26.8,18.8,-7.8,2.2,342.6,317.6,345.8,318.6,216.6,205.4,126.0,112.2,2.0,1.6,-1.6,-1.0,17.8,17.2,0.30007770007770007,0.3013888888888889,1.4,2.2,3.0,3.0,0.4,0.8,23.2,19.8,0.0
401671682,2024-09-23 23:30:00+00:00,2024,3,Buffalo Bills,Jacksonville Jaguars,27.4,17.6,19.0,19.2,8.4,-1.6,337.6,314.8,292.6,296.6,218.0,209.0,119.6,105.8,1.6,1.4,0.4,-1.0,19.4,18.8,0.44666666666666666,0.37511904761904763,1.4,2.8,3.0,3.0,1.0,0.2,29.2,20.0,1.0
401671490,2024-09-24 00:15:00+00:00,2024,3,Cincinnati Bengals,Washington Commanders,18.8,17.8,23.0,30.0,-4.2,-12.2,300.6,274.8,318.0,385.0,202.6,161.4,98.0,113.4,1.4,1.6,-0.2,-0.8,18.0,17.2,0.3765734265734266,0.30666666666666664,3.6,2.6,1.8,0.6,0.2,0.2,22.4,20.8,0.0
401671812,2024-09-27 00:15:00+00:00,2024,4,New York Giants,Dallas Cowboys,19.4,27.0,20.0,23.6,-0.6,3.4,337.6,370.8,328.8,343.6,231.8,288.2,105.8,82.6,1.4,1.2,0.8,0.4,18.4,21.8,0.3831349206349206,0.47714285714285715,3.2,2.4,4.6,2.4,0.4,0.6,18.4,26.8,0.0
401671745,2024-09-29 17:00:00+00:00,2024,4,Carolina Panthers,Cincinnati Bengals,9.8,23.2,26.0,23.8,-16.2,-0.6,222.4,314.2,320.8,309.8,129.0,203.2,93.4,111.0,1.4,0.8,-0.6,0.4,12.0,20.6,0.1687179487179487,0.40426573426573426,3.4,3.4,2.2,2.0,0.2,0.2,10.4,21.4,0.0
401671867,2024-09-29 17:00:00+00:00,2024,4,Indianapolis Colts,Pittsburgh Steelers,20.0,19.6,20.8,11.8,-0.8,7.8,331.2,324.8,374.2,256.0,180.2,175.0,151.0,149.8,1.4,0.6,-0.6,1.0,17.0,18.6,0.3049339549339549,0.4279638009049774,1.2,2.0,2.4,2.8,0.4,1.0,24.0,18.2,1.0
401671857,2024-09-29 17:00:00+00:00,2024,4,Houston Texans,Jacksonville Jaguars,20.8,17.2,19.2,22.6,1.6,-5.4,328.2,301.6,265.8,307.2,228.8,184.8,99.4,116.8,0.6,1.0,0.4,-0.6,18.8,18.0,0.34575424575424574,0.3392216117216117,3.0,3.0,4.0,2.6,0.8,0.2,22.0,17.2,1.0
401671871,2024-09-29 17:00:00+00:00,2024,4,Chicago Bears,Los Angeles Rams,19.8,20.8,18.2,27.2,1.6,-6.4,274.4,315.4,319.8,393.2,177.4,225.8,97.0,89.6,1.2,1.2,1.0,-0.2,17.4,20.0,0.31661720632308865,0.37303030303030305,4.2,3.2,2.0,2.6,0.4,0.6,26.4,21.6,1.0
401671740,2024-09-29 17:00:00+00:00,2024,4,Tampa Bay Buccaneers,Philadelphia Eagles,17.2,22.2,17.0,25.0,0.2,-2.8,281.6,361.8,324.6,376.4,193.0,216.6,88.6,145.2,1.4,2.2,-0.4,-1.4,16.0,20.6,0.358006993006993,0.400976800976801,3.6,2.4,1.2,1.4,0.6,0.4,21.6,15.2,1.0
401671622,2024-09-29 17:00:00+00:00,2024,4,New York Jets,Denver Broncos,20.8,16.4,18.4,16.4,2.4,0.0,309.0,295.4,277.4,287.6,190.2,205.8,118.8,89.6,1.0,1.4,0.6,-0.4,17.4,15.4,0.45166666666666666,0.2994469582704877,1.6,2.2,4.4,3.0,0.6,0.4,21.0,20.2,0.0
401671727,2024-09-29 17:00:00+00:00,2024,4,Atlanta Falcons,New Orleans Saints,16.6,34.8,29.2,14.8,-12.6,20.0,323.6,348.0,362.4,348.8,216.6,203.8,107.0,144.2,2.2,0.6,-1.8,2.2,17.0,21.0,0.2675990675990676,0.4738888888888889,1.6,1.4,1.8,2.8,0.2,0.8,21.0,24.6,1.0
401671643,2024-09-29 17:00:00+00:00,2024,4,Green Bay Packers,Minnesota Vikings,25.0,23.0,15.4,18.6,9.6,4.4,415.4,329.6,277.6,356.6,232.8,223.4,182.6,106.2,0.8,1.6,1.4,-0.2,21.2,18.0,0.512192513368984,0.3597435897435897,1.2,3.4,4.0,3.4,0.8,0.6,20.6,19.0,0.0
401671755,2024-09-29 20:05:00+00:00,2024,4,Arizona Cardinals,Washington Commanders,27.4,19.8,23.2,30.6,4.2,-10.8,390.2,297.0,314.4,396.0,218.4,182.4,171.8,114.6,0.8,1.0,0.0,-0.6,23.0,18.0,0.43411033411033406,0.3677777777777778,1.6,2.8,1.8,1.0,0.4,0.4,23.4,23.2,0.0
401671758,2024-09-29 20:05:00+00:00,2024,4,San Francisco 49ers,New England Patriots,24.0,12.6,20.0,20.2,4.0,-7.6,386.0,230.4,289.6,303.4,240.4,105.6,145.6,124.8,0.8,1.4,0.6,-0.6,24.2,13.8,0.4302874902874903,0.28564935064935065,2.8,4.2,2.2,2.0,0.4,0.2,25.2,17.4,1.0
401671672,2024-09-29 20:25:00+00:00,2024,4,Las Vegas Raiders,Cleveland Browns,21.0,20.2,23.6,23.6,-2.6,-3.4,323.2,283.2,354.2,323.2,250.0,179.6,73.2,103.6,1.0,1.8,-0.6,-0.8,20.0,16.2,0.366999666999667,0.2487445887445887,3.4,4.0,2.2,2.8,0.4,0.4,25.8,19.8,1.0
401671674,2024-09-29 20:25:00+00:00,2024,4,Los Angeles Chargers,Kansas City Chiefs,15.8,22.6,12.4,18.2,3.4,4.4,297.0,325.0,276.4,339.8,165.0,204.2,132.0,120.8,0.8,1.4,0.4,-0.6,16.2,17.8,0.33042663476874,0.3246031746031746,2.2,1.4,2.2,3.0,0.4,1.0,14.6,22.4,0.0
401671783,2024-09-30 00:20:00+00:00,2024,4,Baltimore Ravens,Buffalo Bills,27.4,32.0,22.8,16.6,4.6,15.4,401.2,348.2,337.8,285.8,226.0,225.2,175.2,123.0,1.0,1.0,0.6,1.4,21.4,21.2,0.41925851925851926,0.45575757575757575,1.6,1.2,3.2,3.0,0.4,1.0,32.0,26.0,1.0
401671683,2024-09-30 23:30:00+00:00,2024,4,Miami Dolphins,Tennessee Titans,13.2,15.8,29.8,24.8,-16.6,-9.0,321.2,259.0,369.6,293.0,211.8,152.8,109.4,106.2,1.6,2.0,-0.2,-1.4,17.4,16.8,0.37,0.3186147186147186,3.0,4.6,2.0,1.6,0.2,0.2,19.2,13.6,0.0
401671491,2024-10-01 00:15:00+00:00,2024,4,Detroit Lions,Seattle Seahawks,22.2,23.4,18.6,18.6,3.6,4.8,400.0,345.6,342.4,336.0,263.2,242.0,136.8,103.6,1.2,1.0,0.2,-0.4,22.0,18.6,0.3584213172448466,0.3812121212121212,1.2,1.8,3.0,2.6,0.6,0.8,27.2,23.0,1.0
401671815,2024-10-04 00:15:00+00:00,2024,5,Atlanta Falcons,Tampa Bay Buccaneers,18.4,21.2,26.6,15.6,-8.2,5.6,325.2,300.8,349.2,308.0,227.4,201.4,97.8,99.4,1.6,0.6,-0.8,0.8,16.8,19.2,0.27878787878787875,0.4003146853146853,1.4,3.6,1.4,2.2,0.4,0.8,21.4,22.4,1.0
401671804,2024-10-06 13:30:00+00:00,2024,5,Minnesota Vikings,New York Jets,27.2,18.6,17.8,13.0,9.4,5.6,362.2,286.6,355.6,229.0,245.4,176.4,116.8,110.2,1.8,0.8,0.2,0.4,19.8,17.2,0.3724708624708625,0.4237254901960784,3.0,2.2,3.6,4.2,0.8,0.6,20.2,16.0,1.0
401671718,2024-10-06 17:00:00+00:00,2024,5,Washington Commanders,Cleveland Browns,26.2,16.0,28.0,23.6,-1.8,-7.6,341.8,245.8,373.6,304.8,196.4,149.2,145.4,96.6,0.8,1.4,-0.2,-0.6,21.4,15.4,0.45111111111111113,0.20874458874458873,2.6,4.4,1.6,2.8,0.6,0.2,15.0,20.6,1.0
401671626,2024-10-06 17:00:00+00:00,2024,5,Cincinnati Bengals,Baltimore Ravens,26.6,23.2,23.6,21.0,3.0,2.2,336.2,388.4,310.2,310.0,217.8,191.0,118.4,197.4,1.0,1.0,0.2,0.2,21.4,21.0,0.4119580419580419,0.4160839160839161,2.2,1.6,1.6,3.2,0.4,0.4,27.0,24.8,0.0
401671700,2024-10-06 17:00:00+00:00,2024,5,New England Patriots,Miami Dolphins,11.0,11.8,20.8,24.8,-9.8,-13.0,214.8,283.0,333.4,320.2,96.0,183.2,118.8,99.8,1.2,1.2,-0.2,0.2,13.0,16.0,0.26814935064935064,0.32333333333333336,4.8,2.8,2.0,2.0,0.2,0.2,9.2,23.0,0.0
401671633,2024-10-06 17:00:00+00:00,2024,5,Jacksonville Jaguars,Indianapolis Colts,16.0,20.8,27.4,21.6,-11.4,-0.8,300.8,333.0,369.4,381.0,183.4,182.2,117.4,150.8,1.0,1.4,-0.6,-0.2,18.2,18.2,0.3183882783882784,0.3192929292929293,2.6,1.4,1.8,2.8,0.0,0.4,22.2,15.0,1.0
401671872,2024-10-06 17:00:00+00:00,2024,5,Chicago Bears,Carolina Panthers,17.2,14.6,18.4,27.6,-1.2,-13.0,240.8,272.6,322.8,332.0,156.0,159.6,84.8,113.0,1.2,1.4,0.6,-0.4,16.4,15.4,0.3082838729897553,0.2533333333333333,4.2,2.2,2.2,1.6,0.4,0.2,28.0,14.0,1.0
401671859,2024-10-06 17:00:00+00:00,2024,5,Houston Texans,Buffalo Bills,20.4,28.6,22.6,19.4,-2.2,9.2,352.8,339.2,291.0,312.4,255.4,225.4,97.4,113.8,0.8,1.0,0.0,0.8,20.0,19.8,0.3989010989010989,0.4085780885780886,3.2,1.6,3.0,2.6,0.8,0.8,22.6,21.2,1.0
401671747,2024-10-06 20:05:00+00:00,2024,5,Denver Broncos,Las Vegas Raiders,15.2,21.0,16.4,22.2,-1.2,-1.2,270.0,302.8,277.0,332.6,175.4,216.0,94.6,86.8,1.6,1.2,-0.6,-0.6,14.6,18.2,0.2599511599511599,0.366999666999667,1.8,3.4,3.8,2.6,0.4,0.6,19.0,17.8,1.0
401671756,2024-10-06 20:05:00+00:00,2024,5,San Francisco 49ers,Arizona Cardinals,24.6,23.2,20.6,25.4,4.0,-2.2,390.6,359.6,287.8,349.2,252.2,195.8,138.4,163.8,1.2,0.8,0.4,0.0,22.4,20.0,0.44909090909090904,0.40683760683760684,2.8,2.2,3.2,1.8,0.4,0.2,25.8,23.8,0.0
401671680,2024-10-06 20:25:00+00:00,2024,5,Seattle Seahawks,New York Giants,24.6,17.4,21.0,18.8,3.6,-1.4,375.0,320.4,320.2,309.2,262.4,230.4,112.6,90.0,1.2,1.4,-0.6,0.2,22.8,18.2,0.41454545454545455,0.3831349206349206,2.2,2.2,3.0,4.0,0.8,0.4,21.2,20.2,0.0
401671679,2024-10-06 20:25:00+00:00,2024,5,Los Angeles Rams,Green Bay Packers,19.2,24.2,27.0,19.6,-7.8,4.6,301.6,414.4,368.2,310.2,209.2,250.0,92.4,164.4,1.0,1.4,-0.2,1.0,19.8,20.4,0.41393939393939394,0.450287751464222,3.0,1.4,2.0,3.6,0.4,0.6,27.6,29.4,0.0
401671784,2024-10-07 01:45:00+00:00,2024,5,Pittsburgh Steelers,Dallas Cowboys,18.4,27.0,12.6,22.8,5.8,4.2,312.0,352.6,253.8,320.2,178.2,266.2,133.8,86.4,1.0,0.8,0.4,0.6,18.2,21.2,0.4279638009049774,0.4371428571428571,2.6,2.0,3.0,2.4,0.8,0.6,21.0,24.2,0.0
401671687,2024-10-08 00:15:00+00:00,2024,5,Kansas City Chiefs,New Orleans Saints,21.0,35.0,16.8,17.4,4.2,17.6,316.2,359.2,332.0,342.0,201.6,210.4,114.6,148.8,1.6,1.0,-0.8,1.2,18.0,22.0,0.3871031746031746,0.49269230769230765,1.6,1.4,2.2,2.6,1.0,0.6,21.8,25.6,1.0
401671819,2024-10-11 00:15:00+00:00,2024,6,Seattle Seahawks,San Francisco 49ers,24.4,25.2,22.8,21.2,1.6,4.0,376.2,407.4,311.0,307.8,270.8,263.4,105.4,144.0,1.4,1.6,-0.6,0.0,22.6,22.8,0.3690909090909091,0.4581818181818182,3.6,2.6,3.4,3.0,0.6,0.4,22.6,31.0,0.0
401671802,2024-10-13 13:30:00+00:00,2024,6,Chicago Bears,Jacksonville Jaguars,22.6,19.4,17.0,28.6,5.6,-9.2,287.2,327.8,294.8,393.4,191.8,201.6,95.4,126.2,1.2,1.0,1.0,-0.6,18.6,18.2,0.3264656911715735,0.2641025641025641,3.4,2.6,2.8,2.2,0.6,0.2,29.6,15.8,1.0
401671619,2024-10-13 17:00:00+00:00,2024,6,New England Patriots,Houston Texans,12.4,20.4,20.4,22.8,-8.0,-2.4,250.8,376.6,357.0,274.2,119.4,272.4,131.4,104.2,0.8,1.2,0.4,-0.6,14.8,20.4,0.3154020979020979,0.421978021978022,3.8,3.0,2.4,3.0,0.2,0.8,10.0,16.8,0.0
401671722,2024-10-13 17:00:00+00:00,2024,6,Green Bay Packers,Arizona Cardinals,25.6,24.0,21.6,25.8,4.0,-1.8,393.6,338.0,345.8,360.6,228.8,181.6,164.8,156.4,1.4,1.0,1.4,0.4,19.4,19.0,0.335287751464222,0.3899145299145299,1.6,2.2,3.2,2.2,0.6,0.4,21.8,25.4,1.0
401671735,2024-10-13 17:00:00+00:00,2024,6,New Orleans Saints,Tampa Bay Buccaneers,28.0,25.4,19.2,22.8,8.8,2.6,323.2,321.8,356.2,378.2,196.0,213.0,127.2,108.8,1.2,0.8,0.6,0.4,19.4,20.6,0.5126923076923077,0.43440559440559434,1.0,3.2,2.8,2.4,0.4,0.6,31.8,24.4,0.0
401671820,2024-10-13 17:00:00+00:00,2024,6,Tennessee Titans,Indianapolis Colts,21.4,23.8,22.0,24.4,-0.6,-0.6,270.4,350.4,267.4,419.2,146.4,225.2,124.0,125.2,2.0,1.4,-1.2,0.2,17.8,19.0,0.33528138528138524,0.4011111111111111,3.6,2.0,1.8,2.4,0.4,0.4,18.4,19.8,0.0
401671625,2024-10-13 17:00:00+00:00,2024,6,Baltimore Ravens,Washington Commanders,29.4,31.0,25.2,23.0,4.2,8.0,447.6,392.6,340.6,328.0,236.4,214.2,211.2,178.4,0.8,0.6,0.2,0.0,24.4,22.8,0.4878787878787879,0.5052287581699346,1.0,2.4,3.2,3.0,0.6,0.8,32.2,29.6,1.0
401671714,2024-10-13 17:00:00+00:00,2024,6,Philadelphia Eagles,Cleveland Browns,19.2,15.8,24.6,24.2,-5.4,-8.4,352.2,239.4,375.6,326.0,202.6,142.8,149.6,96.6,2.4,1.2,-1.8,-0.2,20.4,15.2,0.4043956043956044,0.18776556776556774,3.6,5.2,1.6,2.8,0.4,0.2,27.6,19.4,1.0
401671657,2024-10-13 20:05:00+00:00,2024,6,Las Vegas Raiders,Pittsburgh Steelers,19.2,18.4,26.2,14.6,-7.0,3.8,297.0,299.4,333.2,298.0,213.0,178.2,84.0,121.2,1.8,0.8,-1.4,0.8,17.8,18.4,0.3526406926406926,0.3979638009049774,3.4,2.6,2.2,2.6,0.4,0.6,26.4,20.4,0.0
401671655,2024-10-13 20:05:00+00:00,2024,6,Denver Broncos,Los Angeles Chargers,19.2,16.0,14.6,12.6,4.6,3.4,270.6,281.6,271.2,279.6,163.8,155.8,106.8,125.8,1.4,0.6,0.2,1.0,14.8,15.2,0.24328449328449325,0.3556014599435652,1.4,2.4,3.8,2.4,0.6,0.4,21.6,14.4,0.0
401671769,2024-10-13 20:25:00+00:00,2024,6,Carolina Panthers,Atlanta Falcons,16.6,22.2,33.0,23.0,-16.4,-0.8,291.2,357.4,371.2,335.8,180.4,260.6,110.8,96.8,1.6,1.2,-0.6,-0.2,16.0,19.6,0.27,0.29177489177489174,2.4,2.0,1.2,1.0,0.2,0.6,13.2,15.2,0.0
401671764,2024-10-13 20:25:00+00:00,2024,6,Dallas Cowboys,Detroit Lions,23.4,26.8,24.2,20.4,-0.8,6.4,353.6,393.8,329.4,368.8,271.6,258.8,82.0,135.0,1.2,0.8,-0.2,0.6,20.0,22.0,0.4371428571428571,0.39688285570638515,2.4,1.6,2.2,3.0,0.6,0.8,27.6,23.0,0.0
401671791,2024-10-14 00:20:00+00:00,2024,6,New York Giants,Cincinnati Bengals,17.8,28.0,20.8,29.0,-3.0,-1.0,321.4,359.0,316.0,365.4,218.2,263.0,103.2,96.0,1.4,1.0,-0.4,0.0,18.6,21.6,0.38492063492063494,0.47624375624375626,2.4,2.2,4.4,1.2,0.4,0.2,19.4,24.2,0.0
401671684,2024-10-15 00:15:00+00:00,2024,6,New York Jets,Buffalo Bills,18.6,28.4,17.0,21.2,1.6,7.2,286.6,299.8,255.8,342.4,206.2,181.6,80.4,118.2,1.2,0.4,0.0,1.4,18.0,17.8,0.4425490196078431,0.3314352314352314,2.6,1.2,3.6,2.6,0.4,0.6,20.2,21.2,0.0
401671816,2024-10-18 00:15:00+00:00,2024,7,New Orleans Saints,Denver Broncos,24.0,18.4,27.4,14.0,-3.4,4.4,308.0,287.6,436.4,280.4,200.6,178.6,107.4,109.0,1.6,1.2,0.2,0.0,18.8,15.6,0.46653846153846157,0.24227439227439224,1.8,1.4,2.2,4.0,0.2,0.6,31.6,17.4,0.0
401671801,2024-10-20 13:30:00+00:00,2024,7,Jacksonville Jaguars,New England Patriots,19.2,13.4,31.6,26.6,-12.4,-13.2,330.0,251.0,388.0,385.8,215.8,137.2,114.2,113.8,1.2,1.6,-0.6,-0.6,18.2,14.8,0.3174358974358974,0.28155594405594403,2.8,4.4,2.2,2.2,0.2,0.0,22.8,15.8,1.0
401671616,2024-10-20 17:00:00+00:00,2024,7,Buffalo Bills,Tennessee Titans,26.2,19.2,19.6,22.0,6.6,-2.8,301.2,253.2,367.0,248.8,179.2,135.0,122.0,118.2,0.2,2.0,1.6,-1.4,18.0,17.2,0.35567765567765564,0.2989177489177489,1.2,3.2,2.4,1.8,0.6,0.2,34.2,18.6,1.0
401671644,2024-10-20 17:00:00+00:00,2024,7,Green Bay Packers,Houston Texans,26.6,22.8,17.4,21.6,9.2,1.2,398.2,366.8,324.4,271.8,230.2,266.8,168.0,100.0,1.4,1.4,1.4,-0.2,21.0,19.2,0.3974089635854342,0.3947052947052947,1.2,2.6,2.8,3.4,0.8,0.8,23.2,23.8,1.0
401671853,2024-10-20 17:00:00+00:00,2024,7,Cleveland Browns,Cincinnati Bengals,15.6,29.4,21.6,27.2,-6.0,2.2,242.2,375.0,347.4,369.2,144.2,268.8,98.0,106.2,0.8,0.8,0.2,0.4,15.0,21.6,0.21109890109890106,0.47624375624375626,5.0,2.4,2.4,1.4,0.2,0.4,24.0,20.8,0.0
401671730,2024-10-20 17:00:00+00:00,2024,7,Atlanta Falcons,Seattle Seahawks,27.8,24.0,23.4,26.0,4.4,-2.0,396.8,387.0,348.8,361.4,278.2,300.4,118.6,86.6,0.8,1.6,0.6,-1.4,21.6,23.2,0.3473304473304473,0.38992424242424245,1.6,3.4,0.6,3.0,0.8,0.4,23.6,21.8,0.0
401671864,2024-10-20 17:00:00+00:00,2024,7,Indianapolis Colts,Miami Dolphins,22.4,12.0,22.0,22.6,0.4,-10.6,343.6,302.4,384.0,285.4,223.2,185.6,120.4,116.8,1.4,1.2,0.4,-0.4,20.2,17.6,0.3944444444444445,0.27969696969696967,1.6,3.2,1.6,1.8,0.6,0.4,23.4,23.2,1.0
401671724,2024-10-20 17:00:00+00:00,2024,7,Minnesota Vikings,Detroit Lions,27.8,30.2,15.2,18.2,12.6,12.0,323.2,416.0,330.2,329.4,207.8,258.2,115.4,157.8,1.8,0.8,0.8,1.2,18.4,23.6,0.40324009324009324,0.45466063348416286,3.0,2.0,4.0,3.0,1.0,0.8,22.8,25.8,0.0
401671710,2024-10-20 17:00:00+00:00,2024,7,New York Giants,Philadelphia Eagles,18.0,21.2,18.6,22.4,-0.6,-1.2,335.2,366.8,314.4,341.4,223.0,220.6,112.2,146.2,1.2,1.6,-0.4,-1.2,20.6,20.4,0.3738095238095238,0.39890109890109887,1.8,2.8,5.0,2.2,0.4,0.6,16.0,14.2,0.0
401671663,2024-10-20 20:05:00+00:00,2024,7,Los Angeles Rams,Las Vegas Raiders,18.8,19.8,27.8,28.2,-9.0,-8.4,324.0,292.8,373.8,328.6,226.6,211.6,97.4,81.2,1.2,1.8,-0.4,-1.4,20.8,18.2,0.3939393939393939,0.31757575757575757,3.2,2.8,1.8,2.6,0.2,0.4,28.0,18.8,1.0
401671640,2024-10-20 20:05:00+00:00,2024,7,Washington Commanders,Carolina Panthers,31.6,18.6,21.6,31.2,10.0,-12.6,393.8,319.6,346.4,380.0,232.6,197.6,161.2,122.0,0.6,1.4,0.2,-0.4,22.0,18.0,0.5218954248366013,0.3409090909090909,2.6,1.6,3.2,1.0,0.8,0.2,18.0,12.4,1.0
401671777,2024-10-20 20:25:00+00:00,2024,7,San Francisco 49ers,Kansas City Chiefs,26.0,23.6,22.2,17.0,3.8,6.6,423.8,354.6,326.2,305.4,270.2,236.8,153.6,117.8,1.6,1.6,0.2,-0.8,22.2,21.2,0.4492074592074592,0.3978174603174603,2.0,1.8,3.0,1.8,0.4,1.0,24.8,19.6,0.0
401671785,2024-10-21 00:20:00+00:00,2024,7,Pittsburgh Steelers,New York Jets,21.2,18.8,15.2,15.2,6.0,3.6,304.0,312.0,307.8,247.4,173.6,221.0,130.4,91.0,0.8,1.0,0.8,0.2,18.8,19.2,0.36538461538461536,0.3892156862745098,2.8,3.0,2.4,3.4,0.6,0.4,19.8,19.4,1.0
401671695,2024-10-22 00:15:00+00:00,2024,7,Tampa Bay Buccaneers,Baltimore Ravens,28.2,31.4,24.2,24.4,4.0,7.0,362.2,454.0,379.0,331.0,220.4,244.6,141.8,209.4,1.4,0.8,0.4,0.0,22.4,25.0,0.415944055944056,0.5078787878787878,3.2,1.2,3.0,3.4,0.6,0.8,24.0,29.0,0.0
401671699,2024-10-22 01:00:00+00:00,2024,7,Arizona Cardinals,Los Angeles Chargers,21.0,18.2,25.8,13.2,-4.8,5.0,344.6,281.0,377.6,289.2,195.2,153.2,149.4,127.8,1.4,0.4,0.0,1.4,18.6,15.2,0.3622222222222222,0.4041394716394716,1.4,2.4,1.8,2.6,0.4,0.6,23.4,17.8,1.0
401671817,2024-10-25 00:15:00+00:00,2024,8,Los Angeles Rams,Minnesota Vikings,18.8,28.0,25.6,20.2,-6.8,7.8,298.4,337.4,364.6,360.4,194.6,216.4,103.8,121.0,1.2,1.6,0.2,0.8,18.6,18.2,0.3506060606060606,0.42324009324009326,3.0,3.6,1.8,3.8,0.4,0.8,24.8,21.2,1.0
401671852,2024-10-27 17:00:00+00:00,2024,8,Cleveland Browns,Baltimore Ravens,14.8,35.0,23.2,25.4,-8.4,9.6,250.0,479.0,327.4,375.2,161.6,251.0,88.4,228.0,1.2,0.8,-0.2,0.2,15.2,25.2,0.266737998843262,0.5283333333333333,5.4,1.2,2.2,3.0,0.0,1.0,20.6,32.6,1.0
401671618,2024-10-27 17:00:00+00:00,2024,8,New England Patriots,New York Jets,12.6,17.0,28.4,19.2,-15.8,-2.2,248.0,323.6,387.0,269.2,163.6,242.0,84.4,81.6,1.6,1.4,-0.6,-0.6,14.4,19.4,0.30655594405594405,0.36588235294117644,4.2,2.8,1.6,2.8,0.0,0.2,14.2,18.4,1.0
401671720,2024-10-27 17:00:00+00:00,2024,8,Detroit Lions,Tennessee Titans,31.2,17.8,20.0,24.0,11.2,-6.2,421.6,262.2,328.6,297.0,267.6,154.2,154.0,108.0,0.8,1.8,1.2,-1.4,23.2,17.6,0.4423529411764706,0.33106060606060606,2.4,3.2,3.4,1.6,0.8,0.2,31.2,17.8,1.0
401671707,2024-10-27 17:00:00+00:00,2024,8,Jacksonville Jaguars,Green Bay Packers,23.0,28.2,31.2,19.8,-8.2,8.4,338.2,377.0,387.6,296.2,215.2,244.8,123.0,132.2,1.2,1.8,-0.6,0.4,19.2,20.8,0.37076923076923074,0.3597619047619048,2.0,1.8,2.2,3.4,0.4,0.8,23.0,29.8,0.0
401671739,2024-10-27 17:00:00+00:00,2024,8,Tampa Bay Buccaneers,Atlanta Falcons,30.4,26.2,29.2,26.0,1.2,0.2,415.2,393.6,388.0,343.6,262.4,274.4,152.8,119.2,1.6,1.4,0.0,-0.2,25.2,21.6,0.5053558206499382,0.40955266955266956,2.8,2.0,3.4,0.6,0.4,0.6,24.2,20.2,0.0
401671850,2024-10-27 17:00:00+00:00,2024,8,Miami Dolphins,Arizona Cardinals,10.0,16.2,22.4,26.8,-12.4,-10.6,289.8,312.0,288.8,407.6,151.6,172.6,138.2,139.4,1.6,1.4,-0.8,0.2,17.6,18.2,0.25969696969696965,0.29209235209235207,3.0,1.2,1.2,1.4,0.2,0.4,15.6,23.2,0.0
401671667,2024-10-27 17:00:00+00:00,2024,8,Cincinnati Bengals,Philadelphia Eagles,28.6,20.0,24.8,17.2,3.8,2.8,355.6,352.6,379.2,282.4,252.4,181.4,103.2,171.2,0.6,1.0,0.4,-0.8,20.4,19.4,0.44547452547452543,0.3571428571428571,2.4,3.4,1.8,3.4,0.6,0.6,27.8,17.2,0.0
401671856,2024-10-27 17:00:00+00:00,2024,8,Houston Texans,Indianapolis Colts,23.4,23.6,23.8,20.8,-0.4,2.8,344.2,332.8,286.2,374.8,230.8,209.4,113.4,123.4,1.2,1.0,0.2,1.0,19.2,19.6,0.3991008991008991,0.4115384615384615,2.8,1.4,2.6,2.0,0.6,0.8,22.8,17.6,1.0
401671750,2024-10-27 20:05:00+00:00,2024,8,Los Angeles Chargers,New Orleans Saints,16.8,17.2,14.6,30.2,2.2,-13.0,296.8,275.8,295.2,443.6,192.4,187.0,104.4,88.8,0.8,1.8,0.6,-0.2,17.0,17.0,0.436520424020424,0.40036199095022623,2.8,2.8,1.8,1.6,0.4,0.0,14.6,25.2,1.0
401671760,2024-10-27 20:05:00+00:00,2024,8,Seattle Seahawks,Buffalo Bills,26.2,26.8,24.8,19.6,1.4,7.2,383.2,329.6,373.2,354.6,285.2,214.4,98.0,115.2,1.6,0.2,-0.8,1.4,23.6,19.0,0.36931818181818177,0.349010989010989,3.0,1.4,3.0,2.6,0.4,0.6,23.4,21.0,0.0
401671671,2024-10-27 20:25:00+00:00,2024,8,Las Vegas Raiders,Kansas City Chiefs,17.6,23.8,27.6,16.6,-10.0,7.2,304.2,349.8,303.8,277.0,204.0,209.6,100.2,140.2,2.4,1.8,-2.0,-0.6,18.6,21.4,0.2909090909090909,0.42321428571428565,2.2,1.8,2.4,1.8,0.2,1.0,29.0,21.4,0.0
401671600,2024-10-27 20:25:00+00:00,2024,8,Denver Broncos,Carolina Panthers,23.8,19.4,13.4,34.0,10.4,-14.6,306.4,323.8,284.4,394.4,165.2,200.8,141.2,123.0,1.0,1.6,0.6,-1.0,17.4,18.6,0.2816683316683316,0.3842424242424242,1.0,1.6,4.8,1.0,0.8,0.2,19.0,12.6,1.0
401671599,2024-10-27 20:25:00+00:00,2024,8,Washington Commanders,Chicago Bears,35.4,24.8,19.4,16.8,16.0,8.0,393.0,332.2,321.6,301.6,232.0,223.2,161.0,109.0,0.6,1.2,0.4,0.8,22.8,21.4,0.5218954248366013,0.3866055513114336,1.8,3.6,3.4,3.0,0.8,0.6,23.0,13.4,1.0
401671795,2024-10-28 00:20:00+00:00,2024,8,San Francisco 49ers,Dallas Cowboys,26.2,18.6,23.2,30.2,3.0,-11.6,406.6,350.8,311.4,381.8,253.2,278.6,153.4,72.2,1.8,2.2,0.0,-1.6,21.2,20.2,0.44557109557109553,0.42615384615384616,1.0,2.6,2.6,1.6,0.4,0.4,24.6,26.2,1.0
401671685,2024-10-29 00:15:00+00:00,2024,8,Pittsburgh Steelers,New York Giants,26.0,15.0,17.0,20.0,9.0,-5.0,335.6,298.2,313.4,297.2,203.6,196.6,132.0,101.6,0.8,1.0,0.8,-0.2,19.8,19.0,0.3752747252747253,0.31666666666666665,2.6,3.2,2.2,5.0,0.6,0.4,25.2,19.8,1.0
401671809,2024-11-01 00:15:00+00:00,2024,9,New York Jets,Houston Texans,16.6,26.6,23.6,21.0,-7.0,5.6,310.8,357.6,291.0,292.0,233.4,232.6,77.4,125.0,1.4,1.0,-0.8,0.8,18.4,20.0,0.31254901960784315,0.4034965034965035,2.6,2.2,1.8,2.8,0.0,0.8,22.6,24.4,1.0
401671728,2024-11-03 18:00:00+00:00,2024,9,Atlanta Falcons,Dallas Cowboys,29.0,19.6,26.8,27.4,2.2,-7.8,410.2,338.6,361.0,389.2,281.6,268.8,128.6,69.8,1.2,2.2,0.4,-1.8,21.8,19.8,0.4651082251082251,0.4005128205128205,2.0,2.4,0.6,1.8,0.8,0.4,20.6,27.0,1.0
401671650,2024-11-03 18:00:00+00:00,2024,9,Carolina Panthers,New Orleans Saints,15.0,16.4,35.2,32.4,-20.2,-16.0,293.2,305.2,408.2,427.2,182.6,210.8,110.6,94.4,2.0,1.6,-1.2,-0.4,17.0,17.6,0.3723376623376623,0.3330542986425339,1.6,3.6,0.8,1.4,0.0,0.0,15.4,22.4,1.0
401671629,2024-11-03 18:00:00+00:00,2024,9,Cleveland Browns,Los Angeles Chargers,17.6,16.8,23.8,15.6,-6.2,1.2,286.8,302.6,336.8,336.6,196.2,217.6,90.6,85.0,1.0,0.4,-0.4,0.8,16.4,16.6,0.3162618083670715,0.374020424020424,4.2,3.2,2.4,2.4,0.2,0.4,22.4,16.6,0.0
401671704,2024-11-03 18:00:00+00:00,2024,9,Cincinnati Bengals,Las Vegas Raiders,25.4,17.2,24.6,25.8,0.8,-8.6,324.4,283.6,387.4,283.2,234.4,187.8,90.0,95.8,1.0,2.4,0.0,-1.8,18.0,17.6,0.47932067932067934,0.32867132867132864,2.2,2.6,1.4,2.2,0.6,0.2,25.8,17.8,1.0
401671711,2024-11-03 18:00:00+00:00,2024,9,New York Giants,Washington Commanders,14.4,31.4,22.2,15.8,-7.8,15.6,309.0,418.0,339.0,295.8,198.4,245.0,110.6,173.0,1.0,0.6,-0.4,0.6,18.2,23.0,0.3261904761904762,0.47745098039215683,3.6,1.8,4.2,3.6,0.2,0.8,11.6,30.2,0.0
401671822,2024-11-03 18:00:00+00:00,2024,9,Tennessee Titans,New England Patriots,17.2,17.0,29.6,28.0,-12.4,-11.0,285.4,269.8,289.0,374.2,171.8,178.6,113.6,91.2,2.2,1.4,-1.8,-0.4,18.2,16.0,0.30227272727272725,0.363525641025641,2.6,3.2,2.0,1.4,0.2,0.2,18.6,13.8,1.0
401671623,2024-11-03 18:00:00+00:00,2024,9,Baltimore Ravens,Denver Broncos,34.2,24.2,26.2,14.8,8.0,9.4,465.2,316.0,373.0,296.6,267.2,181.6,198.0,134.4,0.8,1.2,0.2,0.4,24.8,18.4,0.47944444444444445,0.34954163483575246,1.8,1.4,2.8,3.8,0.8,0.8,30.8,20.6,1.0
401671493,2024-11-03 18:00:00+00:00,2024,9,Buffalo Bills,Miami Dolphins,23.6,13.4,19.6,21.8,4.0,-8.4,341.0,295.0,353.4,317.2,217.4,154.6,123.6,140.4,0.4,1.0,1.2,-0.2,19.8,18.0,0.34658674658674654,0.313030303030303,1.6,2.8,1.8,1.2,0.6,0.2,34.6,18.4,1.0
401671661,2024-11-03 21:05:00+00:00,2024,9,Arizona Cardinals,Chicago Bears,19.2,25.2,28.2,16.6,-9.0,8.6,334.4,352.6,408.4,335.8,194.0,217.4,140.4,135.2,1.2,1.0,0.2,0.8,19.2,21.4,0.37756243756243757,0.3493506493506493,1.0,2.8,1.2,2.8,0.6,0.6,21.0,14.0,1.0
401671797,2024-11-03 21:05:00+00:00,2024,9,Philadelphia Eagles,Jacksonville Jaguars,23.2,26.4,16.2,27.8,7.0,-1.4,359.0,368.4,261.4,394.4,192.8,245.6,166.2,122.8,0.8,1.2,-0.2,-0.4,19.8,19.2,0.37392607392607385,0.3622222222222222,3.2,1.2,3.4,2.4,0.8,0.4,27.8,16.6,1.0
401671767,2024-11-03 21:25:00+00:00,2024,9,Green Bay Packers,Detroit Lions,28.2,38.4,22.4,18.8,5.8,19.6,385.8,374.0,326.8,368.6,257.2,215.0,128.6,159.0,2.0,0.4,0.0,2.2,22.0,21.4,0.3428787878787879,0.42666666666666664,1.4,3.2,2.0,2.6,0.8,1.0,24.0,29.4,0.0
401671776,2024-11-03 21:25:00+00:00,2024,9,Seattle Seahawks,Los Angeles Rams,23.4,22.8,30.4,21.4,-7.0,1.4,355.8,326.6,421.2,322.0,271.4,212.0,84.4,114.6,1.6,1.2,-0.6,0.0,22.8,21.0,0.3433441558441558,0.3942424242424242,2.6,2.0,2.0,2.2,0.2,0.6,20.8,19.0,0.0
401671647,2024-11-04 01:20:00+00:00,2024,9,Minnesota Vikings,Indianapolis Colts,27.4,23.4,22.8,22.2,4.6,1.2,312.0,332.2,358.4,368.4,207.4,206.2,104.6,126.0,1.2,1.0,1.0,0.6,18.2,20.0,0.3637162837162837,0.3923076923076923,3.4,2.2,2.6,1.6,0.6,0.6,23.8,18.8,1.0
401671688,2024-11-05 01:15:00+00:00,2024,9,Kansas City Chiefs,Tampa Bay Buccaneers,24.0,34.2,15.6,30.2,8.4,4.0,359.4,457.0,258.6,396.4,232.6,302.0,126.8,155.0,1.4,1.8,-0.2,-0.4,22.2,26.6,0.5482142857142857,0.5793817946759123,1.6,1.4,2.2,3.8,1.0,0.4,23.6,28.8,1.0
401671810,2024-11-08 01:15:00+00:00,2024,10,Baltimore Ravens,Cincinnati Bengals,35.4,26.8,26.2,24.6,9.2,2.2,459.0,324.4,389.6,355.8,289.8,236.6,169.2,87.8,0.6,1.0,0.4,0.2,25.4,18.4,0.44333333333333336,0.4782950382950383,1.8,2.4,3.0,2.4,0.8,0.6,27.8,22.8,1.0
401671803,2024-11-10 14:30:00+00:00,2024,10,Carolina Panthers,New York Giants,14.8,15.8,32.8,23.6,-18.0,-7.8,267.4,313.6,419.0,352.0,171.8,175.4,95.6,138.2,2.0,1.0,-1.4,-0.4,15.2,20.0,0.3523376623376623,0.37278138528138527,1.8,3.8,1.0,4.0,0.2,0.2,14.0,22.2,1.0
401671637,2024-11-10 18:00:00+00:00,2024,10,Kansas City Chiefs,Denver Broncos,25.6,24.2,17.0,21.2,8.6,3.0,367.2,342.6,253.2,326.2,241.2,209.0,126.0,133.6,1.4,1.2,-0.4,0.2,23.4,20.0,0.5958333333333333,0.39239877769289533,2.4,2.2,2.2,3.0,1.0,0.6,26.8,19.8,1.0
401671873,2024-11-10 18:00:00+00:00,2024,10,Chicago Bears,New England Patriots,23.8,17.8,18.2,26.0,5.6,-8.2,321.8,285.6,344.6,368.0,185.4,187.0,136.4,98.6,0.4,1.4,1.4,-0.6,19.4,17.6,0.30649350649350643,0.35557109557109556,3.2,2.8,3.2,1.4,0.6,0.2,31.2,13.0,0.0
401671641,2024-11-10 18:00:00+00:00,2024,10,Washington Commanders,Pittsburgh Steelers,28.4,27.2,17.4,18.6,11.0,8.6,399.8,351.6,301.8,359.0,240.2,209.0,159.6,142.6,0.4,0.8,0.8,1.2,21.4,19.8,0.4107843137254902,0.36758241758241755,1.8,3.0,3.2,2.0,0.8,0.6,24.6,20.8,0.0
401671742,2024-11-10 18:00:00+00:00,2024,10,Tampa Bay Buccaneers,San Francisco 49ers,32.4,27.4,33.0,22.6,-0.6,4.8,424.8,415.4,427.8,310.6,273.0,244.8,151.8,170.6,1.8,1.6,-0.6,0.6,24.2,20.0,0.577983193277311,0.4364801864801865,1.4,1.2,3.4,2.4,0.2,0.6,26.8,29.8,0.0
401671733,2024-11-10 18:00:00+00:00,2024,10,New Orleans Saints,Atlanta Falcons,16.0,29.2,31.8,26.2,-15.8,3.0,317.4,409.2,413.4,363.4,209.8,278.2,107.6,131.0,1.2,1.2,0.0,0.0,17.6,22.4,0.2920286576168929,0.4539194139194139,3.6,2.2,1.4,1.0,0.0,0.8,28.8,25.0,1.0
401671708,2024-11-10 18:00:00+00:00,2024,10,Jacksonville Jaguars,Minnesota Vikings,27.0,24.8,28.6,24.0,-1.6,0.8,348.8,340.2,396.8,344.6,245.6,232.6,103.2,107.6,1.8,1.8,-1.0,0.4,18.6,20.2,0.3555555555555555,0.3714085914085914,1.4,3.4,2.6,2.2,0.4,0.6,27.0,24.6,0.0
401671863,2024-11-10 18:00:00+00:00,2024,10,Indianapolis Colts,Buffalo Bills,20.6,27.6,21.6,18.0,-1.0,9.6,306.0,358.8,370.6,342.6,193.0,232.6,113.0,126.2,1.4,0.4,0.4,1.2,18.2,22.2,0.3401864801864802,0.4004329004329004,2.4,1.2,1.6,1.8,0.4,0.8,22.0,23.0,0.0
401671751,2024-11-10 21:05:00+00:00,2024,10,Los Angeles Chargers,Tennessee Titans,20.2,18.4,13.6,27.0,6.6,-8.6,337.8,318.0,325.8,272.4,245.8,177.6,92.0,140.4,0.4,1.8,1.2,-0.8,17.2,19.4,0.3909035409035409,0.3231060606060606,3.4,1.2,3.2,2.2,0.6,0.4,18.4,15.0,1.0
401671678,2024-11-10 21:25:00+00:00,2024,10,Arizona Cardinals,New York Jets,22.2,19.0,21.6,24.2,0.6,-5.2,345.2,319.8,366.8,318.2,198.4,235.2,146.8,84.6,1.4,1.4,-0.2,-0.8,19.4,18.6,0.38175824175824175,0.3488235294117647,0.8,2.0,2.4,3.4,0.8,0.2,22.8,19.4,1.0
401671676,2024-11-10 21:25:00+00:00,2024,10,Dallas Cowboys,Philadelphia Eagles,18.8,25.8,27.2,18.4,-8.4,7.4,331.8,356.4,360.0,260.6,244.8,177.2,87.0,179.2,2.0,0.6,-1.4,0.4,19.2,20.0,0.3389743589743589,0.39409414115296465,2.4,3.0,2.2,3.6,0.4,0.8,21.2,21.2,0.0
401671787,2024-11-11 01:20:00+00:00,2024,10,Houston Texans,Detroit Lions,24.4,39.2,21.2,19.0,3.2,20.2,335.0,351.6,288.0,395.4,192.8,205.2,142.2,146.4,1.0,0.2,1.0,2.4,19.0,20.2,0.36639243109831343,0.39333333333333337,3.4,3.0,3.0,2.4,0.6,1.0,23.0,28.2,0.0
401671693,2024-11-12 01:15:00+00:00,2024,10,Los Angeles Rams,Miami Dolphins,22.6,18.2,20.6,23.0,2.0,-4.8,340.6,328.6,321.8,308.2,232.0,171.4,108.6,157.2,1.4,1.2,0.2,-0.6,21.6,20.6,0.35706293706293707,0.39636363636363636,1.4,1.8,3.4,0.8,0.6,0.2,25.2,14.8,0.0
401671813,2024-11-15 01:15:00+00:00,2024,11,Philadelphia Eagles,Washington Commanders,29.4,27.0,13.0,20.4,16.4,6.6,380.6,361.4,200.8,321.8,186.6,232.8,194.0,128.6,0.6,0.2,1.4,1.2,21.6,21.4,0.37451372157254503,0.3880952380952381,2.8,1.8,3.8,2.4,1.0,0.6,26.8,30.0,1.0
401671701,2024-11-17 18:00:00+00:00,2024,11,New England Patriots,Los Angeles Rams,19.6,22.0,23.6,20.4,-4.0,1.6,291.4,341.6,322.0,316.6,194.2,242.8,97.2,98.8,1.6,1.4,-1.2,0.6,17.8,21.4,0.3654612054612054,0.3161538461538461,2.6,1.6,2.6,3.4,0.4,0.6,15.8,19.0,0.0
401671746,2024-11-17 18:00:00+00:00,2024,11,New Orleans Saints,Cleveland Browns,17.4,16.4,30.0,25.2,-12.6,-8.8,346.4,297.0,415.0,351.6,228.8,209.0,117.6,88.0,1.0,1.4,0.2,-1.0,17.6,17.4,0.2889517345399698,0.32685004366118914,3.4,4.8,1.6,3.2,0.2,0.2,23.2,15.4,1.0
401671782,2024-11-17 18:00:00+00:00,2024,11,New York Jets,Indianapolis Colts,16.8,17.8,25.8,20.2,-9.0,-2.4,310.4,288.8,348.8,354.2,217.2,171.4,93.2,117.4,1.0,2.0,-0.8,-0.2,18.6,17.0,0.3823076923076923,0.3129137529137529,2.0,2.4,2.8,2.0,0.2,0.4,20.8,19.4,0.0
401671824,2024-11-17 18:00:00+00:00,2024,11,Tennessee Titans,Minnesota Vikings,15.6,21.0,30.0,19.6,-14.4,1.4,327.0,345.8,297.4,280.2,188.6,228.4,138.4,117.4,1.6,1.8,-0.8,0.2,20.0,21.4,0.35643939393939394,0.37010989010989015,2.4,3.2,1.8,2.6,0.2,0.6,19.2,22.2,0.0
401671642,2024-11-17 18:00:00+00:00,2024,11,Detroit Lions,Jacksonville Jaguars,36.0,21.0,17.8,24.2,18.2,-3.2,342.8,278.0,341.8,387.8,198.6,188.8,144.2,89.2,1.2,2.0,1.4,-0.8,19.8,16.6,0.41,0.38646464646464646,2.4,2.0,2.6,2.0,1.0,0.2,33.2,17.2,1.0
401671630,2024-11-17 18:00:00+00:00,2024,11,Pittsburgh Steelers,Baltimore Ravens,28.0,34.2,18.6,25.4,9.4,8.8,333.2,432.8,335.8,395.2,187.0,278.8,146.2,154.0,0.8,0.4,1.4,0.6,19.4,23.4,0.36277472527472526,0.42666666666666664,2.8,1.6,2.2,3.0,0.8,0.8,26.8,30.8,1.0
401671869,2024-11-17 18:00:00+00:00,2024,11,Chicago Bears,Green Bay Packers,19.6,25.2,18.4,21.0,1.2,4.2,297.4,375.0,345.8,304.2,172.6,236.0,124.8,139.0,0.4,1.4,1.2,0.0,18.2,21.2,0.25411255411255407,0.32621212121212123,4.4,1.2,2.8,1.8,0.4,0.8,24.4,29.2,0.0
401671851,2024-11-17 18:00:00+00:00,2024,11,Miami Dolphins,Las Vegas Raiders,20.4,18.0,19.8,30.8,0.6,-12.8,339.4,273.4,324.8,309.6,190.0,196.0,149.4,77.4,1.4,2.6,-0.6,-2.0,21.0,17.4,0.45533799533799535,0.3389277389277389,2.0,3.2,1.4,1.8,0.4,0.0,16.6,18.6,1.0
401671757,2024-11-17 21:05:00+00:00,2024,11,San Francisco 49ers,Seattle Seahawks,26.0,21.6,24.0,27.2,2.0,-5.6,411.8,337.4,310.4,416.6,255.8,258.2,156.0,79.2,1.4,1.8,0.2,-0.6,21.0,19.2,0.4196969696969696,0.29667748917748915,1.6,3.4,1.6,1.4,0.6,0.2,26.6,25.4,0.0
401671748,2024-11-17 21:05:00+00:00,2024,11,Denver Broncos,Atlanta Falcons,20.2,25.4,20.8,24.2,-0.6,1.2,336.8,392.8,320.2,369.8,209.4,240.2,127.4,152.6,1.2,1.2,-0.4,-0.2,19.6,21.8,0.45009108538520304,0.4396336996336997,2.0,2.0,3.2,0.8,0.4,0.6,20.0,25.0,1.0
401671665,2024-11-17 21:25:00+00:00,2024,11,Buffalo Bills,Kansas City Chiefs,29.6,25.4,17.4,17.8,12.2,7.6,386.6,361.4,329.8,260.4,263.4,244.2,123.2,117.2,0.8,1.0,1.2,0.0,23.2,24.0,0.4575757575757575,0.5708333333333333,1.4,2.6,2.4,2.2,1.0,1.0,34.4,21.4,1.0
401671675,2024-11-18 01:20:00+00:00,2024,11,Los Angeles Chargers,Cincinnati Bengals,23.6,26.0,13.6,23.4,10.0,2.6,354.8,330.0,317.8,329.6,244.8,246.6,110.0,83.4,0.4,1.0,0.8,0.0,19.4,19.2,0.4093650793650793,0.464009324009324,3.0,2.4,4.0,2.2,0.8,0.6,19.4,26.2,1.0
401671694,2024-11-19 01:15:00+00:00,2024,11,Dallas Cowboys,Houston Texans,16.0,24.4,31.0,22.4,-15.0,2.0,302.4,299.6,369.0,301.8,212.0,165.0,90.4,134.6,3.0,1.0,-2.2,2.0,18.6,18.6,0.3218315018315018,0.3463924310983134,2.8,4.0,3.0,2.8,0.2,0.4,15.8,22.4,0.0
401671875,2024-11-22 01:15:00+00:00,2024,12,Cleveland Browns,Pittsburgh Steelers,16.6,28.2,25.4,17.8,-8.8,10.4,343.2,348.6,359.4,312.6,262.8,196.4,80.4,152.2,1.2,0.8,-0.8,1.4,19.4,19.6,0.3576192744304199,0.36277472527472526,4.0,3.0,2.8,2.2,0.2,1.0,17.0,23.0,1.0
401671870,2024-11-24 18:00:00+00:00,2024,12,Chicago Bears,Minnesota Vikings,16.2,21.0,20.4,18.8,-4.2,2.2,290.8,358.8,360.6,288.2,155.8,241.4,135.0,117.4,0.4,1.6,0.8,0.0,18.0,22.8,0.29388528138528136,0.38,4.8,2.8,2.2,3.0,0.2,0.6,23.4,22.8,0.0
401671858,2024-11-24 18:00:00+00:00,2024,12,Houston Texans,Tennessee Titans,23.0,14.8,20.2,30.6,2.8,-15.8,304.2,337.6,321.2,307.2,179.8,221.8,124.4,115.8,1.0,1.6,1.6,-0.8,18.8,19.0,0.34033182503770737,0.3637121212121212,3.8,3.4,3.0,2.2,0.4,0.2,22.4,17.8,0.0
401671866,2024-11-24 18:00:00+00:00,2024,12,Indianapolis Colts,Detroit Lions,19.4,37.0,22.2,17.2,-2.8,19.8,301.4,373.4,356.6,325.6,181.8,226.8,119.6,146.6,2.0,1.2,-0.4,0.6,16.6,22.0,0.2995804195804196,0.45,2.8,1.8,2.6,2.0,0.4,1.0,22.2,29.6,0.0
401671715,2024-11-24 18:00:00+00:00,2024,12,Washington Commanders,Dallas Cowboys,26.0,14.0,19.6,34.4,6.4,-20.4,353.2,291.0,311.8,402.0,216.4,209.6,136.8,81.4,0.4,2.8,0.8,-2.0,21.4,18.4,0.37142857142857144,0.26849816849816843,1.8,3.4,2.4,2.6,0.6,0.0,28.0,23.6,0.0
401671638,2024-11-24 18:00:00+00:00,2024,12,New York Giants,Tampa Bay Buccaneers,13.4,30.4,23.6,30.4,-10.2,0.0,298.0,401.2,346.6,400.4,161.4,259.4,136.6,141.8,1.4,1.6,-0.8,-0.4,20.0,23.6,0.37861471861471857,0.5403208556149732,3.6,1.6,2.8,3.2,0.0,0.2,10.6,26.8,0.0
401671847,2024-11-24 18:00:00+00:00,2024,12,Miami Dolphins,New England Patriots,24.2,19.8,21.6,21.0,2.6,-1.2,335.6,309.6,330.6,328.8,208.4,203.8,127.2,105.8,1.0,1.2,0.0,-1.0,21.2,19.6,0.5523076923076923,0.40502164502164495,1.8,2.4,1.6,2.2,0.4,0.4,20.6,13.6,1.0
401671651,2024-11-24 18:00:00+00:00,2024,12,Carolina Panthers,Kansas City Chiefs,16.8,24.4,29.0,21.2,-12.2,3.2,270.2,321.2,402.6,289.6,161.0,216.2,109.2,105.0,1.6,1.2,-0.4,-0.2,15.4,22.2,0.3823376623376623,0.5851190476190476,1.2,2.6,1.2,2.0,0.4,0.8,18.0,23.0,0.0
401671656,2024-11-24 21:05:00+00:00,2024,12,Las Vegas Raiders,Denver Broncos,18.2,24.6,30.8,17.4,-12.6,7.2,273.0,353.6,322.4,295.4,206.6,227.2,66.4,126.4,2.2,0.8,-1.6,0.2,17.8,20.6,0.35988011988011986,0.5046365399306575,3.2,1.8,1.6,3.4,0.0,0.6,20.4,18.6,0.0
401671768,2024-11-24 21:25:00+00:00,2024,12,Green Bay Packers,San Francisco 49ers,24.4,24.8,21.0,23.2,3.4,1.6,382.6,390.4,308.4,296.6,247.6,238.8,135.0,151.6,1.4,1.0,-0.4,0.6,21.2,20.8,0.3412121212121212,0.43787878787878787,1.0,1.6,1.8,2.2,0.8,0.6,23.4,25.4,1.0
401671775,2024-11-24 21:25:00+00:00,2024,12,Seattle Seahawks,Arizona Cardinals,21.6,23.6,24.8,18.2,-3.2,5.4,328.6,354.8,388.0,331.4,251.0,212.4,77.6,142.4,1.8,1.2,-0.6,-0.4,19.6,21.2,0.3344397269397269,0.46461538461538454,2.8,0.8,1.2,2.6,0.4,0.8,19.6,25.6,1.0
401671794,2024-11-25 01:20:00+00:00,2024,12,Los Angeles Rams,Philadelphia Eagles,23.8,30.6,20.0,13.4,3.8,17.2,348.0,393.0,327.4,204.8,254.6,176.6,93.4,216.4,1.0,0.6,1.2,1.6,20.4,22.4,0.26615384615384613,0.4155851501439736,1.0,3.0,3.6,3.4,0.8,1.0,22.2,26.0,0.0
401671689,2024-11-26 01:15:00+00:00,2024,12,Los Angeles Chargers,Baltimore Ravens,25.8,31.4,15.8,24.4,10.0,7.0,371.8,401.8,345.0,394.8,256.4,258.2,115.4,143.6,0.6,0.8,0.2,0.4,19.8,21.0,0.3416883116883117,0.3793939393939394,2.8,1.6,4.2,3.2,0.8,0.6,23.8,30.0,0.0
401671492,2024-11-28 17:30:00+00:00,2024,13,Detroit Lions,Chicago Bears,35.6,14.6,12.6,23.2,23.0,-8.6,373.2,295.8,302.6,395.4,228.0,175.6,145.2,120.2,1.0,0.4,0.6,0.6,23.4,17.0,0.49000000000000005,0.2735644257703081,1.6,4.8,1.2,2.0,1.0,0.0,37.6,12.4,1.0
401671779,2024-11-28 21:30:00+00:00,2024,13,Dallas Cowboys,New York Giants,19.0,13.4,30.2,26.2,-11.2,-12.8,307.2,285.2,386.0,376.0,218.2,157.2,89.0,128.0,2.0,1.4,-0.6,-0.8,19.0,18.6,0.2587079587079587,0.40285714285714286,2.8,4.0,2.8,2.0,0.2,0.0,13.8,20.6,1.0
401671798,2024-11-29 01:20:00+00:00,2024,13,Green Bay Packers,Miami Dolphins,25.2,29.0,20.4,21.4,4.8,7.6,360.2,342.8,296.0,327.4,227.2,240.2,133.0,102.6,1.2,0.8,-0.2,0.4,20.2,22.2,0.31685314685314686,0.538974358974359,1.4,1.8,2.2,2.4,0.8,0.6,27.8,15.6,1.0
401671806,2024-11-29 20:00:00+00:00,2024,13,Kansas City Chiefs,Las Vegas Raiders,24.8,19.4,23.0,30.2,1.8,-10.8,333.6,291.8,294.4,328.8,232.4,223.0,101.2,68.8,0.8,2.0,-0.4,-1.4,23.2,18.8,0.5939102564102564,0.38065934065934065,3.2,4.0,2.2,1.2,0.8,0.0,25.0,20.4,1.0
401671703,2024-12-01 18:00:00+00:00,2024,13,New York Jets,Seattle Seahawks,18.2,20.0,26.8,18.8,-8.6,1.2,282.4,314.0,343.4,351.0,195.2,233.8,87.2,80.2,0.8,1.4,-0.4,0.0,16.6,18.6,0.3771794871794872,0.34693972693972686,2.0,3.6,2.8,2.2,0.2,0.6,20.2,25.4,0.0
401671620,2024-12-01 18:00:00+00:00,2024,13,New England Patriots,Indianapolis Colts,19.6,17.4,21.4,25.0,-1.8,-7.6,304.2,298.2,330.6,367.2,188.8,190.4,115.4,107.8,1.6,1.8,-1.2,-0.6,19.0,15.6,0.34787878787878784,0.28804195804195803,2.8,2.8,2.6,2.8,0.4,0.2,19.6,23.0,0.0
401671627,2024-12-01 18:00:00+00:00,2024,13,Cincinnati Bengals,Pittsburgh Steelers,28.0,25.6,28.8,20.0,-0.8,5.6,359.6,363.6,354.8,318.4,278.4,224.0,81.2,139.6,0.8,1.0,0.2,1.2,21.4,19.4,0.450105580693816,0.38873626373626374,2.2,3.2,2.2,2.2,0.4,0.8,27.8,23.2,0.0
401671705,2024-12-01 18:00:00+00:00,2024,13,Jacksonville Jaguars,Houston Texans,19.0,24.0,27.6,21.8,-8.6,2.2,256.4,316.8,442.2,339.6,172.6,212.8,83.8,104.0,1.8,1.4,-0.8,1.2,15.2,18.2,0.3331313131313131,0.324947209653092,1.4,3.8,1.4,4.0,0.2,0.4,23.2,23.4,0.0
401671649,2024-12-01 18:00:00+00:00,2024,13,Atlanta Falcons,Los Angeles Chargers,19.0,27.4,27.8,18.4,-8.8,9.0,353.4,349.8,382.8,357.6,230.4,229.6,123.0,120.2,1.2,0.2,-0.6,0.4,19.4,19.6,0.40117216117216115,0.32740259740259736,2.8,3.0,1.0,4.4,0.4,0.8,24.0,20.2,0.0
401671743,2024-12-01 18:00:00+00:00,2024,13,Washington Commanders,Tennessee Titans,23.2,19.2,25.0,29.2,-1.8,-10.0,351.4,353.6,342.2,281.4,228.4,229.2,123.0,124.4,1.0,1.8,0.0,-0.6,20.0,19.2,0.3380952380952381,0.34585497835497836,2.4,4.4,2.2,2.8,0.4,0.4,29.0,20.8,1.0
401671726,2024-12-01 18:00:00+00:00,2024,13,Minnesota Vikings,Arizona Cardinals,21.2,22.2,18.0,14.6,3.2,7.6,372.6,353.8,289.6,301.0,258.2,219.4,114.4,134.4,1.6,0.8,0.0,0.0,24.0,21.0,0.3923076923076923,0.43461538461538457,2.6,1.8,2.8,3.6,0.8,0.8,26.0,19.8,1.0
401671752,2024-12-01 21:05:00+00:00,2024,13,Carolina Panthers,Tampa Bay Buccaneers,18.2,26.2,27.4,26.4,-9.2,-0.2,270.0,372.6,396.2,388.8,166.6,254.8,103.4,117.8,1.2,1.2,-0.2,-0.4,15.4,22.2,0.36835164835164835,0.5294117647058824,1.6,1.4,2.2,3.0,0.4,0.2,22.8,31.0,0.0
401671753,2024-12-01 21:05:00+00:00,2024,13,New Orleans Saints,Los Angeles Rams,19.0,23.8,22.6,24.4,-3.6,-0.6,380.4,354.2,384.8,360.2,236.2,265.4,144.2,88.8,0.8,1.0,-0.2,0.4,17.6,22.0,0.3274132730015083,0.22615384615384615,2.6,1.8,2.0,3.4,0.4,0.6,20.8,20.4,0.0
401671666,2024-12-01 21:25:00+00:00,2024,13,Baltimore Ravens,Philadelphia Eagles,29.2,32.4,22.8,16.8,6.4,15.6,378.0,421.4,355.6,239.0,240.8,196.0,137.2,225.4,0.6,0.6,0.2,1.8,20.4,23.2,0.411060606060606,0.5202005347593583,1.4,2.2,3.4,2.8,0.6,1.0,32.8,30.4,0.0
401671781,2024-12-02 01:20:00+00:00,2024,13,Buffalo Bills,San Francisco 49ers,31.0,19.6,17.6,26.0,13.4,-6.4,388.0,342.0,303.0,290.0,273.8,227.2,114.2,114.8,1.0,1.6,1.2,-0.6,23.2,18.8,0.48666666666666664,0.41454545454545455,1.0,2.0,2.2,2.4,1.0,0.4,35.0,22.0,1.0
401671686,2024-12-03 01:15:00+00:00,2024,13,Denver Broncos,Cleveland Browns,23.8,18.2,19.2,25.2,4.6,-7.0,340.8,355.2,315.0,358.6,246.8,277.8,94.0,77.4,0.6,1.8,0.4,-1.2,20.0,20.0,0.5119092672033848,0.32761927443041994,2.0,3.2,3.2,3.4,0.6,0.4,24.4,15.4,1.0
401671814,2024-12-06 01:15:00+00:00,2024,14,Detroit Lions,Green Bay Packers,29.8,26.4,13.8,19.4,16.0,7.0,409.2,382.4,279.6,331.6,258.0,243.0,151.2,139.4,1.2,0.6,-0.4,0.6,25.0,20.4,0.4947619047619048,0.32776223776223773,1.2,0.8,2.0,2.4,1.0,0.8,37.0,26.6,1.0
401671848,2024-12-08 18:00:00+00:00,2024,14,Miami Dolphins,New York Jets,27.0,19.4,21.8,24.6,5.2,-5.2,342.4,269.4,327.2,313.4,262.0,175.2,80.4,94.2,1.0,0.8,0.2,0.0,22.0,16.6,0.44945054945054946,0.3941025641025641,2.6,2.2,2.4,3.2,0.6,0.2,23.4,16.8,1.0
401671601,2024-12-08 18:00:00+00:00,2024,14,New York Giants,New Orleans Saints,16.8,19.8,26.0,20.2,-9.2,-0.4,310.8,391.6,371.6,371.4,174.8,238.2,136.0,153.4,1.8,0.4,-1.2,0.0,20.0,18.4,0.41,0.33525641025641023,3.6,1.4,1.0,2.4,0.0,0.4,10.8,22.2,0.0
401671713,2024-12-08 18:00:00+00:00,2024,14,Philadelphia Eagles,Carolina Panthers,29.8,21.4,17.2,24.6,12.6,-3.2,392.4,307.4,257.4,401.0,171.2,207.4,221.2,100.0,0.6,1.0,1.4,0.4,21.8,17.2,0.4777762923351158,0.3833516483516483,2.6,1.4,3.2,2.8,1.0,0.4,25.8,15.4,1.0
401671654,2024-12-08 18:00:00+00:00,2024,14,Tampa Bay Buccaneers,Las Vegas Raiders,25.2,19.8,22.8,30.0,2.4,-10.2,365.4,315.2,360.6,342.8,225.4,247.6,140.0,67.6,1.2,1.4,-0.4,-1.0,22.0,18.8,0.4333333333333333,0.39065934065934066,1.6,4.2,2.8,2.0,0.4,0.0,23.4,18.6,1.0
401671631,2024-12-08 18:00:00+00:00,2024,14,Pittsburgh Steelers,Cleveland Browns,27.0,21.8,24.6,29.2,2.4,-7.4,385.8,398.4,328.8,394.0,254.0,321.0,131.8,77.4,1.2,2.0,1.2,-1.0,20.8,22.0,0.4061965811965812,0.3381455902198936,3.4,3.0,2.8,2.8,0.8,0.4,23.6,18.2,1.0
401671821,2024-12-08 18:00:00+00:00,2024,14,Tennessee Titans,Jacksonville Jaguars,20.2,16.6,27.2,29.0,-7.0,-12.4,319.4,258.2,329.0,448.4,219.6,189.2,99.8,69.0,1.4,2.0,0.0,-1.0,17.0,14.4,0.37464285714285717,0.27979797979797977,4.6,1.4,2.4,1.4,0.4,0.0,16.2,15.0,0.0
401671648,2024-12-08 18:00:00+00:00,2024,14,Minnesota Vikings,Atlanta Falcons,21.8,18.8,16.4,24.4,5.4,-5.6,372.0,349.6,293.6,352.4,256.8,234.4,115.2,115.2,1.8,1.4,0.0,-0.6,24.4,19.8,0.3601648351648351,0.33736263736263733,3.0,2.4,3.0,1.8,1.0,0.4,26.0,22.8,1.0
401671660,2024-12-08 21:05:00+00:00,2024,14,Arizona Cardinals,Seattle Seahawks,23.2,18.4,16.2,20.2,7.0,-1.8,369.8,298.0,276.6,328.8,240.8,221.6,129.0,76.4,1.0,1.8,-0.4,-0.6,21.6,17.8,0.4543956043956044,0.3357509157509157,2.0,4.0,4.0,2.0,0.6,0.6,20.8,26.4,0.0
401671773,2024-12-08 21:25:00+00:00,2024,14,Los Angeles Rams,Buffalo Bills,22.0,31.2,23.2,17.6,-1.2,13.6,341.4,384.6,370.4,293.0,242.8,241.2,98.6,143.4,0.8,1.0,0.6,1.4,21.2,23.6,0.235042735042735,0.5266666666666666,2.2,0.8,2.8,2.0,0.6,1.0,20.8,22.8,1.0
401671774,2024-12-08 21:25:00+00:00,2024,14,San Francisco 49ers,Chicago Bears,18.0,15.6,27.4,24.2,-9.4,-8.6,327.8,294.6,298.6,380.2,202.6,199.2,125.2,95.4,1.6,0.2,-1.0,1.0,18.0,17.4,0.4381818181818182,0.3335644257703081,2.2,5.2,2.0,2.0,0.4,0.0,23.6,14.6,1.0
401671788,2024-12-09 01:20:00+00:00,2024,14,Kansas City Chiefs,Los Angeles Chargers,23.2,25.6,22.4,19.4,0.8,6.2,332.6,311.6,335.6,354.4,235.2,204.6,97.4,107.0,0.6,0.4,-0.2,1.0,22.2,17.8,0.5314102564102564,0.33194805194805194,4.0,3.4,1.8,3.6,0.8,0.8,23.4,18.4,1.0
401671690,2024-12-10 01:15:00+00:00,2024,14,Dallas Cowboys,Cincinnati Bengals,19.6,31.4,28.2,34.8,-8.6,-3.4,312.2,390.0,341.6,391.6,210.0,302.0,102.2,88.0,1.6,1.4,0.2,-0.6,19.6,24.0,0.2853746253746253,0.5193363499245852,2.4,2.4,3.6,1.8,0.4,0.2,15.4,26.6,0.0
401671818,2024-12-13 01:15:00+00:00,2024,15,San Francisco 49ers,Los Angeles Rams,19.6,25.6,25.2,27.6,-5.6,-2.0,324.4,359.6,272.6,374.6,217.6,247.2,106.8,112.4,1.8,0.6,-1.4,0.2,18.6,22.4,0.4381818181818182,0.3355555555555555,2.0,2.2,3.0,1.4,0.4,0.6,25.2,20.6,0.0
401671737,2024-12-15 18:00:00+00:00,2024,15,New Orleans Saints,Washington Commanders,21.0,28.0,17.2,25.8,3.8,2.2,376.8,347.8,360.8,329.8,228.4,205.0,148.4,142.8,0.6,1.2,0.0,0.0,19.0,21.2,0.3769230769230769,0.4,0.8,2.4,2.2,2.0,0.6,0.4,21.2,29.6,0.0
401671639,2024-12-15 18:00:00+00:00,2024,15,New York Giants,Baltimore Ravens,15.4,28.2,23.6,21.8,-8.2,6.4,297.0,375.0,344.8,325.8,170.0,229.4,127.0,145.6,1.6,0.6,-1.0,0.0,19.8,20.8,0.39596491228070174,0.45106060606060605,3.2,1.4,0.6,3.4,0.0,0.6,10.0,30.4,0.0
401671854,2024-12-15 18:00:00+00:00,2024,15,Cleveland Browns,Kansas City Chiefs,18.8,21.0,29.8,21.0,-11.0,0.0,378.2,315.4,370.0,336.4,296.0,223.6,82.2,91.8,2.4,0.4,-1.2,0.0,21.6,20.6,0.2622481543224577,0.5047435897435897,3.2,3.8,2.4,2.0,0.2,0.8,18.4,24.6,0.0
401671825,2024-12-15 18:00:00+00:00,2024,15,Tennessee Titans,Cincinnati Bengals,17.4,33.4,25.8,31.4,-8.4,2.0,293.8,420.6,328.2,376.6,202.2,329.4,91.6,91.2,1.2,1.2,0.0,0.0,15.6,25.0,0.3871428571428571,0.4454901960784314,4.8,2.6,1.8,2.4,0.2,0.4,14.0,25.2,0.0
401671860,2024-12-15 18:00:00+00:00,2024,15,Houston Texans,Miami Dolphins,24.0,28.0,21.8,21.0,2.2,7.0,309.4,342.8,353.6,342.6,203.0,283.4,106.4,59.4,1.2,0.8,1.2,0.2,18.0,22.4,0.34033182503770737,0.37167277167277163,3.8,2.4,3.0,2.8,0.4,0.8,24.0,18.4,1.0
401671706,2024-12-15 18:00:00+00:00,2024,15,Jacksonville Jaguars,New York Jets,13.2,20.2,24.2,26.0,-11.0,-5.8,238.4,282.6,418.4,338.8,173.4,194.2,65.0,88.4,2.0,0.8,-1.2,0.0,13.8,16.8,0.3498834498834499,0.38076923076923075,1.4,2.6,1.6,2.8,0.2,0.2,24.6,17.2,0.0
401671731,2024-12-15 18:00:00+00:00,2024,15,Carolina Panthers,Dallas Cowboys,21.8,19.4,23.4,28.2,-1.6,-8.8,311.0,301.0,379.4,366.2,201.2,195.0,109.8,106.0,0.8,2.0,0.2,-0.2,18.0,18.4,0.39942307692307694,0.3058874458874459,1.2,2.4,3.2,3.6,0.4,0.4,22.6,23.8,0.0
401671681,2024-12-15 21:25:00+00:00,2024,15,Detroit Lions,Buffalo Bills,31.8,33.4,17.2,24.4,14.6,9.0,435.2,384.6,257.0,337.8,286.6,253.4,148.6,131.2,1.4,0.8,-0.6,1.2,27.0,22.8,0.5214285714285715,0.5311111111111111,1.2,0.6,2.2,1.8,1.0,0.8,40.6,29.2,0.0
401671677,2024-12-15 21:25:00+00:00,2024,15,Arizona Cardinals,New England Patriots,21.2,19.4,16.8,22.0,4.4,-2.6,363.2,339.0,283.0,314.0,226.4,206.0,136.8,133.0,1.4,1.8,-0.8,-1.0,21.4,19.8,0.41336996336996334,0.3636363636363636,2.4,3.2,3.8,2.4,0.4,0.2,21.8,16.0,1.0
401671669,2024-12-15 21:25:00+00:00,2024,15,Denver Broncos,Indianapolis Colts,26.4,18.4,22.8,25.2,3.6,-6.8,340.8,288.2,368.6,379.0,246.0,184.2,94.8,104.0,0.6,1.8,0.6,-0.6,19.2,16.2,0.47480519480519473,0.34818181818181815,1.6,1.8,3.4,3.2,0.6,0.4,31.4,21.2,1.0
401671762,2024-12-15 21:25:00+00:00,2024,15,Los Angeles Chargers,Tampa Bay Buccaneers,23.6,25.6,21.2,19.2,2.4,6.4,300.8,363.0,355.6,339.0,194.2,213.0,106.6,150.0,0.4,1.2,0.4,0.0,19.2,21.4,0.3528271728271728,0.38809523809523805,2.8,2.4,3.0,2.8,0.6,0.6,24.0,32.2,0.0
401671766,2024-12-15 21:25:00+00:00,2024,15,Philadelphia Eagles,Pittsburgh Steelers,28.6,27.2,15.8,23.8,12.8,3.4,361.4,354.0,274.8,310.0,145.8,231.6,215.6,122.4,0.4,1.2,1.2,1.4,21.2,19.8,0.4885606060606061,0.3996031746031746,2.8,2.8,3.0,2.6,1.0,0.8,23.4,29.4,1.0
401671796,2024-12-16 01:20:00+00:00,2024,15,Seattle Seahawks,Green Bay Packers,22.4,26.6,17.6,20.8,4.8,5.8,333.2,357.6,311.0,331.8,228.0,232.4,105.2,125.2,1.4,0.6,0.0,0.4,18.0,19.4,0.4005128205128205,0.3132167832167832,3.8,0.8,2.2,2.4,0.8,0.6,18.0,27.0,0.0
401671489,2024-12-17 01:00:00+00:00,2024,15,Minnesota Vikings,Chicago Bears,26.0,16.4,18.0,26.0,8.0,-9.6,375.6,278.8,347.4,400.6,264.0,183.6,111.6,95.2,1.2,0.4,0.8,0.6,23.2,17.0,0.3934981684981685,0.37070728291316524,3.0,5.4,2.6,1.6,1.0,0.0,27.6,14.6,1.0
401671697,2024-12-17 01:30:00+00:00,2024,15,Las Vegas Raiders,Atlanta Falcons,18.4,16.8,30.2,27.6,-11.8,-10.8,326.8,370.0,360.0,352.6,247.6,249.0,79.2,121.0,1.6,2.0,-0.8,-1.8,19.0,20.8,0.35989010989010983,0.34505494505494505,3.6,2.2,2.6,2.6,0.0,0.2,18.8,22.6,0.0
401671749,2024-12-20 01:15:00+00:00,2024,16,Los Angeles Chargers,Denver Broncos,21.6,30.6,25.8,17.2,-4.2,13.4,280.2,315.6,399.0,351.4,196.2,230.8,84.0,84.8,0.8,1.0,0.4,1.2,17.4,17.8,0.27282717282717284,0.4596791443850267,3.4,1.0,1.8,3.6,0.4,0.8,25.4,19.2,1.0
401671780,2024-12-21 18:00:00+00:00,2024,16,Kansas City Chiefs,Houston Texans,22.0,25.4,19.6,20.0,2.4,5.4,317.6,281.2,337.6,339.8,210.8,196.8,106.8,84.4,0.4,1.2,1.2,1.8,20.4,16.2,0.4950213675213675,0.3466666666666666,3.0,3.0,2.6,3.2,0.8,0.6,22.0,26.6,1.0
401671778,2024-12-21 21:30:00+00:00,2024,16,Baltimore Ravens,Pittsburgh Steelers,27.0,24.2,22.6,23.8,4.4,0.4,384.8,324.2,309.2,341.8,230.6,218.6,154.2,105.6,0.8,1.0,-0.2,1.8,20.8,17.6,0.5396969696969698,0.37210317460317455,1.8,2.6,3.2,2.6,0.6,0.6,32.0,27.2,1.0
401671811,2024-12-22 18:00:00+00:00,2024,16,Cincinnati Bengals,Cleveland Browns,32.6,18.2,32.0,28.6,0.6,-10.4,420.0,373.0,408.0,363.8,334.6,278.8,85.4,94.2,1.8,3.0,0.2,-1.8,24.6,20.6,0.4926696832579186,0.2583265856950067,2.6,3.0,1.6,1.2,0.4,0.2,33.4,17.8,1.0
401671868,2024-12-22 18:00:00+00:00,2024,16,Chicago Bears,Detroit Lions,18.2,35.0,28.2,22.2,-10.0,12.8,307.2,470.4,400.8,319.2,204.0,333.2,103.2,137.2,0.6,0.6,0.4,-0.2,18.0,29.2,0.37308823529411766,0.4970695970695971,4.0,1.8,1.8,1.4,0.0,0.8,24.0,30.4,0.0
401671732,2024-12-22 18:00:00+00:00,2024,16,Carolina Panthers,Arizona Cardinals,20.0,21.4,25.0,18.4,-5.0,3.0,308.8,372.2,376.0,297.0,203.0,245.4,105.8,126.8,1.4,1.0,-0.2,-0.2,18.2,22.0,0.3739685314685315,0.4697802197802198,2.2,1.8,3.2,3.0,0.2,0.4,21.4,18.6,1.0
401671621,2024-12-22 18:00:00+00:00,2024,16,New York Jets,Los Angeles Rams,22.4,25.0,28.4,24.2,-6.0,0.8,304.0,354.6,358.6,365.2,210.6,227.8,93.4,126.8,0.6,0.2,0.4,0.4,17.8,21.2,0.37743589743589745,0.33888888888888885,2.4,1.4,1.6,1.4,0.2,0.8,19.6,21.0,0.0
401671717,2024-12-22 18:00:00+00:00,2024,16,Washington Commanders,Philadelphia Eagles,26.6,27.2,25.2,17.2,1.4,10.0,341.4,372.0,313.6,278.2,201.0,167.6,140.4,204.4,1.2,0.4,0.0,0.4,21.6,21.6,0.42254901960784313,0.5334803921568627,4.0,2.4,2.2,2.8,0.4,1.0,30.6,32.0,1.0
401671729,2024-12-22 18:00:00+00:00,2024,16,Atlanta Falcons,New York Giants,14.4,13.8,25.2,25.2,-10.8,-11.4,360.2,279.0,326.8,362.2,225.6,173.8,134.6,105.2,2.0,1.6,-1.2,-0.8,20.2,18.6,0.34505494505494505,0.320207336523126,2.4,3.4,2.8,1.2,0.2,0.0,23.2,21.0,1.0
401671862,2024-12-22 18:00:00+00:00,2024,16,Indianapolis Colts,Tennessee Titans,18.4,19.4,27.2,27.8,-8.8,-8.4,304.8,310.8,334.6,340.4,184.6,229.0,120.2,81.8,2.4,2.4,-1.2,-0.4,17.2,16.8,0.34696969696969693,0.44547619047619047,1.6,3.6,2.6,2.0,0.4,0.2,18.0,18.4,1.0
401671759,2024-12-22 21:05:00+00:00,2024,16,Seattle Seahawks,Minnesota Vikings,21.0,29.6,18.4,19.0,2.6,10.6,290.0,361.0,311.6,375.6,190.2,260.4,99.8,100.6,1.2,0.8,0.2,0.8,16.8,22.4,0.4087179487179487,0.42206959706959707,3.8,3.2,2.2,2.4,0.8,1.0,16.6,23.2,0.0
401671673,2024-12-22 21:25:00+00:00,2024,16,Las Vegas Raiders,Jacksonville Jaguars,15.4,13.6,25.0,25.0,-9.6,-11.4,333.2,279.6,337.6,409.0,253.0,199.4,80.2,80.2,1.8,1.8,-1.0,-1.2,19.0,16.4,0.3401098901098901,0.3965501165501165,3.4,1.4,3.0,1.2,0.0,0.2,16.2,15.0,1.0
401671494,2024-12-22 21:25:00+00:00,2024,16,Buffalo Bills,New England Patriots,37.0,19.4,27.4,24.0,9.6,-4.6,431.4,342.2,367.4,313.0,279.6,208.0,151.8,134.2,0.6,1.4,1.4,-0.8,23.6,19.2,0.5311111111111111,0.309090909090909,0.4,2.8,2.2,2.2,0.8,0.2,35.2,16.8,1.0
401671874,2024-12-22 21:25:00+00:00,2024,16,Miami Dolphins,San Francisco 49ers,25.8,16.2,22.0,23.6,3.8,-7.4,340.0,280.0,313.4,290.0,283.6,175.6,56.4,104.4,1.2,1.8,-0.4,-1.4,23.0,16.0,0.3409035409035409,0.3972727272727273,2.4,2.0,2.8,2.6,0.6,0.2,27.8,20.6,1.0
401671790,2024-12-23 01:20:00+00:00,2024,16,Dallas Cowboys,Tampa Bay Buccaneers,24.2,28.8,24.2,16.6,0.0,12.2,353.8,407.4,343.6,303.4,225.0,231.8,128.8,175.6,1.2,1.6,1.0,-0.2,21.0,22.8,0.36303030303030304,0.41718614718614716,2.0,2.2,3.8,2.6,0.6,0.8,14.4,34.2,1.0
401671692,2024-12-24 01:15:00+00:00,2024,16,Green Bay Packers,New Orleans Saints,29.8,20.4,18.6,16.6,11.2,3.8,349.2,340.4,321.2,376.8,223.6,217.6,125.6,122.8,0.6,0.8,0.8,-0.4,19.6,17.4,0.3465501165501165,0.36480186480186483,0.8,1.2,3.6,3.6,0.8,0.6,28.0,16.2,1.0
401671799,2024-12-25 18:00:00+00:00,2024,17,Pittsburgh Steelers,Kansas City Chiefs,24.0,23.2,27.4,17.4,-3.4,5.8,326.6,340.8,359.6,326.6,222.0,224.8,104.6,116.0,1.2,0.0,1.2,1.8,17.8,21.6,0.4021031746031746,0.5027136752136753,2.4,2.8,2.4,3.0,0.4,1.0,25.0,25.4,0.0
401671800,2024-12-25 21:30:00+00:00,2024,17,Houston Texans,Baltimore Ravens,24.6,26.8,20.2,19.2,4.4,7.6,293.8,390.6,345.8,278.2,203.8,212.2,90.0,178.4,1.2,1.0,0.8,-0.2,17.0,21.8,0.3743589743589743,0.503030303030303,2.6,2.0,3.4,3.2,0.6,0.6,23.2,29.2,0.0
401671876,2024-12-27 01:15:00+00:00,2024,17,Chicago Bears,Seattle Seahawks,17.8,21.8,31.0,20.4,-13.2,1.4,305.4,304.4,422.6,315.8,226.2,211.6,79.2,92.8,1.0,1.4,-0.2,-0.2,17.2,17.6,0.30058823529411766,0.3564102564102564,3.8,3.4,1.8,2.4,0.0,0.6,20.2,27.8,0.0
401671832,2024-12-28 18:00:00+00:00,2024,17,New England Patriots,Los Angeles Chargers,19.8,21.6,28.2,25.8,-8.4,-4.2,352.4,269.2,349.4,379.6,221.8,192.8,130.6,76.4,1.8,0.8,-1.0,0.4,21.6,17.2,0.35432900432900427,0.31828171828171825,3.0,3.4,0.6,1.6,0.0,0.4,20.4,19.8,0.0
401671835,2024-12-28 21:30:00+00:00,2024,17,Cincinnati Bengals,Denver Broncos,30.6,33.2,26.2,20.8,4.4,12.4,391.2,334.6,384.8,367.4,292.4,243.4,98.8,91.2,1.8,1.0,0.8,1.4,23.4,19.0,0.46539695598519126,0.428909913615796,2.8,1.0,2.6,3.2,0.6,0.8,31.6,22.6,1.0
401671829,2024-12-29 01:00:00+00:00,2024,17,Los Angeles Rams,Arizona Cardinals,23.2,21.2,21.6,24.4,1.6,-3.2,322.6,367.4,353.0,334.0,190.8,228.8,131.8,138.6,0.4,1.4,0.2,-0.8,20.8,21.0,0.38888888888888884,0.4192307692307692,1.4,2.2,1.0,3.0,0.8,0.2,25.8,19.8,1.0
401671653,2024-12-29 18:00:00+00:00,2024,17,Tampa Bay Buccaneers,Carolina Panthers,29.6,23.2,17.2,27.6,12.4,-4.4,446.4,326.0,284.2,384.0,266.0,209.2,180.4,116.8,2.0,1.2,-0.8,-0.2,24.2,19.6,0.4457575757575757,0.37968281718281716,2.6,2.6,2.2,3.4,0.8,0.2,27.6,16.6,1.0
401671846,2024-12-29 18:00:00+00:00,2024,17,New York Giants,Indianapolis Colts,11.8,22.0,28.0,27.2,-16.2,-5.2,257.4,324.2,366.8,313.0,176.6,161.2,80.8,163.0,1.6,1.8,-0.8,-0.4,16.6,17.2,0.29354066985645927,0.38090909090909086,3.6,1.0,1.0,2.4,0.0,0.6,11.4,19.8,1.0
401671738,2024-12-29 18:00:00+00:00,2024,17,New Orleans Saints,Las Vegas Raiders,16.4,15.4,20.0,21.0,-3.6,-5.6,306.6,330.4,364.0,328.6,189.6,248.4,117.0,82.0,1.2,1.6,-1.0,-0.4,17.4,18.8,0.3606060606060606,0.28296703296703296,1.8,3.2,3.0,2.8,0.4,0.2,19.6,17.6,0.0
401671634,2024-12-29 18:00:00+00:00,2024,17,Jacksonville Jaguars,Tennessee Titans,15.0,22.8,26.4,30.8,-11.4,-8.0,312.6,313.4,391.4,368.4,229.2,225.2,83.4,88.2,1.6,2.8,-1.6,-0.8,17.4,18.2,0.38564102564102565,0.45638528138528134,1.0,2.8,1.4,1.8,0.2,0.2,22.2,22.4,1.0
401671765,2024-12-29 18:00:00+00:00,2024,17,Philadelphia Eagles,Dallas Cowboys,28.6,27.4,20.8,22.2,7.8,5.2,352.8,339.6,299.0,347.4,151.8,217.4,201.0,122.2,0.8,0.8,0.8,1.6,21.0,19.2,0.45848039215686276,0.36303030303030304,2.8,1.2,2.4,4.4,0.8,0.8,24.6,25.8,1.0
401671495,2024-12-29 18:00:00+00:00,2024,17,Buffalo Bills,New York Jets,35.8,23.0,27.6,26.0,8.2,-3.0,413.2,326.8,371.0,325.8,254.0,234.2,159.2,92.6,0.4,0.8,1.4,0.4,23.2,17.8,0.5038383838383839,0.36205128205128206,0.2,2.0,1.8,1.4,0.8,0.2,30.6,20.2,1.0
401671877,2024-12-29 21:05:00+00:00,2024,17,Cleveland Browns,Miami Dolphins,16.6,24.8,26.4,21.6,-9.8,3.2,339.0,345.6,334.4,322.6,228.4,272.4,110.6,73.2,3.6,1.2,-2.6,-0.4,19.8,22.4,0.26217273954116055,0.27423687423687426,3.4,2.0,1.8,2.8,0.2,0.6,16.8,17.8,0.0
401671725,2024-12-29 21:25:00+00:00,2024,17,Minnesota Vikings,Green Bay Packers,30.4,32.6,21.2,14.8,9.2,17.8,357.0,356.8,389.0,282.2,256.6,214.8,100.4,142.0,0.6,0.4,1.2,1.4,21.4,20.6,0.40064102564102566,0.39885780885780886,3.4,0.6,1.8,3.6,1.0,0.8,29.0,27.0,1.0
401671842,2024-12-30 01:20:00+00:00,2024,17,Washington Commanders,Atlanta Falcons,28.4,17.8,26.2,22.6,2.2,-4.8,366.6,332.4,318.8,300.6,215.6,208.6,151.0,123.8,2.0,2.0,-0.8,-0.6,22.4,19.6,0.4588127558715794,0.38791208791208787,3.6,1.8,2.4,3.4,0.6,0.4,29.8,18.0,1.0
401671698,2024-12-31 01:15:00+00:00,2024,17,San Francisco 49ers,Detroit Lions,16.2,31.4,25.4,24.4,-9.2,7.0,299.4,436.4,308.4,361.6,205.0,309.2,94.4,127.2,1.8,0.6,-1.6,0.0,15.8,27.0,0.34692307692307695,0.4937362637362638,2.2,2.0,1.8,1.6,0.2,0.8,21.8,27.8,0.0
401671834,2025-01-04 21:30:00+00:00,2024,18,Baltimore Ravens,Cleveland Browns,29.8,12.4,16.0,26.6,13.8,-14.2,411.2,333.4,259.8,316.8,207.4,217.0,203.8,116.4,0.4,3.4,0.4,-2.6,23.6,20.0,0.5191919191919192,0.32452568071763116,1.8,3.4,3.4,1.8,0.8,0.0,31.8,16.4,1.0
401671836,2025-01-05 01:00:00+00:00,2024,18,Pittsburgh Steelers,Cincinnati Bengals,22.2,31.2,28.4,24.2,-6.2,7.0,325.8,400.6,376.6,363.6,204.8,300.8,121.0,99.8,1.4,2.0,0.4,0.6,19.0,25.4,0.41460317460317453,0.5142657342657342,2.6,3.6,2.2,2.6,0.4,0.8,23.6,29.2,0.0
401671840,2025-01-05 18:00:00+00:00,2024,18,Dallas Cowboys,Washington Commanders,22.0,30.8,25.2,25.8,-3.2,5.0,326.8,396.2,340.2,299.4,197.4,220.6,129.4,175.6,1.4,2.0,0.4,-0.6,18.6,24.6,0.41238095238095235,0.5011204481792717,1.2,4.0,3.6,2.4,0.6,0.8,17.8,26.0,0.0
401671828,2025-01-05 18:00:00+00:00,2024,18,Tampa Bay Buccaneers,New Orleans Saints,33.2,11.4,18.6,22.2,14.6,-10.8,466.4,265.8,276.0,353.0,277.0,175.4,189.4,90.4,1.8,1.2,-0.8,-1.0,26.0,16.2,0.4795238095238095,0.2806060606060606,3.0,2.4,2.4,2.6,0.8,0.2,30.6,11.4,1.0
401671827,2025-01-05 18:00:00+00:00,2024,18,Atlanta Falcons,Carolina Panthers,21.4,20.6,21.0,31.2,0.4,-10.6,354.6,300.0,303.0,416.0,215.6,192.4,139.0,107.6,2.0,1.2,-0.4,-0.2,21.6,18.0,0.36637362637362636,0.3472041847041847,1.4,3.2,4.2,2.8,0.4,0.2,24.8,12.2,0.0
401671837,2025-01-05 18:00:00+00:00,2024,18,Indianapolis Colts,Jacksonville Jaguars,23.0,17.8,30.8,18.6,-7.8,-0.8,347.0,337.6,340.2,329.8,177.0,238.0,170.0,99.6,2.2,1.4,-0.8,-1.2,18.6,19.0,0.40860139860139855,0.46871794871794875,1.0,1.2,1.8,2.0,0.4,0.4,21.4,13.8,1.0
401671826,2025-01-05 18:00:00+00:00,2024,18,Tennessee Titans,Houston Texans,19.0,18.2,29.4,24.4,-10.4,-6.2,307.0,257.8,375.4,354.6,213.4,184.4,93.6,73.4,2.4,1.2,-0.8,0.4,19.0,14.8,0.4992424242424242,0.361025641025641,1.8,3.4,1.4,2.6,0.0,0.4,16.6,22.2,0.0
401671844,2025-01-05 18:00:00+00:00,2024,18,Green Bay Packers,Chicago Bears,30.0,13.0,18.2,26.2,11.8,-13.2,346.0,261.6,322.2,385.2,217.0,177.4,129.0,84.2,0.6,1.0,0.8,-0.2,19.6,15.4,0.4208358308358308,0.2966666666666667,0.8,4.6,3.4,1.8,0.6,0.0,28.0,13.8,0.0
401671841,2025-01-05 18:00:00+00:00,2024,18,Philadelphia Eagles,New York Giants,29.4,19.4,18.2,28.6,11.2,-9.2,331.8,286.2,294.6,365.8,157.8,204.6,174.0,81.6,0.8,1.4,1.4,-0.2,20.2,16.2,0.4307880844645551,0.3103238866396761,2.6,2.8,1.6,1.4,0.8,0.2,28.8,18.2,1.0
401671831,2025-01-05 18:00:00+00:00,2024,18,New England Patriots,Buffalo Bills,16.8,37.8,30.6,26.2,-13.8,11.6,312.2,409.6,354.6,375.4,187.4,251.8,124.8,157.8,1.6,0.2,-0.8,1.8,18.6,23.0,0.3086147186147186,0.49812409812409814,3.2,0.2,0.6,2.2,0.0,0.8,19.8,34.8,1.0
401671838,2025-01-05 21:25:00+00:00,2024,18,Denver Broncos,Kansas City Chiefs,30.4,23.0,25.6,14.0,4.8,9.0,320.4,340.4,422.0,332.6,225.6,243.6,94.8,96.8,1.2,0.0,1.2,2.2,18.4,20.2,0.3864856711915535,0.43963675213675213,1.2,1.8,3.8,3.6,0.6,1.0,30.8,25.6,1.0
401671845,2025-01-05 21:25:00+00:00,2024,18,Arizona Cardinals,San Francisco 49ers,21.8,21.0,23.8,25.8,-2.0,-4.8,387.0,346.2,328.4,331.2,235.6,245.6,151.4,100.6,1.6,1.6,-1.2,-1.4,22.8,19.4,0.4615384615384615,0.4119230769230769,2.0,2.2,2.0,1.8,0.2,0.2,25.0,19.2,1.0
401671833,2025-01-05 21:25:00+00:00,2024,18,New York Jets,Miami Dolphins,20.4,22.0,28.4,19.2,-8.0,2.8,332.4,327.0,329.0,324.2,235.6,252.0,96.8,75.0,1.4,1.0,-0.4,-0.2,19.8,21.4,0.3894017094017094,0.24393384393384393,2.2,2.4,1.0,2.2,0.2,0.6,19.6,19.8,1.0
401671830,2025-01-05 21:25:00+00:00,2024,18,Los Angeles Rams,Seattle Seahawks,21.8,19.8,16.0,19.8,5.8,0.0,316.0,300.4,336.0,292.0,189.0,196.2,127.0,104.2,0.2,1.4,0.8,-0.2,18.6,16.6,0.4688888888888888,0.33333333333333337,0.4,3.0,1.6,2.8,1.0,0.6,24.4,23.2,0.0
401671839,2025-01-05 21:25:00+00:00,2024,18,Las Vegas Raiders,Los Angeles Chargers,16.6,25.0,17.2,21.2,-0.6,3.8,334.2,297.8,317.4,338.0,234.8,208.6,99.4,89.2,1.2,0.8,0.4,0.6,19.0,19.2,0.33693528693528696,0.3645002056766763,2.4,2.6,3.4,2.2,0.4,0.6,16.0,23.2,0.0
401671843,2025-01-06 01:20:00+00:00,2024,18,Detroit Lions,Minnesota Vikings,34.6,29.8,30.0,20.8,4.6,9.0,446.2,354.8,403.0,363.6,316.0,265.4,130.2,89.4,0.6,0.6,0.4,1.2,26.4,22.2,0.5023076923076923,0.4083333333333333,1.8,3.0,2.0,1.8,0.8,1.0,40.6,22.4,1.0
401772510,2025-09-05 00:20:00+00:00,2025,1,Philadelphia Eagles,Dallas Cowboys,28.6,20.4,17.0,25.8,11.6,-5.4,342.0,339.0,267.8,344.6,185.8,204.0,156.2,135.0,0.8,1.4,1.6,0.2,21.0,19.0,0.40697856065503124,0.40140056022408965,2.6,1.6,1.0,3.6,0.8,0.4,27.2,23.2,1.0
401772714,2025-09-06 00:00:00+00:00,2025,1,Los Angeles Chargers,Kansas City Chiefs,28.4,19.2,22.6,18.2,5.8,1.0,355.0,294.2,320.8,341.6,249.6,204.6,105.4,89.6,0.6,0.0,0.2,2.0,22.4,17.6,0.4099547511312217,0.37435897435897436,1.8,1.8,2.0,3.0,0.6,0.8,27.0,20.2,1.0
401772830,2025-09-07 17:00:00+00:00,2025,1,Atlanta Falcons,Tampa Bay Buccaneers,26.4,33.4,26.4,17.8,0.0,15.6,392.0,456.4,350.6,261.0,230.8,278.4,161.2,178.0,1.4,1.6,0.0,-0.8,23.0,24.6,0.4520879120879121,0.5711904761904762,1.4,2.4,3.2,2.6,0.4,0.8,25.2,28.8,0.0
401772721,2025-09-07 17:00:00+00:00,2025,1,New York Jets,Pittsburgh Steelers,22.6,16.8,27.2,24.6,-4.6,-7.8,355.8,260.4,344.0,364.4,253.2,146.6,102.6,113.8,1.2,1.4,0.2,0.2,20.8,16.6,0.3958119658119658,0.3923809523809524,2.4,3.0,1.2,2.2,0.4,0.2,22.0,24.2,0.0
401772718,2025-09-07 17:00:00+00:00,2025,1,New Orleans Saints,Arizona Cardinals,12.4,26.8,23.4,24.0,-11.0,2.8,258.8,384.4,367.6,361.0,184.2,233.6,74.6,150.8,1.2,1.2,-0.8,-0.4,16.2,23.0,0.26009324009324003,0.45734265734265733,2.8,1.8,2.4,1.4,0.2,0.4,19.6,19.0,0.0
401772828,2025-09-07 17:00:00+00:00,2025,1,Jacksonville Jaguars,Carolina Panthers,18.4,24.8,19.2,33.6,-0.8,-8.8,326.8,311.6,350.4,434.4,224.0,188.6,102.8,123.0,1.4,1.0,-1.2,-0.2,19.0,19.2,0.4734798534798535,0.3888708513708513,1.6,3.0,2.2,2.2,0.4,0.4,19.8,19.0,1.0
401772719,2025-09-07 17:00:00+00:00,2025,1,Indianapolis Colts,Miami Dolphins,27.0,22.6,30.6,19.6,-3.6,3.0,379.2,318.8,326.0,321.6,193.0,224.6,186.2,94.2,2.2,1.6,-0.6,-0.6,21.2,21.4,0.42526806526806527,0.2367909867909868,1.6,2.2,1.6,2.8,0.6,0.6,21.2,18.4,1.0
401772720,2025-09-07 17:00:00+00:00,2025,1,New England Patriots,Las Vegas Raiders,18.4,17.2,27.0,20.2,-8.6,-3.0,320.4,300.2,331.8,346.2,197.4,216.2,123.0,84.0,1.4,1.2,-0.8,0.4,19.6,18.2,0.3324242424242424,0.33137973137973137,2.6,1.8,0.2,2.6,0.2,0.4,20.2,19.6,0.0
401772829,2025-09-07 17:00:00+00:00,2025,1,Cleveland Browns,Cincinnati Bengals,8.0,27.4,25.4,18.8,-17.4,8.6,269.0,388.4,324.2,298.2,156.8,293.6,112.2,94.8,3.2,1.8,-2.8,0.8,17.0,24.6,0.29645550527903464,0.49118881118881114,3.2,3.6,1.8,3.0,0.0,1.0,14.6,28.8,0.0
401772827,2025-09-07 17:00:00+00:00,2025,1,Washington Commanders,New York Giants,30.2,18.0,22.8,27.2,7.4,-9.2,367.6,284.4,308.6,363.0,198.4,206.0,169.2,78.4,1.6,1.2,-0.4,0.0,24.4,14.8,0.5267614738202974,0.31746674378253326,4.4,1.6,2.6,1.8,1.0,0.2,32.2,15.0,1.0
401772832,2025-09-07 20:05:00+00:00,2025,1,Denver Broncos,Tennessee Titans,32.2,18.0,21.8,25.6,10.4,-7.6,351.2,320.8,367.8,357.6,237.4,217.2,113.8,103.6,1.2,2.2,0.8,-0.6,20.4,19.4,0.4493428140486964,0.48257575757575755,1.0,1.8,3.8,1.2,0.6,0.0,35.2,22.2,1.0
401772831,2025-09-07 20:05:00+00:00,2025,1,Seattle Seahawks,San Francisco 49ers,20.6,23.8,20.6,28.2,0.0,-4.4,315.8,385.6,321.0,335.4,203.2,288.0,112.6,97.6,1.0,1.6,0.0,-1.4,17.0,21.6,0.3808857808857809,0.4288461538461538,2.8,2.2,3.0,1.8,0.6,0.2,16.6,16.8,0.0
401772722,2025-09-07 20:25:00+00:00,2025,1,Green Bay Packers,Detroit Lions,28.4,36.2,19.6,27.8,8.8,8.4,341.8,444.0,292.0,395.2,199.0,317.0,142.8,127.0,1.0,0.8,0.6,0.2,19.8,26.2,0.38992673992673993,0.5142124542124542,1.4,1.8,2.6,1.4,0.4,0.8,27.6,29.6,1.0
401772723,2025-09-07 20:25:00+00:00,2025,1,Los Angeles Rams,Houston Texans,22.6,17.4,19.2,20.8,3.4,-3.4,332.2,280.6,337.8,343.6,219.6,173.8,112.6,106.8,0.4,1.0,0.6,0.2,18.2,16.0,0.4514285714285714,0.39820512820512816,0.6,2.8,2.0,1.4,0.8,0.6,23.4,22.4,1.0
401772918,2025-09-08 00:20:00+00:00,2025,1,Buffalo Bills,Baltimore Ravens,34.0,30.8,28.8,13.4,5.2,17.4,387.0,420.8,389.4,248.8,247.2,215.4,139.8,205.4,0.2,0.4,1.4,0.8,22.2,23.8,0.4781240981240981,0.5125252525252526,0.2,1.6,2.0,3.0,0.6,0.8,31.8,27.2,1.0
401772810,2025-09-09 00:15:00+00:00,2025,1,Chicago Bears,Minnesota Vikings,13.8,27.0,26.0,22.6,-12.2,4.4,246.2,352.6,377.6,361.2,161.0,252.8,85.2,99.8,1.4,0.4,-0.4,1.4,15.2,21.2,0.30333333333333334,0.42948717948717946,3.8,2.4,2.0,2.0,0.2,0.8,13.8,20.2,0.0
401772936,2025-09-12 00:15:00+00:00,2025,2,Green Bay Packers,Washington Commanders,27.6,26.0,15.4,20.2,12.2,5.8,335.4,361.4,263.0,305.8,196.8,201.6,138.6,159.8,0.8,1.4,0.8,-0.6,19.2,23.6,0.4299267399267399,0.47091731797614145,1.2,4.6,3.2,2.6,0.6,1.0,30.2,22.2,1.0
401772727,2025-09-14 17:00:00+00:00,2025,2,New York Jets,Buffalo Bills,23.8,33.8,27.6,28.0,-3.8,5.8,354.2,397.4,323.2,384.4,231.8,256.6,122.4,140.8,1.4,0.2,0.0,1.6,20.8,23.0,0.42914529914529914,0.46034632034632034,2.0,0.4,2.0,2.4,0.4,0.8,24.2,33.4,0.0
401772724,2025-09-14 17:00:00+00:00,2025,2,Tennessee Titans,Los Angeles Rams,19.2,16.6,27.6,12.6,-8.4,4.0,293.0,300.0,362.8,301.8,200.4,200.4,92.6,99.6,2.6,0.6,-0.6,0.8,17.4,16.2,0.4111471861471861,0.41245421245421243,2.6,1.2,1.2,2.6,0.0,0.8,16.0,21.2,0.0
401772836,2025-09-14 17:00:00+00:00,2025,2,Pittsburgh Steelers,Seattle Seahawks,18.2,17.2,28.2,20.4,-10.0,-3.2,261.2,280.0,383.2,326.6,160.8,185.8,100.4,94.2,1.2,1.4,0.0,-0.4,17.4,16.2,0.38666666666666666,0.3475524475524475,3.6,3.0,1.8,2.8,0.2,0.4,19.6,22.4,0.0
401772726,2025-09-14 17:00:00+00:00,2025,2,Baltimore Ravens,Cleveland Browns,35.0,8.4,16.8,23.4,18.2,-15.0,432.8,274.4,297.8,299.0,213.0,173.2,219.8,101.2,0.6,3.0,0.6,-2.8,22.8,17.4,0.5416161616161617,0.3781862745098039,1.4,3.0,2.8,2.2,0.8,0.0,32.8,15.2,1.0
401772833,2025-09-14 17:00:00+00:00,2025,2,New Orleans Saints,San Francisco 49ers,12.2,19.6,25.2,28.2,-13.0,-8.6,263.4,372.0,357.8,349.0,185.8,276.8,77.6,95.2,1.0,1.8,-0.8,-1.4,16.8,22.0,0.26485514485514483,0.4288461538461538,2.6,2.2,3.0,0.6,0.0,0.2,18.2,15.6,0.0
401772835,2025-09-14 17:00:00+00:00,2025,2,Detroit Lions,Chicago Bears,32.0,16.0,27.0,23.8,5.0,-7.8,415.0,277.2,388.8,338.0,301.0,181.8,114.0,95.4,0.8,1.4,0.0,-0.4,24.0,16.4,0.4875457875457876,0.2733333333333333,2.4,2.8,1.2,2.4,0.6,0.2,36.4,15.6,1.0
401772834,2025-09-14 17:00:00+00:00,2025,2,Dallas Cowboys,New York Giants,20.4,17.0,25.2,28.6,-4.8,-11.6,336.0,265.6,318.4,391.0,208.4,194.8,127.6,70.8,1.2,1.0,0.2,0.0,20.0,15.0,0.4620066208301502,0.3148351648351648,1.0,1.6,3.4,2.0,0.4,0.2,20.4,12.6,1.0
401772728,2025-09-14 17:00:00+00:00,2025,2,Miami Dolphins,New England Patriots,17.8,16.2,21.0,26.0,-3.2,-9.8,286.0,303.2,324.8,359.0,185.0,208.2,101.0,95.0,2.2,1.4,-1.2,-1.0,18.2,18.6,0.3145687645687646,0.28047619047619043,2.8,2.6,2.4,1.0,0.4,0.2,31.2,17.8,0.0
401772725,2025-09-14 17:00:00+00:00,2025,2,Cincinnati Bengals,Jacksonville Jaguars,25.4,21.6,18.0,20.0,7.4,1.6,330.0,344.2,299.2,347.0,240.8,215.6,89.2,128.6,1.6,1.2,1.0,-0.4,22.2,19.6,0.5111888111888112,0.46450549450549455,3.8,1.4,2.8,2.0,1.0,0.4,30.0,15.2,1.0
401772729,2025-09-14 20:05:00+00:00,2025,2,Indianapolis Colts,Denver Broncos,28.6,28.0,27.4,17.8,1.2,10.2,412.2,334.6,283.8,284.0,223.6,211.8,188.6,122.8,1.8,1.6,0.2,0.2,22.6,20.6,0.4276923076923077,0.43703512174100406,1.8,1.2,1.4,4.4,0.6,0.6,24.6,20.8,1.0
401772730,2025-09-14 20:05:00+00:00,2025,2,Arizona Cardinals,Carolina Panthers,27.2,23.6,20.6,34.4,6.6,-10.8,368.4,302.2,342.2,451.6,212.6,180.2,155.8,122.0,0.8,1.4,0.0,-0.4,22.6,18.2,0.482983682983683,0.408037518037518,2.4,3.0,1.6,1.4,0.6,0.4,31.0,19.6,1.0
401772837,2025-09-14 20:25:00+00:00,2025,2,Kansas City Chiefs,Philadelphia Eagles,19.6,29.0,20.2,17.8,-0.6,11.2,304.0,344.0,362.8,268.8,214.0,198.0,90.0,146.0,0.0,0.8,2.0,1.6,17.2,21.4,0.3391208791208791,0.41338881706528763,1.6,2.0,3.0,0.8,0.6,0.8,22.2,33.0,0.0
401772919,2025-09-15 00:20:00+00:00,2025,2,Minnesota Vikings,Atlanta Falcons,24.0,26.2,23.2,22.6,0.8,3.6,316.8,364.4,325.4,316.0,216.0,221.0,100.8,143.4,0.6,0.8,0.8,0.6,19.4,22.6,0.34615384615384615,0.4243956043956044,2.2,1.4,2.2,2.6,0.8,0.4,28.6,16.6,0.0
401772715,2025-09-15 23:00:00+00:00,2025,2,Houston Texans,Tampa Bay Buccaneers,14.6,32.4,19.6,19.2,-5.0,13.2,268.4,424.4,328.2,275.4,160.4,256.6,108.0,167.8,1.4,1.0,-0.2,-0.6,15.6,23.6,0.36572649572649574,0.5878571428571429,3.0,1.8,2.0,2.4,0.4,0.8,19.0,28.6,0.0
401772811,2025-09-16 02:00:00+00:00,2025,2,Las Vegas Raiders,Los Angeles Chargers,18.6,30.4,17.2,23.0,1.4,7.4,320.8,376.2,329.4,330.6,243.8,271.6,77.0,104.6,1.0,0.6,0.2,0.2,19.2,22.8,0.34676434676434675,0.4253393665158371,2.2,1.8,2.6,1.8,0.6,0.8,17.4,27.0,0.0
401772937,2025-09-19 00:15:00+00:00,2025,3,Buffalo Bills,Miami Dolphins,30.2,20.8,21.6,23.6,8.6,-2.8,366.2,312.8,311.0,355.2,220.0,210.0,146.2,102.8,0.2,1.6,1.6,-0.8,22.4,17.8,0.43177489177489176,0.333030303030303,0.6,3.2,2.6,2.2,0.8,0.4,34.0,15.4,1.0
401772838,2025-09-21 17:00:00+00:00,2025,3,Carolina Panthers,Atlanta Falcons,25.2,27.6,33.8,22.0,-8.6,5.6,325.6,377.4,428.2,305.8,205.8,224.0,119.8,153.4,1.0,0.8,0.0,0.8,20.2,23.6,0.4201587301587302,0.4428571428571429,2.4,1.4,1.4,3.0,0.4,0.4,24.0,17.6,1.0
401772841,2025-09-21 17:00:00+00:00,2025,3,Washington Commanders,Las Vegas Raiders,25.6,18.6,21.8,18.2,3.8,0.4,342.2,314.6,337.6,340.6,199.6,237.0,142.6,77.6,1.4,1.0,-0.8,0.2,22.0,19.0,0.427534965034965,0.3896214896214896,3.8,2.0,2.4,2.4,0.8,0.6,31.0,18.8,1.0
401772842,2025-09-21 17:00:00+00:00,2025,3,Cleveland Browns,Green Bay Packers,10.4,27.0,27.4,16.4,-17.0,10.6,285.8,342.4,285.2,267.4,189.4,204.8,96.4,137.6,2.2,0.6,-2.0,0.6,17.6,19.4,0.38929738562091504,0.4299267399267399,2.4,1.6,2.8,2.6,0.0,0.6,12.0,27.2,1.0
401772731,2025-09-21 17:00:00+00:00,2025,3,Minnesota Vikings,Cincinnati Bengals,19.2,24.2,25.2,18.0,-6.0,6.2,290.6,326.0,333.8,304.4,197.0,247.4,93.6,78.6,1.2,1.4,0.2,0.4,16.6,22.2,0.31888111888111886,0.443056943056943,3.0,4.2,2.4,2.8,0.6,1.0,25.6,25.4,1.0
401772839,2025-09-21 17:00:00+00:00,2025,3,Philadelphia Eagles,Los Angeles Rams,27.6,20.8,18.6,15.2,9.0,5.6,307.0,327.4,295.0,314.0,162.8,226.4,144.2,101.0,0.4,0.8,2.0,0.6,19.4,17.8,0.36717032967032964,0.44245421245421246,1.8,1.4,0.8,3.0,0.8,0.8,26.8,22.6,1.0
401772734,2025-09-21 17:00:00+00:00,2025,3,Jacksonville Jaguars,Houston Texans,22.0,14.4,19.8,21.2,2.2,-6.8,340.0,285.4,337.0,355.4,210.8,176.0,129.2,109.4,1.2,1.2,0.2,-0.8,18.4,15.6,0.4501465201465201,0.3332478632478632,1.2,2.8,2.4,2.2,0.4,0.2,19.6,21.6,1.0
401772732,2025-09-21 17:00:00+00:00,2025,3,New England Patriots,Pittsburgh Steelers,19.4,19.0,25.4,29.0,-6.0,-10.0,307.6,282.0,351.6,382.0,211.4,178.4,96.2,103.6,1.2,1.4,-0.6,-0.2,18.8,18.0,0.39714285714285713,0.39333333333333337,2.8,3.8,2.0,1.6,0.4,0.2,17.8,25.4,0.0
401772733,2025-09-21 17:00:00+00:00,2025,3,Tennessee Titans,Indianapolis Colts,17.6,31.8,26.8,26.8,-9.2,5.0,268.6,444.8,376.6,310.0,170.8,252.6,97.8,192.2,1.6,0.8,-0.2,0.8,16.0,24.2,0.3661471861471861,0.4666666666666666,3.4,1.6,1.2,1.2,0.0,0.8,15.8,22.4,0.0
401772840,2025-09-21 17:00:00+00:00,2025,3,Tampa Bay Buccaneers,New York Jets,28.4,19.4,19.6,28.6,8.8,-9.2,395.2,305.0,287.4,319.6,238.2,187.6,157.0,117.4,0.6,1.6,-0.6,-0.6,23.8,18.6,0.5535714285714286,0.3491452991452991,2.4,2.6,2.4,1.8,0.8,0.2,29.8,20.0,1.0
401772736,2025-09-21 20:05:00+00:00,2025,3,Seattle Seahawks,New Orleans Saints,20.8,12.6,17.8,26.4,3.0,-13.8,317.4,275.8,306.2,361.4,215.8,187.8,101.6,88.0,1.4,1.0,-0.2,-0.6,17.6,17.6,0.37172827172827166,0.283036963036963,2.0,2.6,3.4,2.0,0.6,0.0,17.2,12.6,1.0
401772735,2025-09-21 20:05:00+00:00,2025,3,Los Angeles Chargers,Denver Broncos,31.0,27.4,16.8,21.0,14.2,6.4,398.4,360.8,273.0,316.6,284.0,228.8,114.4,132.0,0.4,1.2,0.6,-0.4,23.0,22.6,0.49806663924310984,0.4553357753357753,1.6,1.0,2.2,4.2,1.0,0.4,27.0,24.4,1.0
401772843,2025-09-21 20:25:00+00:00,2025,3,San Francisco 49ers,Arizona Cardinals,23.6,26.6,30.0,21.6,-6.4,5.0,402.6,348.0,350.0,350.4,304.6,208.4,98.0,139.6,1.8,1.0,-1.2,0.0,24.4,21.6,0.48551282051282046,0.4163170163170163,2.2,2.6,1.2,1.8,0.4,0.6,25.0,17.4,1.0
401772844,2025-09-21 20:25:00+00:00,2025,3,Chicago Bears,Dallas Cowboys,17.8,22.4,28.2,29.8,-10.4,-7.4,288.2,349.6,374.4,372.6,188.6,237.2,99.6,112.4,1.6,1.2,-0.8,-0.4,17.0,21.6,0.36435897435897435,0.44772090654443597,3.2,1.4,2.0,2.8,0.2,0.4,18.0,22.4,1.0
401772920,2025-09-22 00:20:00+00:00,2025,3,New York Giants,Kansas City Chiefs,21.6,18.8,29.6,22.8,-8.0,-4.0,319.6,300.6,397.6,352.8,243.0,212.8,76.6,87.8,1.0,0.2,0.0,0.6,15.6,17.0,0.3672161172161172,0.328009768009768,1.6,2.0,2.0,2.4,0.2,0.4,19.8,20.2,0.0
401772812,2025-09-23 00:15:00+00:00,2025,3,Baltimore Ravens,Detroit Lions,36.2,34.0,17.4,21.6,18.8,12.4,392.2,413.0,315.2,344.8,197.4,273.2,194.8,139.8,0.4,0.6,1.0,0.6,20.6,23.0,0.427979797979798,0.47523809523809524,1.4,1.8,2.6,2.0,0.8,0.8,32.8,27.4,0.0
401772938,2025-09-26 00:15:00+00:00,2025,4,Arizona Cardinals,Seattle Seahawks,23.6,24.8,17.6,15.0,6.0,9.8,323.6,309.2,343.0,303.4,204.0,202.0,119.6,107.2,0.6,1.2,0.6,0.2,20.2,17.4,0.3906759906759906,0.39839493839493834,2.2,1.6,1.4,3.2,0.6,0.8,30.6,24.6,0.0
401772632,2025-09-28 13:30:00+00:00,2025,4,Pittsburgh Steelers,Minnesota Vikings,19.8,23.4,25.0,22.4,-5.2,1.0,259.6,301.4,372.2,295.8,166.6,190.2,93.0,111.2,1.2,1.2,0.8,0.8,17.6,17.2,0.4022222222222222,0.3355477855477855,3.2,3.0,2.4,2.8,0.4,0.6,17.8,23.2,1.0
401772740,2025-09-28 17:00:00+00:00,2025,4,Buffalo Bills,New Orleans Saints,31.6,15.2,21.6,28.4,10.0,-13.2,373.4,293.4,290.4,344.6,230.2,203.0,143.2,90.4,0.0,0.8,1.4,-0.2,23.2,19.0,0.4681385281385281,0.2769763569763569,0.8,2.4,2.2,2.0,0.8,0.0,34.2,13.6,1.0
401772738,2025-09-28 17:00:00+00:00,2025,4,Houston Texans,Tennessee Titans,12.6,15.6,19.2,27.4,-6.6,-11.8,277.4,263.6,338.6,358.0,167.4,161.6,110.0,102.0,1.4,1.2,-0.8,0.0,14.2,16.6,0.27888888888888885,0.3466666666666666,2.8,4.0,2.4,1.0,0.2,0.0,18.2,21.2,1.0
401772846,2025-09-28 17:00:00+00:00,2025,4,Detroit Lions,Cleveland Browns,34.8,11.8,24.2,24.6,10.6,-12.8,403.2,275.4,332.0,266.0,247.8,189.4,155.4,86.0,0.6,1.8,0.4,-1.6,22.4,17.0,0.4585714285714285,0.4008358471593766,1.6,1.8,3.0,3.0,0.8,0.2,36.4,15.8,1.0
401772739,2025-09-28 17:00:00+00:00,2025,4,Atlanta Falcons,Washington Commanders,20.8,26.6,26.6,20.0,-5.8,6.6,378.0,348.6,303.8,340.8,223.8,188.4,154.2,160.2,1.2,0.6,0.0,-0.4,22.6,20.8,0.4054945054945055,0.41984265734265735,1.4,3.8,2.6,2.6,0.2,0.8,26.4,21.2,1.0
401772845,2025-09-28 17:00:00+00:00,2025,4,Tampa Bay Buccaneers,Philadelphia Eagles,29.4,27.6,19.8,16.6,9.6,11.0,382.6,297.0,277.4,292.6,228.0,177.8,154.6,119.2,0.2,0.2,0.2,1.4,22.6,19.2,0.5151098901098902,0.4010989010989011,1.8,1.8,3.0,0.8,1.0,1.0,30.4,29.6,0.0
401772847,2025-09-28 17:00:00+00:00,2025,4,New England Patriots,Carolina Panthers,18.0,24.0,24.8,27.8,-6.8,-3.8,305.6,292.0,327.4,418.2,210.8,198.8,94.8,93.2,1.6,1.2,-1.0,0.0,18.4,18.8,0.3727838827838828,0.388989898989899,3.4,2.0,1.8,0.8,0.4,0.4,16.2,21.2,1.0
401772737,2025-09-28 17:00:00+00:00,2025,4,New York Giants,Los Angeles Chargers,22.0,28.8,27.2,15.4,-5.2,13.4,329.0,397.6,393.0,255.0,235.4,285.4,93.6,112.2,0.8,0.6,0.0,0.4,16.6,24.2,0.3205494505494505,0.49218428630193334,1.4,2.2,2.4,2.2,0.2,1.0,17.2,25.6,1.0
401772848,2025-09-28 20:05:00+00:00,2025,4,San Francisco 49ers,Jacksonville Jaguars,23.4,22.6,27.2,18.0,-3.8,4.6,398.8,336.6,325.8,328.4,302.4,204.6,96.4,132.0,1.8,1.0,-1.2,1.0,24.2,18.8,0.4485897435897436,0.4234798534798535,1.8,1.4,1.4,2.4,0.6,0.6,22.2,16.0,0.0
401772849,2025-09-28 20:05:00+00:00,2025,4,Los Angeles Rams,Indianapolis Colts,22.2,32.4,20.0,24.8,2.2,7.6,350.2,426.2,307.4,305.0,243.6,273.6,106.6,152.6,0.8,0.6,0.4,0.6,18.8,24.8,0.4024542124542124,0.41,1.6,1.4,3.6,1.8,0.6,0.8,23.2,28.0,1.0
401772741,2025-09-28 20:25:00+00:00,2025,4,Kansas City Chiefs,Baltimore Ravens,17.8,35.4,20.8,21.6,-3.0,13.8,286.8,372.2,346.8,337.4,202.8,204.4,84.0,167.8,0.2,0.4,0.6,0.6,16.4,19.8,0.326984126984127,0.45707070707070707,2.2,2.6,2.4,2.0,0.4,0.6,19.6,30.4,1.0
401772742,2025-09-28 20:25:00+00:00,2025,4,Las Vegas Raiders,Chicago Bears,19.6,20.6,23.6,24.2,-4.0,-3.6,322.6,288.8,359.0,358.6,240.2,183.6,82.4,105.2,1.0,1.2,0.0,0.4,18.2,17.0,0.37533577533577533,0.4386446886446886,2.6,2.8,2.4,2.2,0.4,0.4,15.2,18.0,0.0
401772921,2025-09-29 00:20:00+00:00,2025,4,Dallas Cowboys,Green Bay Packers,20.0,22.2,31.2,19.0,-11.2,3.2,365.4,307.6,367.6,272.4,235.0,191.4,130.4,116.2,2.0,0.8,-1.6,0.2,23.2,17.4,0.4355996944232238,0.44873015873015876,1.6,2.6,2.0,2.4,0.2,0.4,26.4,23.2,
401772813,2025-09-29 23:15:00+00:00,2025,4,Miami Dolphins,New York Jets,19.2,23.0,26.4,30.6,-7.2,-7.6,291.8,294.2,352.4,340.6,196.2,172.0,95.6,122.2,1.8,1.6,-1.2,-0.8,17.2,19.4,0.3996969696969697,0.32676767676767676,3.2,3.2,2.0,2.0,0.2,0.2,31.2,21.0,1.0
401772716,2025-09-30 00:15:00+00:00,2025,4,Denver Broncos,Cincinnati Bengals,26.0,21.4,18.8,26.4,7.2,-5.0,342.8,295.0,315.8,320.2,209.2,229.0,133.6,66.0,1.2,2.2,-0.2,-1.0,20.0,20.4,0.40918192918192914,0.42487512487512485,1.0,4.2,4.8,2.4,0.4,0.8,33.6,22.0,1.0
401772939,2025-10-03 00:15:00+00:00,2025,5,Los Angeles Rams,San Francisco 49ers,25.0,20.8,22.2,24.4,2.8,-3.6,391.2,381.6,294.8,303.0,277.8,283.6,113.4,98.0,1.0,2.2,0.4,-1.6,21.2,22.8,0.3891208791208791,0.44666666666666666,2.2,1.6,3.2,1.0,0.6,0.6,24.6,18.8,0.0
401772633,2025-10-05 13:30:00+00:00,2025,5,Cleveland Browns,Minnesota Vikings,13.2,22.2,27.4,22.2,-14.2,0.0,270.0,287.6,265.4,304.2,191.0,176.2,79.0,111.4,2.0,1.4,-1.6,0.4,16.6,16.6,0.36134004884004883,0.29269064269064266,2.2,4.0,2.2,2.6,0.2,0.4,12.6,22.8,0.0
401772851,2025-10-05 17:00:00+00:00,2025,5,Indianapolis Colts,Las Vegas Raiders,29.8,19.4,21.2,26.6,8.6,-7.2,403.6,316.4,319.6,359.4,259.2,217.2,144.4,99.2,0.6,1.8,0.8,-1.0,23.2,17.2,0.36897435897435893,0.31422466422466416,1.4,2.4,2.4,1.8,0.8,0.2,26.4,19.8,1.0
401772745,2025-10-05 17:00:00+00:00,2025,5,Philadelphia Eagles,Denver Broncos,25.6,26.8,20.2,13.4,5.4,13.4,261.8,379.4,314.2,247.8,160.8,233.2,101.0,146.2,0.2,1.2,1.0,-0.4,18.4,22.0,0.3802197802197802,0.45680097680097675,2.2,0.6,1.0,4.0,1.0,0.6,29.0,25.6,0.0
401772852,2025-10-05 17:00:00+00:00,2025,5,Carolina Panthers,Miami Dolphins,23.8,20.6,26.6,30.0,-2.8,-9.4,316.4,295.8,369.4,378.0,205.2,190.4,111.2,105.4,1.2,1.8,0.0,-1.0,20.4,17.4,0.415974025974026,0.43,1.2,2.4,0.6,2.2,0.4,0.2,26.0,16.2,1.0
401772743,2025-10-05 17:00:00+00:00,2025,5,Baltimore Ravens,Houston Texans,33.2,17.4,28.6,13.0,4.6,4.4,357.8,305.8,371.6,287.2,207.0,181.6,150.8,124.2,0.8,1.2,0.0,-0.4,18.4,16.2,0.4281818181818181,0.3055555555555555,3.0,2.2,1.2,2.6,0.4,0.4,31.8,16.8,0.0
401772850,2025-10-05 17:00:00+00:00,2025,5,New York Jets,Dallas Cowboys,24.4,26.6,28.0,31.0,-3.6,-4.4,318.8,399.0,331.0,390.2,179.6,270.6,139.2,128.4,1.6,1.2,-0.8,-0.6,20.0,25.2,0.32676767676767676,0.42261268143621084,2.8,1.6,2.0,2.2,0.2,0.3,20.8,21.0,0.0
401772744,2025-10-05 17:00:00+00:00,2025,5,New Orleans Saints,New York Giants,17.0,17.2,29.6,24.2,-12.6,-7.0,299.2,301.2,338.2,371.4,187.2,191.4,112.0,109.8,0.6,0.8,0.2,-0.2,20.8,17.6,0.33389943389943383,0.3061904761904762,2.2,2.6,2.4,2.4,0.0,0.2,15.4,16.6,1.0
401772746,2025-10-05 20:05:00+00:00,2025,5,Seattle Seahawks,Tampa Bay Buccaneers,28.2,24.8,18.4,23.2,9.8,1.6,333.0,347.6,318.2,276.6,219.2,212.6,113.8,135.0,1.2,0.6,0.4,-0.2,19.0,19.6,0.4137795537795538,0.41840659340659336,1.6,1.8,3.0,2.4,0.8,0.8,22.0,26.6,0.0
401772747,2025-10-05 20:05:00+00:00,2025,5,Arizona Cardinals,Tennessee Titans,25.8,13.0,19.6,28.6,6.2,-15.6,295.0,231.2,368.4,369.6,180.2,144.6,114.8,86.6,0.6,1.2,0.8,0.0,19.0,14.0,0.3783682983682984,0.283030303030303,2.6,3.8,2.0,1.0,0.6,0.0,28.4,14.8,0.0
401772854,2025-10-05 20:25:00+00:00,2025,5,Cincinnati Bengals,Detroit Lions,16.0,33.6,27.2,19.4,-11.2,14.2,227.0,370.8,356.8,286.8,173.4,224.0,53.6,146.8,2.0,0.8,-0.8,0.4,15.4,21.0,0.35354645354645353,0.41571428571428565,3.4,1.2,2.0,3.2,0.6,0.8,32.8,29.8,0.0
401772853,2025-10-05 20:25:00+00:00,2025,5,Los Angeles Chargers,Washington Commanders,24.4,26.0,18.2,22.0,6.2,4.0,379.6,325.0,268.8,360.4,266.4,178.6,113.2,146.4,1.0,0.6,-0.2,-0.4,21.8,18.4,0.44120389414507055,0.352534965034965,2.6,3.2,2.6,2.4,0.8,0.6,24.8,21.2,0.0
401772922,2025-10-06 00:20:00+00:00,2025,5,Buffalo Bills,New England Patriots,29.8,25.0,22.6,19.4,7.2,5.6,375.0,330.8,293.8,307.0,218.2,234.4,156.8,96.4,0.2,1.4,0.8,-0.8,22.6,19.4,0.4138528138528138,0.3994505494505495,1.4,2.8,2.0,2.0,0.8,0.6,33.4,21.0,0.0
401772814,2025-10-07 00:15:00+00:00,2025,5,Jacksonville Jaguars,Kansas City Chiefs,23.8,19.4,19.6,22.8,4.2,-3.4,342.6,285.4,338.8,346.0,204.8,191.6,137.8,93.8,1.0,0.2,1.6,0.6,18.8,17.2,0.35754578754578753,0.33365079365079364,1.0,2.4,2.0,2.0,0.6,0.4,21.6,18.6,1.0
401772940,2025-10-10 00:15:00+00:00,2025,6,New York Giants,Philadelphia Eagles,17.4,25.0,25.4,21.8,-8.0,3.2,320.6,261.6,377.2,338.2,203.6,161.8,117.0,99.8,1.6,0.2,-1.0,0.8,20.2,17.4,0.309047619047619,0.3737262737262737,2.8,3.0,2.0,1.4,0.2,0.8,20.0,29.0,1.0
401772634,2025-10-12 13:30:00+00:00,2025,6,New York Jets,Denver Broncos,22.4,23.4,31.4,16.8,-9.0,6.6,319.4,355.2,347.4,288.6,175.0,214.6,144.4,140.6,1.6,1.2,-1.6,-0.4,20.6,20.8,0.3309343434343434,0.37644383394383396,3.2,1.0,1.4,4.2,0.0,0.6,21.0,24.0,0.0
401772748,2025-10-12 17:00:00+00:00,2025,6,Pittsburgh Steelers,Cleveland Browns,22.6,14.6,23.4,24.6,-0.8,-10.0,249.4,288.4,368.8,247.8,170.6,192.6,78.8,95.8,0.8,1.6,1.6,-0.8,16.8,17.4,0.3822222222222222,0.33467338217338216,2.6,2.2,3.6,2.8,0.6,0.2,19.0,11.4,1.0
401772855,2025-10-12 17:00:00+00:00,2025,6,Baltimore Ravens,Los Angeles Rams,28.2,24.6,35.4,21.4,-7.2,3.2,311.8,401.8,409.0,309.0,196.2,289.6,115.6,112.2,1.4,1.2,-1.0,0.2,16.8,22.6,0.40318181818181814,0.3976923076923077,3.2,1.8,1.2,3.0,0.2,0.6,30.0,22.2,0.0
401772858,2025-10-12 17:00:00+00:00,2025,6,Carolina Panthers,Dallas Cowboys,20.4,30.2,23.8,30.8,-3.4,-0.6,315.0,406.6,311.6,412.0,187.0,272.2,128.0,134.4,1.6,1.2,-0.6,-0.6,20.6,25.0,0.3902164502164502,0.4325674325674325,1.8,1.4,1.0,2.0,0.4,0.5,26.0,21.6,1.0
401772857,2025-10-12 17:00:00+00:00,2025,6,Jacksonville Jaguars,Seattle Seahawks,25.4,29.2,20.0,21.0,5.4,8.2,342.6,358.4,348.2,322.8,205.6,245.4,137.0,113.0,1.2,1.6,1.6,-0.2,19.2,20.8,0.39722832722832724,0.43802197802197795,1.2,1.2,1.4,2.6,0.8,0.6,23.8,24.0,0.0
401772751,2025-10-12 17:00:00+00:00,2025,6,New Orleans Saints,New England Patriots,18.4,25.0,27.0,20.2,-8.6,4.8,307.2,336.6,326.2,327.8,190.4,241.4,116.8,95.2,0.6,1.4,1.0,-0.2,20.6,19.8,0.38107892107892105,0.3994505494505495,1.8,3.4,2.4,2.2,0.2,0.6,17.8,21.8,0.0
401772856,2025-10-12 17:00:00+00:00,2025,6,Indianapolis Colts,Arizona Cardinals,32.6,20.6,17.8,19.2,14.8,1.4,381.2,288.4,315.0,346.6,253.0,170.2,128.2,118.2,0.6,1.2,1.0,0.0,23.2,17.0,0.46230769230769225,0.3931410256410256,0.8,3.2,2.8,2.0,0.8,0.4,33.2,19.2,1.0
401772750,2025-10-12 17:00:00+00:00,2025,6,Miami Dolphins,Los Angeles Chargers,21.4,19.6,29.0,19.6,-7.6,0.0,278.6,352.2,386.6,293.8,196.4,235.4,82.2,116.8,1.0,1.4,0.0,-0.6,16.2,20.2,0.4569230769230769,0.45370389414507056,2.2,3.4,2.2,2.8,0.2,0.6,29.8,25.8,0.0
401772859,2025-10-12 20:05:00+00:00,2025,6,Las Vegas Raiders,Tennessee Titans,16.6,14.6,27.8,28.2,-11.2,-13.6,322.8,233.8,328.2,366.8,210.2,148.6,112.6,85.2,2.0,1.4,-1.2,0.2,18.4,15.2,0.38406593406593403,0.283030303030303,3.2,3.8,1.6,1.4,0.2,0.2,16.2,15.4,1.0
401772752,2025-10-12 20:25:00+00:00,2025,6,Green Bay Packers,Cincinnati Bengals,25.2,17.0,21.6,31.2,3.6,-14.2,351.2,228.6,271.4,391.2,223.0,171.6,128.2,57.0,0.8,2.2,0.0,-1.0,20.4,15.4,0.4773015873015873,0.3493506493506493,2.2,3.0,2.4,2.0,0.5,0.4,28.0,17.2,1.0
401772749,2025-10-12 20:25:00+00:00,2025,6,Tampa Bay Buccaneers,San Francisco 49ers,27.0,21.2,26.4,19.6,0.6,1.6,353.8,375.8,310.8,315.6,243.4,290.6,110.4,85.2,0.4,1.6,0.4,-0.6,20.6,23.0,0.4206793206793207,0.4475213675213675,1.8,1.4,2.0,1.2,0.8,0.8,31.4,22.0,1.0
401772923,2025-10-13 00:20:00+00:00,2025,6,Kansas City Chiefs,Detroit Lions,25.0,34.8,21.4,22.4,3.6,12.4,361.0,365.0,314.0,298.8,241.0,230.2,120.0,134.8,0.4,0.6,0.8,1.2,21.4,20.8,0.42253968253968255,0.3823809523809524,1.4,1.6,2.6,3.2,0.4,0.8,23.8,32.4,1.0
401772815,2025-10-13 23:15:00+00:00,2025,6,Atlanta Falcons,Buffalo Bills,22.8,30.6,26.0,22.6,-3.2,8.0,397.6,395.8,280.2,299.6,243.0,241.4,154.6,154.4,1.2,0.8,0.0,0.2,22.8,24.4,0.46549450549450555,0.4449639249639249,1.2,1.6,2.0,2.6,0.4,0.8,27.8,33.2,1.0
401772717,2025-10-14 00:15:00+00:00,2025,6,Washington Commanders,Chicago Bears,26.8,25.0,20.2,27.8,6.6,-2.8,349.0,307.2,352.0,377.0,192.6,208.8,156.4,98.4,0.6,1.2,0.0,1.0,19.2,18.0,0.31737012987012986,0.459478021978022,2.2,1.6,3.0,1.6,0.6,0.6,34.0,19.0,0.0
401772941,2025-10-17 00:15:00+00:00,2025,7,Cincinnati Bengals,Pittsburgh Steelers,17.2,23.8,33.4,21.4,-16.2,2.4,254.0,277.8,407.6,355.6,195.2,193.8,58.8,84.0,2.2,0.6,-1.2,1.4,17.2,17.4,0.32935064935064934,0.39247863247863246,2.6,1.8,1.8,4.0,0.2,0.8,29.4,25.8,1.0
401772635,2025-10-19 13:30:00+00:00,2025,7,Jacksonville Jaguars,Los Angeles Rams,22.6,25.2,22.0,20.2,0.6,5.0,321.6,390.8,366.4,315.2,212.8,278.2,108.8,112.6,1.0,1.2,1.2,0.4,18.8,22.0,0.3638949938949939,0.37,2.6,1.6,1.4,3.2,0.6,0.6,21.2,21.4,0.0
401772861,2025-10-19 17:00:00+00:00,2025,7,Chicago Bears,New Orleans Saints,25.2,19.6,28.2,28.0,-3.0,-8.4,339.6,303.4,369.4,337.6,227.8,193.4,111.8,110.0,0.8,0.8,1.6,0.8,18.6,19.8,0.419478021978022,0.3763170163170163,2.0,2.0,1.6,1.6,0.6,0.2,20.4,13.0,1.0
401772860,2025-10-19 17:00:00+00:00,2025,7,New York Jets,Carolina Panthers,18.2,24.4,27.2,24.0,-9.0,0.4,257.0,346.0,342.4,294.4,130.6,197.4,126.4,148.6,1.4,1.2,-1.2,-0.4,17.6,23.0,0.2576010101010101,0.3585497835497835,4.8,1.8,0.8,1.0,0.0,0.6,21.4,20.6,0.0
401772754,2025-10-19 17:00:00+00:00,2025,7,Cleveland Browns,Miami Dolphins,13.2,25.2,25.8,28.2,-12.6,-3.0,272.6,304.6,286.6,383.6,173.6,210.6,99.0,94.0,1.2,1.0,-0.4,0.2,17.0,17.6,0.2927616174674998,0.44783216783216784,3.0,2.0,2.2,2.2,0.2,0.2,11.2,18.6,1.0
401772755,2025-10-19 17:00:00+00:00,2025,7,Tennessee Titans,New England Patriots,14.2,27.4,28.2,20.0,-14.0,7.4,252.2,336.0,348.6,309.2,168.2,238.2,84.0,97.8,1.6,1.2,-0.6,0.0,16.8,20.0,0.3006127206127206,0.43461538461538457,3.8,2.8,1.6,1.8,0.2,0.8,17.2,23.8,0.0
401772862,2025-10-19 17:00:00+00:00,2025,7,Minnesota Vikings,Philadelphia Eagles,24.6,23.6,19.4,24.6,5.2,-1.0,305.0,269.0,289.8,350.0,198.2,186.2,106.8,82.8,1.8,0.6,-0.4,0.2,17.8,17.4,0.31320346320346315,0.2728715728715728,4.2,3.4,2.6,1.8,0.6,0.6,30.6,25.0,0.0
401772753,2025-10-19 17:00:00+00:00,2025,7,Kansas City Chiefs,Las Vegas Raiders,26.8,16.6,19.4,27.2,7.4,-10.6,362.6,290.2,294.6,306.0,239.8,175.2,122.8,115.0,0.4,2.0,0.8,-0.8,23.0,17.4,0.4311111111111111,0.3994505494505494,1.6,2.8,2.2,2.0,0.6,0.2,26.0,17.6,1.0
401772757,2025-10-19 20:05:00+00:00,2025,7,Denver Broncos,New York Giants,22.0,23.0,16.6,24.6,5.4,-1.6,341.0,347.6,278.4,358.6,215.0,211.0,126.0,136.6,0.6,1.6,-0.2,-0.6,19.2,21.8,0.3631105006105006,0.39654761904761904,1.0,2.8,4.8,2.0,0.6,0.4,31.6,15.4,1.0
401772756,2025-10-19 20:05:00+00:00,2025,7,Los Angeles Chargers,Indianapolis Colts,20.0,32.2,20.8,21.6,-0.8,10.6,354.0,368.6,292.6,352.8,227.2,241.6,126.8,127.0,1.6,0.8,-0.2,0.4,19.8,22.8,0.4260115864527629,0.468974358974359,3.0,0.8,2.8,2.6,0.6,0.8,22.2,26.4,0.0
401772864,2025-10-19 20:25:00+00:00,2025,7,Dallas Cowboys,Washington Commanders,31.6,27.4,32.0,24.0,-0.4,3.4,403.6,328.4,433.6,383.0,286.8,191.2,116.8,137.2,1.0,1.2,-0.2,-0.6,23.6,18.6,0.38862803862803863,0.3196428571428571,1.4,2.2,2.0,3.2,0.5,0.4,29.0,23.0,1.0
401772863,2025-10-19 20:25:00+00:00,2025,7,Arizona Cardinals,Green Bay Packers,22.0,26.2,22.8,20.4,-0.8,5.8,313.2,359.6,354.6,280.2,206.6,237.4,106.6,122.2,1.4,0.6,0.0,-0.2,18.2,21.2,0.42940476190476196,0.5082106782106782,2.6,1.8,2.0,2.4,0.2,0.7,29.0,27.2,0.0
401772924,2025-10-20 00:20:00+00:00,2025,7,San Francisco 49ers,Atlanta Falcons,21.6,20.0,23.0,20.0,-1.4,0.0,371.6,378.8,340.0,253.4,296.8,227.6,74.8,151.2,1.6,1.0,-1.0,0.6,21.6,21.0,0.43502136752136755,0.42025641025641025,2.4,1.4,1.2,2.8,0.6,0.6,23.0,16.4,1.0
401772816,2025-10-20 23:00:00+00:00,2025,7,Detroit Lions,Tampa Bay Buccaneers,35.6,28.4,23.0,26.2,12.6,2.2,375.2,372.2,316.6,311.8,230.0,261.2,145.2,111.0,0.4,0.4,1.4,0.8,21.2,21.2,0.40662337662337655,0.39567932067932066,1.0,1.8,3.8,3.0,0.8,0.8,38.6,29.0,1.0
401772826,2025-10-21 02:00:00+00:00,2025,7,Seattle Seahawks,Houston Texans,30.6,21.6,20.0,12.2,10.6,9.4,381.6,314.4,300.6,265.8,273.4,198.2,108.2,116.2,1.2,1.0,-0.2,0.2,20.6,18.0,0.3946886446886447,0.3388888888888889,1.2,2.4,3.8,2.4,0.8,0.4,25.8,21.0,1.0
401772942,2025-10-24 00:15:00+00:00,2025,8,Los Angeles Chargers,Minnesota Vikings,20.8,23.6,26.6,20.2,-5.8,3.4,379.6,331.6,329.2,298.6,258.2,231.0,121.4,100.6,1.8,2.0,-1.0,-0.8,21.8,19.2,0.4532843137254902,0.35653679653679654,3.2,4.0,2.4,2.8,0.4,0.4,23.6,21.0,1.0
401772867,2025-10-26 17:00:00+00:00,2025,8,Philadelphia Eagles,New York Giants,25.2,22.0,25.6,23.2,-0.4,-1.2,298.0,323.8,368.6,344.4,230.6,180.2,67.4,143.6,0.6,1.6,0.4,-0.8,16.8,22.6,0.2614430014430014,0.3908333333333333,3.6,3.0,1.8,1.8,0.6,0.4,27.0,20.4,1.0
401772758,2025-10-26 17:00:00+00:00,2025,8,Cincinnati Bengals,New York Jets,17.6,17.4,34.2,23.8,-16.6,-6.4,278.0,270.2,406.8,322.2,200.4,147.6,77.6,122.6,1.6,1.6,-0.6,-1.4,17.8,17.8,0.34363636363636363,0.35093434343434343,2.4,5.2,1.6,1.0,0.2,0.0,28.4,24.0,0.0
401772759,2025-10-26 17:00:00+00:00,2025,8,Baltimore Ravens,Chicago Bears,20.8,25.6,30.6,25.6,-9.8,0.0,284.6,353.4,357.8,369.2,180.8,221.0,103.8,132.4,1.8,0.8,-1.2,2.2,16.8,19.2,0.37644385026737964,0.419478021978022,3.6,1.8,1.4,1.8,0.2,0.8,23.8,21.4,1.0
401772866,2025-10-26 17:00:00+00:00,2025,8,Houston Texans,San Francisco 49ers,23.6,20.4,14.8,20.8,8.8,-0.4,312.2,367.6,269.8,337.0,207.6,273.4,104.6,94.2,0.8,1.6,1.0,-1.0,18.0,21.6,0.3211111111111111,0.4483547008547008,2.4,2.0,2.2,1.0,0.4,0.6,18.8,22.4,1.0
401772868,2025-10-26 17:00:00+00:00,2025,8,New England Patriots,Cleveland Browns,27.0,16.0,17.2,18.8,9.8,-2.8,346.8,249.2,288.6,282.0,238.4,152.4,108.4,96.8,1.2,0.8,0.2,0.8,20.8,16.6,0.4012820512820513,0.28771111241699476,3.0,3.0,1.8,2.4,0.8,0.4,19.8,10.4,1.0
401772760,2025-10-26 17:00:00+00:00,2025,8,Atlanta Falcons,Miami Dolphins,18.0,21.0,19.4,27.8,-1.4,-6.8,365.6,276.8,266.2,358.2,215.8,175.2,149.8,101.6,1.2,1.6,0.6,-0.4,20.2,16.8,0.4311655011655011,0.38321678321678315,1.6,1.8,2.8,2.0,0.6,0.2,30.0,15.8,0.0
401772865,2025-10-26 17:00:00+00:00,2025,8,Carolina Panthers,Buffalo Bills,22.6,25.2,19.8,19.4,2.8,5.8,336.0,354.6,279.8,301.8,172.2,195.0,163.8,159.6,0.8,1.2,0.2,-0.4,21.2,22.0,0.3507066462948815,0.3960750360750361,1.6,2.2,2.0,2.6,0.8,0.6,27.4,30.0,0.0
401772869,2025-10-26 20:05:00+00:00,2025,8,New Orleans Saints,Tampa Bay Buccaneers,18.2,26.2,28.0,27.2,-9.8,-1.0,292.6,350.4,346.0,334.4,198.0,265.0,94.6,85.4,1.4,0.8,0.2,0.8,18.8,19.2,0.3635897435897436,0.35996503496503496,2.2,1.8,1.2,3.2,0.2,0.6,17.8,22.8,0.0
401772762,2025-10-26 20:25:00+00:00,2025,8,Denver Broncos,Dallas Cowboys,23.0,32.4,17.2,29.0,5.8,3.4,357.6,389.8,261.2,400.6,226.8,269.6,130.8,120.2,0.4,0.8,0.2,0.2,19.6,21.4,0.3357600732600733,0.40291375291375287,1.4,1.0,5.4,2.2,0.8,0.5,30.0,21.0,1.0
401772761,2025-10-26 20:25:00+00:00,2025,8,Indianapolis Colts,Tennessee Titans,34.0,13.0,20.8,27.8,13.2,-14.8,354.2,252.8,377.0,338.2,236.6,182.8,117.6,70.0,0.8,1.8,0.6,-1.0,22.4,16.4,0.4675757575757576,0.2806127206127206,0.8,3.8,3.2,2.2,0.8,0.2,31.8,11.4,1.0
401772925,2025-10-27 00:20:00+00:00,2025,8,Pittsburgh Steelers,Green Bay Packers,23.2,26.2,21.6,22.4,1.6,3.8,302.8,358.8,370.8,297.0,200.0,233.4,102.8,125.4,1.0,0.6,0.8,-0.2,17.4,22.2,0.45247863247863246,0.4882106782106782,1.0,2.0,4.2,2.8,0.6,0.7,18.2,26.4,0.0
401772817,2025-10-28 00:15:00+00:00,2025,8,Kansas City Chiefs,Washington Commanders,29.6,28.2,15.4,27.4,14.2,0.8,390.6,350.6,270.4,384.0,261.6,196.4,129.0,154.2,0.2,1.6,1.2,-1.0,25.6,19.2,0.4844444444444444,0.34464285714285714,1.4,2.2,2.0,3.0,0.8,0.4,28.4,23.4,1.0
401772943,2025-10-31 00:15:00+00:00,2025,9,Miami Dolphins,Baltimore Ravens,23.6,18.6,23.6,30.4,0.0,-11.8,289.2,307.2,328.8,367.6,185.4,177.0,103.8,130.2,1.4,1.8,0.0,-1.4,17.8,18.8,0.34219114219114216,0.40644385026737967,2.0,3.4,1.8,1.2,0.4,0.2,28.4,31.2,0.0
401772767,2025-11-02 18:00:00+00:00,2025,9,New York Giants,San Francisco 49ers,24.2,20.2,26.4,23.0,-2.2,-2.8,316.8,341.2,368.6,380.0,185.6,252.0,131.2,89.2,1.2,1.6,-0.4,-0.8,21.4,20.2,0.4541666666666667,0.4750213675213676,3.6,2.2,2.2,0.8,0.4,0.4,24.6,20.6,0.0
401772766,2025-11-02 18:00:00+00:00,2025,9,Pittsburgh Steelers,Indianapolis Colts,24.8,33.4,22.4,19.6,2.4,13.8,308.4,365.2,382.6,388.8,201.4,242.2,107.0,123.0,0.8,0.8,0.6,0.6,18.0,22.2,0.40581196581196577,0.4842424242424242,1.0,1.4,3.8,3.2,0.6,0.8,21.2,29.0,1.0
401772871,2025-11-02 18:00:00+00:00,2025,9,Detroit Lions,Minnesota Vikings,30.0,24.4,20.6,23.2,9.4,1.2,348.8,324.8,299.0,317.2,206.2,233.0,142.6,91.8,0.8,1.4,1.0,-0.2,19.6,19.6,0.3727772227772227,0.33835497835497835,1.8,3.8,3.8,2.6,0.8,0.4,36.6,17.6,0.0
401772872,2025-11-02 18:00:00+00:00,2025,9,Green Bay Packers,Carolina Panthers,27.8,18.4,23.8,27.8,4.0,-9.4,368.8,340.0,310.0,295.4,251.6,175.4,117.2,164.6,0.6,1.2,0.0,-0.8,22.2,22.0,0.4882106782106782,0.36888846447669976,1.6,2.8,2.6,2.4,0.7,0.6,27.4,20.4,0.0
401772870,2025-11-02 18:00:00+00:00,2025,9,Houston Texans,Denver Broncos,25.0,27.8,13.8,17.4,11.2,10.4,354.0,389.8,242.4,253.8,234.8,246.8,119.2,143.0,1.0,0.6,1.0,0.0,20.2,22.8,0.38916666666666666,0.4299908424908425,1.8,1.0,1.8,4.8,0.6,1.0,18.6,21.2,0.0
401772764,2025-11-02 18:00:00+00:00,2025,9,Tennessee Titans,Los Angeles Chargers,11.8,23.6,27.2,24.6,-15.4,-1.0,264.6,388.2,349.2,309.0,189.2,246.6,75.4,141.6,1.8,1.6,-1.0,-0.6,16.2,21.8,0.28918414918414914,0.4976282051282051,3.8,2.6,2.8,3.0,0.2,0.4,18.6,28.2,0.0
401772763,2025-11-02 18:00:00+00:00,2025,9,New England Patriots,Atlanta Falcons,30.6,15.6,15.6,25.0,15.0,-9.4,357.4,343.0,290.6,294.2,237.4,227.8,120.0,115.2,0.6,1.2,1.0,-0.2,20.2,18.6,0.36351981351981355,0.38752913752913754,3.2,1.2,2.0,1.8,1.0,0.4,24.8,14.2,1.0
401772765,2025-11-02 18:00:00+00:00,2025,9,Cincinnati Bengals,Chicago Bears,23.2,24.6,32.4,21.2,-9.2,3.4,323.4,360.0,436.8,338.0,220.2,235.2,103.2,124.8,0.6,0.6,0.4,2.4,20.2,19.2,0.37797979797979797,0.40409340659340653,1.8,1.2,1.0,2.2,0.2,0.8,31.2,22.2,0.0
401772874,2025-11-02 21:05:00+00:00,2025,9,Los Angeles Rams,New Orleans Saints,25.6,16.2,17.8,23.8,7.8,-7.6,357.2,290.8,336.4,324.4,256.6,202.4,100.6,88.4,1.0,2.0,0.4,-0.4,22.8,18.0,0.32666666666666666,0.39692307692307693,1.4,2.8,3.6,1.8,0.6,0.2,20.4,13.0,1.0
401772873,2025-11-02 21:05:00+00:00,2025,9,Las Vegas Raiders,Jacksonville Jaguars,14.8,18.6,29.4,22.8,-14.6,-4.2,265.6,313.2,329.4,350.6,159.2,213.4,106.4,99.8,1.6,0.6,-0.6,1.0,15.0,18.8,0.2994505494505494,0.3115873015873016,2.4,3.8,1.8,0.8,0.2,0.6,18.4,20.0,0.0
401772768,2025-11-02 21:25:00+00:00,2025,9,Buffalo Bills,Kansas City Chiefs,27.2,30.8,19.2,15.0,8.0,15.8,356.0,415.8,319.8,266.2,192.2,278.2,163.8,137.6,1.2,0.6,0.0,0.8,21.6,26.4,0.44131313131313127,0.45777777777777773,2.4,1.6,3.2,2.0,0.6,0.8,32.6,20.0,1.0
401772926,2025-11-03 01:20:00+00:00,2025,9,Washington Commanders,Seattle Seahawks,21.4,29.8,28.2,20.4,-6.8,9.4,322.6,365.8,399.6,298.0,196.6,257.4,126.0,108.4,1.8,1.6,-0.8,-0.8,18.6,20.2,0.3613095238095238,0.3375457875457875,2.4,1.2,2.6,3.8,0.2,0.8,30.4,22.0,0.0
401772818,2025-11-04 01:15:00+00:00,2025,9,Dallas Cowboys,Arizona Cardinals,34.4,21.2,31.6,23.8,2.8,-2.6,378.4,320.6,408.8,336.6,260.8,211.6,117.6,109.0,0.4,1.4,0.8,-0.4,21.6,19.6,0.42109557109557105,0.4627380952380952,1.0,3.6,2.2,1.6,0.5,0.0,33.8,20.2,0.0
401772944,2025-11-07 01:15:00+00:00,2025,10,Denver Broncos,Las Vegas Raiders,25.8,15.8,19.8,27.2,6.0,-11.4,341.6,261.0,275.6,322.8,215.8,161.8,125.8,99.2,0.8,1.8,-0.2,-0.8,20.0,16.8,0.3957051282051282,0.3965934065934066,1.2,1.8,5.0,1.8,1.0,0.2,32.6,15.0,1.0
401772636,2025-11-09 14:30:00+00:00,2025,10,Indianapolis Colts,Atlanta Falcons,33.4,20.2,19.6,23.8,13.8,-3.6,372.2,334.2,341.4,315.6,255.2,231.0,117.0,103.2,1.4,0.6,0.0,0.6,24.0,18.6,0.5032900432900432,0.33060606060606057,2.0,1.4,3.2,2.8,0.8,0.4,34.2,15.8,1.0
401772875,2025-11-09 18:00:00+00:00,2025,10,Chicago Bears,New York Giants,27.8,24.8,26.8,29.6,1.0,-4.8,398.2,326.0,357.8,377.0,234.2,203.6,164.0,122.4,0.6,1.2,2.2,-0.6,21.4,21.2,0.39647435897435895,0.44416666666666665,1.6,2.8,2.4,2.2,0.8,0.2,20.2,21.8,1.0
401772769,2025-11-09 18:00:00+00:00,2025,10,New York Jets,Cleveland Browns,19.8,16.0,25.6,23.2,-5.8,-7.2,317.2,247.6,332.4,320.4,163.6,156.4,153.6,91.2,1.2,1.0,-1.0,0.8,18.6,16.0,0.3897222222222222,0.2625362872421696,4.4,2.8,1.0,2.6,0.2,0.2,16.2,11.8,1.0
401772876,2025-11-09 18:00:00+00:00,2025,10,Minnesota Vikings,Baltimore Ravens,20.2,18.2,26.0,24.0,-5.8,-5.8,306.0,311.2,344.0,348.8,219.6,168.0,86.4,143.2,1.6,1.6,-1.2,-0.6,19.2,18.2,0.33835497835497835,0.3742760180995475,4.2,2.4,2.8,1.6,0.4,0.4,26.6,30.8,0.0
401772877,2025-11-09 18:00:00+00:00,2025,10,Carolina Panthers,New Orleans Saints,19.0,14.4,22.0,24.4,-3.0,-10.0,327.8,276.0,307.8,340.8,156.4,214.0,171.4,62.0,1.4,2.2,-0.6,-0.8,21.6,15.6,0.3774598930481283,0.36444444444444446,2.8,2.4,2.4,1.6,0.8,0.2,26.4,15.0,0.0
401772770,2025-11-09 18:00:00+00:00,2025,10,Houston Texans,Jacksonville Jaguars,26.0,21.2,14.0,26.6,12.0,-5.4,353.4,328.4,238.4,362.6,236.2,215.6,117.2,112.8,0.4,0.6,1.8,0.6,20.6,20.6,0.3711274509803922,0.3707539682539683,2.2,3.6,1.6,0.8,0.6,0.6,17.6,24.0,1.0
401772771,2025-11-09 18:00:00+00:00,2025,10,Miami Dolphins,Buffalo Bills,19.4,26.6,25.0,19.2,-5.6,7.4,295.6,364.8,315.6,325.6,199.0,204.2,96.6,160.6,2.0,1.2,-1.2,0.0,17.4,21.6,0.3088578088578088,0.4488888888888889,2.4,2.6,1.8,3.8,0.2,0.6,23.2,29.6,1.0
401772772,2025-11-09 18:00:00+00:00,2025,10,Tampa Bay Buccaneers,New England Patriots,25.0,27.0,22.4,17.6,2.6,9.4,323.4,362.2,336.0,283.0,244.8,241.0,78.6,121.2,1.0,1.0,1.0,0.6,18.2,21.6,0.3445804195804195,0.43018648018648015,2.2,4.2,3.4,2.0,0.6,1.0,31.8,26.6,0.0
401772773,2025-11-09 21:05:00+00:00,2025,10,Seattle Seahawks,Arizona Cardinals,28.6,23.6,20.6,24.0,8.0,-0.4,385.4,336.6,299.2,332.2,276.8,225.0,108.6,111.6,1.6,1.4,-0.6,0.0,20.0,21.0,0.3981518481518481,0.5037637362637363,1.2,4.4,4.2,2.4,0.8,0.2,28.6,19.6,1.0
401772878,2025-11-09 21:25:00+00:00,2025,10,Washington Commanders,Detroit Lions,18.8,27.2,29.0,20.0,-10.2,7.2,321.8,324.6,396.2,287.0,193.8,213.8,128.0,110.8,2.0,1.0,-1.0,0.8,19.0,17.8,0.42861721611721615,0.33160075218898744,2.8,2.8,2.4,3.4,0.2,0.6,26.0,29.0,0.0
401772879,2025-11-09 21:25:00+00:00,2025,10,San Francisco 49ers,Los Angeles Rams,22.8,27.2,22.6,13.2,0.2,14.0,339.4,373.6,374.2,323.6,235.0,270.8,104.4,102.8,1.0,0.8,-0.2,0.8,20.8,24.4,0.4610353535353536,0.3666666666666667,2.4,1.6,1.2,3.0,0.6,0.8,19.4,26.0,0.0
401772927,2025-11-10 01:20:00+00:00,2025,10,Los Angeles Chargers,Pittsburgh Steelers,25.4,26.0,24.4,23.6,1.0,2.4,389.2,312.8,300.2,382.4,251.8,211.0,137.4,101.8,1.4,0.8,-0.4,0.8,22.6,18.0,0.5386538461538461,0.38358974358974357,3.4,1.6,2.6,3.8,0.6,0.6,24.2,23.2,1.0
401772630,2025-11-11 01:15:00+00:00,2025,10,Green Bay Packers,Philadelphia Eagles,28.4,26.2,24.4,24.4,4.0,1.8,396.6,325.8,318.8,346.6,274.8,220.4,121.8,105.4,0.8,0.4,-0.2,0.4,23.4,17.6,0.48479187479187474,0.24001443001443,0.8,3.6,2.4,2.6,0.7,0.6,23.2,25.8,0.0
401772945,2025-11-14 01:15:00+00:00,2025,11,New England Patriots,New York Jets,28.0,21.0,18.2,24.2,9.8,-3.2,381.6,270.2,284.6,328.0,241.4,130.6,140.2,139.6,1.0,0.8,0.0,-0.6,20.6,16.4,0.43494838494838495,0.35537878787878785,3.6,4.6,2.2,2.2,1.0,0.4,25.0,26.6,1.0
401772631,2025-11-16 14:30:00+00:00,2025,11,Miami Dolphins,Washington Commanders,20.6,17.8,22.2,35.8,-1.6,-18.0,320.0,301.6,307.2,438.2,187.8,187.6,132.2,114.0,2.4,1.8,-1.4,-1.2,18.2,17.4,0.29860139860139856,0.41147435897435897,1.8,3.0,1.8,1.4,0.4,0.0,23.4,20.2,1.0
401772882,2025-11-16 18:00:00+00:00,2025,11,Atlanta Falcons,Carolina Panthers,18.4,15.0,24.6,20.6,-6.2,-5.6,305.2,279.2,360.6,335.8,199.6,141.0,105.6,138.2,0.6,1.4,0.8,-0.4,18.2,19.0,0.23060606060606056,0.3532174688057041,1.8,2.6,3.8,2.2,0.2,0.6,25.2,14.8,0.0
401772776,2025-11-16 18:00:00+00:00,2025,11,Buffalo Bills,Tampa Bay Buccaneers,23.0,24.6,21.4,21.8,1.6,2.8,368.8,322.4,340.0,383.0,223.8,242.0,145.0,80.4,1.6,0.6,-0.2,1.6,21.6,19.4,0.45555555555555555,0.37534965034965034,2.6,2.2,3.2,3.2,0.4,0.6,30.2,22.6,1.0
401772774,2025-11-16 18:00:00+00:00,2025,11,Pittsburgh Steelers,Cincinnati Bengals,23.2,31.0,24.4,36.2,-1.2,-5.2,294.4,390.6,370.8,449.6,204.2,288.8,90.2,101.8,1.4,1.2,-0.2,-0.4,16.4,23.6,0.33995337995337993,0.4416161616161616,1.8,1.8,3.6,1.4,0.4,0.2,23.2,13.4,1.0
401772880,2025-11-16 18:00:00+00:00,2025,11,Minnesota Vikings,Chicago Bears,19.8,27.6,26.6,26.0,-6.8,1.6,304.6,422.2,345.6,372.6,208.2,237.8,96.4,184.4,1.8,0.4,-1.4,1.8,18.2,22.8,0.32406926406926406,0.36351981351981355,3.2,1.4,2.6,3.2,0.4,0.8,24.4,26.8,0.0
401772883,2025-11-16 18:00:00+00:00,2025,11,New York Giants,Green Bay Packers,26.0,21.8,29.2,18.4,-3.2,3.4,345.2,351.0,388.8,290.4,216.2,241.2,129.0,109.8,0.4,1.0,0.2,-0.2,20.8,20.6,0.4555952380952381,0.4188578088578089,3.4,1.2,2.2,2.2,0.2,0.6,26.6,27.4,0.0
401772881,2025-11-16 18:00:00+00:00,2025,11,Tennessee Titans,Houston Texans,15.8,28.0,27.4,19.8,-11.6,8.2,270.8,365.2,347.2,246.0,194.2,247.8,76.6,117.4,1.6,0.8,-0.6,1.6,16.2,22.0,0.275042735042735,0.42446078431372547,4.2,2.2,3.6,2.2,0.2,0.6,17.2,21.0,0.0
401772775,2025-11-16 18:00:00+00:00,2025,11,Jacksonville Jaguars,Los Angeles Chargers,21.8,28.4,29.6,21.0,-7.8,7.4,306.0,384.8,367.2,266.6,204.6,255.4,101.4,129.4,1.0,1.0,-0.2,0.4,20.8,22.6,0.38633838383838387,0.49674208144796383,4.6,3.4,1.0,3.0,0.4,0.8,18.6,25.6,1.0
401772884,2025-11-16 21:05:00+00:00,2025,11,Los Angeles Rams,Seattle Seahawks,30.2,32.8,14.4,21.0,15.8,11.8,361.4,383.0,335.6,315.6,253.8,265.8,107.6,117.2,0.6,2.0,0.8,-1.0,25.8,20.4,0.41111111111111115,0.4258441558441558,1.2,0.8,2.6,4.0,0.8,0.8,24.6,28.4,1.0
401772885,2025-11-16 21:05:00+00:00,2025,11,Arizona Cardinals,San Francisco 49ers,24.0,22.8,28.2,26.4,-4.2,-3.6,353.0,336.6,329.8,363.2,233.4,232.2,119.6,104.4,1.4,1.4,0.4,-1.0,21.6,20.2,0.4987637362637363,0.4582575757575757,4.2,2.2,2.0,1.2,0.2,0.4,27.6,24.0,0.0
401772777,2025-11-16 21:25:00+00:00,2025,11,Cleveland Browns,Baltimore Ravens,18.0,19.6,21.8,20.4,-3.8,-0.8,253.4,303.4,298.8,345.4,146.4,163.0,107.0,140.4,0.4,1.2,1.4,0.4,17.4,19.2,0.29467914438502674,0.39427601809954754,3.4,2.0,3.2,1.6,0.2,0.6,16.0,29.2,0.0
401772778,2025-11-16 21:25:00+00:00,2025,11,Denver Broncos,Kansas City Chiefs,23.6,27.6,17.8,16.6,5.8,11.0,314.0,400.4,252.8,275.0,197.4,270.6,116.6,129.8,1.2,0.8,-0.4,0.2,17.4,24.8,0.39987179487179486,0.43726495726495723,1.2,2.0,5.0,2.0,1.0,0.6,27.0,18.4,1.0
401772928,2025-11-17 01:20:00+00:00,2025,11,Philadelphia Eagles,Detroit Lions,22.0,29.2,20.8,22.4,1.2,6.8,344.6,378.4,323.6,294.8,234.6,244.2,110.0,134.2,0.6,0.8,0.2,0.4,17.0,20.6,0.2560858585858586,0.3458864664747017,3.2,2.8,2.8,3.2,0.6,0.6,26.4,29.8,1.0
401772819,2025-11-18 01:15:00+00:00,2025,11,Las Vegas Raiders,Dallas Cowboys,12.4,29.8,24.2,29.0,-11.8,0.8,227.2,357.8,312.6,379.0,161.2,239.0,66.0,118.8,1.2,1.0,0.0,0.0,15.4,20.8,0.3999267399267399,0.43170163170163167,3.0,1.8,2.0,3.0,0.2,0.4,20.4,24.4,0.0
401772946,2025-11-21 01:15:00+00:00,2025,12,Houston Texans,Buffalo Bills,22.4,27.8,20.4,23.2,2.0,4.6,344.8,379.0,250.4,345.8,245.8,238.2,99.0,140.8,0.8,1.6,1.2,0.0,20.6,20.4,0.3693325791855203,0.45353535353535357,2.6,2.4,2.6,2.6,0.6,0.6,24.4,22.6,1.0
401772780,2025-11-23 18:00:00+00:00,2025,12,Chicago Bears,Pittsburgh Steelers,26.4,25.4,24.6,25.0,1.8,0.4,409.0,296.0,359.8,380.6,226.6,203.6,182.4,92.4,0.4,1.4,1.6,0.2,22.8,17.0,0.3812975912975913,0.3707226107226107,1.2,2.0,2.6,2.6,0.8,0.4,21.6,22.6,1.0
401772782,2025-11-23 18:00:00+00:00,2025,12,Baltimore Ravens,New York Jets,22.2,19.4,14.8,22.2,7.4,-2.8,332.2,243.6,299.4,312.0,163.8,104.8,168.4,138.8,1.2,0.8,0.6,-0.6,20.2,14.4,0.39619909502262446,0.38216450216450215,2.8,4.0,1.8,2.2,0.8,0.4,22.8,23.0,1.0
401772888,2025-11-23 18:00:00+00:00,2025,12,Detroit Lions,New York Giants,23.6,23.2,20.8,31.2,2.8,-8.0,368.8,339.2,284.8,380.2,243.4,216.2,125.4,123.0,0.8,0.8,-0.2,-0.6,18.6,20.2,0.3420403126285479,0.41809523809523813,2.4,3.4,3.0,2.0,0.4,0.0,33.0,24.6,1.0
401772886,2025-11-23 18:00:00+00:00,2025,12,Tennessee Titans,Seattle Seahawks,14.0,29.6,26.4,17.6,-12.4,12.0,251.2,373.2,338.2,280.2,178.6,253.4,72.6,119.8,1.4,2.4,-1.0,-1.2,15.0,20.2,0.2883760683760684,0.38001082251082247,4.4,0.8,3.8,3.8,0.0,0.8,17.0,26.2,0.0
401772781,2025-11-23 18:00:00+00:00,2025,12,Cincinnati Bengals,New England Patriots,28.6,28.4,35.6,17.2,-7.0,11.2,385.6,382.2,445.2,274.4,279.8,243.6,105.8,138.6,1.0,1.0,-0.4,0.0,22.8,21.4,0.4622222222222222,0.4426406926406926,1.6,3.6,0.8,2.2,0.2,1.0,33.6,28.0,0.0
401772887,2025-11-23 18:00:00+00:00,2025,12,Green Bay Packers,Minnesota Vikings,21.8,19.0,18.8,27.0,3.0,-8.0,328.4,287.8,304.0,345.2,223.6,187.8,104.8,100.0,0.8,1.8,0.4,-1.4,19.6,17.2,0.4552214452214452,0.3119480519480519,1.4,2.6,2.4,2.6,0.6,0.2,20.2,21.2,1.0
401772779,2025-11-23 18:00:00+00:00,2025,12,Kansas City Chiefs,Indianapolis Colts,25.8,31.6,14.8,23.4,11.0,8.2,367.4,412.6,279.6,340.2,256.8,250.2,110.6,162.4,0.8,1.8,-0.2,-0.6,23.4,24.2,0.40307692307692305,0.3766233766233766,2.6,3.4,1.8,3.0,0.6,0.8,28.6,30.4,1.0
401772784,2025-11-23 21:05:00+00:00,2025,12,Las Vegas Raiders,Cleveland Browns,14.4,17.8,22.8,22.2,-8.4,-4.4,215.2,226.4,325.4,299.2,165.0,126.2,50.2,100.2,1.0,0.6,0.4,1.4,14.4,16.0,0.3356410256410256,0.2832505729564553,3.0,3.6,2.2,3.6,0.2,0.2,19.6,13.8,0.0
401772783,2025-11-23 21:05:00+00:00,2025,12,Arizona Cardinals,Jacksonville Jaguars,24.2,22.6,32.0,25.2,-7.8,-2.6,378.6,311.2,320.6,299.0,285.4,193.2,93.2,118.0,1.4,0.8,0.0,0.0,23.2,22.6,0.496978021978022,0.3752272727272727,3.6,4.0,1.8,1.6,0.2,0.4,22.6,27.0,0.0
401772890,2025-11-23 21:25:00+00:00,2025,12,Dallas Cowboys,Philadelphia Eagles,29.0,21.8,27.8,18.4,1.2,3.4,350.8,338.6,350.6,315.4,245.2,208.0,105.6,130.6,1.2,0.6,-0.2,0.4,21.2,17.0,0.41939393939393943,0.2730555555555555,1.8,2.2,2.8,2.8,0.4,0.8,32.0,21.2,1.0
401772889,2025-11-23 21:25:00+00:00,2025,12,New Orleans Saints,Atlanta Falcons,12.6,19.0,23.0,27.8,-10.4,-8.8,287.2,286.2,308.8,399.6,218.4,197.6,68.8,88.6,2.4,0.8,-1.6,0.2,15.4,18.4,0.3652287581699346,0.21999999999999997,2.8,1.4,1.8,4.0,0.2,0.0,16.4,16.0,0.0
401772929,2025-11-24 01:20:00+00:00,2025,12,Los Angeles Rams,Tampa Bay Buccaneers,29.8,23.4,13.0,23.6,16.8,-0.2,320.0,310.6,337.0,373.2,204.2,201.0,115.8,109.6,0.4,1.0,1.8,1.4,22.8,18.6,0.36747474747474745,0.360576923076923,1.0,2.2,2.4,3.2,1.0,0.4,23.8,24.4,1.0
401772820,2025-11-25 01:15:00+00:00,2025,12,San Francisco 49ers,Carolina Panthers,27.2,15.0,24.8,20.6,2.4,-5.6,320.2,294.4,390.4,347.0,210.2,186.0,110.0,108.4,1.0,1.2,0.0,0.0,21.6,18.0,0.4374242424242424,0.3488057040998217,1.2,3.4,1.0,2.2,0.6,0.6,23.4,18.8,1.0
401772891,2025-11-27 18:00:00+00:00,2025,13,Detroit Lions,Green Bay Packers,27.0,21.0,20.2,15.4,6.8,5.6,408.2,333.6,317.2,267.0,255.0,218.4,153.2,115.2,1.0,0.8,-0.2,0.8,19.6,20.2,0.3344645550527903,0.49522144522144523,2.8,1.4,2.6,2.2,0.6,0.6,33.6,27.8,0.0
401772694,2025-11-27 21:30:00+00:00,2025,13,Dallas Cowboys,Kansas City Chiefs,28.4,24.4,26.0,15.4,2.4,9.0,387.0,395.2,336.4,271.2,262.6,277.4,124.4,117.8,1.6,1.2,-0.4,-0.6,23.2,24.8,0.41939393939393943,0.41057692307692306,2.0,2.8,2.8,1.6,0.6,0.6,33.0,22.2,1.0
401772930,2025-11-28 01:20:00+00:00,2025,13,Baltimore Ravens,Cincinnati Bengals,26.2,29.0,13.4,35.4,12.8,-6.4,321.2,393.4,307.6,441.8,169.0,274.6,152.2,118.8,0.6,1.2,1.4,-0.6,19.6,22.8,0.3502097902097902,0.42837606837606834,2.2,1.6,2.0,0.8,1.0,0.2,19.2,12.0,0.0
401772621,2025-11-28 20:00:00+00:00,2025,13,Philadelphia Eagles,Chicago Bears,22.6,27.4,16.4,27.4,6.2,0.0,338.6,397.4,336.8,378.2,210.0,239.6,128.6,157.8,0.6,0.6,0.8,1.0,16.8,22.0,0.33416666666666667,0.438989898989899,1.8,1.2,2.6,2.2,0.8,0.8,25.6,26.4,0.0
401772785,2025-11-30 18:00:00+00:00,2025,13,Cleveland Browns,San Francisco 49ers,20.8,27.2,19.6,24.6,1.2,2.6,230.8,323.4,285.8,378.0,130.8,218.8,100.0,104.6,1.0,1.4,1.2,-0.2,14.2,21.6,0.26266233766233765,0.42511655011655003,2.6,1.0,5.6,0.8,0.4,0.6,18.6,27.0,0.0
401772894,2025-11-30 18:00:00+00:00,2025,13,Carolina Panthers,Los Angeles Rams,14.2,33.2,23.4,13.8,-9.2,19.4,280.0,338.4,371.0,316.4,182.8,223.4,97.2,115.0,1.6,0.2,-0.2,1.8,17.0,23.8,0.31855360325948556,0.36747474747474745,3.2,0.8,1.0,2.4,0.4,1.0,20.6,30.6,1.0
401772895,2025-11-30 18:00:00+00:00,2025,13,Tampa Bay Buccaneers,Arizona Cardinals,18.8,23.6,26.6,31.2,-7.8,-7.6,278.8,363.8,367.2,323.8,165.4,277.2,113.4,86.6,1.4,1.2,0.6,0.8,17.6,23.2,0.36792986425339363,0.43090659340659343,2.8,4.4,2.2,2.2,0.2,0.2,26.8,22.2,1.0
401772786,2025-11-30 18:00:00+00:00,2025,13,Tennessee Titans,Jacksonville Jaguars,16.8,25.6,28.4,26.0,-11.6,-0.4,265.4,330.8,363.6,295.0,193.0,197.8,72.4,133.0,0.8,1.6,-0.6,-0.8,15.6,22.8,0.31281045751633985,0.37977272727272726,4.0,3.2,3.6,2.6,0.0,0.6,18.0,27.8,0.0
401772892,2025-11-30 18:00:00+00:00,2025,13,Miami Dolphins,New Orleans Saints,18.4,10.8,19.0,22.8,-0.6,-12.0,314.0,286.6,302.4,302.6,175.4,216.6,138.6,70.0,1.8,2.6,-0.6,-1.6,18.2,16.2,0.27435897435897433,0.36106209150326796,2.0,3.4,1.8,2.2,0.6,0.2,21.2,14.6,1.0
401772893,2025-11-30 18:00:00+00:00,2025,13,New York Jets,Atlanta Falcons,19.2,21.8,24.2,25.8,-5.0,-4.0,283.6,288.2,311.0,393.4,147.6,187.8,136.0,100.4,1.2,0.8,-1.2,0.4,15.8,17.2,0.4282251082251082,0.17909090909090908,2.8,1.6,2.2,4.8,0.4,0.2,15.2,16.4,1.0
401772787,2025-11-30 18:00:00+00:00,2025,13,Indianapolis Colts,Houston Texans,29.4,23.2,22.6,18.8,6.8,4.4,392.6,346.2,359.0,252.4,245.4,236.8,147.2,109.4,1.6,0.6,-0.2,1.2,21.2,20.0,0.35354645354645353,0.375999245852187,3.2,2.0,3.4,3.8,0.6,0.8,33.8,19.6,0.0
401772896,2025-11-30 21:05:00+00:00,2025,13,Seattle Seahawks,Minnesota Vikings,31.6,15.8,20.0,26.0,11.6,-10.2,374.6,239.4,284.8,330.6,244.0,138.6,130.6,100.8,2.4,2.0,-1.2,-1.6,21.4,15.0,0.42048701298701296,0.26305916305916305,0.8,3.2,3.2,2.2,0.8,0.2,32.6,17.0,1.0
401772789,2025-11-30 21:25:00+00:00,2025,13,Pittsburgh Steelers,Buffalo Bills,24.8,28.8,24.6,23.0,0.2,5.8,285.8,386.0,352.2,309.4,185.6,243.4,100.2,142.6,1.4,1.8,0.6,-0.2,17.6,19.8,0.345008325008325,0.47159090909090906,2.4,3.2,2.4,2.2,0.4,0.6,26.6,23.2,0.0
401772788,2025-11-30 21:25:00+00:00,2025,13,Los Angeles Chargers,Las Vegas Raiders,23.8,12.4,22.6,25.6,1.2,-13.2,331.2,223.6,267.4,334.4,221.4,175.0,109.8,48.6,1.0,1.0,0.0,0.2,20.2,15.0,0.46674208144796375,0.2903921568627451,3.8,4.6,2.6,1.2,0.6,0.0,23.8,11.4,1.0
401772931,2025-12-01 01:20:00+00:00,2025,13,Washington Commanders,Denver Broncos,15.6,25.4,34.0,19.4,-18.4,6.0,311.6,333.2,423.2,298.6,188.0,220.4,123.6,112.8,1.6,1.0,-1.0,0.0,17.4,18.2,0.4287820512820513,0.42653846153846153,2.6,1.4,1.4,3.8,0.0,1.0,24.4,20.0,0.0
401772821,2025-12-02 01:15:00+00:00,2025,13,New England Patriots,New York Giants,27.4,22.2,18.6,31.4,8.8,-9.2,383.2,365.2,284.8,397.6,258.2,241.6,125.0,123.6,1.2,0.8,-0.4,-0.4,21.2,20.0,0.4362304362304362,0.43809523809523815,3.0,2.8,1.4,2.2,1.0,0.0,27.8,22.6,1.0
401772947,2025-12-05 01:15:00+00:00,2025,14,Detroit Lions,Dallas Cowboys,27.0,25.8,24.6,27.2,2.4,-1.4,402.8,396.6,338.8,340.6,258.6,275.2,144.2,121.4,0.6,1.8,-0.2,-1.0,20.2,23.6,0.41138763197586725,0.43189393939393944,2.6,1.8,1.8,2.6,0.4,0.6,28.0,27.0,1.0
401772899,2025-12-07 18:00:00+00:00,2025,14,Minnesota Vikings,Washington Commanders,13.8,16.4,23.8,30.6,-10.0,-14.2,239.0,327.2,290.6,421.8,131.8,202.2,107.2,125.0,2.8,1.4,-2.2,-0.6,14.8,19.8,0.2485137085137085,0.4353996983408748,3.0,2.2,2.6,1.4,0.2,0.0,22.4,19.2,1.0
401772793,2025-12-07 18:00:00+00:00,2025,14,Jacksonville Jaguars,Indianapolis Colts,29.2,25.0,19.6,21.8,9.6,3.2,313.6,368.6,278.4,342.8,185.4,228.2,128.2,140.4,1.6,1.6,-0.4,-0.4,22.6,19.8,0.38592657342657344,0.3226373626373626,2.4,3.2,3.2,3.2,0.8,0.4,20.4,27.8,1.0
401772902,2025-12-07 18:00:00+00:00,2025,14,Buffalo Bills,Cincinnati Bengals,26.0,28.8,22.6,32.0,3.4,-3.2,378.4,375.8,293.8,431.8,235.0,259.8,143.4,116.0,2.2,1.4,-0.8,-0.2,20.4,21.8,0.4615909090909091,0.4125865946918578,2.8,1.4,1.0,1.4,0.6,0.2,30.8,15.0,1.0
401772790,2025-12-07 18:00:00+00:00,2025,14,New York Jets,Miami Dolphins,23.4,21.4,26.4,16.2,-3.0,5.2,293.4,329.8,328.4,320.0,151.6,178.2,141.8,151.6,0.8,1.2,-0.6,0.4,16.6,19.0,0.4223917748917748,0.3256410256410256,2.0,2.0,2.2,2.2,0.6,0.8,18.6,18.6,0.0
401772898,2025-12-07 18:00:00+00:00,2025,14,Cleveland Browns,Tennessee Titans,16.2,14.8,23.6,27.2,-7.4,-12.4,240.2,252.0,292.4,340.6,133.4,174.0,106.8,78.0,1.4,0.8,0.0,-0.6,14.2,14.6,0.24448051948051946,0.28614379084967323,2.8,3.6,5.0,3.4,0.2,0.0,17.0,11.6,0.0
401772900,2025-12-07 18:00:00+00:00,2025,14,Atlanta Falcons,Seattle Seahawks,24.6,31.4,24.4,16.2,0.2,15.2,323.4,355.2,379.6,266.4,198.6,223.2,124.8,132.0,0.8,2.0,0.4,0.0,20.0,21.0,0.20939393939393938,0.47191558441558445,1.8,1.2,5.0,3.4,0.2,0.8,23.0,26.0,0.0
401772791,2025-12-07 18:00:00+00:00,2025,14,Baltimore Ravens,Pittsburgh Steelers,23.0,21.2,16.6,22.8,6.4,-1.6,319.4,260.0,309.6,335.8,178.0,166.8,141.4,93.2,1.6,1.6,0.4,0.8,18.0,16.4,0.3302097902097902,0.39167499167499165,2.4,2.0,2.0,2.4,0.8,0.4,16.0,24.8,0.0
401772792,2025-12-07 18:00:00+00:00,2025,14,Tampa Bay Buccaneers,New Orleans Saints,21.0,11.4,25.2,21.8,-4.2,-10.4,284.4,294.8,368.6,285.0,160.2,217.4,124.2,77.4,1.0,2.2,1.0,-1.2,17.2,17.0,0.40542986425339367,0.3677287581699346,2.4,3.4,1.8,2.8,0.4,0.2,25.4,15.4,0.0
401772794,2025-12-07 21:05:00+00:00,2025,14,Las Vegas Raiders,Denver Broncos,15.2,24.2,25.6,18.2,-10.4,6.0,235.8,332.2,315.8,305.0,186.0,230.4,49.8,101.8,1.0,1.2,0.4,-0.2,16.8,17.8,0.3403921568627451,0.4583333333333333,5.4,1.2,1.6,3.4,0.0,1.0,19.8,19.8,0.0
401772901,2025-12-07 21:25:00+00:00,2025,14,Arizona Cardinals,Los Angeles Rams,22.4,31.8,29.8,18.6,-7.4,13.2,375.0,360.0,327.2,316.4,288.2,232.4,86.8,127.6,1.4,0.8,0.6,1.2,23.0,23.0,0.4059065934065934,0.40747474747474743,3.6,1.2,2.4,1.4,0.2,0.8,22.0,29.6,0.0
401772897,2025-12-07 21:25:00+00:00,2025,14,Green Bay Packers,Chicago Bears,20.2,29.0,15.2,24.4,5.0,4.6,314.6,408.0,278.4,370.6,193.2,213.2,121.4,194.8,0.8,0.6,0.6,1.4,19.4,23.8,0.5118881118881118,0.4643292655057361,1.4,1.4,2.2,1.8,0.6,1.0,19.4,26.2,1.0
401772932,2025-12-08 01:20:00+00:00,2025,14,Kansas City Chiefs,Houston Texans,23.8,22.0,21.6,19.0,2.2,3.0,380.8,324.0,343.6,264.0,269.6,224.4,111.2,99.6,1.2,0.6,-0.6,1.0,22.6,20.2,0.3675,0.3558069381598793,3.2,2.4,1.4,3.6,0.4,0.8,29.8,21.8,0.0
401772822,2025-12-09 01:15:00+00:00,2025,14,Los Angeles Chargers,Philadelphia Eagles,25.2,20.0,17.8,16.8,7.4,3.2,310.4,329.8,218.4,344.4,173.0,192.8,137.4,137.0,0.8,1.0,0.4,0.2,19.6,17.0,0.5079185520361991,0.3408333333333333,3.8,1.2,3.4,2.6,0.8,0.6,25.4,21.4,1.0
401772948,2025-12-12 01:15:00+00:00,2025,15,Tampa Bay Buccaneers,Atlanta Falcons,20.4,21.8,29.4,27.0,-9.0,-5.2,302.2,320.6,365.6,386.4,159.8,186.0,142.4,134.6,1.0,1.4,0.4,-0.4,18.2,19.6,0.40542986425339367,0.20477855477855478,1.8,1.8,1.4,4.2,0.2,0.2,23.6,21.2,0.0
401772795,2025-12-14 18:00:00+00:00,2025,15,New England Patriots,Buffalo Bills,27.6,28.2,19.0,25.2,8.6,3.0,377.8,380.8,290.0,300.4,264.4,229.0,113.4,151.8,0.8,2.4,-0.2,-0.8,20.8,20.2,0.473992673992674,0.4540151515151515,2.4,2.8,1.6,0.6,1.0,0.6,31.6,22.4,0.0
401772797,2025-12-14 18:00:00+00:00,2025,15,Jacksonville Jaguars,New York Jets,30.4,17.6,17.6,25.6,12.8,-8.0,310.2,234.4,269.2,320.4,191.6,130.4,118.6,104.0,1.6,1.4,0.0,-1.2,21.0,14.0,0.3667599067599067,0.34572510822510816,2.2,3.2,3.0,2.2,0.8,0.4,24.2,22.2,1.0
401772904,2025-12-14 18:00:00+00:00,2025,15,Chicago Bears,Cleveland Browns,23.8,19.4,21.6,23.4,2.2,-4.0,355.8,280.0,339.0,266.4,190.0,174.6,165.8,105.4,0.8,1.4,0.8,-0.2,22.0,16.2,0.45766259883906946,0.29383116883116883,1.2,3.0,1.4,4.0,0.8,0.2,27.2,15.2,1.0
401772906,2025-12-14 18:00:00+00:00,2025,15,Philadelphia Eagles,Las Vegas Raiders,16.2,12.8,17.2,24.4,-1.0,-11.6,317.4,215.4,350.2,313.6,208.8,169.0,108.6,46.4,2.0,0.8,-0.2,0.4,16.2,14.8,0.3523717948717949,0.26705882352941174,0.6,5.8,3.0,2.0,0.4,0.0,23.8,10.2,1.0
401772798,2025-12-14 18:00:00+00:00,2025,15,Kansas City Chiefs,Los Angeles Chargers,20.2,22.2,24.2,19.6,-4.0,2.6,349.2,281.6,345.2,258.6,242.4,151.8,106.8,129.8,1.4,1.2,-1.2,0.8,20.4,17.0,0.34464285714285714,0.4431412241009764,3.0,4.8,1.6,2.6,0.2,0.8,24.4,20.0,0.0
401772903,2025-12-14 18:00:00+00:00,2025,15,Houston Texans,Arizona Cardinals,23.0,20.4,17.4,35.4,5.6,-15.0,324.0,369.8,264.6,366.6,223.4,296.6,100.6,73.2,0.6,1.6,1.2,-0.2,20.0,21.8,0.4094017094017094,0.36488095238095236,2.2,3.2,3.8,1.4,1.0,0.0,25.2,21.6,1.0
401772796,2025-12-14 18:00:00+00:00,2025,15,Cincinnati Bengals,Baltimore Ravens,28.0,21.8,32.0,20.8,-4.0,1.0,363.8,335.8,414.6,306.8,271.6,181.0,92.2,154.8,1.8,1.8,-0.4,-0.4,22.0,18.8,0.4903643724696356,0.33106449106449104,1.4,2.4,2.0,1.6,0.2,0.6,31.4,27.6,0.0
401772905,2025-12-14 18:00:00+00:00,2025,15,New York Giants,Washington Commanders,21.2,15.0,30.4,31.2,-9.2,-16.2,363.8,316.4,391.2,398.0,231.6,182.0,132.2,134.4,1.0,1.6,-0.6,-1.2,20.2,19.4,0.4274891774891775,0.37873303167420813,2.2,2.2,2.0,1.6,0.0,0.0,21.6,13.8,0.0
401772800,2025-12-14 21:25:00+00:00,2025,15,Denver Broncos,Green Bay Packers,20.2,23.2,16.8,16.2,3.4,7.0,318.2,308.2,283.0,288.4,221.8,184.2,96.4,124.0,1.0,0.6,-0.4,0.8,18.2,18.8,0.45,0.5375291375291376,1.8,1.4,3.8,2.2,1.0,0.8,27.4,32.0,1.0
401772908,2025-12-14 21:25:00+00:00,2025,15,New Orleans Saints,Carolina Panthers,15.6,18.6,21.2,21.0,-5.6,-2.4,291.8,302.8,302.8,364.8,196.2,195.6,95.6,107.2,1.6,1.0,-0.6,1.0,16.8,16.6,0.3586378490790255,0.3391596638655462,3.0,2.2,2.2,1.0,0.4,0.6,15.8,16.2,1.0
401772909,2025-12-14 21:25:00+00:00,2025,15,Los Angeles Rams,Detroit Lions,34.0,31.0,20.0,25.2,14.0,5.8,378.4,423.4,334.4,370.6,235.2,270.4,143.2,153.0,0.8,0.4,1.0,0.4,23.0,21.2,0.3824747474747475,0.42756410256410254,0.8,1.8,1.8,1.8,0.8,0.6,27.8,29.0,1.0
401772907,2025-12-14 21:25:00+00:00,2025,15,San Francisco 49ers,Tennessee Titans,29.4,18.2,21.0,25.4,8.4,-7.2,329.2,242.2,333.6,339.0,216.0,150.0,113.2,92.2,1.2,0.8,0.2,-0.2,23.0,13.2,0.48786164815576577,0.27673202614379083,0.8,3.0,1.4,3.2,0.8,0.2,20.6,15.4,1.0
401772799,2025-12-14 21:25:00+00:00,2025,15,Seattle Seahawks,Indianapolis Colts,31.2,21.2,15.2,26.2,16.0,-5.0,344.6,341.6,263.2,344.6,204.4,216.2,140.2,125.4,2.0,2.2,0.2,-1.0,20.8,19.6,0.43695054945054945,0.365061605061605,1.6,2.8,2.8,2.4,0.8,0.2,35.2,23.4,1.0
401772933,2025-12-15 01:20:00+00:00,2025,15,Dallas Cowboys,Minnesota Vikings,27.0,14.6,27.2,19.0,-0.2,-4.4,412.2,250.0,337.0,270.8,294.2,138.8,118.0,111.2,2.0,2.6,-1.4,-1.6,23.8,15.8,0.43916666666666665,0.29093795093795094,2.4,2.8,2.8,2.0,0.6,0.2,31.2,12.8,0.0
401772823,2025-12-16 01:15:00+00:00,2025,15,Pittsburgh Steelers,Miami Dolphins,21.2,21.4,23.2,16.2,-2.0,5.2,278.6,333.8,346.2,318.8,186.2,162.6,92.4,171.2,1.4,1.2,0.0,0.8,15.6,18.8,0.4107226107226107,0.2733333333333333,1.4,2.0,1.8,3.2,0.4,0.8,23.2,23.8,1.0
401772949,2025-12-19 01:15:00+00:00,2025,16,Seattle Seahawks,Los Angeles Rams,26.0,33.8,14.0,21.6,12.0,12.2,333.0,402.0,240.2,335.0,222.4,252.2,110.6,149.8,1.4,1.0,0.6,0.4,19.4,22.8,0.3477197802197802,0.3158080808080808,1.6,1.0,2.0,2.0,0.8,0.8,30.0,33.4,1.0
401772612,2025-12-20 22:00:00+00:00,2025,16,Washington Commanders,Philadelphia Eagles,18.0,20.4,27.8,15.8,-9.8,4.6,326.4,336.0,391.2,313.0,194.4,213.0,132.0,123.0,1.6,1.8,-1.2,-0.2,19.4,19.0,0.3409707939119704,0.41871794871794876,1.8,0.8,1.8,3.2,0.2,0.4,25.4,19.0,0.0
401772613,2025-12-21 01:20:00+00:00,2025,16,Chicago Bears,Green Bay Packers,25.2,27.0,18.2,21.0,7.0,6.0,349.8,328.4,291.2,307.8,189.8,202.2,160.0,126.2,0.8,0.6,1.2,0.8,21.6,19.0,0.48004022121669176,0.5529137529137529,1.8,1.4,1.6,2.2,0.8,0.8,28.6,29.2,1.0
401772910,2025-12-21 18:00:00+00:00,2025,16,Dallas Cowboys,Los Angeles Chargers,28.8,20.0,28.6,18.2,0.2,1.8,430.2,272.0,334.4,265.2,309.2,149.6,121.0,122.4,1.4,1.2,-0.6,1.2,24.4,16.4,0.38916666666666666,0.4068774878372402,1.8,4.4,1.8,2.8,0.6,0.8,28.4,19.2,0.0
401772934,2025-12-21 18:00:00+00:00,2025,16,Miami Dolphins,Cincinnati Bengals,23.2,19.6,16.2,27.4,7.0,-7.8,324.4,324.4,318.4,362.8,158.0,221.4,166.4,103.0,0.8,1.6,1.2,0.0,18.6,20.4,0.29,0.43036437246963566,2.4,1.4,3.4,2.4,0.8,0.2,20.0,19.8,0.0
401772912,2025-12-21 18:00:00+00:00,2025,16,Carolina Panthers,Tampa Bay Buccaneers,18.8,21.4,22.4,29.6,-3.6,-8.2,306.0,295.6,358.4,373.8,206.0,158.2,100.0,137.4,1.0,1.2,0.6,0.2,15.8,19.0,0.3591596638655462,0.4173956762192056,2.2,2.4,1.8,1.4,0.4,0.2,20.8,21.8,1.0
401772802,2025-12-21 18:00:00+00:00,2025,16,Cleveland Browns,Buffalo Bills,16.0,32.6,24.2,25.4,-8.2,7.2,262.8,375.4,304.8,303.4,179.0,207.4,83.8,168.0,2.0,1.8,-1.0,-0.4,13.4,20.6,0.2759740259740259,0.5016341991341992,2.8,2.6,4.0,1.2,0.2,0.8,20.2,26.6,0.0
401772803,2025-12-21 18:00:00+00:00,2025,16,Tennessee Titans,Kansas City Chiefs,19.0,18.6,27.4,21.8,-8.4,-3.2,262.2,336.0,356.4,323.4,160.4,235.2,101.8,100.8,0.8,1.6,-0.2,-1.2,14.8,20.6,0.3211764705882353,0.3907967032967033,2.2,3.4,2.4,1.8,0.2,0.2,14.6,23.6,1.0
401772801,2025-12-21 18:00:00+00:00,2025,16,New Orleans Saints,New York Jets,17.6,16.2,17.8,31.2,-0.2,-15.0,314.4,257.4,271.4,352.4,214.0,152.8,100.4,104.6,1.2,1.8,0.0,-1.4,20.2,15.4,0.42328431372549014,0.39784632034632034,3.8,3.2,2.0,1.0,0.6,0.2,15.6,20.8,1.0
401772911,2025-12-21 18:00:00+00:00,2025,16,New York Giants,Minnesota Vikings,20.6,17.6,29.4,18.8,-8.8,-1.2,381.4,242.4,383.2,291.2,243.4,139.8,138.0,102.6,1.2,2.2,-0.6,-1.2,20.8,16.4,0.37748917748917743,0.2925252525252525,2.0,2.6,2.0,2.2,0.0,0.4,24.0,15.4,0.0
401772914,2025-12-21 21:05:00+00:00,2025,16,Arizona Cardinals,Atlanta Falcons,20.0,22.6,34.6,26.4,-14.6,-3.8,364.2,357.8,372.0,350.2,302.4,229.0,61.8,128.8,1.6,1.4,-0.8,-0.6,22.0,20.6,0.37321428571428567,0.29568764568764566,2.6,1.4,1.4,3.8,0.0,0.4,21.4,25.0,0.0
401772913,2025-12-21 21:05:00+00:00,2025,16,Denver Broncos,Jacksonville Jaguars,23.4,34.2,19.0,14.4,4.4,19.8,342.2,355.2,301.8,243.6,248.0,233.8,94.2,121.4,0.8,1.4,0.2,0.4,19.4,22.0,0.44272727272727275,0.3829215229215229,1.6,1.2,3.6,3.2,1.0,1.0,28.6,27.4,0.0
401772805,2025-12-21 21:25:00+00:00,2025,16,Houston Texans,Las Vegas Raiders,23.8,11.4,15.6,28.6,8.2,-17.2,321.4,192.8,283.4,347.0,218.2,152.0,103.2,40.8,0.2,0.8,1.6,0.0,19.2,14.2,0.38376068376068373,0.26372549019607844,2.0,5.4,3.2,1.8,1.0,0.0,28.0,5.4,1.0
401772806,2025-12-21 21:25:00+00:00,2025,16,Detroit Lions,Pittsburgh Steelers,29.0,24.8,29.0,21.2,0.0,3.6,393.4,301.6,416.8,340.4,271.6,196.8,121.8,104.8,0.4,0.8,0.6,0.8,19.4,17.8,0.398992673992674,0.43589743589743585,2.0,1.4,1.8,1.6,0.4,0.6,30.0,23.4,0.0
401772804,2025-12-22 01:20:00+00:00,2025,16,Baltimore Ravens,New England Patriots,21.2,29.0,17.0,21.4,4.2,7.6,335.0,388.6,293.4,302.2,172.8,248.0,162.2,140.6,2.0,0.6,-0.8,0.0,17.2,20.0,0.3082073482073482,0.4406593406593406,3.0,1.8,2.0,1.8,0.6,0.8,18.4,26.6,0.0
401772824,2025-12-23 01:15:00+00:00,2025,16,Indianapolis Colts,San Francisco 49ers,20.4,30.0,24.4,21.0,-4.0,9.0,312.0,339.2,362.4,335.6,177.2,230.2,134.8,109.0,1.2,1.2,-0.2,0.2,17.2,23.6,0.35627039627039625,0.4987707390648567,2.0,0.8,2.0,1.0,0.2,0.8,31.2,27.0,0.0
401772710,2025-12-25 18:00:00+00:00,2025,17,Washington Commanders,Dallas Cowboys,17.2,25.6,24.8,32.2,-7.6,-6.6,312.8,422.0,359.0,377.6,181.4,305.6,131.4,116.4,1.8,1.4,-1.2,-0.8,19.6,23.2,0.3409707939119704,0.39805555555555555,1.8,1.8,2.2,1.0,0.2,0.4,20.8,30.2,0.0
401772711,2025-12-25 21:30:00+00:00,2025,17,Minnesota Vikings,Detroit Lions,17.4,32.0,17.6,31.6,-0.2,0.4,237.4,402.2,255.4,458.6,135.0,292.2,102.4,110.0,2.2,0.2,-1.0,1.0,16.8,21.4,0.35464646464646465,0.4328388278388278,3.4,2.2,2.8,2.0,0.6,0.4,27.4,28.2,1.0
401772622,2025-12-26 01:15:00+00:00,2025,17,Kansas City Chiefs,Denver Broncos,16.6,25.4,22.6,24.4,-6.0,1.0,300.4,387.2,330.2,333.4,201.8,289.6,98.6,97.6,1.4,0.8,-1.0,0.0,18.6,21.6,0.3360958485958486,0.4474891774891775,3.6,1.4,1.8,3.4,0.2,0.8,21.0,20.6,0.0
401772951,2025-12-27 21:30:00+00:00,2025,17,Los Angeles Chargers,Houston Texans,21.8,25.2,19.6,17.2,2.2,8.0,299.6,312.4,289.0,300.6,169.8,207.6,129.8,104.8,1.2,0.2,0.8,1.6,17.6,18.4,0.4635619798158498,0.4155555555555555,3.4,1.2,2.4,3.2,0.8,1.0,27.8,23.8,0.0
401772953,2025-12-28 01:00:00+00:00,2025,17,Green Bay Packers,Baltimore Ravens,24.8,21.4,21.4,19.4,3.4,2.0,346.0,330.8,320.6,346.6,207.0,171.2,139.0,159.6,0.8,1.8,0.2,-0.4,20.0,17.4,0.5256410256410257,0.3585569985569986,1.4,2.2,1.8,2.2,0.6,0.4,19.6,24.4,0.0
401772952,2025-12-28 18:00:00+00:00,2025,17,Carolina Panthers,Seattle Seahawks,22.0,29.8,23.0,17.2,-1.0,12.6,326.0,333.2,340.0,306.6,220.4,215.4,105.6,117.8,0.6,1.2,1.0,0.6,16.4,18.6,0.39249299719887953,0.33294705294705296,2.2,2.4,1.8,2.0,0.6,1.0,20.0,28.8,0.0
401772916,2025-12-28 18:00:00+00:00,2025,17,Miami Dolphins,Tampa Bay Buccaneers,21.4,19.0,22.6,25.4,-1.2,-6.4,328.2,281.4,324.6,346.0,175.4,150.6,152.8,130.8,1.0,1.0,0.4,-0.2,18.6,18.8,0.2633333333333333,0.41918139050491987,2.4,2.6,3.2,1.8,0.6,0.2,18.8,18.2,1.0
401772954,2025-12-28 18:00:00+00:00,2025,17,Cincinnati Bengals,Arizona Cardinals,26.2,19.4,24.8,31.6,1.4,-12.2,346.4,330.6,372.0,384.2,243.4,249.6,103.0,81.0,1.2,1.2,1.0,0.0,21.6,20.4,0.43703103913630226,0.3951923076923077,1.6,3.0,2.2,1.4,0.4,0.0,26.6,22.6,1.0
401772807,2025-12-28 18:00:00+00:00,2025,17,Cleveland Browns,Pittsburgh Steelers,16.8,23.8,24.2,23.6,-7.4,0.2,284.2,329.2,286.4,353.2,189.6,200.6,94.6,128.6,2.2,1.0,-1.8,0.2,15.8,18.0,0.36168831168831167,0.4282051282051282,2.8,1.6,3.4,2.0,0.2,0.6,20.8,25.0,1.0
401772915,2025-12-28 18:00:00+00:00,2025,17,Indianapolis Colts,Jacksonville Jaguars,19.6,34.0,29.0,17.2,-9.4,16.8,270.6,355.4,392.4,305.6,188.8,256.2,81.8,99.2,1.2,1.2,-0.2,0.8,16.0,20.4,0.4229370629370629,0.3895881895881895,1.0,2.2,1.6,2.8,0.0,1.0,28.6,29.0,0.0
401772809,2025-12-28 18:00:00+00:00,2025,17,Tennessee Titans,New Orleans Saints,21.6,20.0,26.0,17.6,-4.4,2.4,291.6,319.2,320.0,275.4,168.6,226.4,123.0,92.8,0.6,1.2,0.0,0.0,16.4,21.4,0.34705882352941175,0.42328431372549014,2.0,4.0,2.4,3.2,0.4,0.6,17.2,16.4,0.0
401772808,2025-12-28 18:00:00+00:00,2025,17,New York Jets,New England Patriots,14.6,29.0,31.6,21.6,-17.0,7.4,247.4,392.2,367.6,294.0,158.0,269.0,89.4,123.2,2.0,0.8,-1.4,0.2,14.8,21.6,0.3102272727272727,0.43589743589743585,4.4,2.4,1.4,1.6,0.2,0.8,16.2,27.6,0.0
401772950,2025-12-28 21:05:00+00:00,2025,17,Las Vegas Raiders,New York Giants,12.4,19.2,26.6,27.8,-14.2,-8.6,208.6,323.4,324.8,353.0,144.2,193.6,64.4,129.8,0.8,1.2,-0.2,-0.2,13.2,19.0,0.2994397759103641,0.34606060606060607,5.2,2.2,1.6,2.8,0.0,0.0,18.4,22.8,0.0
401772917,2025-12-28 21:25:00+00:00,2025,17,Buffalo Bills,Philadelphia Eagles,28.4,23.0,23.0,17.6,5.4,5.4,344.4,358.6,288.8,293.6,163.0,223.8,181.4,134.8,1.2,2.0,0.2,-0.4,20.0,21.0,0.44254329004329007,0.45427350427350427,3.0,1.0,1.6,3.2,0.8,0.4,32.4,21.4,0.0
401772935,2025-12-29 01:20:00+00:00,2025,17,San Francisco 49ers,Chicago Bears,34.4,25.8,18.0,18.0,16.4,7.8,348.6,365.8,317.8,315.0,225.4,203.8,123.2,162.0,1.0,0.8,0.8,1.0,24.4,21.8,0.5510434663375839,0.43862607980255036,1.0,1.4,1.2,2.0,1.0,0.8,24.8,25.4,1.0
401772825,2025-12-30 01:15:00+00:00,2025,17,Atlanta Falcons,Los Angeles Rams,22.4,37.0,24.2,25.4,-1.8,11.6,356.6,468.4,317.0,335.2,222.4,317.6,134.2,150.8,1.6,0.8,-0.6,0.4,20.8,25.6,0.32296037296037294,0.35944444444444446,1.6,1.0,3.2,2.8,0.6,0.6,20.8,37.4,1.0
401772969,2026-01-03 21:30:00+00:00,2025,18,Tampa Bay Buccaneers,Carolina Panthers,21.0,18.0,22.6,23.0,-1.6,-5.0,318.8,256.6,339.0,328.0,202.0,144.6,116.8,112.0,1.2,1.0,-0.4,0.8,20.2,14.0,0.42913614163614155,0.3400865800865801,2.4,1.6,2.0,2.4,0.2,0.4,24.2,17.0,1.0
401772961,2026-01-04 01:00:00+00:00,2025,18,San Francisco 49ers,Seattle Seahawks,34.6,29.2,21.2,14.4,13.4,14.8,391.6,320.2,308.2,275.2,247.4,192.6,144.2,127.6,1.2,1.6,0.0,0.6,26.0,18.6,0.6243767996709173,0.3883041958041958,1.0,2.8,1.2,1.6,1.0,1.0,29.0,30.2,0.0
401772968,2026-01-04 18:00:00+00:00,2025,18,Minnesota Vikings,Green Bay Packers,20.8,25.0,15.0,28.4,5.8,-3.4,240.6,361.0,244.0,374.4,125.2,235.4,115.4,125.6,1.6,1.2,0.8,-0.8,17.0,19.2,0.35635586635586636,0.5256410256410257,3.8,1.6,3.6,1.0,0.8,0.4,22.4,27.0,1.0
401772970,2026-01-04 18:00:00+00:00,2025,18,Jacksonville Jaguars,Tennessee Titans,33.2,22.0,15.8,26.8,17.4,-4.8,355.2,299.6,281.2,334.0,258.6,167.8,96.6,131.8,0.8,0.8,1.6,0.0,21.0,16.4,0.435042735042735,0.3431372549019608,2.0,2.0,2.0,2.6,1.0,0.4,27.6,20.2,1.0
401772964,2026-01-04 18:00:00+00:00,2025,18,Cincinnati Bengals,Cleveland Browns,29.6,14.6,22.4,23.4,7.2,-8.8,370.8,282.6,340.2,291.0,267.8,185.2,103.0,97.4,1.0,2.2,1.0,-2.0,23.4,15.8,0.5242105263157895,0.3844155844155844,2.0,3.0,2.8,1.8,0.6,0.2,27.4,13.8,0.0
401772966,2026-01-04 18:00:00+00:00,2025,18,Atlanta Falcons,New Orleans Saints,23.0,24.8,27.0,18.0,-4.0,6.8,365.2,345.2,331.0,282.2,211.4,247.6,153.8,97.6,1.4,1.0,-0.2,0.2,21.2,20.4,0.3498834498834499,0.4516934046345811,1.0,3.4,2.8,3.4,0.6,0.8,19.4,20.4,1.0
401772963,2026-01-04 18:00:00+00:00,2025,18,New York Giants,Dallas Cowboys,22.0,26.8,24.4,32.6,-2.4,-5.8,324.8,423.4,340.0,375.4,192.4,289.8,132.4,133.6,0.8,1.0,0.6,-0.8,19.0,23.8,0.33836829836829835,0.3947222222222222,2.2,2.8,3.2,1.2,0.2,0.4,22.4,28.8,1.0
401772962,2026-01-04 18:00:00+00:00,2025,18,Houston Texans,Indianapolis Colts,24.6,19.0,16.6,29.0,8.0,-10.0,332.6,260.4,290.4,367.6,225.8,179.6,106.8,80.8,0.6,1.6,0.8,-0.6,18.6,17.2,0.4367676767676768,0.4187412587412587,1.2,1.4,2.6,1.2,1.0,0.0,27.4,22.6,1.0
401772957,2026-01-04 21:25:00+00:00,2025,18,Las Vegas Raiders,Kansas City Chiefs,12.4,14.6,28.6,22.6,-16.2,-8.0,201.2,229.4,339.4,339.8,136.2,144.0,65.0,85.4,1.0,1.0,-0.8,-0.4,12.2,14.0,0.2985347985347985,0.3213231213231213,4.0,3.0,1.8,2.0,0.0,0.0,16.4,21.0,1.0
401772959,2026-01-04 21:25:00+00:00,2025,18,Philadelphia Eagles,Washington Commanders,21.4,19.2,15.2,27.6,6.2,-8.4,328.8,302.6,265.2,392.8,190.2,178.0,138.6,124.6,1.6,1.4,-0.2,-0.8,19.4,18.6,0.4170940170940171,0.2819964349376114,1.0,2.0,4.0,2.8,0.6,0.2,23.4,14.2,0.0
401772965,2026-01-04 21:25:00+00:00,2025,18,Chicago Bears,Detroit Lions,27.2,27.2,20.8,30.8,6.4,-3.6,388.2,349.6,345.2,387.4,224.0,273.4,164.2,76.2,0.4,1.2,1.2,-0.2,23.2,20.0,0.4309337721102427,0.42093406593406596,1.2,2.6,1.8,3.2,0.6,0.2,26.8,22.8,0.0
401772967,2026-01-04 21:25:00+00:00,2025,18,Buffalo Bills,New York Jets,27.0,14.6,21.0,35.4,6.0,-20.8,345.4,252.4,274.6,407.4,168.6,145.8,176.8,106.6,0.8,1.8,0.6,-1.2,21.2,14.6,0.46004329004329003,0.3,2.4,4.0,1.8,1.4,0.8,0.2,28.6,17.8,1.0
401772956,2026-01-04 21:25:00+00:00,2025,18,Denver Broncos,Los Angeles Chargers,25.0,23.8,23.2,16.6,1.8,7.2,379.4,327.6,299.0,292.4,268.0,191.4,111.4,136.2,1.0,1.2,-0.4,1.0,22.8,19.2,0.4763780663780664,0.49356197981584976,1.2,3.8,3.0,2.4,0.8,0.8,26.0,22.4,1.0
401772955,2026-01-04 21:25:00+00:00,2025,18,Los Angeles Rams,Arizona Cardinals,35.0,17.4,29.4,33.6,5.6,-16.2,474.4,312.0,365.6,395.8,314.6,233.6,159.8,78.4,1.4,1.2,-0.6,-0.8,24.8,17.8,0.35636752136752137,0.37884615384615383,1.4,2.6,2.0,1.4,0.4,0.0,30.6,20.0,1.0
401772958,2026-01-04 21:25:00+00:00,2025,18,New England Patriots,Miami Dolphins,32.0,22.2,20.8,23.4,11.2,-1.2,413.0,325.6,306.4,324.8,271.8,177.6,141.2,148.0,0.8,1.0,0.2,0.6,22.6,17.4,0.4247863247863248,0.2633333333333333,2.4,2.2,1.4,3.6,0.8,0.6,29.4,22.6,1.0
401772960,2026-01-05 01:20:00+00:00,2025,18,Pittsburgh Steelers,Baltimore Ravens,19.4,25.0,20.0,22.2,-0.6,2.8,318.4,365.4,340.0,362.8,200.8,164.0,117.6,201.4,0.6,1.8,0.6,-0.4,16.6,20.2,0.3539194139194139,0.46505050505050505,1.6,2.2,2.2,2.0,0.6,0.4,24.2,28.6,1.0
