game_id,date,season,week,home_team,away_team,home_score,away_score,winner,home_total_yards,away_total_yards,home_passing_yards,away_passing_yards,home_rushing_yards,away_rushing_yards,home_turnovers,away_turnovers,home_yards_per_play,away_yards_per_play,home_first_downs,away_first_downs,home_third_down_pct,away_third_down_pct,home_sacks_allowed,away_sacks_allowed
401220225,2020-09-11T00:20Z,2020,1,Kansas City Chiefs,Houston Texans,34,20,Kansas City Chiefs,369,360,203,242,166,118,0,1,5.5,6.2,28,21,0.5384615384615384,0.4,1.0,4.0
401220147,2020-09-13T17:00Z,2020,1,Baltimore Ravens,Cleveland Browns,38,6,Baltimore Ravens,381,306,270,168,111,138,1,3,6.6,4.5,23,20,0.5454545454545454,0.25,2.0,2.0
401220370,2020-09-13T17:00Z,2020,1,Carolina Panthers,Las Vegas Raiders,30,34,Las Vegas Raiders,388,372,259,239,129,133,0,0,6.0,6.1,22,23,0.5384615384615384,0.5454545454545454,1.0,0.0
401220300,2020-09-13T17:00Z,2020,1,Minnesota Vikings,Green Bay Packers,34,43,Green Bay Packers,382,522,248,364,134,158,1,0,7.8,6.9,25,31,0.5,0.5454545454545454,2.0,0.0
401220131,2020-09-13T17:00Z,2020,1,New England Patriots,Miami Dolphins,21,11,New England Patriots,357,269,140,182,217,87,1,3,5.7,4.6,29,20,0.5,0.36363636363636365,2.0,1.0
401220195,2020-09-13T17:00Z,2020,1,Jacksonville Jaguars,Indianapolis Colts,27,20,Jacksonville Jaguars,241,445,150,357,91,88,0,2,5.1,6.4,17,27,0.5,0.3333333333333333,4.0,1.0
401220116,2020-09-13T17:00Z,2020,1,Buffalo Bills,New York Jets,27,17,Buffalo Bills,404,254,306,202,98,52,2,2,5.0,4.8,31,15,0.5,0.36363636363636365,3.0,3.0
401220282,2020-09-13T17:00Z,2020,1,Detroit Lions,Chicago Bears,23,27,Chicago Bears,426,363,288,214,138,149,1,0,5.9,5.6,25,26,0.375,0.18181818181818182,1.0,1.0
401220268,2020-09-13T17:00Z,2020,1,Washington,Philadelphia Eagles,27,17,Washington,239,265,159,208,80,57,0,3,3.4,4.0,18,19,0.2777777777777778,0.35714285714285715,3.0,8.0
401220313,2020-09-13T17:00Z,2020,1,Atlanta Falcons,Seattle Seahawks,25,38,Seattle Seahawks,506,383,434,299,72,84,2,0,6.6,6.6,28,22,0.5,0.3333333333333333,2.0,3.0
401220161,2020-09-13T20:05Z,2020,1,Cincinnati Bengals,Los Angeles Chargers,13,16,Los Angeles Chargers,295,362,173,207,122,155,2,0,4.4,5.1,19,19,0.42857142857142855,0.375,3.0,2.0
401220352,2020-09-13T20:25Z,2020,1,San Francisco 49ers,Arizona Cardinals,20,24,Arizona Cardinals,366,404,243,224,123,180,0,1,6.0,5.2,18,29,0.18181818181818182,0.5,3.0,2.0
401220369,2020-09-13T20:25Z,2020,1,New Orleans Saints,Tampa Bay Buccaneers,34,23,New Orleans Saints,271,310,189,224,82,86,0,3,4.1,4.8,18,23,0.3333333333333333,0.38461538461538464,1.0,3.0
401220347,2020-09-14T00:20Z,2020,1,Los Angeles Rams,Dallas Cowboys,20,17,Los Angeles Rams,422,380,269,244,153,136,1,0,5.9,5.5,23,24,0.5294117647058824,0.25,1.0,3.0
401220256,2020-09-14T23:15Z,2020,1,New York Giants,Pittsburgh Steelers,16,26,Pittsburgh Steelers,291,349,262,208,29,141,2,1,4.5,5.5,20,19,0.5333333333333333,0.5333333333333333,3.0,2.0
401220217,2020-09-15T02:10Z,2020,1,Denver Broncos,Tennessee Titans,14,16,Tennessee Titans,323,377,216,247,107,130,1,0,5.5,4.8,19,26,0.3333333333333333,0.4375,0.0,1.0
401220163,2020-09-18T00:20Z,2020,2,Cleveland Browns,Cincinnati Bengals,35,30,Cleveland Browns,434,353,219,285,215,68,1,1,7.5,4.0,23,30,0.625,0.4444444444444444,0.0,3.0
401220329,2020-09-20T17:00Z,2020,2,Tampa Bay Buccaneers,Carolina Panthers,31,17,Tampa Bay Buccaneers,339,427,217,340,122,87,2,4,5.9,6.0,20,24,0.45454545454545453,0.5454545454545454,0.0,5.0
401220291,2020-09-20T17:00Z,2020,2,Green Bay Packers,Detroit Lions,42,21,Green Bay Packers,488,307,229,218,259,89,0,1,7.4,5.3,26,19,0.5,0.5,1.0,4.0
401220204,2020-09-20T17:00Z,2020,2,Tennessee Titans,Jacksonville Jaguars,33,30,Tennessee Titans,354,480,231,315,123,165,0,2,6.0,6.5,23,30,0.6363636363636364,0.7142857142857143,1.0,2.0
401220281,2020-09-20T17:00Z,2020,2,Chicago Bears,New York Giants,17,13,Chicago Bears,304,295,169,220,135,75,2,2,4.8,4.8,18,22,0.5625,0.23076923076923078,4.0,4.0
401220144,2020-09-20T17:00Z,2020,2,New York Jets,San Francisco 49ers,13,31,San Francisco 49ers,277,359,173,177,104,182,0,1,4.5,6.1,17,17,0.35714285714285715,0.5384615384615384,1.0,3.0
401220249,2020-09-20T17:00Z,2020,2,Dallas Cowboys,Atlanta Falcons,40,39,Dallas Cowboys,570,380,445,267,125,113,3,0,7.0,5.3,33,22,0.5384615384615384,0.47058823529411764,1.0,1.0
401220122,2020-09-20T17:00Z,2020,2,Miami Dolphins,Buffalo Bills,28,31,Buffalo Bills,410,524,311,413,99,111,0,1,5.7,8.9,28,23,0.4166666666666667,0.5,3.0,1.0
401220177,2020-09-20T17:00Z,2020,2,Pittsburgh Steelers,Denver Broncos,26,21,Pittsburgh Steelers,410,319,301,215,109,104,2,2,6.4,4.4,19,23,0.16666666666666666,0.3333333333333333,1.0,7.0
401220261,2020-09-20T17:00Z,2020,2,Philadelphia Eagles,Los Angeles Rams,19,37,Los Angeles Rams,363,449,242,258,121,191,3,1,5.3,6.7,25,30,0.5833333333333334,0.5833333333333334,0.0,1.0
401220192,2020-09-20T17:00Z,2020,2,Indianapolis Colts,Minnesota Vikings,28,11,Indianapolis Colts,354,175,203,95,151,80,1,3,5.3,3.7,24,12,0.2727272727272727,0.2222222222222222,2.0,3.0
401220340,2020-09-20T20:05Z,2020,2,Arizona Cardinals,Washington,30,15,Arizona Cardinals,438,316,278,199,160,117,1,2,6.0,5.3,22,19,0.4117647058823529,0.3333333333333333,3.0,4.0
401220181,2020-09-20T20:25Z,2020,2,Houston Texans,Baltimore Ravens,16,33,Baltimore Ravens,304,407,253,177,51,230,2,0,5.3,6.3,18,23,0.3333333333333333,0.35714285714285715,4.0,4.0
401220235,2020-09-20T20:25Z,2020,2,Los Angeles Chargers,Kansas City Chiefs,20,23,Kansas City Chiefs,479,414,296,289,183,125,1,0,6.1,5.9,28,23,0.46153846153846156,0.4666666666666667,2.0,1.0
401220365,2020-09-21T00:20Z,2020,2,Seattle Seahawks,New England Patriots,35,30,Seattle Seahawks,429,464,275,397,154,67,1,1,7.2,6.6,22,29,0.42857142857142855,0.5833333333333334,2.0,1.0
401220231,2020-09-22T00:15Z,2020,2,Las Vegas Raiders,New Orleans Saints,34,24,Las Vegas Raiders,377,424,261,312,116,112,1,1,5.0,7.4,28,26,0.5882352941176471,0.6363636363636364,3.0,0.0
401220201,2020-09-25T00:20Z,2020,3,Jacksonville Jaguars,Miami Dolphins,13,31,Miami Dolphins,318,294,246,156,72,138,2,0,5.0,5.2,22,23,0.3,0.5384615384615384,4.0,1.0
401220119,2020-09-27T17:00Z,2020,3,Buffalo Bills,Los Angeles Rams,35,32,Buffalo Bills,375,478,274,311,101,167,2,2,6.5,7.2,23,28,0.5,0.6,4.0,2.0
401220254,2020-09-27T17:00Z,2020,3,New York Giants,San Francisco 49ers,9,36,San Francisco 49ers,231,420,165,327,66,93,3,0,4.7,5.8,13,29,0.4,0.6666666666666666,2.0,2.0
401220134,2020-09-27T17:00Z,2020,3,New England Patriots,Las Vegas Raiders,36,20,New England Patriots,406,375,156,249,250,126,1,3,6.0,6.7,25,22,0.2727272727272727,0.3333333333333333,2.0,2.0
401220309,2020-09-27T17:00Z,2020,3,Atlanta Falcons,Chicago Bears,26,30,Chicago Bears,371,437,227,307,144,130,1,2,5.7,5.6,22,24,0.3076923076923077,0.26666666666666666,2.0,2.0
401220173,2020-09-27T17:00Z,2020,3,Pittsburgh Steelers,Houston Texans,28,21,Pittsburgh Steelers,387,260,218,231,169,29,0,1,5.1,5.5,25,13,0.4444444444444444,0.4166666666666667,2.0,5.0
401220264,2020-09-27T17:00Z,2020,3,Philadelphia Eagles,Cincinnati Bengals,23,23,TIE,378,304,206,256,172,48,2,0,4.4,4.3,27,24,0.47619047619047616,0.23076923076923078,3.0,8.0
401220304,2020-09-27T17:00Z,2020,3,Minnesota Vikings,Tennessee Titans,30,31,Tennessee Titans,464,444,238,310,226,134,3,1,7.5,6.1,22,23,0.4,0.23076923076923078,2.0,2.0
401220168,2020-09-27T17:00Z,2020,3,Cleveland Browns,Washington,34,20,Cleveland Browns,300,309,142,206,158,103,0,5,4.8,5.0,19,19,0.35714285714285715,0.45454545454545453,2.0,3.0
401220193,2020-09-27T20:05Z,2020,3,Indianapolis Colts,New York Jets,36,7,Indianapolis Colts,353,260,234,151,119,109,0,3,6.3,4.3,21,15,0.3,0.25,0.0,2.0
401220240,2020-09-27T20:05Z,2020,3,Los Angeles Chargers,Carolina Panthers,16,21,Carolina Panthers,436,302,319,221,117,81,4,0,5.9,5.9,26,14,0.6666666666666666,0.25,2.0,2.0
401220216,2020-09-27T20:25Z,2020,3,Denver Broncos,Tampa Bay Buccaneers,10,28,Tampa Bay Buccaneers,226,353,184,285,42,68,2,0,3.8,5.4,13,17,0.35714285714285715,0.5,6.0,2.0
401220343,2020-09-27T20:25Z,2020,3,Arizona Cardinals,Detroit Lions,23,26,Detroit Lions,377,322,268,232,109,90,3,0,6.0,5.2,28,22,0.4,0.3333333333333333,1.0,4.0
401220363,2020-09-27T20:25Z,2020,3,Seattle Seahawks,Dallas Cowboys,38,31,Seattle Seahawks,412,522,295,461,117,61,1,3,5.9,6.5,23,27,0.38461538461538464,0.4666666666666667,4.0,2.0
401220323,2020-09-28T00:20Z,2020,3,New Orleans Saints,Green Bay Packers,30,37,Green Bay Packers,397,369,275,271,122,98,1,0,6.8,6.3,21,24,0.45454545454545453,0.45454545454545453,2.0,1.0
401220153,2020-09-29T00:15Z,2020,3,Baltimore Ravens,Kansas City Chiefs,20,34,Kansas City Chiefs,228,517,70,385,158,132,1,1,4.3,7.1,16,29,0.3333333333333333,0.7692307692307693,4.0,0.0
401220141,2020-10-02T00:20Z,2020,4,New York Jets,Denver Broncos,28,37,Denver Broncos,321,359,192,242,129,117,0,3,4.3,5.7,18,21,0.42105263157894735,0.5,6.0,0.0
401220128,2020-10-04T17:00Z,2020,4,Miami Dolphins,Seattle Seahawks,23,31,Seattle Seahawks,415,441,312,343,103,98,2,1,6.1,7.1,25,26,0.5384615384615384,0.4,1.0,2.0
401220320,2020-10-04T17:00Z,2020,4,Carolina Panthers,Arizona Cardinals,31,21,Carolina Panthers,444,262,276,133,168,129,1,1,6.2,4.8,30,21,0.6363636363636364,0.3333333333333333,0.0,1.0
401220157,2020-10-04T17:00Z,2020,4,Cincinnati Bengals,Jacksonville Jaguars,33,25,Cincinnati Bengals,505,429,300,340,205,89,1,1,7.1,6.8,28,25,0.36363636363636365,0.2,1.0,3.0
401220285,2020-10-04T17:00Z,2020,4,Detroit Lions,New Orleans Saints,29,35,New Orleans Saints,281,392,191,228,90,164,1,1,5.0,5.7,18,29,0.5,0.7142857142857143,3.0,2.0
401220271,2020-10-04T17:00Z,2020,4,Washington,Baltimore Ravens,17,31,Baltimore Ravens,343,350,274,206,69,144,1,2,4.9,6.2,24,18,0.3076923076923077,0.45454545454545453,3.0,1.0
401220334,2020-10-04T17:00Z,2020,4,Tampa Bay Buccaneers,Los Angeles Chargers,38,31,Tampa Bay Buccaneers,484,324,369,278,115,46,1,2,6.6,6.5,28,15,0.45454545454545453,0.4,0.0,2.0
401220184,2020-10-04T17:00Z,2020,4,Houston Texans,Minnesota Vikings,23,31,Minnesota Vikings,386,410,290,248,96,162,1,0,6.2,6.3,20,24,0.25,0.4166666666666667,3.0,3.0
401220247,2020-10-04T17:00Z,2020,4,Dallas Cowboys,Cleveland Browns,38,49,Cleveland Browns,566,508,481,201,85,307,3,0,7.2,7.0,35,33,0.5454545454545454,0.45454545454545453,3.0,2.0
401220348,2020-10-04T20:05Z,2020,4,Los Angeles Rams,New York Giants,17,9,Los Angeles Rams,240,295,182,159,58,136,1,1,4.2,4.5,15,19,0.38461538461538464,0.3076923076923077,2.0,5.0
401220280,2020-10-04T20:25Z,2020,4,Chicago Bears,Indianapolis Colts,11,19,Indianapolis Colts,269,289,241,186,28,103,1,0,4.6,4.2,16,18,0.2857142857142857,0.42105263157894735,1.0,1.0
401220229,2020-10-04T20:25Z,2020,4,Las Vegas Raiders,Buffalo Bills,23,30,Buffalo Bills,383,337,297,274,86,63,2,0,5.6,5.7,24,21,0.5714285714285714,0.5384615384615384,2.0,1.0
401220355,2020-10-05T00:20Z,2020,4,San Francisco 49ers,Philadelphia Eagles,20,25,Philadelphia Eagles,417,267,301,174,116,93,3,1,6.0,4.5,25,18,0.45454545454545453,0.3076923076923077,5.0,3.0
401220221,2020-10-05T23:05Z,2020,4,Kansas City Chiefs,New England Patriots,26,10,Kansas City Chiefs,323,357,229,172,94,185,1,4,5.9,4.8,19,21,0.36363636363636365,0.4,1.0,2.0
401220293,2020-10-06T01:00Z,2020,4,Green Bay Packers,Atlanta Falcons,30,16,Green Bay Packers,403,327,315,249,88,78,0,0,6.7,4.8,22,24,0.5454545454545454,0.25,1.0,4.0
401220278,2020-10-09T00:20Z,2020,5,Chicago Bears,Tampa Bay Buccaneers,20,19,Chicago Bears,243,339,208,233,35,106,1,1,4.1,5.3,18,18,0.3,0.2857142857142857,3.0,3.0
401220175,2020-10-11T17:00Z,2020,5,Pittsburgh Steelers,Philadelphia Eagles,38,29,Pittsburgh Steelers,367,336,231,242,136,94,1,2,5.5,5.9,25,20,0.7333333333333333,0.7142857142857143,1.0,5.0
401220269,2020-10-11T17:00Z,2020,5,Washington,Los Angeles Rams,10,30,Los Angeles Rams,108,429,70,300,38,129,0,1,2.1,6.5,10,20,0.15384615384615385,0.4,8.0,1.0
401220179,2020-10-11T17:00Z,2020,5,Houston Texans,Jacksonville Jaguars,30,14,Houston Texans,486,364,357,289,129,75,2,2,8.4,5.0,24,22,0.5,0.5,1.0,4.0
401220219,2020-10-11T17:00Z,2020,5,Kansas City Chiefs,Las Vegas Raiders,32,40,Las Vegas Raiders,413,490,333,346,80,144,1,1,6.3,7.3,21,22,0.42857142857142855,0.5,3.0,1.0
401220306,2020-10-11T17:00Z,2020,5,Atlanta Falcons,Carolina Panthers,16,23,Carolina Panthers,373,437,207,313,166,124,1,0,5.9,6.9,21,24,0.46153846153846156,0.5,2.0,0.0
401220146,2020-10-11T17:00Z,2020,5,Baltimore Ravens,Cincinnati Bengals,27,3,Baltimore Ravens,332,205,171,135,161,70,1,3,5.4,3.2,17,12,0.4666666666666667,0.1875,1.0,7.0
401220143,2020-10-11T17:00Z,2020,5,New York Jets,Arizona Cardinals,10,30,Arizona Cardinals,285,496,162,369,123,127,0,1,4.5,7.3,21,28,0.3076923076923077,0.4166666666666667,3.0,1.0
401220358,2020-10-11T20:05Z,2020,5,San Francisco 49ers,Miami Dolphins,17,43,Miami Dolphins,259,436,128,342,131,94,3,0,4.4,6.9,19,22,0.2,0.3333333333333333,5.0,2.0
401220242,2020-10-11T20:25Z,2020,5,Dallas Cowboys,New York Giants,37,34,Dallas Cowboys,402,300,276,211,126,89,2,1,6.3,4.8,28,20,0.5555555555555556,0.5384615384615384,2.0,2.0
401220166,2020-10-11T20:25Z,2020,5,Cleveland Browns,Indianapolis Colts,32,23,Cleveland Browns,385,308,261,240,124,68,2,2,5.3,5.9,22,15,0.5882352941176471,0.36363636363636365,1.0,1.0
401220367,2020-10-12T00:20Z,2020,5,Seattle Seahawks,Minnesota Vikings,27,26,Seattle Seahawks,314,449,190,248,124,201,1,2,6.0,5.4,18,31,0.0,0.42857142857142855,4.0,3.0
401220326,2020-10-13T00:15Z,2020,5,New Orleans Saints,Los Angeles Chargers,30,27,New Orleans Saints,408,350,313,239,95,111,1,0,5.4,5.1,23,19,0.3333333333333333,0.47058823529411764,2.0,3.0
401220209,2020-10-13T23:00Z,2020,5,Tennessee Titans,Buffalo Bills,42,16,Tennessee Titans,334,370,195,275,139,95,0,3,5.4,5.4,25,23,0.6,0.7647058823529411,0.0,1.0
401220202,2020-10-18T17:00Z,2020,6,Tennessee Titans,Houston Texans,42,36,Tennessee Titans,607,412,344,320,263,92,2,0,8.7,6.1,31,25,0.6,0.5,2.0,2.0
401220133,2020-10-18T17:00Z,2020,6,New England Patriots,Denver Broncos,12,18,Denver Broncos,288,299,171,164,117,135,3,2,5.1,4.7,14,15,0.3076923076923077,0.2857142857142857,4.0,2.0
401220263,2020-10-18T17:00Z,2020,6,Philadelphia Eagles,Baltimore Ravens,28,30,Baltimore Ravens,364,355,170,173,194,182,1,0,5.7,5.3,19,17,0.25,0.375,6.0,3.0
401220190,2020-10-18T17:00Z,2020,6,Indianapolis Colts,Cincinnati Bengals,31,27,Indianapolis Colts,430,398,371,300,59,98,2,1,7.2,5.5,23,22,0.6363636363636364,0.47058823529411764,1.0,2.0
401220252,2020-10-18T17:00Z,2020,6,New York Giants,Washington,20,19,New York Giants,240,337,108,251,132,86,1,2,5.2,4.9,16,24,0.6363636363636364,0.5333333333333333,1.0,3.0
401220172,2020-10-18T17:00Z,2020,6,Pittsburgh Steelers,Cleveland Browns,38,7,Pittsburgh Steelers,277,220,148,145,129,75,0,2,4.5,4.1,18,12,0.35714285714285715,0.08333333333333333,2.0,4.0
401220301,2020-10-18T17:00Z,2020,6,Minnesota Vikings,Atlanta Falcons,23,40,Atlanta Falcons,365,462,333,363,32,99,3,1,7.3,5.8,19,24,0.3,0.5294117647058824,1.0,2.0
401220200,2020-10-18T17:00Z,2020,6,Jacksonville Jaguars,Detroit Lions,16,34,Detroit Lions,275,403,231,223,44,180,2,1,4.5,5.8,16,25,0.5384615384615384,0.25,1.0,0.0
401220317,2020-10-18T17:00Z,2020,6,Carolina Panthers,Chicago Bears,16,23,Chicago Bears,303,261,191,198,112,63,3,1,4.9,4.1,23,22,0.23076923076923078,0.5,4.0,0.0
401220124,2020-10-18T20:05Z,2020,6,Miami Dolphins,New York Jets,24,0,Miami Dolphins,302,263,192,148,110,115,2,1,5.4,3.8,18,13,0.1111111111111111,0.11764705882352941,2.0,3.0
401220331,2020-10-18T20:25Z,2020,6,Tampa Bay Buccaneers,Green Bay Packers,38,10,Tampa Bay Buccaneers,324,201,166,107,158,94,0,2,5.1,3.3,21,13,0.4166666666666667,0.4117647058823529,0.0,5.0
401220353,2020-10-19T00:20Z,2020,6,San Francisco 49ers,Los Angeles Rams,24,16,San Francisco 49ers,390,311,268,198,122,113,0,1,5.6,5.5,24,17,0.38461538461538464,0.3333333333333333,0.0,0.0
401220117,2020-10-19T21:00Z,2020,6,Buffalo Bills,Kansas City Chiefs,17,26,Kansas City Chiefs,206,466,122,221,84,245,1,1,4.1,6.4,20,27,0.4444444444444444,0.6428571428571429,0.0,1.0
401220245,2020-10-20T00:15Z,2020,6,Dallas Cowboys,Arizona Cardinals,10,38,Arizona Cardinals,344,438,247,177,97,261,4,0,4.1,7.3,27,22,0.4,0.5384615384615384,3.0,1.0
401220259,2020-10-23T00:20Z,2020,7,Philadelphia Eagles,New York Giants,22,21,Philadelphia Eagles,442,325,346,165,96,160,1,3,6.1,5.9,27,17,0.3076923076923077,0.3,3.0,3.0
401220155,2020-10-25T17:00Z,2020,7,Cincinnati Bengals,Cleveland Browns,34,37,Cleveland Browns,468,398,387,316,81,82,2,1,6.4,7.8,31,23,0.6666666666666666,0.7142857142857143,4.0,0.0
401220183,2020-10-25T17:00Z,2020,7,Houston Texans,Green Bay Packers,20,35,Green Bay Packers,365,379,286,283,79,96,1,0,5.7,6.2,20,22,0.42857142857142855,0.5833333333333334,3.0,0.0
401220322,2020-10-25T17:00Z,2020,7,New Orleans Saints,Carolina Panthers,27,24,New Orleans Saints,415,283,277,246,138,37,1,0,6.2,6.6,26,18,0.8571428571428571,0.6666666666666666,1.0,1.0
401220310,2020-10-25T17:00Z,2020,7,Atlanta Falcons,Detroit Lions,22,23,Detroit Lions,388,386,322,322,66,64,1,0,5.5,6.5,26,21,0.5,0.3,2.0,2.0
401220138,2020-10-25T17:00Z,2020,7,New York Jets,Buffalo Bills,10,18,Buffalo Bills,191,422,91,296,100,126,2,1,3.7,5.9,17,26,0.25,0.2727272727272727,6.0,2.0
401220266,2020-10-25T17:00Z,2020,7,Washington,Dallas Cowboys,25,3,Washington,397,142,189,59,208,83,0,1,6.0,2.6,21,12,0.6,0.25,2.0,6.0
401249063,2020-10-25T17:00Z,2020,7,Tennessee Titans,Pittsburgh Steelers,24,27,Pittsburgh Steelers,292,362,210,268,82,94,0,3,5.2,4.9,15,23,0.38461538461538464,0.7222222222222222,2.0,0.0
401220232,2020-10-25T20:05Z,2020,7,Las Vegas Raiders,Tampa Bay Buccaneers,20,45,Tampa Bay Buccaneers,347,454,271,369,76,85,1,0,5.5,6.5,19,29,0.38461538461538464,0.5833333333333334,3.0,0.0
401220210,2020-10-25T20:25Z,2020,7,Denver Broncos,Kansas City Chiefs,16,43,Kansas City Chiefs,411,286,234,185,177,101,4,1,5.4,5.6,24,17,0.35714285714285715,0.0,3.0,4.0
401220241,2020-10-25T20:25Z,2020,7,Los Angeles Chargers,Jacksonville Jaguars,39,29,Los Angeles Chargers,484,294,349,154,135,140,0,1,6.3,5.0,29,15,0.42857142857142855,0.4,1.0,5.0
401220136,2020-10-25T20:25Z,2020,7,New England Patriots,San Francisco 49ers,6,33,San Francisco 49ers,241,467,147,270,94,197,4,2,4.9,7.4,17,26,0.16666666666666666,0.5555555555555556,2.0,1.0
401220338,2020-10-26T00:20Z,2020,7,Arizona Cardinals,Seattle Seahawks,37,34,Arizona Cardinals,519,572,360,372,159,200,2,3,6.4,7.0,31,33,0.4166666666666667,0.38461538461538464,0.0,2.0
401220351,2020-10-27T00:15Z,2020,7,Los Angeles Rams,Chicago Bears,24,10,Los Angeles Rams,371,279,211,230,160,49,1,2,5.5,4.6,24,14,0.3076923076923077,0.2857142857142857,1.0,4.0
401220314,2020-10-30T00:20Z,2020,8,Carolina Panthers,Atlanta Falcons,17,25,Atlanta Falcons,304,401,157,270,147,131,1,1,5.8,5.9,18,28,0.2,0.3333333333333333,3.0,2.0
401220115,2020-11-01T18:00Z,2020,8,Buffalo Bills,New England Patriots,24,21,Buffalo Bills,339,349,149,161,190,188,1,1,5.9,5.7,22,20,0.45454545454545453,0.5,1.0,2.0
401220158,2020-11-01T18:00Z,2020,8,Cincinnati Bengals,Tennessee Titans,31,20,Cincinnati Bengals,367,441,249,223,118,218,0,1,5.3,7.4,27,27,0.6666666666666666,0.5555555555555556,0.0,1.0
401220222,2020-11-01T18:00Z,2020,8,Kansas City Chiefs,New York Jets,35,9,Kansas City Chiefs,496,221,446,128,50,93,0,1,7.4,3.9,25,13,0.5384615384615384,0.16666666666666666,0.0,1.0
401220127,2020-11-01T18:00Z,2020,8,Miami Dolphins,Los Angeles Rams,28,17,Miami Dolphins,145,471,90,340,55,131,2,4,3.0,5.1,8,31,0.25,0.4117647058823529,1.0,2.0
401220288,2020-11-01T18:00Z,2020,8,Detroit Lions,Indianapolis Colts,21,41,Indianapolis Colts,326,366,297,247,29,119,2,0,5.4,4.9,20,26,0.5,0.5,5.0,2.0
401220169,2020-11-01T18:00Z,2020,8,Cleveland Browns,Las Vegas Raiders,6,16,Las Vegas Raiders,223,309,122,100,101,209,1,0,4.7,4.4,14,24,0.3,0.5714285714285714,0.0,2.0
401220148,2020-11-01T18:00Z,2020,8,Baltimore Ravens,Pittsburgh Steelers,24,28,Pittsburgh Steelers,457,221,192,173,265,48,4,1,5.8,4.4,25,19,0.5333333333333333,0.3333333333333333,4.0,2.0
401220292,2020-11-01T18:00Z,2020,8,Green Bay Packers,Minnesota Vikings,22,28,Minnesota Vikings,400,324,291,151,109,173,1,0,6.1,6.6,24,20,0.45454545454545453,0.5,1.0,1.0
401220212,2020-11-01T21:05Z,2020,8,Denver Broncos,Los Angeles Chargers,31,30,Denver Broncos,351,485,243,275,108,210,1,2,5.9,5.8,17,28,0.38461538461538464,0.4375,2.0,2.0
401220361,2020-11-01T21:25Z,2020,8,Seattle Seahawks,San Francisco 49ers,37,27,Seattle Seahawks,350,351,249,299,101,52,0,2,5.2,5.3,27,24,0.6,0.46153846153846156,2.0,3.0
401220277,2020-11-01T21:25Z,2020,8,Chicago Bears,New Orleans Saints,23,26,New Orleans Saints,329,394,233,272,96,122,1,0,4.8,5.5,18,23,0.3333333333333333,0.15384615384615385,5.0,1.0
401220258,2020-11-02T01:20Z,2020,8,Philadelphia Eagles,Dallas Cowboys,23,9,Philadelphia Eagles,222,265,103,132,119,133,4,2,3.8,3.4,18,21,0.375,0.25,4.0,4.0
401220257,2020-11-03T01:15Z,2020,8,New York Giants,Tampa Bay Buccaneers,23,25,Tampa Bay Buccaneers,357,344,256,263,101,81,2,1,5.2,5.2,24,23,0.36363636363636365,0.3333333333333333,3.0,2.0
401220359,2020-11-06T01:20Z,2020,9,San Francisco 49ers,Green Bay Packers,17,34,Green Bay Packers,337,405,282,294,55,111,2,0,6.4,6.4,17,21,0.3,0.5,1.0,1.0
401220311,2020-11-08T18:00Z,2020,9,Atlanta Falcons,Denver Broncos,34,27,Atlanta Falcons,363,405,271,302,92,103,1,1,5.3,5.7,23,23,0.46153846153846156,0.4375,2.0,1.0
401220194,2020-11-08T18:00Z,2020,9,Jacksonville Jaguars,Houston Texans,25,27,Houston Texans,403,374,288,267,115,107,1,1,6.0,6.0,22,19,0.42857142857142855,0.4,2.0,2.0
401220189,2020-11-08T18:00Z,2020,9,Indianapolis Colts,Baltimore Ravens,10,24,Baltimore Ravens,339,266,227,156,112,110,2,1,5.2,4.2,20,19,0.16666666666666666,0.38461538461538464,0.0,2.0
401220267,2020-11-08T18:00Z,2020,9,Washington,New York Giants,20,23,New York Giants,402,350,365,184,37,166,5,0,8.0,4.7,19,22,0.375,0.4,2.0,5.0
401220120,2020-11-08T18:00Z,2020,9,Buffalo Bills,Seattle Seahawks,44,34,Buffalo Bills,420,419,386,362,34,57,0,4,6.6,6.7,27,22,0.4166666666666667,0.25,7.0,5.0
401220207,2020-11-08T18:00Z,2020,9,Tennessee Titans,Chicago Bears,24,17,Tennessee Titans,228,375,136,319,92,56,0,2,4.1,5.0,11,22,0.4,0.13333333333333333,3.0,3.0
401220224,2020-11-08T18:00Z,2020,9,Kansas City Chiefs,Carolina Panthers,33,31,Kansas City Chiefs,397,435,361,331,36,104,1,0,6.8,5.7,24,30,0.5454545454545454,0.4375,2.0,2.0
401220299,2020-11-08T18:00Z,2020,9,Minnesota Vikings,Detroit Lions,34,20,Minnesota Vikings,487,421,212,292,275,129,0,3,8.9,5.7,22,30,0.4,0.5,1.0,2.0
401220236,2020-11-08T21:05Z,2020,9,Los Angeles Chargers,Las Vegas Raiders,26,31,Las Vegas Raiders,440,320,312,160,128,160,1,1,5.9,6.4,26,16,0.4666666666666667,0.5,2.0,1.0
401220248,2020-11-08T21:25Z,2020,9,Dallas Cowboys,Pittsburgh Steelers,19,24,Pittsburgh Steelers,364,355,220,309,144,46,2,0,5.1,5.6,19,20,0.47058823529411764,0.38461538461538464,2.0,0.0
401220342,2020-11-08T21:25Z,2020,9,Arizona Cardinals,Miami Dolphins,31,34,Miami Dolphins,442,312,264,221,178,91,1,0,6.9,5.6,26,24,0.4166666666666667,0.5,1.0,3.0
401220330,2020-11-09T01:20Z,2020,9,Tampa Bay Buccaneers,New Orleans Saints,3,38,New Orleans Saints,194,420,186,282,8,138,3,2,4.2,5.8,13,27,0.1111111111111111,0.6428571428571429,3.0,1.0
401220140,2020-11-10T01:15Z,2020,9,New York Jets,New England Patriots,27,30,New England Patriots,322,433,257,274,65,159,1,0,7.3,5.7,18,30,0.6,0.5714285714285714,1.0,0.0
401220203,2020-11-13T01:20Z,2020,10,Tennessee Titans,Indianapolis Colts,17,34,Indianapolis Colts,294,430,137,297,157,133,0,0,4.9,6.2,25,26,0.3,0.3333333333333333,1.0,1.0
401220368,2020-11-15T18:00Z,2020,10,Carolina Panthers,Tampa Bay Buccaneers,23,46,Tampa Bay Buccaneers,187,544,122,334,65,210,1,1,4.0,7.1,13,30,0.1111111111111111,0.625,3.0,1.0
401220295,2020-11-15T18:00Z,2020,10,Green Bay Packers,Jacksonville Jaguars,24,20,Green Bay Packers,395,260,315,151,80,109,2,1,6.6,4.3,16,16,0.38461538461538464,0.3076923076923077,1.0,3.0
401220165,2020-11-15T18:00Z,2020,10,Cleveland Browns,Houston Texans,10,7,Cleveland Browns,356,243,125,153,231,90,0,0,5.7,4.5,20,16,0.5,0.5,1.0,2.0
401220251,2020-11-15T18:00Z,2020,10,New York Giants,Philadelphia Eagles,27,17,New York Giants,382,346,231,190,151,156,0,0,5.7,5.5,22,22,0.35714285714285715,0.0,3.0,3.0
401220289,2020-11-15T18:00Z,2020,10,Detroit Lions,Washington,30,27,Detroit Lions,372,464,267,375,105,89,0,1,6.8,5.6,21,34,0.4,0.4666666666666667,1.0,2.0
401220126,2020-11-15T21:05Z,2020,10,Miami Dolphins,Los Angeles Chargers,29,21,Miami Dolphins,280,273,169,174,111,99,1,1,4.9,4.3,17,19,0.35714285714285715,0.3076923076923077,0.0,2.0
401220226,2020-11-15T21:05Z,2020,10,Las Vegas Raiders,Denver Broncos,37,12,Las Vegas Raiders,357,313,154,247,203,66,0,5,5.4,4.6,21,20,0.46153846153846156,0.4666666666666667,0.0,2.0
401220341,2020-11-15T21:05Z,2020,10,Arizona Cardinals,Buffalo Bills,32,30,Arizona Cardinals,453,369,236,296,217,73,2,2,6.5,5.4,26,22,0.38461538461538464,0.46153846153846156,3.0,0.0
401220327,2020-11-15T21:25Z,2020,10,New Orleans Saints,San Francisco 49ers,27,13,New Orleans Saints,237,281,123,232,114,49,2,4,4.2,4.3,17,21,0.16666666666666666,0.4375,3.0,2.0
401220346,2020-11-15T21:25Z,2020,10,Los Angeles Rams,Seattle Seahawks,23,16,Los Angeles Rams,389,333,283,220,106,113,1,3,5.6,5.1,24,20,0.6,0.5,3.0,6.0
401220171,2020-11-15T21:25Z,2020,10,Pittsburgh Steelers,Cincinnati Bengals,36,10,Pittsburgh Steelers,377,324,333,185,44,139,0,2,5.7,5.0,22,16,0.375,0.0,0.0,4.0
401220137,2020-11-16T01:20Z,2020,10,New England Patriots,Baltimore Ravens,23,17,New England Patriots,308,357,135,242,173,115,0,1,5.3,5.6,25,19,0.45454545454545453,0.46153846153846156,1.0,2.0
401220276,2020-11-17T01:15Z,2020,10,Chicago Bears,Minnesota Vikings,13,19,Minnesota Vikings,149,385,108,286,41,99,2,2,3.0,5.5,10,19,0.18181818181818182,0.5333333333333333,2.0,1.0
401220360,2020-11-20T01:20Z,2020,11,Seattle Seahawks,Arizona Cardinals,28,21,Seattle Seahawks,347,314,182,257,165,57,0,0,5.6,5.0,22,24,0.5714285714285714,0.5454545454545454,3.0,3.0
401220167,2020-11-22T18:00Z,2020,11,Cleveland Browns,Philadelphia Eagles,22,17,Cleveland Browns,324,315,187,209,137,106,1,3,5.0,4.8,17,19,0.2857142857142857,0.16666666666666666,3.0,5.0
401220198,2020-11-22T18:00Z,2020,11,Jacksonville Jaguars,Pittsburgh Steelers,3,27,Pittsburgh Steelers,206,373,133,267,73,106,4,1,3.7,5.1,14,23,0.3076923076923077,0.4117647058823529,2.0,0.0
401220318,2020-11-22T18:00Z,2020,11,Carolina Panthers,Detroit Lions,20,0,Carolina Panthers,374,185,258,145,116,40,2,1,5.3,3.4,20,10,0.3333333333333333,0.21428571428571427,1.0,5.0
401220185,2020-11-22T18:00Z,2020,11,Houston Texans,New England Patriots,27,20,Houston Texans,399,435,344,349,55,86,0,0,7.1,6.6,21,22,0.45454545454545453,0.5384615384615384,0.0,2.0
401220272,2020-11-22T18:00Z,2020,11,Washington,Cincinnati Bengals,20,9,Washington,325,272,161,202,164,70,1,2,5.3,4.1,20,18,0.3076923076923077,0.23076923076923078,2.0,4.0
401220321,2020-11-22T18:00Z,2020,11,New Orleans Saints,Atlanta Falcons,24,9,New Orleans Saints,376,248,210,196,166,52,1,2,6.1,4.2,24,14,0.36363636363636365,0.14285714285714285,3.0,8.0
401220150,2020-11-22T18:00Z,2020,11,Baltimore Ravens,Tennessee Titans,24,30,Tennessee Titans,306,423,177,250,129,173,1,1,4.9,6.2,21,26,0.6,0.4166666666666667,1.0,2.0
401220214,2020-11-22T21:05Z,2020,11,Denver Broncos,Miami Dolphins,20,13,Denver Broncos,459,223,270,167,189,56,2,1,7.3,3.7,19,17,0.3333333333333333,0.4375,0.0,6.0
401220238,2020-11-22T21:05Z,2020,11,Los Angeles Chargers,New York Jets,34,28,Los Angeles Chargers,376,292,347,196,29,96,1,1,4.8,5.3,28,20,0.6,0.45454545454545453,3.0,1.0
401220191,2020-11-22T21:25Z,2020,11,Indianapolis Colts,Green Bay Packers,34,31,Indianapolis Colts,420,367,280,301,140,66,2,4,5.7,6.4,23,21,0.375,0.4444444444444444,1.0,1.0
401220305,2020-11-22T21:25Z,2020,11,Minnesota Vikings,Dallas Cowboys,28,31,Dallas Cowboys,430,376,305,196,125,180,2,1,7.0,5.9,24,24,0.6,0.45454545454545453,2.0,1.0
401220227,2020-11-23T01:20Z,2020,11,Las Vegas Raiders,Kansas City Chiefs,31,35,Kansas City Chiefs,364,460,275,352,89,108,1,1,6.4,6.3,25,36,0.6666666666666666,0.5555555555555556,0.0,0.0
401220335,2020-11-24T01:15Z,2020,11,Tampa Bay Buccaneers,Los Angeles Rams,24,27,Los Angeles Rams,251,413,209,376,42,37,2,2,3.7,5.8,20,22,0.5,0.5333333333333333,1.0,0.0
401220287,2020-11-26T17:30Z,2020,12,Detroit Lions,Houston Texans,25,41,Houston Texans,388,384,279,307,109,77,3,1,5.1,7.7,28,21,0.46153846153846156,0.3333333333333333,4.0,2.0
401220244,2020-11-26T21:30Z,2020,12,Dallas Cowboys,Washington,16,41,Washington,247,338,187,156,60,182,2,1,4.3,5.1,13,22,0.3076923076923077,0.5384615384615384,4.0,3.0
401220139,2020-11-29T18:00Z,2020,12,New York Jets,Miami Dolphins,3,20,Miami Dolphins,260,345,173,241,87,104,2,2,4.9,5.1,10,22,0.23076923076923078,0.5,3.0,4.0
401220302,2020-11-29T18:00Z,2020,12,Minnesota Vikings,Carolina Panthers,28,27,Minnesota Vikings,387,374,291,267,96,107,3,1,5.5,5.8,26,21,0.46153846153846156,0.42857142857142855,2.0,0.0
401220188,2020-11-29T18:00Z,2020,12,Indianapolis Colts,Tennessee Titans,26,45,Tennessee Titans,336,449,280,220,56,229,1,0,5.0,6.6,27,28,0.38461538461538464,0.4166666666666667,2.0,1.0
401220160,2020-11-29T18:00Z,2020,12,Cincinnati Bengals,New York Giants,17,19,New York Giants,155,386,115,244,40,142,3,1,3.4,4.8,11,19,0.3,0.42857142857142855,2.0,0.0
401220197,2020-11-29T18:00Z,2020,12,Jacksonville Jaguars,Cleveland Browns,25,27,Cleveland Browns,375,459,235,252,140,207,0,1,6.2,7.2,22,25,0.38461538461538464,0.45454545454545453,0.0,2.0
401220135,2020-11-29T18:00Z,2020,12,New England Patriots,Arizona Cardinals,20,17,New England Patriots,179,298,69,160,110,138,2,1,3.5,4.3,16,23,0.36363636363636365,0.42857142857142855,3.0,2.0
401220312,2020-11-29T18:00Z,2020,12,Atlanta Falcons,Las Vegas Raiders,43,6,Atlanta Falcons,304,243,179,203,125,40,1,5,4.2,4.2,23,13,0.47368421052631576,0.25,1.0,5.0
401220118,2020-11-29T18:00Z,2020,12,Buffalo Bills,Los Angeles Chargers,27,17,Buffalo Bills,332,367,160,291,172,76,3,1,5.7,4.6,23,24,0.4444444444444444,0.1875,3.0,3.0
401220345,2020-11-29T21:05Z,2020,12,Los Angeles Rams,San Francisco 49ers,20,23,San Francisco 49ers,308,345,182,233,126,112,4,3,5.0,4.9,14,18,0.3076923076923077,0.21428571428571427,2.0,2.0
401220215,2020-11-29T21:05Z,2020,12,Denver Broncos,New Orleans Saints,3,31,New Orleans Saints,112,292,12,63,100,229,3,1,2.6,4.6,6,19,0.1,0.4666666666666667,1.0,3.0
401220333,2020-11-29T21:25Z,2020,12,Tampa Bay Buccaneers,Kansas City Chiefs,24,27,Kansas City Chiefs,417,543,342,456,75,87,2,1,7.6,7.5,20,26,0.3333333333333333,0.5,1.0,2.0
401220290,2020-11-30T01:20Z,2020,12,Green Bay Packers,Chicago Bears,41,25,Green Bay Packers,393,350,211,229,182,121,0,3,5.8,5.4,28,26,0.5454545454545454,0.4,0.0,3.0
401220262,2020-12-01T01:15Z,2020,12,Philadelphia Eagles,Seattle Seahawks,17,23,Seattle Seahawks,250,301,180,225,70,76,1,0,3.8,4.8,18,20,0.47058823529411764,0.2,6.0,2.0
401220170,2020-12-02T20:40Z,2020,12,Pittsburgh Steelers,Baltimore Ravens,19,14,Pittsburgh Steelers,334,219,266,90,68,129,2,2,4.7,4.5,22,10,0.42857142857142855,0.23076923076923078,0.0,3.0
401220178,2020-12-06T18:00Z,2020,13,Houston Texans,Indianapolis Colts,20,26,Indianapolis Colts,398,371,308,262,90,109,2,0,6.4,5.5,20,25,0.38461538461538464,0.2727272727272727,5.0,3.0
401220129,2020-12-06T18:00Z,2020,13,Miami Dolphins,Cincinnati Bengals,19,7,Miami Dolphins,406,196,296,156,110,40,1,2,6.1,3.9,23,12,0.1,0.25,0.0,6.0
401220205,2020-12-06T18:00Z,2020,13,Tennessee Titans,Cleveland Browns,35,41,Cleveland Browns,431,458,369,340,62,118,3,1,6.5,6.5,25,26,0.2,0.625,3.0,0.0
401220307,2020-12-06T18:00Z,2020,13,Atlanta Falcons,New Orleans Saints,16,21,New Orleans Saints,332,424,262,217,70,207,1,1,5.3,5.7,21,23,0.38461538461538464,0.47058823529411764,3.0,2.0
401220142,2020-12-06T18:00Z,2020,13,New York Jets,Las Vegas Raiders,28,31,Las Vegas Raiders,376,440,170,368,206,72,3,2,6.3,5.9,24,24,0.5555555555555556,0.42857142857142855,3.0,2.0
401220303,2020-12-06T18:00Z,2020,13,Minnesota Vikings,Jacksonville Jaguars,27,24,Minnesota Vikings,420,390,275,266,145,124,2,4,4.9,5.7,30,20,0.4375,0.3076923076923077,4.0,2.0
401220274,2020-12-06T18:00Z,2020,13,Chicago Bears,Detroit Lions,30,34,Detroit Lions,389,460,249,400,140,60,1,1,5.8,7.0,26,24,0.36363636363636365,0.5454545454545454,2.0,2.0
401220364,2020-12-06T21:05Z,2020,13,Seattle Seahawks,New York Giants,12,17,New York Giants,327,290,216,100,111,190,2,1,4.7,5.3,21,13,0.3076923076923077,0.25,5.0,2.0
401220336,2020-12-06T21:05Z,2020,13,Arizona Cardinals,Los Angeles Rams,28,38,Los Angeles Rams,232,463,140,344,92,119,2,1,3.7,5.9,18,30,0.3333333333333333,0.6,2.0,1.0
401220237,2020-12-06T21:25Z,2020,13,Los Angeles Chargers,New England Patriots,0,45,New England Patriots,258,291,188,126,70,165,2,0,3.6,4.4,17,22,0.3888888888888889,0.42857142857142855,3.0,1.0
401220297,2020-12-06T21:25Z,2020,13,Green Bay Packers,Philadelphia Eagles,30,16,Green Bay Packers,437,278,288,161,149,117,0,1,7.2,4.7,20,17,0.4166666666666667,0.3076923076923077,2.0,7.0
401220218,2020-12-07T01:20Z,2020,13,Kansas City Chiefs,Denver Broncos,22,16,Kansas City Chiefs,447,330,313,151,134,179,0,2,7.1,5.4,25,19,0.3,0.5384615384615384,1.0,0.0
401220176,2020-12-07T22:00Z,2020,13,Pittsburgh Steelers,Washington,17,23,Washington,326,318,305,273,21,45,1,0,4.9,4.5,17,18,0.4,0.23529411764705882,0.0,3.0
401220357,2020-12-08T01:15Z,2020,13,San Francisco 49ers,Buffalo Bills,24,34,Buffalo Bills,402,449,316,368,86,81,2,1,6.7,6.6,24,31,0.5454545454545454,0.4444444444444444,0.0,1.0
401220151,2020-12-09T01:05Z,2020,13,Baltimore Ravens,Dallas Cowboys,34,17,Baltimore Ravens,401,388,107,277,294,111,1,1,7.4,5.0,19,29,0.45454545454545453,0.4,0.0,1.0
401220349,2020-12-11T01:20Z,2020,14,Los Angeles Rams,New England Patriots,24,3,Los Angeles Rams,318,220,132,113,186,107,1,1,5.1,3.8,17,10,0.21428571428571427,0.23076923076923078,1.0,6.0
401220253,2020-12-13T18:00Z,2020,14,New York Giants,Arizona Cardinals,7,26,Arizona Cardinals,159,390,81,231,78,159,3,0,3.2,4.9,10,22,0.25,0.3888888888888889,8.0,1.0
401220279,2020-12-13T18:00Z,2020,14,Chicago Bears,Houston Texans,36,7,Chicago Bears,410,263,241,155,169,108,0,2,6.9,4.1,23,17,0.3,0.5,3.0,7.0
401220159,2020-12-13T18:00Z,2020,14,Cincinnati Bengals,Dallas Cowboys,7,30,Dallas Cowboys,309,272,208,171,101,101,3,0,4.4,5.4,18,16,0.5625,0.45454545454545453,2.0,2.0
401220196,2020-12-13T18:00Z,2020,14,Jacksonville Jaguars,Tennessee Titans,10,31,Tennessee Titans,354,454,263,205,91,249,1,1,5.1,7.0,20,25,0.35714285714285715,0.3333333333333333,0.0,1.0
401220319,2020-12-13T18:00Z,2020,14,Carolina Panthers,Denver Broncos,27,32,Denver Broncos,370,365,245,269,125,96,0,1,5.7,6.3,22,23,0.42857142857142855,0.375,4.0,1.0
401220125,2020-12-13T18:00Z,2020,14,Miami Dolphins,Kansas City Chiefs,27,33,Kansas City Chiefs,367,448,287,354,80,94,1,4,4.8,7.3,27,22,0.4666666666666667,0.45454545454545453,4.0,3.0
401220332,2020-12-13T18:00Z,2020,14,Tampa Bay Buccaneers,Minnesota Vikings,26,14,Tampa Bay Buccaneers,303,335,196,173,107,162,0,1,6.2,4.4,17,27,0.45454545454545453,0.3333333333333333,0.0,6.0
401220233,2020-12-13T21:05Z,2020,14,Las Vegas Raiders,Indianapolis Colts,27,44,Indianapolis Colts,424,456,345,244,79,212,3,0,6.2,7.7,26,25,0.6666666666666666,0.7272727272727273,0.0,0.0
401220366,2020-12-13T21:05Z,2020,14,Seattle Seahawks,New York Jets,40,3,Seattle Seahawks,410,185,236,116,174,69,1,1,5.9,3.6,28,12,0.5454545454545454,0.3333333333333333,1.0,3.0
401220239,2020-12-13T21:25Z,2020,14,Los Angeles Chargers,Atlanta Falcons,20,17,Los Angeles Chargers,345,319,240,249,105,70,1,3,4.9,5.8,23,19,0.6,0.75,1.0,2.0
401220283,2020-12-13T21:25Z,2020,14,Detroit Lions,Green Bay Packers,24,31,Green Bay Packers,293,410,242,290,51,120,0,0,5.0,6.4,27,26,0.5,0.7272727272727273,4.0,0.0
401220265,2020-12-13T21:25Z,2020,14,Philadelphia Eagles,New Orleans Saints,24,21,Philadelphia Eagles,413,358,167,262,246,96,1,2,6.3,5.7,21,20,0.3076923076923077,0.4166666666666667,0.0,5.0
401220356,2020-12-13T21:25Z,2020,14,San Francisco 49ers,Washington,15,23,Washington,344,193,236,95,108,98,3,1,4.5,3.1,21,12,0.26666666666666666,0.2,4.0,2.0
401220121,2020-12-14T01:20Z,2020,14,Buffalo Bills,Pittsburgh Steelers,26,15,Buffalo Bills,334,224,230,177,104,47,2,2,4.7,4.1,21,14,0.5,0.1,1.0,1.0
401220162,2020-12-15T01:15Z,2020,14,Cleveland Browns,Baltimore Ravens,42,47,Baltimore Ravens,493,385,355,154,138,231,1,0,6.5,6.8,33,25,0.4166666666666667,0.5454545454545454,0.0,4.0
401220228,2020-12-18T01:20Z,2020,15,Las Vegas Raiders,Los Angeles Chargers,27,30,Los Angeles Chargers,449,402,276,306,173,96,1,0,6.0,6.5,27,27,0.38461538461538464,0.5833333333333334,1.0,1.0
401220213,2020-12-19T21:30Z,2020,15,Denver Broncos,Buffalo Bills,19,48,Buffalo Bills,255,534,115,352,140,182,1,1,4.0,8.2,19,29,0.42857142857142855,0.6923076923076923,3.0,1.0
401220294,2020-12-20T01:15Z,2020,15,Green Bay Packers,Carolina Panthers,24,16,Green Bay Packers,291,364,96,249,195,115,0,1,4.8,5.6,20,20,0.4166666666666667,0.3333333333333333,5.0,3.0
401220208,2020-12-20T18:00Z,2020,15,Tennessee Titans,Detroit Lions,46,25,Tennessee Titans,463,430,268,307,195,123,0,3,7.0,6.6,28,27,0.8181818181818182,0.5833333333333334,1.0,0.0
401220246,2020-12-20T18:00Z,2020,15,Dallas Cowboys,San Francisco 49ers,41,33,Dallas Cowboys,291,458,204,308,87,150,0,4,5.0,5.7,15,28,0.4,0.4,2.0,2.0
401220298,2020-12-20T18:00Z,2020,15,Minnesota Vikings,Chicago Bears,27,33,Chicago Bears,407,397,249,198,158,199,1,1,6.2,6.2,26,23,0.36363636363636365,0.5,3.0,1.0
401220149,2020-12-20T18:00Z,2020,15,Baltimore Ravens,Jacksonville Jaguars,40,14,Baltimore Ravens,409,267,250,205,159,62,1,1,6.4,4.8,26,17,0.6666666666666666,0.4166666666666667,1.0,5.0
401220186,2020-12-20T18:00Z,2020,15,Indianapolis Colts,Houston Texans,27,20,Indianapolis Colts,350,425,223,342,127,83,0,2,6.6,6.3,20,22,0.5454545454545454,0.5333333333333333,1.0,5.0
401220270,2020-12-20T18:00Z,2020,15,Washington,Seattle Seahawks,15,20,Seattle Seahawks,353,302,269,121,84,181,2,1,4.5,5.7,26,16,0.5882352941176471,0.4166666666666667,4.0,0.0
401220123,2020-12-20T18:00Z,2020,15,Miami Dolphins,New England Patriots,22,12,Miami Dolphins,383,303,133,186,250,117,1,1,5.5,5.8,26,18,0.5833333333333334,0.2222222222222222,2.0,3.0
401220308,2020-12-20T18:00Z,2020,15,Atlanta Falcons,Tampa Bay Buccaneers,27,31,Tampa Bay Buccaneers,369,416,332,365,37,51,0,0,5.7,6.3,23,27,0.4,0.4,3.0,3.0
401220339,2020-12-20T21:05Z,2020,15,Arizona Cardinals,Philadelphia Eagles,33,26,Arizona Cardinals,526,422,423,305,103,117,3,0,7.7,5.3,26,26,0.3,0.3333333333333333,1.0,6.0
401220350,2020-12-20T21:05Z,2020,15,Los Angeles Rams,New York Jets,20,23,New York Jets,303,289,189,196,114,93,1,0,5.4,4.5,16,17,0.18181818181818182,0.4117647058823529,3.0,2.0
401220325,2020-12-20T21:25Z,2020,15,New Orleans Saints,Kansas City Chiefs,29,32,Kansas City Chiefs,285,411,225,232,60,179,1,1,5.5,4.5,15,34,0.09090909090909091,0.5,1.0,4.0
401220255,2020-12-21T01:20Z,2020,15,New York Giants,Cleveland Browns,6,20,Cleveland Browns,288,392,214,286,74,106,0,0,5.3,6.2,14,24,0.45454545454545453,0.6923076923076923,1.0,1.0
401220156,2020-12-22T01:15Z,2020,15,Cincinnati Bengals,Pittsburgh Steelers,27,17,Cincinnati Bengals,230,244,78,158,152,86,0,3,4.1,3.9,13,12,0.2857142857142857,0.25,2.0,1.0
401220324,2020-12-25T21:30Z,2020,16,New Orleans Saints,Minnesota Vikings,52,33,New Orleans Saints,583,364,319,274,264,90,2,0,8.0,6.1,36,25,0.5555555555555556,0.3333333333333333,0.0,2.0
401220286,2020-12-26T18:00Z,2020,16,Detroit Lions,Tampa Bay Buccaneers,7,47,Tampa Bay Buccaneers,186,588,113,477,73,111,2,0,3.7,8.4,12,30,0.1,0.4,4.0,2.0
401220337,2020-12-26T21:30Z,2020,16,Arizona Cardinals,San Francisco 49ers,12,20,San Francisco 49ers,350,398,230,171,120,227,2,1,4.4,7.2,20,22,0.25,0.2222222222222222,3.0,3.0
401220230,2020-12-27T01:15Z,2020,16,Las Vegas Raiders,Miami Dolphins,25,26,Miami Dolphins,418,383,314,253,104,130,1,0,6.9,6.1,23,18,0.0,0.3333333333333333,3.0,3.0
401220152,2020-12-27T18:00Z,2020,16,Baltimore Ravens,New York Giants,27,13,Baltimore Ravens,432,269,183,215,249,54,1,0,6.5,4.6,25,24,0.7272727272727273,0.1,0.0,6.0
401220174,2020-12-27T18:00Z,2020,16,Pittsburgh Steelers,Indianapolis Colts,28,24,Pittsburgh Steelers,354,365,332,238,22,127,0,2,5.5,5.4,26,21,0.36363636363636365,0.38461538461538464,1.0,5.0
401220223,2020-12-27T18:00Z,2020,16,Kansas City Chiefs,Atlanta Falcons,17,14,Kansas City Chiefs,395,367,278,277,117,90,2,1,6.0,5.9,23,23,0.38461538461538464,0.5,0.0,4.0
401220199,2020-12-27T18:00Z,2020,16,Jacksonville Jaguars,Chicago Bears,17,41,Chicago Bears,279,391,203,263,76,128,2,1,5.2,5.6,14,28,0.4166666666666667,0.5,1.0,1.0
401220182,2020-12-27T18:00Z,2020,16,Houston Texans,Cincinnati Bengals,31,37,Cincinnati Bengals,488,540,322,371,166,169,1,0,9.6,7.6,23,27,0.4444444444444444,0.46153846153846156,1.0,0.0
401220145,2020-12-27T18:00Z,2020,16,New York Jets,Cleveland Browns,23,16,New York Jets,333,299,202,254,131,45,0,2,4.8,4.0,18,23,0.3888888888888889,0.4,2.0,4.0
401220273,2020-12-27T21:05Z,2020,16,Washington,Carolina Panthers,13,20,Carolina Panthers,386,280,278,167,108,113,4,2,5.6,4.2,20,19,0.4666666666666667,0.4,3.0,4.0
401220234,2020-12-27T21:05Z,2020,16,Los Angeles Chargers,Denver Broncos,19,16,Los Angeles Chargers,316,396,227,263,89,133,0,2,5.7,5.1,16,23,0.25,0.4117647058823529,2.0,2.0
401220362,2020-12-27T21:25Z,2020,16,Seattle Seahawks,Los Angeles Rams,20,9,Seattle Seahawks,292,334,197,216,95,118,0,1,4.8,4.5,15,20,0.47058823529411764,0.47368421052631576,5.0,3.0
401220243,2020-12-27T21:25Z,2020,16,Dallas Cowboys,Philadelphia Eagles,37,17,Dallas Cowboys,513,477,362,326,151,151,1,3,7.8,6.7,22,24,0.46153846153846156,0.4117647058823529,2.0,3.0
401220296,2020-12-28T01:20Z,2020,16,Green Bay Packers,Tennessee Titans,40,14,Green Bay Packers,448,260,214,104,234,156,1,2,7.1,4.7,27,15,0.5,0.45454545454545453,1.0,2.0
401220130,2020-12-29T01:15Z,2020,16,New England Patriots,Buffalo Bills,9,38,Buffalo Bills,201,474,56,344,145,130,0,0,4.2,6.7,11,31,0.3333333333333333,0.4166666666666667,3.0,0.0
401220114,2021-01-03T18:00Z,2020,17,Buffalo Bills,Miami Dolphins,56,26,Buffalo Bills,455,454,377,384,78,70,2,4,7.1,5.7,24,27,0.4,0.21428571428571427,1.0,1.0
401220154,2021-01-03T18:00Z,2020,17,Cincinnati Bengals,Baltimore Ravens,3,38,Baltimore Ravens,195,525,48,121,147,404,2,1,4.9,7.2,10,24,0.1111111111111111,0.6470588235294118,0.0,0.0
401220164,2021-01-03T18:00Z,2020,17,Cleveland Browns,Pittsburgh Steelers,24,22,Cleveland Browns,358,394,166,309,192,85,0,1,5.8,6.1,21,18,0.5,0.47058823529411764,4.0,1.0
401220328,2021-01-03T18:00Z,2020,17,Tampa Bay Buccaneers,Atlanta Falcons,44,27,Tampa Bay Buccaneers,485,385,391,258,94,127,1,2,7.6,5.4,28,25,0.5454545454545454,0.5,1.0,1.0
401220284,2021-01-03T18:00Z,2020,17,Detroit Lions,Minnesota Vikings,35,37,Minnesota Vikings,417,508,288,383,129,125,2,0,7.7,6.9,21,31,0.5,0.3076923076923077,1.0,3.0
401220132,2021-01-03T18:00Z,2020,17,New England Patriots,New York Jets,28,14,New England Patriots,404,350,238,239,166,111,0,2,6.4,5.6,23,21,0.5,0.3,3.0,3.0
401220250,2021-01-03T18:00Z,2020,17,New York Giants,Dallas Cowboys,23,19,New York Giants,336,307,211,199,125,108,2,1,6.1,3.8,22,26,0.0,0.35294117647058826,2.0,6.0
401220180,2021-01-03T21:25Z,2020,17,Houston Texans,Tennessee Titans,38,41,Tennessee Titans,457,492,361,204,96,288,1,1,7.5,7.0,26,28,0.4166666666666667,0.7,4.0,2.0
401220211,2021-01-03T21:25Z,2020,17,Denver Broncos,Las Vegas Raiders,31,32,Las Vegas Raiders,446,465,324,359,122,106,0,4,5.9,7.3,24,22,0.4375,0.38461538461538464,2.0,3.0
401220344,2021-01-03T21:25Z,2020,17,Los Angeles Rams,Arizona Cardinals,18,7,Los Angeles Rams,333,214,223,166,110,48,2,1,4.8,4.4,21,15,0.4,0.2222222222222222,2.0,4.0
401220220,2021-01-03T21:25Z,2020,17,Kansas City Chiefs,Los Angeles Chargers,21,38,Los Angeles Chargers,268,416,217,281,51,135,1,0,5.4,6.0,18,29,0.6666666666666666,0.42857142857142855,1.0,3.0
401220187,2021-01-03T21:25Z,2020,17,Indianapolis Colts,Jacksonville Jaguars,28,14,Indianapolis Colts,437,283,164,230,273,53,1,1,6.8,4.4,23,18,0.3,0.3333333333333333,0.0,6.0
401220275,2021-01-03T21:25Z,2020,17,Chicago Bears,Green Bay Packers,16,35,Green Bay Packers,356,316,248,237,108,79,2,1,4.8,7.2,21,17,0.4,0.5714285714285714,1.0,1.0
401220315,2021-01-03T21:25Z,2020,17,Carolina Panthers,New Orleans Saints,7,33,New Orleans Saints,320,347,246,191,74,156,5,0,5.3,5.4,17,20,0.1111111111111111,0.42857142857142855,3.0,2.0
401220354,2021-01-03T21:25Z,2020,17,San Francisco 49ers,Seattle Seahawks,23,26,Seattle Seahawks,328,280,242,159,86,121,1,0,5.1,4.3,17,21,0.4,0.3333333333333333,3.0,2.0
401220260,2021-01-04T01:20Z,2020,17,Philadelphia Eagles,Washington,14,20,Washington,216,248,98,145,118,103,3,2,3.3,4.0,16,16,0.35714285714285715,0.4,3.0,3.0
401326322,2021-09-10T00:20Z,2021,1,Tampa Bay Buccaneers,Dallas Cowboys,31,29,Tampa Bay Buccaneers,431,451,379,391,52,60,4,1,6.7,5.9,24,30,0.45454545454545453,0.5294117647058824,0.0,1.0
401326312,2021-09-12T17:00Z,2021,1,Washington,Los Angeles Chargers,16,20,Los Angeles Chargers,259,424,133,334,126,90,1,2,5.3,5.4,15,27,0.3,0.7368421052631579,1.0,2.0
401326309,2021-09-12T17:00Z,2021,1,Carolina Panthers,New York Jets,19,14,Carolina Panthers,381,252,270,207,111,45,1,1,6.0,4.2,18,16,0.2857142857142857,0.3076923076923077,1.0,6.0
401326315,2021-09-12T17:00Z,2021,1,Atlanta Falcons,Philadelphia Eagles,6,32,Philadelphia Eagles,260,434,136,261,124,173,0,0,4.1,6.5,19,24,0.21428571428571427,0.46153846153846156,3.0,1.0
401326316,2021-09-12T17:00Z,2021,1,Cincinnati Bengals,Minnesota Vikings,27,24,Cincinnati Bengals,366,403,217,336,149,67,0,1,5.4,5.4,20,24,0.21428571428571427,0.375,5.0,3.0
401326318,2021-09-12T17:00Z,2021,1,Indianapolis Colts,Seattle Seahawks,16,28,Seattle Seahawks,336,381,223,241,113,140,1,1,4.7,7.2,23,18,0.38461538461538464,0.4444444444444444,3.0,3.0
401326308,2021-09-12T17:00Z,2021,1,Buffalo Bills,Pittsburgh Steelers,16,23,Pittsburgh Steelers,371,252,254,177,117,75,1,0,4.7,4.6,22,16,0.4444444444444444,0.3333333333333333,3.0,2.0
401326317,2021-09-12T17:00Z,2021,1,Detroit Lions,San Francisco 49ers,33,41,San Francisco 49ers,430,442,314,311,116,131,1,2,5.1,8.0,31,21,0.26666666666666666,0.3333333333333333,3.0,1.0
401326310,2021-09-12T17:00Z,2021,1,Houston Texans,Jacksonville Jaguars,37,21,Houston Texans,449,395,289,319,160,76,0,3,6.0,5.8,22,20,0.5714285714285714,0.2727272727272727,1.0,1.0
401326311,2021-09-12T17:00Z,2021,1,Tennessee Titans,Arizona Cardinals,13,38,Arizona Cardinals,248,416,162,280,86,136,3,1,3.9,6.2,17,22,0.35714285714285715,0.5384615384615384,6.0,2.0
401326320,2021-09-12T20:25Z,2021,1,New York Giants,Denver Broncos,13,27,Denver Broncos,314,420,254,255,60,165,1,1,5.3,6.4,19,24,0.5,0.4666666666666667,2.0,2.0
401326314,2021-09-12T20:25Z,2021,1,Kansas City Chiefs,Cleveland Browns,33,29,Kansas City Chiefs,397,457,324,304,73,153,0,2,6.5,8.2,21,24,0.6923076923076923,0.2857142857142857,2.0,2.0
401326319,2021-09-12T20:25Z,2021,1,New Orleans Saints,Green Bay Packers,38,3,New Orleans Saints,322,229,151,186,171,43,0,3,5.4,4.4,22,14,0.5,0.1,0.0,2.0
401326313,2021-09-12T20:25Z,2021,1,New England Patriots,Miami Dolphins,16,17,Miami Dolphins,393,259,268,185,125,74,2,1,5.6,5.0,24,16,0.6875,0.36363636363636365,1.0,2.0
401326323,2021-09-13T00:20Z,2021,1,Los Angeles Rams,Chicago Bears,34,14,Los Angeles Rams,386,322,312,188,74,134,0,2,7.7,4.7,18,24,0.5454545454545454,0.45454545454545453,1.0,3.0
401326321,2021-09-14T00:15Z,2021,1,Las Vegas Raiders,Baltimore Ravens,33,27,Las Vegas Raiders,491,406,409,217,82,189,1,2,6.1,6.1,26,20,0.4666666666666667,0.25,3.0,3.0
401326127,2021-09-17T00:20Z,2021,2,Washington,New York Giants,30,29,Washington,407,391,320,228,87,163,1,0,5.9,6.1,25,21,0.3076923076923077,0.3333333333333333,1.0,4.0
401326132,2021-09-19T17:00Z,2021,2,Jacksonville Jaguars,Denver Broncos,13,23,Denver Broncos,189,398,114,302,75,96,2,0,3.8,5.9,12,22,0.36363636363636365,0.18181818181818182,1.0,3.0
401326354,2021-09-19T17:00Z,2021,2,New York Jets,New England Patriots,6,25,New England Patriots,336,260,184,159,152,101,4,0,4.9,4.6,18,17,0.38461538461538464,0.25,4.0,3.0
401326353,2021-09-19T17:00Z,2021,2,Miami Dolphins,Buffalo Bills,0,35,Buffalo Bills,216,314,145,171,71,143,3,2,3.1,4.9,13,21,0.4444444444444444,0.5384615384615384,6.0,1.0
401326129,2021-09-19T17:00Z,2021,2,Chicago Bears,Cincinnati Bengals,20,17,Chicago Bears,206,248,83,179,123,69,1,4,3.4,4.5,16,14,0.4,0.46153846153846156,3.0,5.0
401326131,2021-09-19T17:00Z,2021,2,Indianapolis Colts,Los Angeles Rams,24,27,Los Angeles Rams,354,371,245,270,109,101,2,2,5.4,6.2,22,21,0.45454545454545453,0.3333333333333333,3.0,1.0
401326128,2021-09-19T17:00Z,2021,2,Carolina Panthers,New Orleans Saints,26,7,Carolina Panthers,383,128,294,80,89,48,1,2,5.2,3.0,28,6,0.5333333333333333,0.18181818181818182,2.0,4.0
401326356,2021-09-19T17:00Z,2021,2,Pittsburgh Steelers,Las Vegas Raiders,17,26,Las Vegas Raiders,331,425,292,373,39,52,1,0,5.9,6.6,17,22,0.4166666666666667,0.38461538461538464,2.0,2.0
401326130,2021-09-19T17:00Z,2021,2,Cleveland Browns,Houston Texans,31,21,Cleveland Browns,355,302,199,220,156,82,2,2,6.2,5.2,22,17,0.4444444444444444,0.5714285714285714,2.0,1.0
401326355,2021-09-19T17:00Z,2021,2,Philadelphia Eagles,San Francisco 49ers,11,17,San Francisco 49ers,328,306,177,189,151,117,0,0,6.0,4.5,18,23,0.4166666666666667,0.42857142857142855,2.0,0.0
401326357,2021-09-19T20:05Z,2021,2,Arizona Cardinals,Minnesota Vikings,34,33,Arizona Cardinals,474,419,371,242,103,177,2,0,7.9,7.0,21,22,0.3333333333333333,0.2,3.0,1.0
401326358,2021-09-19T20:05Z,2021,2,Tampa Bay Buccaneers,Atlanta Falcons,48,25,Tampa Bay Buccaneers,341,348,259,293,82,55,1,3,5.7,5.0,21,19,0.3333333333333333,0.4,3.0,1.0
401326360,2021-09-19T20:25Z,2021,2,Seattle Seahawks,Tennessee Titans,30,33,Tennessee Titans,397,532,320,320,77,212,0,1,7.6,6.4,17,33,0.3333333333333333,0.42857142857142855,3.0,3.0
401326359,2021-09-19T20:25Z,2021,2,Los Angeles Chargers,Dallas Cowboys,17,20,Dallas Cowboys,408,419,313,221,95,198,2,1,6.6,7.0,24,25,0.4166666666666667,0.6,2.0,2.0
401326361,2021-09-20T00:20Z,2021,2,Baltimore Ravens,Kansas City Chiefs,36,35,Baltimore Ravens,481,405,230,343,251,62,2,2,7.1,8.3,31,22,0.5454545454545454,0.16666666666666666,1.0,0.0
401326362,2021-09-21T00:15Z,2021,2,Green Bay Packers,Detroit Lions,35,17,Green Bay Packers,323,344,227,236,96,108,0,2,5.3,6.1,25,19,0.5555555555555556,0.4444444444444444,3.0,1.0
401326363,2021-09-24T00:20Z,2021,3,Houston Texans,Carolina Panthers,9,24,Carolina Panthers,193,407,151,290,42,117,0,0,3.9,5.8,14,28,0.1111111111111111,0.45454545454545453,4.0,3.0
401326368,2021-09-26T17:00Z,2021,3,Kansas City Chiefs,Los Angeles Chargers,24,30,Los Angeles Chargers,437,352,251,275,186,77,4,0,5.8,5.8,33,21,0.6,0.36363636363636365,2.0,1.0
401326364,2021-09-26T17:00Z,2021,3,Buffalo Bills,Washington,43,21,Buffalo Bills,481,290,359,212,122,78,0,3,6.2,5.8,29,13,0.6,0.18181818181818182,0.0,1.0
401326365,2021-09-26T17:00Z,2021,3,Cleveland Browns,Chicago Bears,26,6,Cleveland Browns,418,47,203,1,215,46,0,0,5.4,1.1,26,6,0.47058823529411764,0.09090909090909091,5.0,9.0
401326367,2021-09-26T17:00Z,2021,3,Jacksonville Jaguars,Arizona Cardinals,19,31,Arizona Cardinals,361,407,202,316,159,91,4,1,5.5,6.4,20,23,0.18181818181818182,0.1111111111111111,3.0,0.0
401326372,2021-09-26T17:00Z,2021,3,Tennessee Titans,Indianapolis Colts,25,16,Tennessee Titans,368,265,188,178,180,87,3,0,5.7,4.6,24,19,0.5,0.25,1.0,2.0
401326371,2021-09-26T17:00Z,2021,3,Pittsburgh Steelers,Cincinnati Bengals,10,24,Cincinnati Bengals,342,268,297,172,45,96,2,1,4.4,6.4,21,12,0.47368421052631576,0.3333333333333333,4.0,0.0
401326369,2021-09-26T17:00Z,2021,3,New England Patriots,New Orleans Saints,13,28,New Orleans Saints,300,252,251,110,49,142,3,0,4.3,4.1,16,19,0.3684210526315789,0.46153846153846156,2.0,3.0
401326366,2021-09-26T17:00Z,2021,3,Detroit Lions,Baltimore Ravens,17,19,Baltimore Ravens,285,387,192,271,93,116,0,1,4.8,6.8,22,15,0.3,0.1,2.0,4.0
401326370,2021-09-26T17:00Z,2021,3,New York Giants,Atlanta Falcons,14,17,Atlanta Falcons,346,296,246,227,100,69,1,1,5.4,5.0,21,18,0.5,0.38461538461538464,2.0,3.0
401326374,2021-09-26T20:05Z,2021,3,Las Vegas Raiders,Miami Dolphins,31,28,Las Vegas Raiders,497,330,357,197,140,133,1,0,6.1,4.2,28,22,0.5333333333333333,0.3333333333333333,3.0,2.0
401326373,2021-09-26T20:05Z,2021,3,Denver Broncos,New York Jets,26,0,Denver Broncos,343,162,223,119,120,43,1,2,5.4,3.1,23,11,0.36363636363636365,0.3076923076923077,2.0,5.0
401326376,2021-09-26T20:25Z,2021,3,Minnesota Vikings,Seattle Seahawks,30,17,Minnesota Vikings,453,389,313,283,140,106,0,0,6.2,7.5,28,21,0.6428571428571429,0.375,1.0,2.0
401326375,2021-09-26T20:25Z,2021,3,Los Angeles Rams,Tampa Bay Buccaneers,34,24,Los Angeles Rams,407,446,331,411,76,35,0,0,6.5,6.3,22,27,0.6666666666666666,0.46153846153846156,1.0,3.0
401326377,2021-09-27T00:20Z,2021,3,San Francisco 49ers,Green Bay Packers,28,30,Green Bay Packers,298,353,231,253,67,100,2,0,4.6,6.0,26,21,0.6363636363636364,0.45454545454545453,4.0,1.0
401326378,2021-09-28T00:15Z,2021,3,Dallas Cowboys,Philadelphia Eagles,41,21,Dallas Cowboys,380,367,220,303,160,64,1,2,5.4,6.9,27,12,0.5,0.3333333333333333,4.0,2.0
401326379,2021-10-01T00:20Z,2021,4,Cincinnati Bengals,Jacksonville Jaguars,24,21,Cincinnati Bengals,420,341,342,202,78,139,0,0,7.6,6.2,21,21,0.5555555555555556,0.5,1.0,1.0
401326381,2021-10-03T17:00Z,2021,4,Buffalo Bills,Houston Texans,40,0,Buffalo Bills,450,109,251,61,199,48,1,5,6.2,2.6,26,6,0.4166666666666667,0.1111111111111111,1.0,3.0
401326383,2021-10-03T17:00Z,2021,4,Dallas Cowboys,Carolina Panthers,36,28,Dallas Cowboys,433,379,188,266,245,113,0,2,7.7,5.6,24,24,0.3333333333333333,0.3076923076923077,0.0,5.0
401326384,2021-10-03T17:00Z,2021,4,Miami Dolphins,Indianapolis Colts,17,27,Indianapolis Colts,203,349,168,210,35,139,2,1,4.1,5.2,13,20,0.2727272727272727,0.4,3.0,2.0
401326386,2021-10-03T17:00Z,2021,4,New Orleans Saints,New York Giants,21,27,New York Giants,405,485,235,402,170,83,1,1,6.2,8.1,21,21,0.6153846153846154,0.36363636363636365,0.0,0.0
401326380,2021-10-03T17:00Z,2021,4,Atlanta Falcons,Washington,30,34,Washington,374,412,275,290,99,122,0,0,5.3,6.6,24,26,0.625,0.4444444444444444,1.0,1.0
401326385,2021-10-03T17:00Z,2021,4,Minnesota Vikings,Cleveland Browns,7,14,Cleveland Browns,255,327,190,143,65,184,1,0,4.0,4.4,16,20,0.3125,0.3888888888888889,2.0,3.0
401326388,2021-10-03T17:00Z,2021,4,Philadelphia Eagles,Kansas City Chiefs,30,42,Kansas City Chiefs,461,471,358,271,103,200,0,1,6.6,7.5,30,31,0.5,0.9,3.0,1.0
401326387,2021-10-03T17:00Z,2021,4,New York Jets,Tennessee Titans,27,24,New York Jets,355,430,289,253,66,177,1,0,5.9,4.6,16,30,0.42857142857142855,0.2631578947368421,1.0,7.0
401326382,2021-10-03T17:00Z,2021,4,Chicago Bears,Detroit Lions,24,14,Chicago Bears,373,351,185,261,188,90,1,2,6.5,5.2,20,23,0.125,0.36363636363636365,1.0,4.0
401326389,2021-10-03T20:05Z,2021,4,Los Angeles Rams,Arizona Cardinals,20,37,Arizona Cardinals,401,465,280,249,121,216,2,0,6.3,6.2,24,27,0.5454545454545454,0.6153846153846154,0.0,3.0
401326390,2021-10-03T20:05Z,2021,4,San Francisco 49ers,Seattle Seahawks,21,28,Seattle Seahawks,457,234,314,129,143,105,2,0,6.3,4.3,23,14,0.14285714285714285,0.2,2.0,3.0
401326392,2021-10-03T20:25Z,2021,4,Green Bay Packers,Pittsburgh Steelers,27,17,Green Bay Packers,367,282,236,220,131,62,1,2,5.1,4.9,23,17,0.6,0.36363636363636365,3.0,2.0
401326391,2021-10-03T20:25Z,2021,4,Denver Broncos,Baltimore Ravens,7,23,Baltimore Ravens,254,406,148,304,106,102,1,0,4.3,5.8,15,20,0.21428571428571427,0.4117647058823529,5.0,3.0
401326393,2021-10-04T00:20Z,2021,4,New England Patriots,Tampa Bay Buccaneers,17,19,Tampa Bay Buccaneers,294,381,295,261,-1,120,2,0,5.4,5.1,20,22,0.2222222222222222,0.47368421052631576,4.0,1.0
401326394,2021-10-05T00:50Z,2021,4,Los Angeles Chargers,Las Vegas Raiders,28,14,Los Angeles Chargers,380,213,212,165,168,48,0,1,5.1,3.8,25,13,0.3076923076923077,0.3076923076923077,2.0,4.0
401326395,2021-10-08T00:20Z,2021,5,Seattle Seahawks,Los Angeles Rams,17,26,Los Angeles Rams,354,476,262,358,92,118,2,1,5.9,7.1,22,24,0.4,0.2,2.0,1.0
401326324,2021-10-10T13:30Z,2021,5,Atlanta Falcons,New York Jets,27,20,Atlanta Falcons,450,230,342,166,108,64,2,1,6.0,4.4,28,17,0.6428571428571429,0.5,0.0,2.0
401326396,2021-10-10T17:00Z,2021,5,Carolina Panthers,Philadelphia Eagles,18,21,Philadelphia Eagles,267,273,158,182,109,91,3,2,3.8,4.5,17,15,0.3333333333333333,0.3076923076923077,3.0,2.0
401326397,2021-10-10T17:00Z,2021,5,Cincinnati Bengals,Green Bay Packers,22,25,Green Bay Packers,367,466,264,333,103,133,2,1,5.6,7.4,18,21,0.35714285714285715,0.36363636363636365,3.0,2.0
401326401,2021-10-10T17:00Z,2021,5,Pittsburgh Steelers,Denver Broncos,27,19,Pittsburgh Steelers,391,374,244,268,147,106,1,1,6.4,6.4,19,17,0.5833333333333334,0.16666666666666666,1.0,2.0
401326403,2021-10-10T17:00Z,2021,5,Washington,New Orleans Saints,22,33,New Orleans Saints,373,369,242,271,131,98,2,2,4.9,6.7,26,18,0.3125,0.36363636363636365,2.0,2.0
401326398,2021-10-10T17:00Z,2021,5,Houston Texans,New England Patriots,22,25,New England Patriots,360,352,293,226,67,126,1,2,6.4,5.8,14,21,0.42857142857142855,0.5454545454545454,3.0,1.0
401326399,2021-10-10T17:00Z,2021,5,Jacksonville Jaguars,Tennessee Titans,19,37,Tennessee Titans,454,368,256,184,198,184,2,0,6.9,6.0,24,23,0.3,0.45454545454545453,2.0,3.0
401326402,2021-10-10T17:00Z,2021,5,Tampa Bay Buccaneers,Miami Dolphins,45,17,Tampa Bay Buccaneers,558,301,437,262,121,39,0,2,7.9,5.9,33,17,0.7272727272727273,0.2857142857142857,2.0,3.0
401326400,2021-10-10T17:00Z,2021,5,Minnesota Vikings,Detroit Lions,19,17,Minnesota Vikings,384,288,264,180,120,108,2,2,6.0,4.6,18,22,0.38461538461538464,0.2727272727272727,2.0,4.0
401326404,2021-10-10T20:05Z,2021,5,Los Angeles Chargers,Cleveland Browns,47,42,Los Angeles Chargers,493,531,381,301,112,230,1,0,7.2,7.8,27,25,0.46153846153846156,0.3333333333333333,2.0,1.0
401326405,2021-10-10T20:05Z,2021,5,Las Vegas Raiders,Chicago Bears,9,20,Chicago Bears,259,252,188,109,71,143,1,0,4.3,4.2,16,19,0.35714285714285715,0.46153846153846156,3.0,2.0
401326407,2021-10-10T20:25Z,2021,5,Dallas Cowboys,New York Giants,44,20,Dallas Cowboys,515,367,314,294,201,73,2,2,7.0,5.7,26,20,0.5714285714285714,0.3076923076923077,2.0,0.0
401326406,2021-10-10T20:25Z,2021,5,Arizona Cardinals,San Francisco 49ers,17,10,Arizona Cardinals,304,338,210,186,94,152,1,1,5.1,5.7,20,19,0.3,0.2727272727272727,2.0,2.0
401326408,2021-10-11T00:20Z,2021,5,Kansas City Chiefs,Buffalo Bills,20,38,Buffalo Bills,392,436,272,315,120,121,4,0,5.0,8.1,29,20,0.4166666666666667,0.45454545454545453,2.0,0.0
401326409,2021-10-12T00:15Z,2021,5,Baltimore Ravens,Indianapolis Colts,31,25,Baltimore Ravens,523,513,437,390,86,123,1,1,7.5,8.1,30,29,0.375,0.5,2.0,2.0
401326410,2021-10-15T00:20Z,2021,6,Philadelphia Eagles,Tampa Bay Buccaneers,22,28,Tampa Bay Buccaneers,213,399,113,297,100,102,1,1,4.5,5.5,16,27,0.3,0.5384615384615384,2.0,0.0
401326325,2021-10-17T13:30Z,2021,6,Jacksonville Jaguars,Miami Dolphins,23,20,Jacksonville Jaguars,396,431,312,354,84,77,1,1,6.4,6.3,21,23,0.25,0.5294117647058824,2.0,0.0
401326411,2021-10-17T17:00Z,2021,6,Baltimore Ravens,Los Angeles Chargers,34,6,Baltimore Ravens,327,208,140,182,187,26,2,1,4.8,3.9,27,14,0.5454545454545454,0.25,3.0,2.0
401326413,2021-10-17T17:00Z,2021,6,Chicago Bears,Green Bay Packers,14,24,Green Bay Packers,277,323,137,169,140,154,1,0,4.9,5.7,21,22,0.36363636363636365,0.25,4.0,3.0
401326412,2021-10-17T17:00Z,2021,6,Carolina Panthers,Minnesota Vikings,28,34,Minnesota Vikings,306,571,188,373,118,198,3,1,4.5,6.8,20,26,0.16666666666666666,0.4375,4.0,0.0
401326415,2021-10-17T17:00Z,2021,6,Indianapolis Colts,Houston Texans,31,3,Indianapolis Colts,388,353,214,229,174,124,0,3,8.1,4.8,15,19,0.3,0.5294117647058824,2.0,2.0
401326416,2021-10-17T17:00Z,2021,6,New York Giants,Los Angeles Rams,11,38,Los Angeles Rams,261,365,201,234,60,131,4,2,3.6,5.5,21,22,0.26666666666666666,0.18181818181818182,4.0,2.0
401326414,2021-10-17T17:00Z,2021,6,Detroit Lions,Cincinnati Bengals,11,34,Cincinnati Bengals,228,398,192,256,36,142,1,1,3.7,5.9,15,20,0.35714285714285715,0.5333333333333333,1.0,2.0
401326417,2021-10-17T17:00Z,2021,6,Washington,Kansas City Chiefs,13,31,Kansas City Chiefs,276,499,182,390,94,109,2,3,4.8,6.4,15,29,0.5,0.6470588235294118,0.0,3.0
401326418,2021-10-17T20:05Z,2021,6,Cleveland Browns,Arizona Cardinals,14,37,Arizona Cardinals,290,352,217,208,73,144,3,0,5.3,5.1,16,24,0.3,0.5333333333333333,5.0,2.0
401326420,2021-10-17T20:25Z,2021,6,New England Patriots,Dallas Cowboys,29,35,Dallas Cowboys,335,567,215,445,120,122,2,2,6.7,6.9,17,32,0.3333333333333333,0.23076923076923078,2.0,0.0
401326419,2021-10-17T20:25Z,2021,6,Denver Broncos,Las Vegas Raiders,24,34,Las Vegas Raiders,421,426,309,340,112,86,4,0,5.5,8.2,25,16,0.35714285714285715,0.36363636363636365,5.0,2.0
401326421,2021-10-18T00:20Z,2021,6,Pittsburgh Steelers,Seattle Seahawks,23,20,Pittsburgh Steelers,345,309,226,165,119,144,1,1,4.9,4.8,22,18,0.35714285714285715,0.25,1.0,5.0
401326422,2021-10-19T00:15Z,2021,6,Tennessee Titans,Buffalo Bills,34,31,Tennessee Titans,362,417,216,335,146,82,1,1,7.1,5.7,16,28,0.4,0.5384615384615384,0.0,3.0
401326423,2021-10-22T00:20Z,2021,7,Cleveland Browns,Denver Broncos,17,14,Cleveland Browns,376,223,194,182,182,41,0,1,5.6,4.6,23,15,0.6,0.45454545454545453,1.0,2.0
401326424,2021-10-24T17:00Z,2021,7,Baltimore Ravens,Cincinnati Bengals,17,41,Cincinnati Bengals,393,520,278,409,115,111,0,1,5.5,8.3,20,19,0.3125,0.3076923076923077,5.0,1.0
401326426,2021-10-24T17:00Z,2021,7,Miami Dolphins,Atlanta Falcons,28,30,Atlanta Falcons,413,397,281,325,132,72,2,2,5.9,6.3,27,21,0.6363636363636364,0.46153846153846156,1.0,1.0
401326427,2021-10-24T17:00Z,2021,7,New England Patriots,New York Jets,54,13,New England Patriots,551,299,403,237,148,62,0,3,7.4,4.9,32,18,0.5833333333333334,0.5384615384615384,1.0,2.0
401326429,2021-10-24T17:00Z,2021,7,Tennessee Titans,Kansas City Chiefs,27,3,Tennessee Titans,369,334,266,257,103,77,1,3,5.8,4.9,24,22,0.6666666666666666,0.36363636363636365,1.0,4.0
401326425,2021-10-24T17:00Z,2021,7,Green Bay Packers,Washington,24,10,Green Bay Packers,304,430,247,235,57,195,1,2,5.7,6.1,19,25,0.5,0.36363636363636365,3.0,4.0
401326428,2021-10-24T17:00Z,2021,7,New York Giants,Carolina Panthers,25,3,New York Giants,302,173,199,117,103,56,0,1,4.5,2.8,21,11,0.4375,0.13333333333333333,2.0,6.0
401326431,2021-10-24T20:05Z,2021,7,Las Vegas Raiders,Philadelphia Eagles,33,22,Las Vegas Raiders,442,358,323,223,119,135,1,2,7.0,5.3,23,22,0.3333333333333333,0.46153846153846156,0.0,2.0
401326430,2021-10-24T20:05Z,2021,7,Los Angeles Rams,Detroit Lions,28,19,Los Angeles Rams,374,415,327,278,47,137,0,2,6.1,6.2,22,19,0.6923076923076923,0.4,1.0,2.0
401326432,2021-10-24T20:25Z,2021,7,Arizona Cardinals,Houston Texans,31,5,Arizona Cardinals,397,160,225,118,172,42,1,1,5.8,3.3,24,8,0.5,0.15384615384615385,4.0,2.0
401326433,2021-10-24T20:25Z,2021,7,Tampa Bay Buccaneers,Chicago Bears,38,3,Tampa Bay Buccaneers,408,311,226,168,182,143,1,5,5.8,4.8,28,17,0.3333333333333333,0.18181818181818182,0.0,4.0
401326434,2021-10-25T00:20Z,2021,7,San Francisco 49ers,Indianapolis Colts,18,30,Indianapolis Colts,280,295,169,147,111,148,4,2,5.3,4.9,13,17,0.09090909090909091,0.42857142857142855,2.0,1.0
401326435,2021-10-26T00:15Z,2021,7,Seattle Seahawks,New Orleans Saints,10,13,New Orleans Saints,219,304,129,210,90,94,0,1,4.0,4.5,14,21,0.25,0.15384615384615385,5.0,2.0
401326436,2021-10-29T00:20Z,2021,8,Arizona Cardinals,Green Bay Packers,21,24,Green Bay Packers,334,335,260,184,74,151,3,0,6.1,4.7,22,24,0.4,0.42857142857142855,2.0,1.0
401326437,2021-10-31T17:00Z,2021,8,Atlanta Falcons,Carolina Panthers,13,19,Carolina Panthers,213,332,131,129,82,203,2,1,4.3,4.6,17,21,0.3,0.5882352941176471,3.0,0.0
401326443,2021-10-31T17:00Z,2021,8,Indianapolis Colts,Tennessee Titans,31,34,Tennessee Titans,307,340,224,247,83,93,3,2,4.3,5.0,24,18,0.4375,0.47058823529411764,1.0,3.0
401326444,2021-10-31T17:00Z,2021,8,New York Jets,Cincinnati Bengals,34,31,New York Jets,511,318,414,277,97,41,3,1,6.6,5.9,32,18,0.5454545454545454,0.4,2.0,3.0
401326441,2021-10-31T17:00Z,2021,8,Detroit Lions,Philadelphia Eagles,6,44,Philadelphia Eagles,228,350,171,114,57,236,1,0,3.9,5.6,15,27,0.35714285714285715,0.5,6.0,0.0
401326438,2021-10-31T17:00Z,2021,8,Buffalo Bills,Miami Dolphins,26,11,Buffalo Bills,351,262,249,194,102,68,0,2,5.3,4.1,24,16,0.46153846153846156,0.2857142857142857,0.0,2.0
401326442,2021-10-31T17:00Z,2021,8,Houston Texans,Los Angeles Rams,22,38,Los Angeles Rams,323,467,279,302,44,165,1,0,5.6,7.1,18,26,0.3333333333333333,0.36363636363636365,5.0,1.0
401326440,2021-10-31T17:00Z,2021,8,Cleveland Browns,Pittsburgh Steelers,10,15,Pittsburgh Steelers,306,370,210,255,96,115,1,0,5.3,5.4,19,21,0.3,0.3076923076923077,4.0,2.0
401326439,2021-10-31T17:00Z,2021,8,Chicago Bears,San Francisco 49ers,22,33,San Francisco 49ers,324,467,148,322,176,145,1,0,4.8,8.6,22,21,0.5333333333333333,0.4,4.0,0.0
401326446,2021-10-31T20:05Z,2021,8,Seattle Seahawks,Jacksonville Jaguars,31,7,Seattle Seahawks,229,309,160,227,69,82,0,1,4.4,4.2,17,20,0.3,0.35714285714285715,3.0,1.0
401326445,2021-10-31T20:05Z,2021,8,Los Angeles Chargers,New England Patriots,24,27,New England Patriots,369,352,206,210,163,142,2,1,6.4,4.7,17,21,0.3333333333333333,0.47368421052631576,3.0,1.0
401326448,2021-10-31T20:25Z,2021,8,New Orleans Saints,Tampa Bay Buccaneers,36,27,New Orleans Saints,361,421,209,350,152,71,0,3,5.0,7.3,26,16,0.35714285714285715,0.6153846153846154,1.0,3.0
401326447,2021-10-31T20:25Z,2021,8,Denver Broncos,Washington,17,10,Denver Broncos,273,342,190,230,83,112,1,2,5.4,5.0,17,21,0.5384615384615384,0.35714285714285715,4.0,5.0
401326449,2021-11-01T00:20Z,2021,8,Minnesota Vikings,Dallas Cowboys,16,20,Dallas Cowboys,278,419,177,341,101,78,0,2,4.6,6.2,17,23,0.07692307692307693,0.5,1.0,3.0
401326450,2021-11-02T00:15Z,2021,8,Kansas City Chiefs,New York Giants,20,17,Kansas City Chiefs,368,300,261,228,107,72,2,1,4.8,5.4,29,18,0.4166666666666667,0.3333333333333333,2.0,3.0
401326451,2021-11-05T00:20Z,2021,9,Indianapolis Colts,New York Jets,45,30,Indianapolis Colts,532,486,272,398,260,88,0,2,8.7,6.5,28,30,0.5,0.5714285714285714,1.0,2.0
401326454,2021-11-07T18:00Z,2021,9,Cincinnati Bengals,Cleveland Browns,16,41,Cleveland Browns,348,361,263,208,85,153,3,0,5.0,7.8,25,14,0.2727272727272727,0.3333333333333333,5.0,2.0
401326459,2021-11-07T18:00Z,2021,9,New York Giants,Las Vegas Raiders,23,16,New York Giants,247,403,98,286,149,117,1,3,4.6,6.0,16,24,0.5,0.3333333333333333,3.0,1.0
401326457,2021-11-07T18:00Z,2021,9,Miami Dolphins,Houston Texans,17,9,Miami Dolphins,262,272,215,199,47,73,5,4,3.6,4.1,22,14,0.5625,0.35294117647058826,4.0,5.0
401326458,2021-11-07T18:00Z,2021,9,New Orleans Saints,Atlanta Falcons,25,27,Atlanta Falcons,376,366,267,332,109,34,1,0,5.4,6.4,26,18,0.3,0.38461538461538464,1.0,2.0
401326453,2021-11-07T18:00Z,2021,9,Carolina Panthers,New England Patriots,6,24,New England Patriots,240,273,162,122,78,151,3,2,4.2,4.6,13,17,0.2727272727272727,0.42857142857142855,1.0,2.0
401326455,2021-11-07T18:00Z,2021,9,Dallas Cowboys,Denver Broncos,16,30,Denver Broncos,290,407,212,217,78,190,2,0,5.1,5.6,14,23,0.38461538461538464,0.5333333333333333,2.0,4.0
401326452,2021-11-07T18:00Z,2021,9,Baltimore Ravens,Minnesota Vikings,34,31,Baltimore Ravens,500,318,253,187,247,131,2,0,5.6,6.1,36,13,0.4,0.35714285714285715,3.0,0.0
401326456,2021-11-07T18:00Z,2021,9,Jacksonville Jaguars,Buffalo Bills,9,6,Jacksonville Jaguars,218,301,139,229,79,72,1,3,3.8,4.6,16,17,0.15384615384615385,0.4,2.0,4.0
401326460,2021-11-07T21:05Z,2021,9,Philadelphia Eagles,Los Angeles Chargers,24,27,Los Angeles Chargers,331,445,155,356,176,89,0,0,5.8,6.8,20,28,0.6666666666666666,0.5,1.0,0.0
401326462,2021-11-07T21:25Z,2021,9,San Francisco 49ers,Arizona Cardinals,17,31,Arizona Cardinals,337,437,298,274,39,163,3,0,6.0,6.4,22,22,0.4,0.4666666666666667,5.0,2.0
401326461,2021-11-07T21:25Z,2021,9,Kansas City Chiefs,Green Bay Packers,13,7,Kansas City Chiefs,237,301,160,179,77,122,0,2,3.8,5.0,14,19,0.35714285714285715,0.16666666666666666,1.0,1.0
401326463,2021-11-08T01:20Z,2021,9,Los Angeles Rams,Tennessee Titans,16,28,Tennessee Titans,347,194,253,125,94,69,2,1,4.7,3.5,22,16,0.26666666666666666,0.3333333333333333,5.0,3.0
401326464,2021-11-09T01:15Z,2021,9,Pittsburgh Steelers,Chicago Bears,29,27,Pittsburgh Steelers,280,414,175,278,105,136,1,2,4.2,7.1,20,20,0.35294117647058826,0.3333333333333333,4.0,3.0
401326465,2021-11-12T01:20Z,2021,10,Miami Dolphins,Baltimore Ravens,22,10,Miami Dolphins,350,304,290,210,60,94,0,2,5.6,4.3,17,23,0.23076923076923078,0.14285714285714285,4.0,4.0
401326472,2021-11-14T18:00Z,2021,10,Washington,Tampa Bay Buccaneers,29,19,Washington,320,273,226,220,94,53,1,2,4.5,5.8,23,14,0.5789473684210527,0.4,5.0,0.0
401326468,2021-11-14T18:00Z,2021,10,New England Patriots,Cleveland Browns,45,7,New England Patriots,452,217,268,118,184,99,0,1,7.3,3.7,30,17,0.7777777777777778,0.09090909090909091,2.0,5.0
401326469,2021-11-14T18:00Z,2021,10,New York Jets,Buffalo Bills,17,45,Buffalo Bills,366,489,296,350,70,139,5,2,5.2,9.1,22,26,0.23076923076923078,0.5714285714285714,1.0,2.0
401326466,2021-11-14T18:00Z,2021,10,Dallas Cowboys,Atlanta Falcons,43,3,Dallas Cowboys,431,214,317,111,114,103,1,3,6.0,4.0,22,11,0.42857142857142855,0.09090909090909091,0.0,2.0
401326467,2021-11-14T18:00Z,2021,10,Indianapolis Colts,Jacksonville Jaguars,23,17,Indianapolis Colts,295,331,168,152,127,179,0,1,4.8,5.3,15,15,0.26666666666666666,0.3333333333333333,1.0,3.0
401326470,2021-11-14T18:00Z,2021,10,Pittsburgh Steelers,Detroit Lions,16,16,TIE,387,306,242,77,145,229,3,0,4.8,4.5,22,17,0.4117647058823529,0.2222222222222222,0.0,4.0
401326471,2021-11-14T18:00Z,2021,10,Tennessee Titans,New Orleans Saints,23,21,Tennessee Titans,264,373,198,287,66,86,0,1,4.6,6.1,17,22,0.25,0.4166666666666667,2.0,4.0
401326474,2021-11-14T21:05Z,2021,10,Los Angeles Chargers,Minnesota Vikings,20,27,Minnesota Vikings,253,381,171,278,82,103,1,1,4.6,5.3,20,24,0.4166666666666667,0.35714285714285715,2.0,2.0
401326473,2021-11-14T21:05Z,2021,10,Arizona Cardinals,Carolina Panthers,10,34,Carolina Panthers,169,341,104,175,65,166,2,2,3.2,4.9,11,24,0.3076923076923077,0.4666666666666667,4.0,0.0
401326475,2021-11-14T21:25Z,2021,10,Denver Broncos,Philadelphia Eagles,13,30,Philadelphia Eagles,308,386,212,170,96,216,1,1,5.6,6.0,17,22,0.09090909090909091,0.46153846153846156,1.0,2.0
401326476,2021-11-14T21:25Z,2021,10,Green Bay Packers,Seattle Seahawks,17,0,Green Bay Packers,393,208,287,133,106,75,1,2,5.6,3.5,22,15,0.5,0.4666666666666667,1.0,3.0
401326477,2021-11-15T01:20Z,2021,10,Las Vegas Raiders,Kansas City Chiefs,14,41,Kansas City Chiefs,299,516,249,422,50,94,2,1,5.9,6.8,15,29,0.1111111111111111,0.6,2.0,0.0
401326478,2021-11-16T01:15Z,2021,10,San Francisco 49ers,Los Angeles Rams,31,10,San Francisco 49ers,335,278,179,226,156,52,0,2,5.2,5.1,20,16,0.5714285714285714,0.3,1.0,2.0
401326479,2021-11-19T01:20Z,2021,11,Atlanta Falcons,New England Patriots,0,25,New England Patriots,165,308,125,174,40,134,4,1,3.2,5.2,11,20,0.18181818181818182,0.3333333333333333,4.0,3.0
401326484,2021-11-21T18:00Z,2021,11,Jacksonville Jaguars,San Francisco 49ers,10,30,San Francisco 49ers,200,333,146,162,54,171,2,0,4.5,5.0,14,25,0.45454545454545453,0.5,3.0,2.0
401326486,2021-11-21T18:00Z,2021,11,New York Jets,Miami Dolphins,17,24,Miami Dolphins,380,388,278,273,102,115,1,1,6.4,5.8,18,20,0.5,0.5714285714285714,2.0,0.0
401326485,2021-11-21T18:00Z,2021,11,Minnesota Vikings,Green Bay Packers,34,31,Minnesota Vikings,408,467,318,372,90,95,0,0,6.2,8.6,25,21,0.6923076923076923,0.6363636363636364,2.0,2.0
401326487,2021-11-21T18:00Z,2021,11,Philadelphia Eagles,New Orleans Saints,40,29,Philadelphia Eagles,380,323,138,214,242,109,1,3,4.9,5.2,21,18,0.5714285714285714,0.46153846153846156,3.0,0.0
401326483,2021-11-21T18:00Z,2021,11,Cleveland Browns,Detroit Lions,13,10,Cleveland Browns,349,245,165,77,184,168,2,2,5.3,5.3,22,12,0.38461538461538464,0.2727272727272727,1.0,0.0
401326481,2021-11-21T18:00Z,2021,11,Carolina Panthers,Washington,21,27,Washington,297,369,186,179,111,190,0,1,6.1,5.7,18,24,0.2222222222222222,0.46153846153846156,1.0,3.0
401326480,2021-11-21T18:00Z,2021,11,Buffalo Bills,Indianapolis Colts,15,41,Indianapolis Colts,311,370,220,106,91,264,4,0,5.8,5.6,19,28,0.5,0.6666666666666666,1.0,0.0
401326482,2021-11-21T18:00Z,2021,11,Chicago Bears,Baltimore Ravens,13,16,Baltimore Ravens,353,299,261,176,92,123,1,1,6.2,3.9,14,23,0.18181818181818182,0.4375,3.0,6.0
401326488,2021-11-21T18:00Z,2021,11,Tennessee Titans,Houston Texans,13,22,Houston Texans,420,190,317,107,103,83,5,0,5.3,3.1,26,15,0.4,0.35294117647058826,2.0,0.0
401326489,2021-11-21T21:05Z,2021,11,Las Vegas Raiders,Cincinnati Bengals,13,32,Cincinnati Bengals,278,288,206,129,72,159,2,1,5.9,4.1,13,23,0.14285714285714285,0.5,2.0,3.0
401326490,2021-11-21T21:25Z,2021,11,Kansas City Chiefs,Dallas Cowboys,19,9,Kansas City Chiefs,370,276,244,194,126,82,2,3,5.6,4.3,22,16,0.3333333333333333,0.3333333333333333,3.0,5.0
401326491,2021-11-21T21:25Z,2021,11,Seattle Seahawks,Arizona Cardinals,13,23,Arizona Cardinals,266,413,180,318,86,95,0,0,5.4,5.2,16,29,0.2,0.5,4.0,2.0
401326492,2021-11-22T01:20Z,2021,11,Los Angeles Chargers,Pittsburgh Steelers,41,37,Los Angeles Chargers,533,300,374,245,159,55,1,0,7.7,4.6,33,22,0.5833333333333334,0.5333333333333333,2.0,3.0
401326493,2021-11-23T01:15Z,2021,11,Tampa Bay Buccaneers,New York Giants,30,10,Tampa Bay Buccaneers,402,215,308,149,94,66,1,3,5.3,4.0,28,15,0.46153846153846156,0.1111111111111111,1.0,2.0
401326494,2021-11-25T17:30Z,2021,12,Detroit Lions,Chicago Bears,14,16,Chicago Bears,239,378,163,310,76,68,1,1,5.3,5.5,14,21,0.4,0.38461538461538464,1.0,1.0
401326495,2021-11-25T21:30Z,2021,12,Dallas Cowboys,Las Vegas Raiders,33,36,Las Vegas Raiders,437,509,373,366,64,143,0,0,6.4,6.6,23,28,0.23076923076923078,0.23076923076923078,1.0,3.0
401326496,2021-11-26T01:20Z,2021,12,New Orleans Saints,Buffalo Bills,6,31,Buffalo Bills,190,361,146,248,44,113,1,2,3.3,5.8,12,21,0.35714285714285715,0.6153846153846154,2.0,2.0
401326503,2021-11-28T18:00Z,2021,12,New York Giants,Philadelphia Eagles,13,7,New York Giants,264,332,194,124,70,208,0,4,4.6,5.1,17,19,0.25,0.36363636363636365,1.0,1.0
401326501,2021-11-28T18:00Z,2021,12,Miami Dolphins,Carolina Panthers,33,10,Miami Dolphins,315,198,204,134,111,64,1,3,4.4,3.7,22,10,0.42857142857142855,0.2857142857142857,2.0,5.0
401326500,2021-11-28T18:00Z,2021,12,Jacksonville Jaguars,Atlanta Falcons,14,21,Atlanta Falcons,357,332,216,183,141,149,2,1,5.0,5.6,20,21,0.5625,0.4166666666666667,1.0,1.0
401326502,2021-11-28T18:00Z,2021,12,New England Patriots,Tennessee Titans,36,13,New England Patriots,394,355,289,85,105,270,0,4,6.8,5.7,23,18,0.4,0.45454545454545453,2.0,2.0
401326497,2021-11-28T18:00Z,2021,12,Cincinnati Bengals,Pittsburgh Steelers,41,10,Cincinnati Bengals,370,301,172,250,198,51,1,3,5.7,5.1,25,16,0.45454545454545453,0.5384615384615384,2.0,3.0
401326498,2021-11-28T18:00Z,2021,12,Houston Texans,New York Jets,14,21,New York Jets,202,266,106,109,96,157,1,1,3.7,4.3,13,18,0.42857142857142855,0.15384615384615385,5.0,4.0
401326499,2021-11-28T18:00Z,2021,12,Indianapolis Colts,Tampa Bay Buccaneers,31,38,Tampa Bay Buccaneers,392,359,285,217,107,142,5,2,5.9,5.7,24,28,0.45454545454545453,0.25,3.0,2.0
401326504,2021-11-28T21:05Z,2021,12,Denver Broncos,Los Angeles Chargers,28,13,Denver Broncos,302,357,155,285,147,72,1,2,5.1,5.6,23,20,0.7272727272727273,0.5,1.0,3.0
401326506,2021-11-28T21:25Z,2021,12,San Francisco 49ers,Minnesota Vikings,34,26,San Francisco 49ers,423,323,215,256,208,67,1,2,6.3,6.2,23,17,0.4166666666666667,0.25,2.0,1.0
401326505,2021-11-28T21:25Z,2021,12,Green Bay Packers,Los Angeles Rams,36,28,Green Bay Packers,399,353,307,285,92,68,1,3,5.1,5.8,21,15,0.3684210526315789,0.3076923076923077,1.0,2.0
401326507,2021-11-29T01:20Z,2021,12,Baltimore Ravens,Cleveland Browns,16,10,Baltimore Ravens,303,262,155,222,148,40,4,2,3.9,4.6,22,14,0.4666666666666667,0.3076923076923077,2.0,3.0
401326508,2021-11-30T01:15Z,2021,12,Washington,Seattle Seahawks,17,15,Washington,371,267,219,233,152,34,1,1,4.7,5.9,27,10,0.38461538461538464,0.3333333333333333,1.0,2.0
401326509,2021-12-03T01:20Z,2021,13,New Orleans Saints,Dallas Cowboys,17,27,Dallas Cowboys,405,377,252,231,153,146,4,1,5.9,5.8,17,17,0.35714285714285715,0.15384615384615385,2.0,1.0
401326510,2021-12-05T18:00Z,2021,13,Atlanta Falcons,Tampa Bay Buccaneers,17,30,Tampa Bay Buccaneers,380,425,259,368,121,57,1,1,5.5,6.2,21,25,0.5294117647058824,0.6153846153846154,5.0,0.0
401326516,2021-12-05T18:00Z,2021,13,Miami Dolphins,New York Giants,20,9,Miami Dolphins,297,250,229,159,68,91,0,1,4.4,3.9,19,16,0.4,0.375,2.0,3.0
401326514,2021-12-05T18:00Z,2021,13,Houston Texans,Indianapolis Colts,0,31,Indianapolis Colts,141,389,57,151,84,238,2,1,2.8,5.5,9,26,0.25,0.5384615384615384,4.0,1.0
401326517,2021-12-05T18:00Z,2021,13,New York Jets,Philadelphia Eagles,18,33,Philadelphia Eagles,281,418,211,233,70,185,1,0,4.9,6.1,21,26,0.3333333333333333,0.46153846153846156,2.0,2.0
401326511,2021-12-05T18:00Z,2021,13,Chicago Bears,Arizona Cardinals,22,33,Arizona Cardinals,329,257,217,120,112,137,4,0,4.6,5.0,26,14,0.4,0.45454545454545453,3.0,1.0
401326512,2021-12-05T18:00Z,2021,13,Cincinnati Bengals,Los Angeles Chargers,22,41,Los Angeles Chargers,356,363,260,284,96,79,4,3,5.0,6.0,21,18,0.5,0.3076923076923077,6.0,4.0
401326513,2021-12-05T18:00Z,2021,13,Detroit Lions,Minnesota Vikings,29,27,Detroit Lions,372,426,272,326,100,100,2,1,5.2,6.0,23,26,0.18181818181818182,0.46153846153846156,3.0,3.0
401326518,2021-12-05T21:05Z,2021,13,Las Vegas Raiders,Washington,15,17,Washington,310,298,234,186,76,112,0,1,5.5,4.9,22,23,0.25,0.5384615384615384,2.0,1.0
401326519,2021-12-05T21:05Z,2021,13,Los Angeles Rams,Jacksonville Jaguars,37,7,Los Angeles Rams,418,197,290,136,128,61,0,2,6.3,3.6,24,14,0.4166666666666667,0.4166666666666667,1.0,2.0
401326520,2021-12-05T21:25Z,2021,13,Pittsburgh Steelers,Baltimore Ravens,20,19,Pittsburgh Steelers,321,326,236,219,85,107,0,1,5.6,4.7,17,22,0.4166666666666667,0.5,1.0,7.0
401326521,2021-12-05T21:25Z,2021,13,Seattle Seahawks,San Francisco 49ers,30,23,Seattle Seahawks,327,365,181,294,146,71,3,3,4.8,6.5,21,17,0.3333333333333333,0.3,4.0,1.0
401326515,2021-12-06T01:20Z,2021,13,Kansas City Chiefs,Denver Broncos,22,9,Kansas City Chiefs,267,404,178,250,89,154,1,3,4.9,5.6,15,22,0.4166666666666667,0.2857142857142857,1.0,1.0
401326522,2021-12-07T01:15Z,2021,13,Buffalo Bills,New England Patriots,10,14,New England Patriots,230,241,131,19,99,222,1,1,4.0,4.9,16,11,0.3076923076923077,0.16666666666666666,2.0,0.0
401326523,2021-12-10T01:20Z,2021,14,Minnesota Vikings,Pittsburgh Steelers,36,28,Minnesota Vikings,458,375,216,269,242,106,2,1,6.8,5.4,22,22,0.35714285714285715,0.3076923076923077,0.0,5.0
401326526,2021-12-12T18:00Z,2021,14,Cleveland Browns,Baltimore Ravens,24,22,Cleveland Browns,290,389,190,271,100,118,1,2,4.8,5.6,20,21,0.46153846153846156,0.08333333333333333,0.0,4.0
401326524,2021-12-12T18:00Z,2021,14,Carolina Panthers,Atlanta Falcons,21,29,Atlanta Falcons,334,318,243,190,91,128,3,1,5.4,5.0,21,20,0.36363636363636365,0.5,1.0,0.0
401326531,2021-12-12T18:00Z,2021,14,Washington,Dallas Cowboys,20,27,Dallas Cowboys,224,323,124,201,100,122,4,2,3.6,4.1,14,19,0.21428571428571427,0.3888888888888889,5.0,4.0
401326528,2021-12-12T18:00Z,2021,14,Kansas City Chiefs,Las Vegas Raiders,48,9,Kansas City Chiefs,372,290,240,246,132,44,0,5,6.5,4.8,21,19,0.6923076923076923,0.36363636363636365,3.0,4.0
401326529,2021-12-12T18:00Z,2021,14,New York Jets,New Orleans Saints,9,30,New Orleans Saints,256,344,178,141,78,203,0,0,4.1,5.1,13,21,0.21428571428571427,0.4,3.0,3.0
401326527,2021-12-12T18:00Z,2021,14,Houston Texans,Seattle Seahawks,13,33,Seattle Seahawks,380,453,317,260,63,193,0,0,5.0,7.9,25,20,0.23076923076923078,0.5384615384615384,2.0,0.0
401326530,2021-12-12T18:00Z,2021,14,Tennessee Titans,Jacksonville Jaguars,20,0,Tennessee Titans,263,192,161,184,102,8,0,4,3.8,3.8,22,9,0.4,0.38461538461538464,4.0,3.0
401326533,2021-12-12T21:05Z,2021,14,Los Angeles Chargers,New York Giants,37,21,Los Angeles Chargers,423,316,271,181,152,135,0,2,6.0,4.9,26,20,0.5384615384615384,0.5,2.0,2.0
401326532,2021-12-12T21:05Z,2021,14,Denver Broncos,Detroit Lions,38,10,Denver Broncos,358,316,174,198,184,118,0,2,5.5,5.1,25,17,0.6666666666666666,0.35714285714285715,1.0,2.0
401326525,2021-12-12T21:25Z,2021,14,Cincinnati Bengals,San Francisco 49ers,23,26,San Francisco 49ers,397,355,311,255,86,100,2,0,6.1,5.1,22,21,0.3076923076923077,0.3333333333333333,5.0,5.0
401326534,2021-12-12T21:25Z,2021,14,Tampa Bay Buccaneers,Buffalo Bills,33,27,Tampa Bay Buccaneers,488,466,351,293,137,173,0,1,6.3,6.1,26,27,0.5,0.15384615384615385,2.0,3.0
401326535,2021-12-13T01:20Z,2021,14,Green Bay Packers,Chicago Bears,45,30,Green Bay Packers,439,347,320,210,119,137,0,3,6.9,6.0,27,16,0.4,0.38461538461538464,3.0,2.0
401326536,2021-12-14T01:15Z,2021,14,Arizona Cardinals,Los Angeles Rams,23,30,Los Angeles Rams,447,356,344,267,103,89,2,0,6.0,6.6,22,18,0.5333333333333333,0.5,4.0,3.0
401326537,2021-12-17T01:20Z,2021,15,Los Angeles Chargers,Kansas City Chiefs,28,34,Kansas City Chiefs,428,496,236,410,192,86,2,2,5.5,7.3,28,26,0.46153846153846156,0.5833333333333334,0.0,1.0
401326540,2021-12-19T01:15Z,2021,15,Indianapolis Colts,New England Patriots,27,17,Indianapolis Colts,275,365,49,284,226,81,1,2,5.3,5.6,15,20,0.2,0.4,1.0,1.0
401326545,2021-12-19T18:00Z,2021,15,Jacksonville Jaguars,Houston Texans,16,30,Houston Texans,296,281,189,206,107,75,0,1,4.5,4.9,21,13,0.21428571428571427,0.5555555555555556,3.0,1.0
401326547,2021-12-19T18:00Z,2021,15,Pittsburgh Steelers,Tennessee Titans,19,13,Pittsburgh Steelers,168,318,133,117,35,201,0,4,3.7,4.1,12,22,0.18181818181818182,0.4444444444444444,3.0,4.0
401326538,2021-12-19T18:00Z,2021,15,Buffalo Bills,Carolina Panthers,31,14,Buffalo Bills,312,275,193,124,119,151,1,1,4.8,3.9,21,19,0.42857142857142855,0.4117647058823529,4.0,4.0
401326546,2021-12-19T18:00Z,2021,15,New York Giants,Dallas Cowboys,6,21,Dallas Cowboys,302,328,178,203,124,125,4,1,5.0,4.7,15,23,0.42857142857142855,0.5714285714285714,1.0,3.0
401326544,2021-12-19T18:00Z,2021,15,Detroit Lions,Arizona Cardinals,30,12,Detroit Lions,338,398,212,293,126,105,1,1,5.5,5.5,22,23,0.46153846153846156,0.4666666666666667,2.0,2.0
401326541,2021-12-19T18:00Z,2021,15,Miami Dolphins,New York Jets,31,24,Miami Dolphins,379,228,196,126,183,102,3,1,5.4,4.2,23,16,0.4166666666666667,0.2727272727272727,1.0,6.0
401326549,2021-12-19T21:05Z,2021,15,San Francisco 49ers,Atlanta Falcons,31,13,San Francisco 49ers,397,275,235,213,162,62,1,1,7.1,4.7,23,13,0.5454545454545454,0.38461538461538464,0.0,3.0
401326548,2021-12-19T21:05Z,2021,15,Denver Broncos,Cincinnati Bengals,10,15,Cincinnati Bengals,292,249,159,136,133,113,1,0,4.1,4.9,19,12,0.4375,0.3076923076923077,3.0,3.0
401326543,2021-12-19T21:25Z,2021,15,Baltimore Ravens,Green Bay Packers,30,31,Green Bay Packers,354,346,211,250,143,96,0,0,5.3,5.9,24,26,0.5384615384615384,0.5555555555555556,1.0,3.0
401326551,2021-12-20T01:20Z,2021,15,Tampa Bay Buccaneers,New Orleans Saints,0,9,New Orleans Saints,302,212,184,151,118,61,2,0,4.1,3.5,17,11,0.3157894736842105,0.1875,4.0,2.0
401326539,2021-12-20T22:00Z,2021,15,Cleveland Browns,Las Vegas Raiders,14,16,Las Vegas Raiders,236,328,147,230,89,98,0,2,4.4,5.0,13,20,0.42857142857142855,0.46153846153846156,0.0,2.0
401326552,2021-12-21T01:15Z,2021,15,Chicago Bears,Minnesota Vikings,9,17,Minnesota Vikings,370,193,255,61,115,132,3,1,5.3,3.2,24,13,0.16666666666666666,0.29411764705882354,3.0,4.0
401326550,2021-12-22T00:00Z,2021,15,Los Angeles Rams,Seattle Seahawks,20,10,Los Angeles Rams,332,214,209,134,123,80,1,1,5.4,4.0,20,13,0.5,0.2727272727272727,4.0,3.0
401326542,2021-12-22T00:00Z,2021,15,Philadelphia Eagles,Washington,27,17,Philadelphia Eagles,519,237,281,174,238,63,2,0,7.4,4.4,23,14,0.5384615384615384,0.46153846153846156,3.0,2.0
401326553,2021-12-24T01:20Z,2021,16,Tennessee Titans,San Francisco 49ers,20,17,Tennessee Titans,278,389,188,306,90,83,0,2,4.8,6.7,16,22,0.5625,0.375,4.0,2.0
401326554,2021-12-25T21:30Z,2021,16,Green Bay Packers,Cleveland Browns,24,22,Green Bay Packers,311,408,202,189,109,219,0,4,5.4,6.2,19,28,0.3,0.5833333333333334,0.0,5.0
401326555,2021-12-26T01:15Z,2021,16,Arizona Cardinals,Indianapolis Colts,16,22,Indianapolis Colts,378,346,245,220,133,126,0,0,5.9,5.5,20,20,0.46153846153846156,0.5333333333333333,0.0,2.0
401326556,2021-12-26T18:00Z,2021,16,Atlanta Falcons,Detroit Lions,20,16,Atlanta Falcons,254,338,207,208,47,130,1,1,5.6,5.0,14,19,0.25,0.4375,3.0,0.0
401326559,2021-12-26T18:00Z,2021,16,Houston Texans,Los Angeles Chargers,41,29,Houston Texans,437,417,248,328,189,89,0,3,6.8,7.3,26,25,0.6923076923076923,0.6666666666666666,1.0,1.0
401326560,2021-12-26T18:00Z,2021,16,Minnesota Vikings,Los Angeles Rams,23,30,Los Angeles Rams,361,356,295,197,66,159,1,3,5.7,5.1,19,22,0.16666666666666666,0.5,3.0,0.0
401326558,2021-12-26T18:00Z,2021,16,Cincinnati Bengals,Baltimore Ravens,41,21,Cincinnati Bengals,575,334,498,295,77,39,0,1,8.2,5.9,33,21,0.5,0.5454545454545454,3.0,1.0
401326561,2021-12-26T18:00Z,2021,16,New England Patriots,Buffalo Bills,21,33,Buffalo Bills,288,428,139,314,149,114,2,0,4.8,5.7,20,28,0.1,0.5,1.0,0.0
401326562,2021-12-26T18:00Z,2021,16,New York Jets,Jacksonville Jaguars,26,21,New York Jets,373,384,100,252,273,132,0,1,6.3,5.4,18,27,0.3333333333333333,0.46153846153846156,1.0,1.0
401326557,2021-12-26T18:00Z,2021,16,Carolina Panthers,Tampa Bay Buccaneers,6,32,Tampa Bay Buccaneers,273,391,206,232,67,159,1,0,4.1,6.3,16,21,0.3888888888888889,0.5,7.0,0.0
401326563,2021-12-26T18:00Z,2021,16,Philadelphia Eagles,New York Giants,34,10,Philadelphia Eagles,324,192,194,108,130,84,0,2,5.4,2.6,17,15,0.38461538461538464,0.4,1.0,2.0
401326564,2021-12-26T21:05Z,2021,16,Seattle Seahawks,Chicago Bears,24,25,Chicago Bears,331,317,161,229,170,88,0,0,6.2,4.6,18,26,0.3,0.5,2.0,4.0
401326565,2021-12-26T21:25Z,2021,16,Kansas City Chiefs,Pittsburgh Steelers,36,10,Kansas City Chiefs,381,303,254,173,127,130,0,3,5.7,4.3,25,20,0.36363636363636365,0.38461538461538464,2.0,2.0
401326566,2021-12-26T21:25Z,2021,16,Las Vegas Raiders,Denver Broncos,17,13,Las Vegas Raiders,342,158,182,140,160,18,3,0,5.1,4.0,22,8,0.5,0.1,2.0,2.0
401326567,2021-12-27T01:20Z,2021,16,Dallas Cowboys,Washington,56,14,Dallas Cowboys,497,257,389,172,108,85,0,2,6.8,4.5,28,14,0.6666666666666666,0.23076923076923078,3.0,5.0
401326568,2021-12-28T01:15Z,2021,16,New Orleans Saints,Miami Dolphins,3,20,Miami Dolphins,164,259,81,173,83,86,2,1,3.2,4.4,10,16,0.0,0.3333333333333333,8.0,3.0
401326578,2022-01-02T18:00Z,2021,17,Washington,Philadelphia Eagles,16,20,Philadelphia Eagles,312,330,218,212,94,118,1,0,5.1,5.4,24,18,0.6,0.3333333333333333,3.0,1.0
401326569,2022-01-02T18:00Z,2021,17,Buffalo Bills,Atlanta Falcons,29,15,Buffalo Bills,351,265,118,169,233,96,3,1,4.9,5.3,28,18,0.5833333333333334,0.14285714285714285,1.0,5.0
401326571,2022-01-02T18:00Z,2021,17,Cincinnati Bengals,Kansas City Chiefs,34,31,Cincinnati Bengals,475,414,415,259,60,155,0,0,7.5,7.1,23,23,0.4,0.5454545454545454,4.0,0.0
401326573,2022-01-02T18:00Z,2021,17,Indianapolis Colts,Las Vegas Raiders,20,23,Las Vegas Raiders,262,326,140,241,122,85,0,2,4.9,5.3,16,18,0.2727272727272727,0.42857142857142855,1.0,2.0
401326574,2022-01-02T18:00Z,2021,17,New England Patriots,Jacksonville Jaguars,50,10,New England Patriots,471,253,290,173,181,80,0,3,6.7,5.5,32,11,0.8,0.3333333333333333,0.0,2.0
401326581,2022-01-02T18:00Z,2021,17,Baltimore Ravens,Los Angeles Rams,19,20,Los Angeles Rams,327,373,162,300,165,73,2,3,4.7,6.7,19,20,0.2857142857142857,0.3333333333333333,5.0,1.0
401326576,2022-01-02T18:00Z,2021,17,New York Jets,Tampa Bay Buccaneers,24,28,Tampa Bay Buccaneers,374,467,224,405,150,62,1,1,6.2,6.5,22,26,0.5454545454545454,0.6,1.0,1.0
401326570,2022-01-02T18:00Z,2021,17,Chicago Bears,New York Giants,29,3,Chicago Bears,249,155,162,-6,87,161,2,4,3.8,2.8,17,13,0.375,0.09090909090909091,2.0,4.0
401326577,2022-01-02T18:00Z,2021,17,Tennessee Titans,Miami Dolphins,34,3,Tennessee Titans,308,256,110,182,198,74,0,2,5.2,4.3,17,16,0.4666666666666667,0.25,1.0,4.0
401326579,2022-01-02T21:05Z,2021,17,Los Angeles Chargers,Denver Broncos,34,13,Los Angeles Chargers,341,319,237,236,104,83,0,1,5.2,5.7,21,18,0.6,0.2727272727272727,0.0,1.0
401326580,2022-01-02T21:05Z,2021,17,San Francisco 49ers,Houston Texans,23,7,San Francisco 49ers,416,222,241,136,175,86,1,1,6.8,3.6,19,15,0.38461538461538464,0.3333333333333333,1.0,3.0
401326575,2022-01-02T21:25Z,2021,17,New Orleans Saints,Carolina Panthers,18,10,New Orleans Saints,280,178,207,90,73,88,0,2,4.8,3.0,15,16,0.38461538461538464,0.42857142857142855,2.0,7.0
401326582,2022-01-02T21:25Z,2021,17,Seattle Seahawks,Detroit Lions,51,29,Seattle Seahawks,497,357,232,262,265,95,0,3,7.0,6.1,29,20,0.5833333333333334,0.5,1.0,0.0
401326572,2022-01-02T21:25Z,2021,17,Dallas Cowboys,Arizona Cardinals,22,25,Arizona Cardinals,301,399,256,272,45,127,1,0,5.3,5.5,19,23,0.2727272727272727,0.4375,1.0,1.0
401326583,2022-01-03T01:20Z,2021,17,Green Bay Packers,Minnesota Vikings,37,10,Green Bay Packers,481,206,307,179,174,27,0,0,6.5,4.0,29,11,0.5384615384615384,0.16666666666666666,0.0,2.0
401326584,2022-01-04T01:15Z,2021,17,Pittsburgh Steelers,Cleveland Browns,26,14,Pittsburgh Steelers,299,232,109,139,190,93,1,2,3.8,3.5,20,15,0.2777777777777778,0.29411764705882354,2.0,9.0
401326598,2022-01-08T21:30Z,2021,18,Denver Broncos,Kansas City Chiefs,24,28,Kansas City Chiefs,364,390,173,255,191,135,1,0,6.7,5.3,18,28,0.5833333333333334,0.5714285714285714,1.0,1.0
401326595,2022-01-09T01:15Z,2021,18,Philadelphia Eagles,Dallas Cowboys,26,51,Dallas Cowboys,315,475,166,304,149,171,1,0,4.5,7.8,22,22,0.5555555555555556,0.6153846153846154,3.0,1.0
401326586,2022-01-09T18:00Z,2021,18,Baltimore Ravens,Pittsburgh Steelers,13,16,Pittsburgh Steelers,381,314,132,235,249,79,3,1,5.4,4.2,20,19,0.21428571428571427,0.35294117647058826,3.0,1.0
401326588,2022-01-09T18:00Z,2021,18,Cleveland Browns,Cincinnati Bengals,21,16,Cleveland Browns,376,182,171,103,205,79,2,0,5.7,3.6,24,11,0.5,0.35714285714285715,1.0,4.0
401326593,2022-01-09T18:00Z,2021,18,Minnesota Vikings,Chicago Bears,31,17,Minnesota Vikings,331,356,227,266,104,90,0,2,7.0,4.4,11,24,0.5384615384615384,0.3333333333333333,3.0,7.0
401326589,2022-01-09T18:00Z,2021,18,Detroit Lions,Green Bay Packers,37,30,Detroit Lions,404,378,305,256,99,122,0,3,6.8,5.7,19,22,0.36363636363636365,0.5714285714285714,1.0,4.0
401326594,2022-01-09T18:00Z,2021,18,New York Giants,Washington,7,22,Washington,177,325,83,99,94,226,3,0,3.0,5.6,10,16,0.35294117647058826,0.23076923076923078,3.0,3.0
401326591,2022-01-09T18:00Z,2021,18,Jacksonville Jaguars,Indianapolis Colts,26,11,Jacksonville Jaguars,318,233,217,139,101,94,0,2,5.0,4.4,19,13,0.4666666666666667,0.3333333333333333,1.0,6.0
401326590,2022-01-09T18:00Z,2021,18,Houston Texans,Tennessee Titans,25,28,Tennessee Titans,353,405,289,281,64,124,0,0,6.3,6.2,18,23,0.36363636363636365,0.6153846153846154,2.0,1.0
401326585,2022-01-09T21:25Z,2021,18,Atlanta Falcons,New Orleans Saints,20,30,New Orleans Saints,257,369,195,174,62,195,3,0,5.4,5.2,13,22,0.3,0.5,3.0,1.0
401326592,2022-01-09T21:25Z,2021,18,Miami Dolphins,New England Patriots,33,24,Miami Dolphins,298,379,103,245,195,134,0,3,4.5,6.4,23,21,0.4666666666666667,0.5,1.0,2.0
401326597,2022-01-09T21:25Z,2021,18,Arizona Cardinals,Seattle Seahawks,30,38,Seattle Seahawks,305,431,187,229,118,202,1,2,4.2,7.6,20,19,0.5,0.6666666666666666,5.0,1.0
401326599,2022-01-09T21:25Z,2021,18,Los Angeles Rams,San Francisco 49ers,24,27,San Francisco 49ers,265,449,201,314,64,135,2,2,4.1,6.7,19,23,0.5882352941176471,0.6428571428571429,5.0,3.0
401326587,2022-01-09T21:25Z,2021,18,Buffalo Bills,New York Jets,27,10,Buffalo Bills,424,53,254,5,170,48,0,0,5.4,1.2,25,4,0.4444444444444444,0.07142857142857142,0.0,9.0
401326596,2022-01-09T21:25Z,2021,18,Tampa Bay Buccaneers,Carolina Panthers,41,17,Tampa Bay Buccaneers,409,317,324,207,85,110,0,2,6.8,4.5,21,18,0.36363636363636365,0.2857142857142857,1.0,2.0
401326600,2022-01-10T01:20Z,2021,18,Las Vegas Raiders,Los Angeles Chargers,35,32,Las Vegas Raiders,346,440,172,355,174,85,0,2,4.7,5.0,24,27,0.47058823529411764,0.2222222222222222,3.0,3.0
401437654,2022-09-09T00:20Z,2022,1,Los Angeles Rams,Buffalo Bills,10,31,Buffalo Bills,243,413,191,292,52,121,3,4,3.7,7.1,19,23,0.46153846153846156,0.9,7.0,2.0
401437630,2022-09-11T17:00Z,2022,1,Miami Dolphins,New England Patriots,20,7,Miami Dolphins,307,271,242,193,65,78,0,3,5.2,5.0,18,17,0.42857142857142855,0.4444444444444444,3.0,2.0
401437651,2022-09-11T17:00Z,2022,1,Carolina Panthers,Cleveland Browns,24,26,Cleveland Browns,261,355,207,138,54,217,1,0,5.2,4.8,15,23,0.36363636363636365,0.4444444444444444,4.0,1.0
401437648,2022-09-11T17:00Z,2022,1,Detroit Lions,Philadelphia Eagles,35,38,Philadelphia Eagles,386,455,205,239,181,216,1,0,5.8,6.3,23,27,0.6428571428571429,0.5882352941176471,1.0,1.0
401437632,2022-09-11T17:00Z,2022,1,New York Jets,Baltimore Ravens,9,24,Baltimore Ravens,380,274,297,211,83,63,2,1,4.8,5.2,24,13,0.14285714285714285,0.38461538461538464,3.0,2.0
401437634,2022-09-11T17:00Z,2022,1,Cincinnati Bengals,Pittsburgh Steelers,20,23,Pittsburgh Steelers,432,267,299,192,133,75,5,0,4.6,4.4,32,13,0.5,0.26666666666666666,7.0,1.0
401437650,2022-09-11T17:00Z,2022,1,Atlanta Falcons,New Orleans Saints,26,27,New Orleans Saints,416,385,215,234,201,151,2,1,5.9,6.8,26,18,0.38461538461538464,0.3076923076923077,0.0,4.0
401437646,2022-09-11T17:00Z,2022,1,Washington Commanders,Jacksonville Jaguars,28,22,Washington Commanders,390,383,305,260,85,123,3,1,5.6,6.2,26,24,0.7,0.25,1.0,2.0
401437647,2022-09-11T17:00Z,2022,1,Chicago Bears,San Francisco 49ers,19,10,Chicago Bears,204,331,105,155,99,176,1,2,3.6,4.9,15,17,0.35714285714285715,0.47058823529411764,2.0,2.0
401437637,2022-09-11T17:00Z,2022,1,Houston Texans,Indianapolis Colts,20,20,TIE,299,517,222,340,77,177,1,2,4.4,5.7,20,33,0.3333333333333333,0.4,3.0,2.0
401437653,2022-09-11T20:25Z,2022,1,Arizona Cardinals,Kansas City Chiefs,21,44,Kansas City Chiefs,282,488,179,360,103,128,0,1,4.5,7.4,18,33,0.25,0.625,3.0,0.0
401437649,2022-09-11T20:25Z,2022,1,Minnesota Vikings,Green Bay Packers,23,7,Minnesota Vikings,395,338,269,227,126,111,0,2,6.5,5.5,19,21,0.3076923076923077,0.3333333333333333,1.0,4.0
401437640,2022-09-11T20:25Z,2022,1,Tennessee Titans,New York Giants,20,21,New York Giants,359,394,266,156,93,238,1,2,6.0,6.8,19,19,0.2727272727272727,0.2,1.0,5.0
401437643,2022-09-11T20:25Z,2022,1,Los Angeles Chargers,Las Vegas Raiders,24,19,Los Angeles Chargers,355,320,279,256,76,64,0,3,5.5,5.7,18,18,0.42857142857142855,0.45454545454545453,0.0,6.0
401437644,2022-09-12T00:20Z,2022,1,Dallas Cowboys,Tampa Bay Buccaneers,3,19,Tampa Bay Buccaneers,244,347,173,195,71,152,1,1,3.8,5.6,12,18,0.2,0.35714285714285715,4.0,2.0
401437655,2022-09-13T00:15Z,2022,1,Seattle Seahawks,Denver Broncos,17,16,Seattle Seahawks,253,433,177,330,76,103,1,2,5.2,6.8,19,20,0.5454545454545454,0.5333333333333333,2.0,2.0
401434030,2022-09-16T00:15Z,2022,2,Kansas City Chiefs,Los Angeles Chargers,27,24,Kansas City Chiefs,319,401,226,326,93,75,0,1,5.9,5.4,15,21,0.3333333333333333,0.3125,1.0,2.0
401437652,2022-09-18T17:00Z,2022,2,New Orleans Saints,Tampa Bay Buccaneers,10,20,Tampa Bay Buccaneers,308,260,208,188,100,72,5,1,4.7,4.0,18,13,0.3076923076923077,0.29411764705882354,6.0,1.0
401437645,2022-09-18T17:00Z,2022,2,New York Giants,Carolina Panthers,19,16,New York Giants,265,275,162,129,103,146,0,2,3.8,5.1,18,18,0.3333333333333333,0.16666666666666666,3.0,2.0
401437639,2022-09-18T17:00Z,2022,2,Jacksonville Jaguars,Indianapolis Colts,24,0,Jacksonville Jaguars,331,218,235,164,96,54,0,3,4.9,4.5,21,9,0.4,0.2,0.0,5.0
401437636,2022-09-18T17:00Z,2022,2,Pittsburgh Steelers,New England Patriots,14,17,New England Patriots,243,376,152,252,91,124,2,1,4.2,5.7,16,18,0.5333333333333333,0.5294117647058824,3.0,0.0
401437635,2022-09-18T17:00Z,2022,2,Cleveland Browns,New York Jets,30,31,New York Jets,405,402,221,309,184,93,1,1,6.2,6.0,29,20,0.6666666666666666,0.5333333333333333,1.0,2.0
401437732,2022-09-18T17:00Z,2022,2,Detroit Lions,Washington Commanders,36,27,Detroit Lions,425,396,234,308,191,88,0,1,7.0,5.5,17,21,0.3076923076923077,0.4666666666666667,3.0,5.0
401437633,2022-09-18T17:00Z,2022,2,Baltimore Ravens,Miami Dolphins,38,42,Miami Dolphins,473,547,318,461,155,86,0,2,8.8,7.9,23,27,0.3,0.6363636363636364,0.0,1.0
401437605,2022-09-18T20:05Z,2022,2,San Francisco 49ers,Seattle Seahawks,27,7,San Francisco 49ers,373,216,184,180,189,36,0,3,5.3,4.6,25,14,0.4,0.2857142857142857,1.0,2.0
401437733,2022-09-18T20:05Z,2022,2,Los Angeles Rams,Atlanta Falcons,31,27,Los Angeles Rams,337,261,272,171,65,90,3,3,5.3,4.7,24,17,0.6,0.3,1.0,3.0
401437642,2022-09-18T20:25Z,2022,2,Las Vegas Raiders,Arizona Cardinals,23,29,Arizona Cardinals,324,413,244,270,80,143,1,1,5.3,5.3,20,28,0.5454545454545454,0.23076923076923078,1.0,1.0
401437641,2022-09-18T20:25Z,2022,2,Denver Broncos,Houston Texans,16,9,Denver Broncos,350,234,201,154,149,80,1,0,5.4,4.0,20,15,0.25,0.15384615384615385,3.0,3.0
401437734,2022-09-18T20:25Z,2022,2,Dallas Cowboys,Cincinnati Bengals,20,17,Dallas Cowboys,337,254,230,165,107,89,1,0,5.7,3.8,19,19,0.3,0.35294117647058826,1.0,6.0
401437606,2022-09-19T00:20Z,2022,2,Green Bay Packers,Chicago Bears,27,10,Green Bay Packers,414,228,211,48,203,180,1,1,6.3,5.6,26,11,0.5555555555555556,0.14285714285714285,3.0,3.0
401436831,2022-09-19T23:15Z,2022,2,Buffalo Bills,Tennessee Titans,41,7,Buffalo Bills,414,187,313,107,101,80,0,4,6.4,3.5,23,12,0.38461538461538464,0.3333333333333333,1.0,2.0
401436832,2022-09-20T00:30Z,2022,2,Philadelphia Eagles,Minnesota Vikings,24,7,Philadelphia Eagles,486,264,323,202,163,62,1,3,7.1,4.5,25,20,0.5384615384615384,0.3333333333333333,3.0,2.0
401437735,2022-09-23T00:15Z,2022,3,Cleveland Browns,Pittsburgh Steelers,29,17,Cleveland Browns,376,308,205,204,171,104,0,1,5.3,5.6,22,20,0.375,0.1111111111111111,2.0,1.0
401437736,2022-09-25T17:00Z,2022,3,Carolina Panthers,New Orleans Saints,22,14,Carolina Panthers,293,426,148,342,145,84,0,3,5.0,6.7,12,19,0.2857142857142857,0.38461538461538464,3.0,1.0
401437742,2022-09-25T17:00Z,2022,3,Washington Commanders,Philadelphia Eagles,8,24,Philadelphia Eagles,240,400,153,328,87,72,1,0,3.2,5.9,20,21,0.35294117647058826,0.3333333333333333,9.0,3.0
401437737,2022-09-25T17:00Z,2022,3,Chicago Bears,Houston Texans,23,20,Chicago Bears,363,329,82,237,281,92,2,2,5.9,5.8,17,17,0.42857142857142855,0.25,5.0,1.0
401437631,2022-09-25T17:00Z,2022,3,New England Patriots,Baltimore Ravens,26,37,Baltimore Ravens,447,394,302,206,145,188,4,2,7.1,6.7,22,19,0.2222222222222222,0.45454545454545453,3.0,4.0
401437741,2022-09-25T17:00Z,2022,3,Tennessee Titans,Las Vegas Raiders,24,22,Tennessee Titans,361,396,252,300,109,96,1,1,6.6,6.1,19,24,0.5,0.08333333333333333,1.0,1.0
401437739,2022-09-25T17:00Z,2022,3,Minnesota Vikings,Detroit Lions,28,24,Minnesota Vikings,373,416,250,277,123,139,1,1,5.6,5.5,30,23,0.2222222222222222,0.1875,1.0,0.0
401437738,2022-09-25T17:00Z,2022,3,Miami Dolphins,Buffalo Bills,21,19,Miami Dolphins,212,497,171,382,41,115,0,1,5.4,5.5,15,31,0.375,0.6111111111111112,2.0,4.0
401437740,2022-09-25T17:00Z,2022,3,New York Jets,Cincinnati Bengals,12,27,Cincinnati Bengals,328,330,252,261,76,69,4,1,4.3,5.0,19,20,0.3888888888888889,0.5,4.0,2.0
401437638,2022-09-25T17:00Z,2022,3,Indianapolis Colts,Kansas City Chiefs,20,17,Indianapolis Colts,259,315,177,257,82,58,1,2,3.8,5.2,19,20,0.4,0.3,5.0,1.0
401437743,2022-09-25T20:05Z,2022,3,Los Angeles Chargers,Jacksonville Jaguars,10,38,Jacksonville Jaguars,312,413,286,262,26,151,2,0,5.4,5.5,16,25,0.38461538461538464,0.5333333333333333,1.0,0.0
401437745,2022-09-25T20:25Z,2022,3,Seattle Seahawks,Atlanta Falcons,23,27,Atlanta Falcons,420,386,308,207,112,179,1,2,6.1,7.1,23,24,0.5294117647058824,0.5714285714285714,2.0,3.0
401437744,2022-09-25T20:25Z,2022,3,Arizona Cardinals,Los Angeles Rams,12,20,Los Angeles Rams,365,339,295,239,70,100,0,1,4.5,7.4,23,15,0.3333333333333333,0.375,2.0,1.0
401437607,2022-09-25T20:25Z,2022,3,Tampa Bay Buccaneers,Green Bay Packers,12,14,Green Bay Packers,285,315,251,248,34,67,2,2,4.8,5.2,19,14,0.18181818181818182,0.4,3.0,1.0
401437746,2022-09-26T00:20Z,2022,3,Denver Broncos,San Francisco 49ers,11,10,Denver Broncos,261,267,160,179,101,88,0,3,3.7,5.1,14,13,0.3157894736842105,0.1,4.0,4.0
401437747,2022-09-27T00:15Z,2022,3,New York Giants,Dallas Cowboys,16,23,Dallas Cowboys,336,391,169,215,167,176,1,0,5.0,6.4,22,23,0.2727272727272727,0.38461538461538464,5.0,0.0
401437748,2022-09-30T00:15Z,2022,4,Cincinnati Bengals,Miami Dolphins,27,15,Cincinnati Bengals,371,378,304,293,67,85,0,2,5.9,6.3,16,20,0.5333333333333333,0.2,1.0,1.0
401435639,2022-10-02T13:30Z,2022,4,New Orleans Saints,Minnesota Vikings,25,28,Minnesota Vikings,338,344,227,263,111,81,2,1,5.9,5.1,19,23,0.4,0.35714285714285715,2.0,3.0
401437757,2022-10-02T17:00Z,2022,4,Pittsburgh Steelers,New York Jets,20,24,New York Jets,297,348,178,250,119,98,4,2,5.0,5.2,20,19,0.5,0.4,3.0,1.0
401437756,2022-10-02T17:00Z,2022,4,Philadelphia Eagles,Jacksonville Jaguars,29,21,Philadelphia Eagles,401,219,191,148,210,71,1,5,5.2,4.8,25,13,0.26666666666666666,0.2857142857142857,2.0,4.0
401437749,2022-10-02T17:00Z,2022,4,Atlanta Falcons,Cleveland Browns,23,20,Atlanta Falcons,333,403,131,226,202,177,1,2,6.1,5.7,19,22,0.3333333333333333,0.35714285714285715,1.0,1.0
401437755,2022-10-02T17:00Z,2022,4,New York Giants,Chicago Bears,20,12,New York Giants,333,304,71,155,262,149,2,3,5.5,5.1,21,16,0.42857142857142855,0.3333333333333333,1.0,6.0
401437752,2022-10-02T17:00Z,2022,4,Detroit Lions,Seattle Seahawks,45,48,Seattle Seahawks,520,555,375,320,145,235,2,1,7.9,8.8,27,27,0.4,0.75,1.0,0.0
401437750,2022-10-02T17:00Z,2022,4,Baltimore Ravens,Buffalo Bills,20,23,Buffalo Bills,296,326,134,201,162,125,2,2,4.6,5.3,22,22,0.46153846153846156,0.36363636363636365,2.0,1.0
401437753,2022-10-02T17:00Z,2022,4,Houston Texans,Los Angeles Chargers,24,34,Los Angeles Chargers,346,419,215,338,131,81,2,1,6.5,6.3,16,22,0.3333333333333333,0.5,4.0,1.0
401437754,2022-10-02T17:00Z,2022,4,Indianapolis Colts,Tennessee Titans,17,24,Tennessee Titans,365,243,327,116,38,127,3,0,5.8,4.7,21,19,0.5384615384615384,0.4166666666666667,3.0,3.0
401437751,2022-10-02T17:00Z,2022,4,Dallas Cowboys,Washington Commanders,25,10,Dallas Cowboys,279,297,217,155,62,142,0,2,4.9,4.2,15,17,0.3333333333333333,0.3333333333333333,1.0,2.0
401437758,2022-10-02T20:05Z,2022,4,Carolina Panthers,Arizona Cardinals,16,26,Arizona Cardinals,220,338,180,206,40,132,3,1,4.3,4.8,11,20,0.2,0.4,2.0,1.0
401437760,2022-10-02T20:25Z,2022,4,Las Vegas Raiders,Denver Broncos,32,23,Las Vegas Raiders,385,299,173,214,212,85,0,1,5.2,6.2,25,12,0.5,0.2727272727272727,2.0,3.0
401437759,2022-10-02T20:25Z,2022,4,Green Bay Packers,New England Patriots,27,24,Green Bay Packers,443,271,244,104,199,167,2,1,6.2,4.7,24,17,0.42857142857142855,0.2727272727272727,1.0,4.0
401437470,2022-10-03T00:20Z,2022,4,Tampa Bay Buccaneers,Kansas City Chiefs,31,41,Kansas City Chiefs,376,417,373,228,3,189,2,1,6.4,5.4,27,27,0.6,0.7058823529411765,1.0,3.0
401437761,2022-10-04T00:15Z,2022,4,San Francisco 49ers,Los Angeles Rams,24,9,San Francisco 49ers,327,257,239,200,88,57,0,2,6.7,3.5,13,21,0.4166666666666667,0.3333333333333333,0.0,7.0
401437762,2022-10-07T00:15Z,2022,5,Denver Broncos,Indianapolis Colts,9,12,Indianapolis Colts,375,306,250,200,125,106,2,2,5.3,4.2,18,19,0.13333333333333333,0.25,4.0,6.0
401435640,2022-10-09T13:30Z,2022,5,Green Bay Packers,New York Giants,22,27,New York Giants,301,338,207,213,94,125,0,0,4.9,5.7,22,24,0.4,0.5454545454545454,2.0,1.0
401437766,2022-10-09T17:00Z,2022,5,Minnesota Vikings,Chicago Bears,29,22,Minnesota Vikings,429,271,312,193,117,78,1,1,5.8,5.8,29,14,0.8,0.4,1.0,2.0
401437763,2022-10-09T17:00Z,2022,5,Buffalo Bills,Pittsburgh Steelers,38,3,Buffalo Bills,552,364,432,310,120,54,2,2,10.2,5.1,21,23,0.5555555555555556,0.3333333333333333,0.0,3.0
401437768,2022-10-09T17:00Z,2022,5,New Orleans Saints,Seattle Seahawks,39,32,New Orleans Saints,438,396,203,245,235,151,2,1,5.9,8.1,26,15,0.5714285714285714,0.1111111111111111,1.0,3.0
401437769,2022-10-09T17:00Z,2022,5,New York Jets,Miami Dolphins,40,17,New York Jets,322,295,187,158,135,137,0,2,5.8,4.8,21,19,0.45454545454545453,0.36363636363636365,2.0,2.0
401437771,2022-10-09T17:00Z,2022,5,Washington Commanders,Tennessee Titans,17,21,Tennessee Titans,385,241,342,136,43,105,1,0,6.6,3.9,17,15,0.09090909090909091,0.2857142857142857,3.0,5.0
401437767,2022-10-09T17:00Z,2022,5,New England Patriots,Detroit Lions,29,0,New England Patriots,364,312,188,211,176,101,1,2,6.5,4.9,22,17,0.3333333333333333,0.3333333333333333,0.0,2.0
401437765,2022-10-09T17:00Z,2022,5,Jacksonville Jaguars,Houston Texans,6,13,Houston Texans,422,248,286,132,136,116,2,0,5.8,4.4,22,15,0.42857142857142855,0.38461538461538464,0.0,1.0
401437770,2022-10-09T17:00Z,2022,5,Tampa Bay Buccaneers,Atlanta Falcons,21,15,Tampa Bay Buccaneers,420,261,351,110,69,151,0,0,5.6,4.3,26,19,0.5625,0.42857142857142855,0.0,5.0
401437764,2022-10-09T17:00Z,2022,5,Cleveland Browns,Los Angeles Chargers,28,30,Los Angeles Chargers,443,465,230,227,213,238,1,0,6.8,6.7,27,26,0.4,0.3,0.0,1.0
401437772,2022-10-09T20:05Z,2022,5,Carolina Panthers,San Francisco 49ers,15,37,San Francisco 49ers,308,397,244,244,64,153,1,1,4.7,6.5,15,22,0.2,0.5833333333333334,6.0,2.0
401437773,2022-10-09T20:25Z,2022,5,Arizona Cardinals,Philadelphia Eagles,17,20,Philadelphia Eagles,363,357,239,218,124,139,1,0,5.3,5.0,23,24,0.5714285714285714,0.46153846153846156,1.0,2.0
401437774,2022-10-09T20:25Z,2022,5,Los Angeles Rams,Dallas Cowboys,10,22,Dallas Cowboys,323,239,285,76,38,163,3,0,5.0,4.5,14,10,0.35294117647058826,0.3333333333333333,5.0,3.0
401437775,2022-10-10T00:20Z,2022,5,Baltimore Ravens,Cincinnati Bengals,19,17,Baltimore Ravens,325,291,170,190,155,101,1,1,5.3,4.9,22,20,0.45454545454545453,0.4,1.0,3.0
401437776,2022-10-11T00:15Z,2022,5,Kansas City Chiefs,Las Vegas Raiders,30,29,Kansas City Chiefs,368,378,265,223,103,155,0,0,5.3,6.8,29,18,0.5833333333333334,0.4166666666666667,3.0,2.0
401437777,2022-10-14T00:15Z,2022,6,Chicago Bears,Washington Commanders,7,12,Washington Commanders,391,214,154,86,237,128,2,0,5.7,4.0,20,14,0.38461538461538464,0.18181818181818182,5.0,3.0
401437785,2022-10-16T17:00Z,2022,6,Pittsburgh Steelers,Tampa Bay Buccaneers,20,18,Pittsburgh Steelers,270,304,193,229,77,75,0,0,4.4,4.5,15,20,0.4666666666666667,0.2857142857142857,2.0,2.0
401437781,2022-10-16T17:00Z,2022,6,Indianapolis Colts,Jacksonville Jaguars,34,27,Indianapolis Colts,434,379,389,136,45,243,0,1,5.9,6.4,29,25,0.6666666666666666,0.5,0.0,4.0
401437784,2022-10-16T17:00Z,2022,6,New York Giants,Baltimore Ravens,24,20,New York Giants,238,406,155,195,83,211,1,2,3.8,7.0,18,23,0.5,0.4,4.0,2.0
401437783,2022-10-16T17:00Z,2022,6,New Orleans Saints,Cincinnati Bengals,26,30,Cincinnati Bengals,399,348,171,273,228,75,0,1,5.6,6.4,22,21,0.47058823529411764,0.6,1.0,3.0
401437780,2022-10-16T17:00Z,2022,6,Green Bay Packers,New York Jets,10,27,New York Jets,278,278,218,99,60,179,1,0,4.0,5.2,15,14,0.25,0.09090909090909091,4.0,2.0
401437779,2022-10-16T17:00Z,2022,6,Cleveland Browns,New England Patriots,15,38,New England Patriots,328,399,258,301,70,98,4,1,4.9,6.1,16,20,0.26666666666666666,0.5,4.0,2.0
401437778,2022-10-16T17:00Z,2022,6,Atlanta Falcons,San Francisco 49ers,28,14,Atlanta Falcons,289,346,121,296,168,50,0,3,5.2,6.1,18,21,0.6428571428571429,0.375,2.0,0.0
401437782,2022-10-16T17:00Z,2022,6,Miami Dolphins,Minnesota Vikings,16,24,Minnesota Vikings,458,234,385,156,73,78,3,0,6.3,4.7,23,11,0.2857142857142857,0.16666666666666666,6.0,3.0
401437786,2022-10-16T20:05Z,2022,6,Los Angeles Rams,Carolina Panthers,24,10,Los Angeles Rams,360,203,249,110,111,93,1,1,5.7,4.6,22,8,0.5,0.2,1.0,2.0
401437787,2022-10-16T20:05Z,2022,6,Seattle Seahawks,Arizona Cardinals,19,9,Seattle Seahawks,296,315,160,171,136,144,1,2,4.5,4.4,19,15,0.2857142857142857,0.25,5.0,6.0
401437788,2022-10-16T20:25Z,2022,6,Kansas City Chiefs,Buffalo Bills,20,24,Buffalo Bills,387,443,319,318,68,125,2,1,6.3,6.2,23,26,0.36363636363636365,0.36363636363636365,3.0,1.0
401437789,2022-10-17T00:20Z,2022,6,Philadelphia Eagles,Dallas Cowboys,26,17,Philadelphia Eagles,268,315,132,181,136,134,0,3,3.9,4.9,22,21,0.42857142857142855,0.4,4.0,0.0
401437790,2022-10-18T00:15Z,2022,6,Los Angeles Chargers,Denver Broncos,19,16,Los Angeles Chargers,297,258,224,160,73,98,1,1,3.6,4.7,24,13,0.5,0.2857142857142857,2.0,4.0
401437791,2022-10-21T00:15Z,2022,7,Arizona Cardinals,New Orleans Saints,42,34,Arizona Cardinals,326,494,189,409,137,85,0,3,5.4,7.0,21,25,0.3,0.46153846153846156,2.0,0.0
401437796,2022-10-23T17:00Z,2022,7,Jacksonville Jaguars,New York Giants,17,23,New York Giants,452,436,310,200,142,236,1,0,7.0,6.2,27,27,0.46153846153846156,0.5,0.0,1.0
401437794,2022-10-23T17:00Z,2022,7,Cincinnati Bengals,Atlanta Falcons,35,17,Cincinnati Bengals,537,214,459,107,78,107,0,0,8.1,4.8,29,13,0.6363636363636364,0.4,3.0,3.0
401437797,2022-10-23T17:00Z,2022,7,Tennessee Titans,Indianapolis Colts,19,10,Tennessee Titans,254,292,116,227,138,65,1,3,4.5,4.6,16,17,0.4166666666666667,0.3076923076923077,2.0,3.0
401437798,2022-10-23T17:00Z,2022,7,Washington Commanders,Green Bay Packers,23,21,Washington Commanders,364,232,198,194,166,38,1,1,5.1,4.9,22,16,0.4375,0.0,1.0,0.0
401437792,2022-10-23T17:00Z,2022,7,Baltimore Ravens,Cleveland Browns,23,20,Baltimore Ravens,254,336,94,223,160,113,1,2,4.0,6.0,17,18,0.4666666666666667,0.18181818181818182,3.0,5.0
401437793,2022-10-23T17:00Z,2022,7,Carolina Panthers,Tampa Bay Buccaneers,21,3,Carolina Panthers,343,322,170,276,173,46,0,0,6.9,4.9,14,17,0.3333333333333333,0.16666666666666666,1.0,1.0
401437795,2022-10-23T17:00Z,2022,7,Dallas Cowboys,Detroit Lions,24,6,Dallas Cowboys,330,312,191,195,139,117,1,5,5.6,5.6,21,18,0.3333333333333333,0.3333333333333333,2.0,5.0
401437799,2022-10-23T20:05Z,2022,7,Denver Broncos,New York Jets,9,16,New York Jets,324,260,219,105,105,155,1,0,4.3,4.9,21,10,0.3125,0.21428571428571427,1.0,3.0
401437800,2022-10-23T20:05Z,2022,7,Las Vegas Raiders,Houston Texans,38,20,Las Vegas Raiders,400,404,236,296,164,108,0,1,7.3,6.2,25,21,0.4444444444444444,0.6,1.0,1.0
401437802,2022-10-23T20:25Z,2022,7,San Francisco 49ers,Kansas City Chiefs,23,44,Kansas City Chiefs,444,529,343,417,101,112,3,2,6.2,9.1,25,24,0.5714285714285714,0.6666666666666666,5.0,1.0
401437801,2022-10-23T20:25Z,2022,7,Los Angeles Chargers,Seattle Seahawks,23,37,Seattle Seahawks,329,404,276,191,53,213,2,2,4.8,6.4,21,24,0.3333333333333333,0.5555555555555556,3.0,2.0
401437803,2022-10-24T00:20Z,2022,7,Miami Dolphins,Pittsburgh Steelers,16,10,Miami Dolphins,372,341,261,246,111,95,0,3,6.0,4.9,17,19,0.2857142857142857,0.2857142857142857,0.0,2.0
401437804,2022-10-25T00:15Z,2022,7,New England Patriots,Chicago Bears,14,33,Chicago Bears,260,390,190,147,70,243,4,1,5.4,5.6,12,24,0.5,0.6111111111111112,1.0,4.0
401437805,2022-10-28T00:15Z,2022,8,Tampa Bay Buccaneers,Baltimore Ravens,22,27,Baltimore Ravens,349,453,305,222,44,231,1,0,5.6,6.1,20,27,0.3076923076923077,0.46153846153846156,3.0,3.0
401435641,2022-10-30T13:30Z,2022,8,Jacksonville Jaguars,Denver Broncos,17,21,Denver Broncos,305,331,114,230,191,101,2,1,4.7,5.4,24,18,0.36363636363636365,0.18181818181818182,2.0,3.0
401437806,2022-10-30T17:00Z,2022,8,Atlanta Falcons,Carolina Panthers,37,34,Atlanta Falcons,406,478,239,309,167,169,2,1,6.1,6.5,21,23,0.5,0.38461538461538464,2.0,1.0
401437809,2022-10-30T17:00Z,2022,8,Minnesota Vikings,Arizona Cardinals,34,26,Minnesota Vikings,381,375,208,297,173,78,1,3,5.6,5.4,25,25,0.46153846153846156,0.36363636363636365,3.0,4.0
401437811,2022-10-30T17:00Z,2022,8,New York Jets,New England Patriots,17,22,New England Patriots,387,288,336,161,51,127,3,1,6.7,3.8,17,19,0.35714285714285715,0.3157894736842105,2.0,6.0
401437812,2022-10-30T17:00Z,2022,8,Philadelphia Eagles,Pittsburgh Steelers,35,13,Philadelphia Eagles,401,302,290,158,111,144,0,2,7.6,4.3,20,21,0.5833333333333334,0.08333333333333333,3.0,6.0
401437807,2022-10-30T17:00Z,2022,8,Dallas Cowboys,Chicago Bears,49,29,Dallas Cowboys,442,371,242,131,200,240,1,1,7.8,5.2,24,22,0.8181818181818182,0.4,1.0,4.0
401437808,2022-10-30T17:00Z,2022,8,Detroit Lions,Miami Dolphins,27,31,Miami Dolphins,393,476,311,369,82,107,0,1,6.9,7.4,22,27,0.4444444444444444,0.6666666666666666,1.0,2.0
401437810,2022-10-30T17:00Z,2022,8,New Orleans Saints,Las Vegas Raiders,24,0,New Orleans Saints,367,183,231,145,136,38,0,1,5.8,3.3,22,13,0.5833333333333334,0.35714285714285715,0.0,4.0
401437813,2022-10-30T20:05Z,2022,8,Houston Texans,Tennessee Titans,10,17,Tennessee Titans,161,354,118,40,43,314,1,2,3.2,6.1,10,16,0.14285714285714285,0.3333333333333333,3.0,3.0
401437814,2022-10-30T20:25Z,2022,8,Indianapolis Colts,Washington Commanders,16,17,Washington Commanders,324,362,189,266,135,96,2,1,6.0,5.9,15,20,0.4166666666666667,0.16666666666666666,2.0,2.0
401437815,2022-10-30T20:25Z,2022,8,Los Angeles Rams,San Francisco 49ers,14,31,San Francisco 49ers,223,368,167,257,56,111,0,0,4.0,7.1,16,22,0.6153846153846154,0.5555555555555556,2.0,3.0
401437816,2022-10-30T20:25Z,2022,8,Seattle Seahawks,New York Giants,27,13,Seattle Seahawks,277,225,190,147,87,78,1,2,4.5,3.5,19,14,0.23076923076923078,0.375,3.0,5.0
401437817,2022-10-31T00:20Z,2022,8,Buffalo Bills,Green Bay Packers,27,17,Buffalo Bills,369,398,216,190,153,208,2,1,6.8,6.3,20,21,0.2857142857142857,0.5,2.0,2.0
401437818,2022-11-01T00:15Z,2022,8,Cleveland Browns,Cincinnati Bengals,32,13,Cleveland Browns,440,229,268,193,172,36,2,2,6.4,4.6,24,15,0.6153846153846154,0.4,2.0,5.0
401437819,2022-11-04T00:15Z,2022,9,Houston Texans,Philadelphia Eagles,17,29,Philadelphia Eagles,303,360,135,217,168,143,2,1,5.3,5.8,20,24,0.2222222222222222,0.5,3.0,4.0
401437821,2022-11-06T18:00Z,2022,9,Chicago Bears,Miami Dolphins,32,35,Miami Dolphins,368,379,116,302,252,77,0,0,5.3,7.2,23,21,0.625,0.5,2.0,0.0
401437820,2022-11-06T18:00Z,2022,9,Atlanta Falcons,Los Angeles Chargers,17,20,Los Angeles Chargers,315,336,114,245,201,91,2,2,5.2,5.0,19,19,0.45454545454545453,0.5,2.0,0.0
401437823,2022-11-06T18:00Z,2022,9,Detroit Lions,Green Bay Packers,15,9,Detroit Lions,254,389,137,283,117,106,1,3,4.5,5.6,19,19,0.5454545454545454,0.5333333333333333,0.0,1.0
401437825,2022-11-06T18:00Z,2022,9,New England Patriots,Indianapolis Colts,26,3,New England Patriots,203,121,133,43,70,78,1,1,3.3,2.0,11,8,0.35294117647058826,0.0,4.0,9.0
401437827,2022-11-06T18:00Z,2022,9,Washington Commanders,Minnesota Vikings,17,20,Minnesota Vikings,263,301,126,245,137,56,1,1,4.3,4.6,18,17,0.3,0.4375,3.0,2.0
401437822,2022-11-06T18:00Z,2022,9,Cincinnati Bengals,Carolina Panthers,42,21,Cincinnati Bengals,464,228,223,164,241,64,0,3,6.4,4.8,30,13,0.6,0.25,2.0,0.0
401437826,2022-11-06T18:00Z,2022,9,New York Jets,Buffalo Bills,20,17,New York Jets,310,317,136,183,174,134,1,2,5.1,5.2,21,19,0.38461538461538464,0.6153846153846154,2.0,5.0
401437824,2022-11-06T18:00Z,2022,9,Jacksonville Jaguars,Las Vegas Raiders,27,20,Jacksonville Jaguars,403,321,235,248,168,73,1,1,5.9,5.6,22,16,0.6,0.25,0.0,2.0
401437828,2022-11-06T21:05Z,2022,9,Arizona Cardinals,Seattle Seahawks,21,31,Seattle Seahawks,262,421,140,263,122,158,1,1,4.3,6.0,15,27,0.42857142857142855,0.6666666666666666,5.0,2.0
401437829,2022-11-06T21:25Z,2022,9,Tampa Bay Buccaneers,Los Angeles Rams,16,13,Tampa Bay Buccaneers,323,206,272,138,51,68,0,0,4.1,3.7,18,9,0.42857142857142855,0.26666666666666666,1.0,4.0
401437830,2022-11-07T01:20Z,2022,9,Kansas City Chiefs,Tennessee Titans,20,17,Kansas City Chiefs,499,229,422,57,77,172,1,0,5.5,4.8,29,9,0.42105263157894735,0.09090909090909091,4.0,3.0
401437831,2022-11-08T01:15Z,2022,9,New Orleans Saints,Baltimore Ravens,13,27,Baltimore Ravens,243,319,195,131,48,188,1,0,5.0,4.9,13,23,0.2727272727272727,0.6,4.0,3.0
401437832,2022-11-11T01:15Z,2022,10,Carolina Panthers,Atlanta Falcons,25,15,Carolina Panthers,333,291,101,153,232,138,0,1,5.2,4.8,18,20,0.4,0.2727272727272727,1.0,5.0
401435638,2022-11-13T14:30Z,2022,10,Tampa Bay Buccaneers,Seattle Seahawks,21,16,Tampa Bay Buccaneers,419,283,258,244,161,39,2,1,5.7,5.7,26,19,0.6666666666666666,0.1111111111111111,0.0,3.0
401437835,2022-11-13T18:00Z,2022,10,Kansas City Chiefs,Jacksonville Jaguars,27,17,Kansas City Chiefs,486,315,331,240,155,75,3,0,7.8,5.2,26,17,0.7,0.2857142857142857,0.0,5.0
401437834,2022-11-13T18:00Z,2022,10,Chicago Bears,Detroit Lions,30,31,Detroit Lions,408,323,150,228,258,95,1,0,7.0,5.5,19,25,0.5454545454545454,0.45454545454545453,3.0,2.0
401437837,2022-11-13T18:00Z,2022,10,New York Giants,Houston Texans,24,16,New York Giants,367,387,176,286,191,101,0,2,5.5,6.4,19,22,0.5,0.3,3.0,4.0
401437838,2022-11-13T18:00Z,2022,10,Pittsburgh Steelers,New Orleans Saints,20,10,Pittsburgh Steelers,379,186,162,157,217,29,0,2,4.8,4.1,28,10,0.5294117647058824,0.25,6.0,2.0
401437836,2022-11-13T18:00Z,2022,10,Miami Dolphins,Cleveland Browns,39,17,Miami Dolphins,491,297,296,185,195,112,0,1,7.3,4.8,29,20,0.5454545454545454,0.4166666666666667,1.0,3.0
401437833,2022-11-13T18:00Z,2022,10,Buffalo Bills,Minnesota Vikings,30,33,Minnesota Vikings,486,481,311,334,175,147,4,2,6.8,6.1,29,24,0.5384615384615384,0.4117647058823529,2.0,4.0
401437839,2022-11-13T18:00Z,2022,10,Tennessee Titans,Denver Broncos,17,10,Tennessee Titans,307,313,244,248,63,65,1,1,5.1,4.3,14,18,0.375,0.23529411764705882,1.0,6.0
401437840,2022-11-13T21:05Z,2022,10,Las Vegas Raiders,Indianapolis Colts,20,25,Indianapolis Colts,309,415,232,208,77,207,0,1,4.8,7.0,18,20,0.38461538461538464,0.5454545454545454,2.0,1.0
401437841,2022-11-13T21:25Z,2022,10,Los Angeles Rams,Arizona Cardinals,17,27,Arizona Cardinals,256,298,190,220,66,78,2,0,4.3,4.6,18,18,0.2727272727272727,0.3333333333333333,3.0,2.0
401437131,2022-11-13T21:25Z,2022,10,Green Bay Packers,Dallas Cowboys,31,28,Green Bay Packers,415,421,208,262,207,159,2,2,6.8,5.3,20,24,0.46153846153846156,0.3333333333333333,2.0,2.0
401437842,2022-11-14T01:20Z,2022,10,San Francisco 49ers,Los Angeles Chargers,22,16,San Francisco 49ers,387,238,230,187,157,51,1,1,5.5,4.2,22,12,0.5294117647058824,0.375,1.0,3.0
401437843,2022-11-15T01:15Z,2022,10,Philadelphia Eagles,Washington Commanders,21,32,Washington Commanders,264,330,170,178,94,152,4,2,5.6,4.1,18,25,0.625,0.5714285714285714,1.0,3.0
401437844,2022-11-18T01:15Z,2022,11,Green Bay Packers,Tennessee Titans,17,27,Tennessee Titans,271,408,215,320,56,88,0,1,4.6,6.4,15,21,0.5,0.5384615384615384,1.0,3.0
401437850,2022-11-20T18:00Z,2022,11,New England Patriots,New York Jets,10,3,New England Patriots,297,103,198,44,99,59,0,0,5.0,2.1,13,6,0.26666666666666666,0.21428571428571427,6.0,4.0
401437851,2022-11-20T18:00Z,2022,11,New Orleans Saints,Los Angeles Rams,27,20,New Orleans Saints,323,336,235,188,88,148,0,0,5.8,5.4,19,17,0.36363636363636365,0.35714285714285715,4.0,4.0
401437852,2022-11-20T18:00Z,2022,11,New York Giants,Detroit Lions,18,31,Detroit Lions,413,325,324,165,89,160,3,0,5.7,5.2,25,23,0.38461538461538464,0.46153846153846156,2.0,0.0
401437845,2022-11-20T18:00Z,2022,11,Atlanta Falcons,Chicago Bears,27,24,Atlanta Falcons,280,288,131,128,149,160,2,1,5.3,4.4,18,20,0.2222222222222222,0.5625,0.0,4.0
401437847,2022-11-20T18:00Z,2022,11,Buffalo Bills,Cleveland Browns,31,23,Buffalo Bills,357,396,186,316,171,80,0,1,5.8,5.8,22,27,0.2727272727272727,0.36363636363636365,2.0,1.0
401437849,2022-11-20T18:00Z,2022,11,Indianapolis Colts,Philadelphia Eagles,16,17,Philadelphia Eagles,284,314,185,173,99,141,1,2,4.6,5.1,14,18,0.3333333333333333,0.4166666666666667,4.0,3.0
401437848,2022-11-20T18:00Z,2022,11,Houston Texans,Washington Commanders,10,23,Washington Commanders,148,344,127,191,21,153,2,0,2.7,5.1,11,20,0.15384615384615385,0.23076923076923078,5.0,0.0
401437846,2022-11-20T18:00Z,2022,11,Baltimore Ravens,Carolina Panthers,13,3,Baltimore Ravens,308,205,193,169,115,36,1,3,4.7,3.8,19,13,0.4,0.25,3.0,4.0
401437853,2022-11-20T21:05Z,2022,11,Denver Broncos,Las Vegas Raiders,16,22,Las Vegas Raiders,320,407,226,298,94,109,0,0,5.2,6.6,19,20,0.25,0.2727272727272727,3.0,1.0
401437856,2022-11-20T21:25Z,2022,11,Pittsburgh Steelers,Cincinnati Bengals,30,37,Cincinnati Bengals,351,408,249,346,102,62,0,2,5.2,6.3,17,22,0.47058823529411764,0.3333333333333333,2.0,2.0
401437855,2022-11-20T21:25Z,2022,11,Minnesota Vikings,Dallas Cowboys,3,40,Dallas Cowboys,183,458,110,307,73,151,1,0,3.4,6.5,16,23,0.09090909090909091,0.7058823529411765,7.0,0.0
401437854,2022-11-21T01:20Z,2022,11,Los Angeles Chargers,Kansas City Chiefs,27,30,Kansas City Chiefs,365,485,250,322,115,163,2,1,5.6,7.8,22,23,0.5714285714285714,0.5,5.0,1.0
401435642,2022-11-22T01:15Z,2022,11,Arizona Cardinals,San Francisco 49ers,10,38,San Francisco 49ers,314,387,247,228,67,159,2,0,4.4,6.8,19,21,0.5,0.5454545454545454,3.0,0.0
401437857,2022-11-24T17:30Z,2022,12,Detroit Lions,Buffalo Bills,25,28,Buffalo Bills,326,401,230,237,96,164,2,1,4.9,5.4,22,28,0.4,0.5833333333333334,2.0,3.0
401437858,2022-11-24T21:30Z,2022,12,Dallas Cowboys,New York Giants,28,20,Dallas Cowboys,430,300,261,210,169,90,2,0,6.2,5.1,26,21,0.6363636363636364,0.2727272727272727,0.0,3.0
401437859,2022-11-25T01:20Z,2022,12,Minnesota Vikings,New England Patriots,33,26,Minnesota Vikings,358,409,301,364,57,45,1,0,5.4,7.4,23,17,0.5333333333333333,0.3,1.0,3.0
401437862,2022-11-27T18:00Z,2022,12,Jacksonville Jaguars,Baltimore Ravens,28,27,Jacksonville Jaguars,332,415,294,253,38,162,1,2,5.4,6.1,18,24,0.3076923076923077,0.5714285714285714,4.0,1.0
401437860,2022-11-27T18:00Z,2022,12,Carolina Panthers,Denver Broncos,23,10,Carolina Panthers,349,246,164,125,185,121,1,2,5.4,4.3,19,14,0.16666666666666666,0.2857142857142857,0.0,3.0
401437861,2022-11-27T18:00Z,2022,12,Cleveland Browns,Tampa Bay Buccaneers,23,17,Cleveland Browns,367,325,178,229,189,96,1,0,4.9,4.9,22,16,0.29411764705882354,0.26666666666666666,4.0,3.0
401437864,2022-11-27T18:00Z,2022,12,New York Jets,Chicago Bears,31,10,New York Jets,466,292,308,165,158,127,0,1,7.5,5.2,22,14,0.5833333333333334,0.3076923076923077,1.0,2.0
401437865,2022-11-27T18:00Z,2022,12,Tennessee Titans,Cincinnati Bengals,16,20,Cincinnati Bengals,344,374,281,266,63,108,0,0,6.1,5.7,15,21,0.4375,0.35714285714285715,1.0,1.0
401437863,2022-11-27T18:00Z,2022,12,Miami Dolphins,Houston Texans,30,15,Miami Dolphins,339,210,273,174,66,36,1,3,4.7,3.6,25,14,0.26666666666666666,0.15384615384615385,5.0,5.0
401437866,2022-11-27T18:00Z,2022,12,Washington Commanders,Atlanta Falcons,19,13,Washington Commanders,314,332,138,165,176,167,1,1,5.2,6.0,20,18,0.4166666666666667,0.4,0.0,1.0
401437867,2022-11-27T21:05Z,2022,12,Arizona Cardinals,Los Angeles Chargers,24,25,Los Angeles Chargers,366,311,185,246,181,65,2,0,5.7,4.9,20,22,0.5384615384615384,0.46153846153846156,1.0,4.0
401437868,2022-11-27T21:05Z,2022,12,Seattle Seahawks,Las Vegas Raiders,34,40,Las Vegas Raiders,372,576,307,293,65,283,2,2,5.9,7.5,22,27,0.3333333333333333,0.5714285714285714,3.0,1.0
401437869,2022-11-27T21:25Z,2022,12,Kansas City Chiefs,Los Angeles Rams,26,10,Kansas City Chiefs,437,198,320,82,117,116,2,2,6.1,3.6,29,13,0.45454545454545453,0.38461538461538464,0.0,3.0
401437870,2022-11-27T21:25Z,2022,12,San Francisco 49ers,New Orleans Saints,13,0,San Francisco 49ers,317,260,221,197,96,63,0,2,4.7,4.9,21,14,0.38461538461538464,0.36363636363636365,1.0,1.0
401437871,2022-11-28T01:20Z,2022,12,Philadelphia Eagles,Green Bay Packers,40,33,Philadelphia Eagles,500,342,137,236,363,106,1,2,6.3,7.0,29,19,0.5333333333333333,0.14285714285714285,2.0,3.0
401437872,2022-11-29T01:15Z,2022,12,Indianapolis Colts,Pittsburgh Steelers,17,24,Pittsburgh Steelers,290,323,180,151,110,172,2,0,4.7,4.8,19,22,0.25,0.5,3.0,3.0
401437873,2022-12-02T01:15Z,2022,13,New England Patriots,Buffalo Bills,10,24,Buffalo Bills,242,355,182,223,60,132,0,1,4.7,4.9,14,22,0.25,0.6,1.0,2.0
401437874,2022-12-04T18:00Z,2022,13,Atlanta Falcons,Pittsburgh Steelers,16,19,Pittsburgh Steelers,306,351,160,197,146,154,1,0,5.8,5.4,18,22,0.3,0.5,1.0,0.0
401437879,2022-12-04T18:00Z,2022,13,Minnesota Vikings,New York Jets,27,22,Minnesota Vikings,287,486,159,366,128,120,0,2,4.3,5.9,21,23,0.5,0.1875,2.0,1.0
401437877,2022-12-04T18:00Z,2022,13,Detroit Lions,Jacksonville Jaguars,40,14,Detroit Lions,437,266,337,171,100,95,0,1,5.9,4.8,31,14,0.6666666666666666,0.25,2.0,2.0
401437875,2022-12-04T18:00Z,2022,13,Baltimore Ravens,Denver Broncos,10,9,Baltimore Ravens,285,272,182,184,103,88,2,0,4.1,5.2,20,12,0.23076923076923078,0.16666666666666666,4.0,2.0
401437881,2022-12-04T18:00Z,2022,13,Philadelphia Eagles,Tennessee Titans,35,10,Philadelphia Eagles,453,209,386,122,67,87,0,0,6.8,3.9,26,11,0.2727272727272727,0.2857142857142857,2.0,6.0
401437880,2022-12-04T18:00Z,2022,13,New York Giants,Washington Commanders,20,20,TIE,316,411,182,246,134,165,1,1,4.9,5.0,20,25,0.3076923076923077,0.21428571428571427,4.0,5.0
401437878,2022-12-04T18:00Z,2022,13,Houston Texans,Cleveland Browns,14,27,Cleveland Browns,283,304,201,130,82,174,4,2,4.6,5.0,16,14,0.08333333333333333,0.3076923076923077,0.0,1.0
401437876,2022-12-04T18:00Z,2022,13,Chicago Bears,Green Bay Packers,19,28,Green Bay Packers,409,357,254,182,155,175,3,0,8.2,5.7,15,21,0.5454545454545454,0.46153846153846156,0.0,0.0
401437883,2022-12-04T21:05Z,2022,13,San Francisco 49ers,Miami Dolphins,33,17,San Francisco 49ers,351,308,230,275,121,33,1,4,4.4,6.8,24,14,0.42105263157894735,0.0,4.0,3.0
401437882,2022-12-04T21:05Z,2022,13,Los Angeles Rams,Seattle Seahawks,23,27,Seattle Seahawks,319,438,148,348,171,90,2,2,5.1,6.7,20,25,0.3333333333333333,0.5,4.0,4.0
401437884,2022-12-04T21:25Z,2022,13,Cincinnati Bengals,Kansas City Chiefs,27,24,Cincinnati Bengals,431,349,279,211,152,138,0,1,6.5,6.5,26,20,0.6363636363636364,0.5454545454545454,1.0,2.0
401437885,2022-12-04T21:25Z,2022,13,Las Vegas Raiders,Los Angeles Chargers,27,20,Las Vegas Raiders,404,386,250,314,154,72,2,1,6.8,5.2,21,22,0.3,0.3125,0.0,5.0
401437886,2022-12-05T01:20Z,2022,13,Dallas Cowboys,Indianapolis Colts,54,19,Dallas Cowboys,385,309,165,203,220,106,1,5,5.9,4.4,23,18,0.5384615384615384,0.3076923076923077,1.0,3.0
401437887,2022-12-06T01:15Z,2022,13,Tampa Bay Buccaneers,New Orleans Saints,17,16,Tampa Bay Buccaneers,350,298,274,232,76,66,2,0,4.7,5.3,25,14,0.5333333333333333,0.35714285714285715,1.0,2.0
401437888,2022-12-09T01:15Z,2022,14,Los Angeles Rams,Las Vegas Raiders,17,16,Los Angeles Rams,282,302,211,137,71,165,1,2,4.6,5.2,20,17,0.3333333333333333,0.38461538461538464,4.0,0.0
401437891,2022-12-11T18:00Z,2022,14,Dallas Cowboys,Houston Texans,27,23,Dallas Cowboys,404,327,277,213,127,114,3,2,5.7,5.1,21,16,0.5333333333333333,0.4666666666666667,1.0,0.0
401437895,2022-12-11T18:00Z,2022,14,Tennessee Titans,Jacksonville Jaguars,22,36,Jacksonville Jaguars,364,428,227,368,137,60,4,0,5.9,6.4,22,22,0.5,0.46153846153846156,4.0,0.0
401437889,2022-12-11T18:00Z,2022,14,Buffalo Bills,New York Jets,20,12,Buffalo Bills,232,309,130,233,102,76,0,2,4.3,4.2,14,19,0.15384615384615385,0.47058823529411764,3.0,4.0
401437892,2022-12-11T18:00Z,2022,14,Detroit Lions,Minnesota Vikings,34,23,Detroit Lions,464,416,330,394,134,22,0,2,6.7,6.7,23,23,0.4666666666666667,0.4,0.0,4.0
401437890,2022-12-11T18:00Z,2022,14,Cincinnati Bengals,Cleveland Browns,23,10,Cincinnati Bengals,363,344,227,273,136,71,1,1,6.0,4.9,23,18,0.4,0.26666666666666666,2.0,2.0
401437893,2022-12-11T18:00Z,2022,14,New York Giants,Philadelphia Eagles,22,48,Philadelphia Eagles,304,437,181,184,123,253,1,0,4.8,6.6,18,27,0.3076923076923077,0.5454545454545454,7.0,4.0
401437894,2022-12-11T18:00Z,2022,14,Pittsburgh Steelers,Baltimore Ravens,14,16,Baltimore Ravens,329,309,264,94,65,215,3,0,6.2,5.1,23,18,0.5,0.3076923076923077,2.0,2.0
401437899,2022-12-11T21:05Z,2022,14,Denver Broncos,Kansas City Chiefs,28,34,Kansas City Chiefs,320,431,214,342,106,89,2,3,4.6,6.4,17,20,0.35294117647058826,0.5,6.0,2.0
401437898,2022-12-11T21:25Z,2022,14,Seattle Seahawks,Carolina Panthers,24,30,Carolina Panthers,287,328,241,105,46,223,2,0,5.4,4.6,16,24,0.46153846153846156,0.46153846153846156,3.0,2.0
401437897,2022-12-11T21:25Z,2022,14,San Francisco 49ers,Tampa Bay Buccaneers,35,7,San Francisco 49ers,404,322,195,253,209,69,1,3,6.8,4.4,24,18,0.4444444444444444,0.25,0.0,0.0
401437896,2022-12-12T01:20Z,2022,14,Los Angeles Chargers,Miami Dolphins,23,17,Los Angeles Chargers,432,219,350,127,82,92,0,0,5.5,4.5,24,14,0.5,0.2727272727272727,4.0,2.0
401437900,2022-12-13T01:15Z,2022,14,Arizona Cardinals,New England Patriots,13,27,New England Patriots,323,328,210,225,113,103,2,1,4.7,5.8,19,18,0.2857142857142857,0.2727272727272727,6.0,1.0
401437901,2022-12-16T01:15Z,2022,15,Seattle Seahawks,San Francisco 49ers,13,21,San Francisco 49ers,277,381,207,211,70,170,1,0,4.5,6.2,16,15,0.3076923076923077,0.46153846153846156,3.0,1.0
401437904,2022-12-17T18:00Z,2022,15,Minnesota Vikings,Indianapolis Colts,39,36,Minnesota Vikings,518,341,426,170,92,171,3,1,6.0,4.3,32,20,0.3333333333333333,0.3157894736842105,7.0,3.0
401437903,2022-12-17T21:40Z,2022,15,Cleveland Browns,Baltimore Ravens,13,3,Cleveland Browns,283,324,140,126,143,198,0,2,4.4,5.3,19,17,0.3333333333333333,0.4166666666666667,3.0,3.0
401437902,2022-12-18T01:15Z,2022,15,Buffalo Bills,Miami Dolphins,32,29,Buffalo Bills,446,405,296,217,150,188,1,0,6.3,7.1,29,20,0.5714285714285714,0.35714285714285715,2.0,2.0
401437907,2022-12-18T18:00Z,2022,15,Carolina Panthers,Pittsburgh Steelers,16,24,Pittsburgh Steelers,209,325,188,169,21,156,0,0,4.9,4.8,12,22,0.36363636363636365,0.75,4.0,1.0
401437910,2022-12-18T18:00Z,2022,15,Jacksonville Jaguars,Dallas Cowboys,40,34,Jacksonville Jaguars,503,397,311,243,192,154,3,2,7.2,5.4,26,24,0.6666666666666666,0.5625,1.0,3.0
401437909,2022-12-18T18:00Z,2022,15,Houston Texans,Kansas City Chiefs,24,30,Kansas City Chiefs,219,502,125,313,94,189,1,2,3.8,6.6,18,33,0.4,0.5,1.0,2.0
401437905,2022-12-18T18:00Z,2022,15,New Orleans Saints,Atlanta Falcons,21,18,New Orleans Saints,348,320,214,89,134,231,1,1,6.3,4.6,17,21,0.45454545454545453,0.5625,2.0,4.0
401437908,2022-12-18T18:00Z,2022,15,Chicago Bears,Philadelphia Eagles,20,25,Philadelphia Eagles,248,421,91,309,157,112,1,3,4.3,5.9,15,20,0.38461538461538464,0.5625,6.0,1.0
401437911,2022-12-18T18:00Z,2022,15,New York Jets,Detroit Lions,17,20,Detroit Lions,337,359,287,252,50,107,1,0,5.5,5.4,18,17,0.5,0.3333333333333333,4.0,0.0
401437915,2022-12-18T21:05Z,2022,15,Las Vegas Raiders,New England Patriots,30,24,Las Vegas Raiders,308,318,211,112,97,206,1,1,4.8,5.0,18,19,0.35714285714285715,0.15384615384615385,3.0,0.0
401437912,2022-12-18T21:05Z,2022,15,Denver Broncos,Arizona Cardinals,24,15,Denver Broncos,324,240,156,167,168,73,2,3,4.8,4.1,23,13,0.36363636363636365,0.16666666666666666,7.0,3.0
401437914,2022-12-18T21:25Z,2022,15,Tampa Bay Buccaneers,Cincinnati Bengals,23,34,Cincinnati Bengals,396,237,304,184,92,53,4,1,5.7,3.8,25,20,0.3333333333333333,0.38461538461538464,1.0,2.0
401437913,2022-12-18T21:25Z,2022,15,Los Angeles Chargers,Tennessee Titans,17,14,Los Angeles Chargers,365,284,291,157,74,127,2,1,5.3,5.0,23,17,0.3076923076923077,0.2727272727272727,3.0,4.0
401437906,2022-12-19T01:20Z,2022,15,Washington Commanders,New York Giants,12,20,New York Giants,387,288,228,160,159,128,2,0,6.7,4.6,20,19,0.1,0.2,3.0,0.0
401437916,2022-12-20T01:15Z,2022,15,Green Bay Packers,Los Angeles Rams,24,12,Green Bay Packers,345,156,207,84,138,72,2,1,5.1,3.6,27,13,0.4444444444444444,0.36363636363636365,3.0,5.0
401437917,2022-12-23T01:15Z,2022,16,New York Jets,Jacksonville Jaguars,3,19,Jacksonville Jaguars,227,365,161,218,66,147,2,1,4.1,5.1,10,19,0.15384615384615385,0.4375,3.0,1.0
401437919,2022-12-24T18:00Z,2022,16,Carolina Panthers,Detroit Lions,37,23,Carolina Panthers,570,381,250,336,320,45,0,1,8.8,6.2,30,22,0.3333333333333333,0.3333333333333333,0.0,2.0
401437921,2022-12-24T18:00Z,2022,16,Cleveland Browns,New Orleans Saints,10,17,New Orleans Saints,249,244,125,92,124,152,1,1,3.7,4.5,15,14,0.4375,0.4666666666666667,2.0,0.0
401437923,2022-12-24T18:00Z,2022,16,Minnesota Vikings,New York Giants,27,24,Minnesota Vikings,353,445,270,319,83,126,0,2,5.0,6.7,23,23,0.46153846153846156,0.2727272727272727,4.0,3.0
401437920,2022-12-24T18:00Z,2022,16,Chicago Bears,Buffalo Bills,13,35,Buffalo Bills,209,426,129,172,80,254,2,3,3.5,7.3,11,20,0.16666666666666666,0.5454545454545454,2.0,1.0
401437922,2022-12-24T18:00Z,2022,16,Kansas City Chiefs,Seattle Seahawks,24,10,Kansas City Chiefs,297,333,220,200,77,133,0,1,5.8,4.6,14,19,0.2727272727272727,0.14285714285714285,1.0,2.0
401437924,2022-12-24T18:00Z,2022,16,New England Patriots,Cincinnati Bengals,18,22,Cincinnati Bengals,285,442,224,369,61,73,1,3,5.4,5.7,15,28,0.46153846153846156,0.5,4.0,2.0
401437918,2022-12-24T18:00Z,2022,16,Baltimore Ravens,Atlanta Falcons,17,9,Baltimore Ravens,299,327,115,212,184,115,0,1,5.9,4.8,15,17,0.3333333333333333,0.35714285714285715,0.0,2.0
401437925,2022-12-24T19:00Z,2022,16,Tennessee Titans,Houston Texans,14,19,Houston Texans,272,285,88,215,184,70,3,1,4.7,4.5,16,15,0.3333333333333333,0.35714285714285715,4.0,1.0
401437926,2022-12-24T21:05Z,2022,16,San Francisco 49ers,Washington Commanders,37,20,San Francisco 49ers,371,349,218,270,153,79,1,2,7.3,5.1,14,21,0.36363636363636365,0.5384615384615384,3.0,2.0
401437927,2022-12-24T21:25Z,2022,16,Dallas Cowboys,Philadelphia Eagles,40,34,Dallas Cowboys,419,442,304,355,115,87,1,4,5.8,6.4,25,25,0.5333333333333333,0.5714285714285714,6.0,0.0
401437928,2022-12-25T01:15Z,2022,16,Pittsburgh Steelers,Las Vegas Raiders,13,10,Pittsburgh Steelers,350,201,244,143,106,58,1,3,5.3,3.9,19,13,0.35714285714285715,0.5,0.0,3.0
401437929,2022-12-25T18:00Z,2022,16,Miami Dolphins,Green Bay Packers,20,26,Green Bay Packers,376,301,294,222,82,79,4,1,8.4,4.6,15,17,0.2857142857142857,0.14285714285714285,2.0,2.0
401436983,2022-12-25T21:30Z,2022,16,Los Angeles Rams,Denver Broncos,51,14,Los Angeles Rams,388,323,230,219,158,104,0,4,6.1,5.3,26,18,0.6,0.3,0.0,6.0
401437930,2022-12-26T01:20Z,2022,16,Arizona Cardinals,Tampa Bay Buccaneers,16,19,Tampa Bay Buccaneers,325,396,204,281,121,115,3,2,4.4,5.1,16,21,0.2631578947368421,0.35294117647058826,1.0,0.0
401437931,2022-12-27T01:15Z,2022,16,Indianapolis Colts,Los Angeles Chargers,3,20,Los Angeles Chargers,173,314,104,213,69,101,3,2,3.5,4.7,10,17,0.0,0.4444444444444444,7.0,4.0
401437932,2022-12-30T01:15Z,2022,17,Tennessee Titans,Dallas Cowboys,13,27,Dallas Cowboys,317,361,220,274,97,87,2,3,4.9,4.9,17,26,0.4375,0.6153846153846154,2.0,1.0
401437941,2023-01-01T18:00Z,2022,17,Tampa Bay Buccaneers,Carolina Panthers,30,24,Tampa Bay Buccaneers,478,400,411,326,67,74,1,3,6.5,6.6,25,22,0.26666666666666666,0.36363636363636365,3.0,2.0
401437936,2023-01-01T18:00Z,2022,17,Houston Texans,Jacksonville Jaguars,3,31,Jacksonville Jaguars,277,337,193,168,84,169,1,2,4.1,5.6,13,20,0.35294117647058826,0.3333333333333333,2.0,2.0
401437940,2023-01-01T18:00Z,2022,17,Philadelphia Eagles,New Orleans Saints,10,20,New Orleans Saints,313,313,246,184,67,129,1,1,5.9,4.7,11,19,0.25,0.4375,6.0,7.0
401437935,2023-01-01T18:00Z,2022,17,Detroit Lions,Chicago Bears,41,10,Detroit Lions,504,230,239,30,265,200,0,2,7.2,4.6,26,9,0.3333333333333333,0.23076923076923078,2.0,7.0
401437939,2023-01-01T18:00Z,2022,17,New York Giants,Indianapolis Colts,38,10,New York Giants,394,252,177,124,217,128,1,1,6.5,4.5,26,14,0.5714285714285714,0.25,0.0,2.0
401437937,2023-01-01T18:00Z,2022,17,Kansas City Chiefs,Denver Broncos,27,24,Kansas City Chiefs,374,307,328,190,46,117,2,2,6.4,4.7,22,21,0.2222222222222222,0.25,0.0,4.0
401437942,2023-01-01T18:00Z,2022,17,Washington Commanders,Cleveland Browns,10,24,Cleveland Browns,260,301,124,155,136,146,3,0,3.8,5.7,17,16,0.4375,0.36363636363636365,3.0,5.0
401437933,2023-01-01T18:00Z,2022,17,Atlanta Falcons,Arizona Cardinals,20,19,Atlanta Falcons,298,339,166,213,132,126,1,0,4.9,4.9,20,22,0.45454545454545453,0.36363636363636365,1.0,2.0
401437938,2023-01-01T18:00Z,2022,17,New England Patriots,Miami Dolphins,23,21,New England Patriots,249,333,173,247,76,86,0,2,4.4,4.8,14,21,0.38461538461538464,0.2857142857142857,3.0,2.0
401437944,2023-01-01T21:05Z,2022,17,Seattle Seahawks,New York Jets,23,6,Seattle Seahawks,346,279,148,204,198,75,0,3,4.9,4.2,20,20,0.3333333333333333,0.3076923076923077,4.0,4.0
401437943,2023-01-01T21:05Z,2022,17,Las Vegas Raiders,San Francisco 49ers,34,37,San Francisco 49ers,500,454,365,284,135,170,2,1,7.6,7.3,29,27,0.4,0.5,0.0,0.0
401437945,2023-01-01T21:25Z,2022,17,Green Bay Packers,Minnesota Vikings,41,17,Green Bay Packers,315,346,152,244,163,102,0,4,5.2,6.1,20,18,0.5833333333333334,0.4166666666666667,1.0,2.0
401437946,2023-01-01T21:25Z,2022,17,Los Angeles Chargers,Los Angeles Rams,31,10,Los Angeles Chargers,431,277,239,111,192,166,0,1,7.0,5.8,22,12,0.6153846153846154,0.36363636363636365,0.0,3.0
401437934,2023-01-02T01:20Z,2022,17,Baltimore Ravens,Pittsburgh Steelers,13,16,Pittsburgh Steelers,240,351,120,153,120,198,1,0,4.8,5.0,15,22,0.4166666666666667,0.625,1.0,2.0
401437947,2023-01-03T01:30Z,2022,17,Cincinnati Bengals,Buffalo Bills,0,0,TIE,,,,,,,,,,,,,,,,
401437961,2023-01-07T21:30Z,2022,18,Las Vegas Raiders,Kansas City Chiefs,13,31,Kansas City Chiefs,279,349,180,181,99,168,2,0,4.2,6.2,21,21,0.5,0.5555555555555556,6.0,2.0
401437954,2023-01-08T01:15Z,2022,18,Jacksonville Jaguars,Tennessee Titans,20,16,Jacksonville Jaguars,222,312,203,165,19,147,1,2,4.7,4.3,13,19,0.45454545454545453,0.35294117647058826,1.0,4.0
401437953,2023-01-08T18:00Z,2022,18,Indianapolis Colts,Houston Texans,31,32,Houston Texans,398,360,202,301,196,59,3,3,5.7,5.6,25,18,0.3076923076923077,0.35714285714285715,2.0,1.0
401437958,2023-01-08T18:00Z,2022,18,Pittsburgh Steelers,Cleveland Browns,28,14,Pittsburgh Steelers,333,307,189,173,144,134,1,2,5.0,5.3,23,18,0.6,0.4166666666666667,1.0,7.0
401437950,2023-01-08T18:00Z,2022,18,Chicago Bears,Minnesota Vikings,13,29,Minnesota Vikings,259,482,141,341,118,141,2,2,5.2,6.8,13,28,0.2222222222222222,0.5454545454545454,1.0,0.0
401437948,2023-01-08T18:00Z,2022,18,Atlanta Falcons,Tampa Bay Buccaneers,30,17,Atlanta Falcons,382,222,208,136,174,86,1,1,5.7,4.1,22,12,0.4,0.46153846153846156,2.0,0.0
401437949,2023-01-08T18:00Z,2022,18,Buffalo Bills,New England Patriots,35,23,Buffalo Bills,327,341,237,234,90,107,3,3,5.6,5.3,18,20,0.5833333333333334,0.3076923076923077,2.0,1.0
401437951,2023-01-08T18:00Z,2022,18,Cincinnati Bengals,Baltimore Ravens,27,16,Cincinnati Bengals,257,386,202,276,55,110,1,4,4.0,5.1,15,20,0.3333333333333333,0.375,2.0,4.0
401437955,2023-01-08T18:00Z,2022,18,Miami Dolphins,New York Jets,11,6,Miami Dolphins,302,187,140,149,162,38,0,0,4.7,3.5,17,11,0.3076923076923077,0.4375,1.0,0.0
401437956,2023-01-08T18:00Z,2022,18,New Orleans Saints,Carolina Panthers,7,10,Carolina Panthers,304,203,161,32,143,171,1,2,5.2,3.5,16,14,0.3076923076923077,0.5714285714285714,1.0,2.0
401437963,2023-01-08T21:25Z,2022,18,Seattle Seahawks,Los Angeles Rams,19,16,Seattle Seahawks,402,269,205,123,197,146,2,1,5.7,4.6,22,14,0.09090909090909091,0.2857142857142857,3.0,5.0
401437959,2023-01-08T21:25Z,2022,18,Washington Commanders,Dallas Cowboys,26,6,Washington Commanders,309,182,158,118,151,64,1,2,4.9,2.8,16,10,0.21428571428571427,0.2222222222222222,3.0,1.0
401437957,2023-01-08T21:25Z,2022,18,Philadelphia Eagles,New York Giants,22,16,Philadelphia Eagles,342,284,207,155,135,129,1,0,4.8,4.5,23,18,0.35714285714285715,0.2857142857142857,3.0,2.0
401437960,2023-01-08T21:25Z,2022,18,Denver Broncos,Los Angeles Chargers,31,28,Denver Broncos,471,352,266,293,205,59,2,2,7.6,5.3,22,21,0.4166666666666667,0.5,2.0,1.0
401437962,2023-01-08T21:25Z,2022,18,San Francisco 49ers,Arizona Cardinals,38,13,San Francisco 49ers,311,255,142,194,169,61,0,4,5.1,5.1,21,11,0.46153846153846156,0.4,4.0,3.0
401437952,2023-01-09T01:20Z,2022,18,Green Bay Packers,Detroit Lions,16,20,Detroit Lions,291,323,188,219,103,104,2,0,5.1,5.4,17,21,0.3333333333333333,0.3333333333333333,2.0,1.0
401547353,2023-09-08T00:20Z,2023,1,Kansas City Chiefs,Detroit Lions,20,21,Detroit Lions,316,368,226,250,90,118,1,1,5.1,5.3,17,19,0.35714285714285715,0.3333333333333333,0.0,1.0
401547403,2023-09-10T17:00Z,2023,1,Atlanta Falcons,Carolina Panthers,24,10,Atlanta Falcons,221,281,91,127,130,154,0,3,4.6,3.9,13,20,0.2,0.35714285714285715,4.0,2.0
401547399,2023-09-10T17:00Z,2023,1,New Orleans Saints,Tennessee Titans,16,15,New Orleans Saints,351,285,282,181,69,104,2,3,5.5,4.8,15,16,0.4375,0.16666666666666666,4.0,3.0
401547397,2023-09-10T17:00Z,2023,1,Cleveland Browns,Cincinnati Bengals,24,3,Cleveland Browns,350,142,144,67,206,75,2,0,4.9,2.6,21,6,0.2857142857142857,0.13333333333333333,3.0,2.0
401547405,2023-09-10T17:00Z,2023,1,Pittsburgh Steelers,San Francisco 49ers,7,30,San Francisco 49ers,239,391,198,203,41,188,2,1,3.9,5.9,15,22,0.3333333333333333,0.46153846153846156,5.0,3.0
401547404,2023-09-10T17:00Z,2023,1,Indianapolis Colts,Jacksonville Jaguars,21,31,Jacksonville Jaguars,280,342,215,237,65,105,3,2,4.1,5.0,18,20,0.16666666666666666,0.25,4.0,2.0
401547398,2023-09-10T17:00Z,2023,1,Minnesota Vikings,Tampa Bay Buccaneers,17,20,Tampa Bay Buccaneers,369,242,328,169,41,73,3,0,5.9,3.6,18,16,0.42857142857142855,0.35294117647058826,2.0,1.0
401547406,2023-09-10T17:00Z,2023,1,Washington Commanders,Arizona Cardinals,20,16,Washington Commanders,248,210,156,114,92,96,3,2,3.8,3.6,21,13,0.3333333333333333,0.2857142857142857,6.0,3.0
401547396,2023-09-10T17:00Z,2023,1,Baltimore Ravens,Houston Texans,25,9,Baltimore Ravens,265,268,155,196,110,72,2,1,4.6,3.7,18,18,0.5333333333333333,0.3888888888888889,4.0,5.0
401547408,2023-09-10T20:25Z,2023,1,Seattle Seahawks,Los Angeles Rams,13,30,Los Angeles Rams,180,426,95,334,85,92,0,0,3.9,5.5,13,27,0.2222222222222222,0.6470588235294118,2.0,0.0
401547401,2023-09-10T20:25Z,2023,1,Los Angeles Chargers,Miami Dolphins,34,36,Miami Dolphins,433,536,200,466,233,70,0,2,5.7,8.2,30,30,0.6,0.4444444444444444,3.0,0.0
401547407,2023-09-10T20:25Z,2023,1,Chicago Bears,Green Bay Packers,20,38,Green Bay Packers,311,329,189,237,122,92,2,0,4.4,5.5,22,15,0.23076923076923078,0.5625,4.0,1.0
401547400,2023-09-10T20:25Z,2023,1,Denver Broncos,Las Vegas Raiders,16,17,Las Vegas Raiders,260,261,166,200,94,61,0,1,4.5,4.7,22,22,0.45454545454545453,0.45454545454545453,2.0,0.0
401547402,2023-09-10T20:25Z,2023,1,New England Patriots,Philadelphia Eagles,20,25,Philadelphia Eagles,382,251,306,154,76,97,2,1,4.9,4.1,24,17,0.3333333333333333,0.3076923076923077,2.0,3.0
401547409,2023-09-11T00:20Z,2023,1,New York Giants,Dallas Cowboys,0,40,Dallas Cowboys,171,265,63,143,108,122,3,0,2.6,4.8,14,18,0.3125,0.46153846153846156,7.0,0.0
401547352,2023-09-12T00:15Z,2023,1,New York Jets,Buffalo Bills,22,16,New York Jets,289,314,117,217,172,97,1,4,5.5,4.6,13,19,0.38461538461538464,0.38461538461538464,3.0,5.0
401547410,2023-09-15T00:15Z,2023,2,Philadelphia Eagles,Minnesota Vikings,34,28,Philadelphia Eagles,430,374,171,346,259,28,1,4,5.7,6.8,24,19,0.42857142857142855,0.6,4.0,2.0
401547417,2023-09-17T17:00Z,2023,2,Atlanta Falcons,Green Bay Packers,25,24,Atlanta Falcons,446,224,235,140,211,84,1,0,5.7,4.8,27,17,0.4,0.3333333333333333,1.0,1.0
401547413,2023-09-17T17:00Z,2023,2,Jacksonville Jaguars,Kansas City Chiefs,9,17,Kansas City Chiefs,271,399,197,298,74,101,1,3,4.2,6.2,18,19,0.25,0.3076923076923077,4.0,1.0
401547414,2023-09-17T17:00Z,2023,2,Tennessee Titans,Los Angeles Chargers,27,24,Tennessee Titans,341,342,200,281,141,61,0,0,5.4,5.3,22,19,0.46153846153846156,0.14285714285714285,5.0,3.0
401547419,2023-09-17T17:00Z,2023,2,Houston Texans,Indianapolis Colts,20,31,Indianapolis Colts,389,353,337,227,52,126,1,0,4.9,6.3,24,19,0.47368421052631576,0.5,6.0,0.0
401547418,2023-09-17T17:00Z,2023,2,Detroit Lions,Seattle Seahawks,31,37,Seattle Seahawks,418,393,316,311,102,82,3,0,6.5,5.9,25,28,0.5454545454545454,0.45454545454545453,2.0,1.0
401547411,2023-09-17T17:00Z,2023,2,Buffalo Bills,Las Vegas Raiders,38,10,Buffalo Bills,450,240,267,185,183,55,0,3,6.1,6.2,29,13,0.5384615384615384,0.42857142857142855,2.0,0.0
401547420,2023-09-17T17:00Z,2023,2,Tampa Bay Buccaneers,Chicago Bears,27,17,Tampa Bay Buccaneers,437,236,317,169,120,67,0,2,6.4,4.6,19,14,0.5333333333333333,0.46153846153846156,0.0,6.0
401547412,2023-09-17T17:00Z,2023,2,Cincinnati Bengals,Baltimore Ravens,24,27,Baltimore Ravens,282,415,216,237,66,178,1,0,4.9,5.9,19,26,0.6666666666666666,0.6428571428571429,1.0,0.0
401547421,2023-09-17T20:05Z,2023,2,Arizona Cardinals,New York Giants,28,31,New York Giants,379,439,228,312,151,127,0,1,6.3,6.6,24,26,0.4,0.5833333333333334,0.0,3.0
401547422,2023-09-17T20:05Z,2023,2,Los Angeles Rams,San Francisco 49ers,23,30,San Francisco 49ers,386,365,297,206,89,159,2,0,4.9,6.8,28,21,0.5,0.2222222222222222,1.0,1.0
401547416,2023-09-17T20:25Z,2023,2,Denver Broncos,Washington Commanders,33,35,Washington Commanders,399,388,277,266,122,122,2,0,6.4,5.9,21,26,0.3333333333333333,0.3,7.0,4.0
401547415,2023-09-17T20:25Z,2023,2,Dallas Cowboys,New York Jets,30,10,Dallas Cowboys,382,215,248,151,134,64,0,4,4.6,4.7,26,12,0.5,0.1,1.0,3.0
401547423,2023-09-18T00:20Z,2023,2,New England Patriots,Miami Dolphins,17,24,Miami Dolphins,288,389,200,244,88,145,2,1,4.1,6.4,23,22,0.4666666666666667,0.4,4.0,1.0
401547425,2023-09-18T23:15Z,2023,2,Carolina Panthers,New Orleans Saints,17,20,New Orleans Saints,239,341,139,207,100,134,1,1,4.3,4.6,14,23,0.2857142857142857,0.4375,4.0,4.0
401547424,2023-09-19T00:15Z,2023,2,Pittsburgh Steelers,Cleveland Browns,26,22,Pittsburgh Steelers,255,408,200,210,55,198,2,4,4.8,5.0,9,20,0.2857142857142857,0.3125,2.0,6.0
401547426,2023-09-22T00:15Z,2023,3,San Francisco 49ers,New York Giants,30,12,San Francisco 49ers,441,150,300,121,141,29,0,1,5.7,3.3,26,10,0.5625,0.25,2.0,2.0
401547431,2023-09-24T17:00Z,2023,3,Washington Commanders,Buffalo Bills,3,37,Buffalo Bills,230,386,125,218,105,168,5,1,4.5,5.9,15,20,0.1111111111111111,0.6,9.0,0.0
401547433,2023-09-24T17:00Z,2023,3,Detroit Lions,Atlanta Falcons,20,6,Detroit Lions,358,183,243,139,115,44,1,1,5.6,2.8,18,16,0.2857142857142857,0.2857142857142857,0.0,7.0
401547430,2023-09-24T17:00Z,2023,3,New York Jets,New England Patriots,10,15,New England Patriots,171,358,133,201,38,157,0,0,2.8,5.2,12,17,0.14285714285714285,0.42105263157894735,3.0,0.0
401547428,2023-09-24T17:00Z,2023,3,Cleveland Browns,Tennessee Titans,27,3,Cleveland Browns,341,94,263,68,78,26,1,0,5.1,2.1,23,6,0.46153846153846156,0.16666666666666666,3.0,5.0
401547434,2023-09-24T17:00Z,2023,3,Green Bay Packers,New Orleans Saints,18,17,Green Bay Packers,340,252,245,175,95,77,1,0,4.8,4.2,21,15,0.4444444444444444,0.2857142857142857,1.0,4.0
401547429,2023-09-24T17:00Z,2023,3,Miami Dolphins,Denver Broncos,70,20,Miami Dolphins,726,363,376,294,350,69,0,3,10.2,6.2,30,16,0.5555555555555556,0.25,0.0,1.0
401547435,2023-09-24T17:00Z,2023,3,Jacksonville Jaguars,Houston Texans,17,37,Houston Texans,404,366,288,280,116,86,2,0,5.9,6.5,22,15,0.38461538461538464,0.6,0.0,0.0
401547427,2023-09-24T17:00Z,2023,3,Baltimore Ravens,Indianapolis Colts,19,22,Indianapolis Colts,364,327,178,188,186,139,2,0,5.1,3.9,20,19,0.375,0.36363636363636365,4.0,5.0
401547436,2023-09-24T17:00Z,2023,3,Minnesota Vikings,Los Angeles Chargers,24,28,Los Angeles Chargers,475,475,345,445,130,30,2,1,6.1,7.4,29,24,0.2857142857142857,0.45454545454545453,4.0,1.0
401547432,2023-09-24T20:05Z,2023,3,Seattle Seahawks,Carolina Panthers,37,27,Seattle Seahawks,425,378,279,334,146,44,1,0,6.0,5.0,27,23,0.23076923076923078,0.5263157894736842,2.0,3.0
401547437,2023-09-24T20:25Z,2023,3,Arizona Cardinals,Dallas Cowboys,28,16,Arizona Cardinals,400,416,178,231,222,185,0,1,7.5,5.5,20,26,0.5,0.5625,2.0,2.0
401547438,2023-09-24T20:25Z,2023,3,Kansas City Chiefs,Chicago Bears,41,10,Kansas City Chiefs,456,203,303,87,153,116,2,2,6.1,4.0,31,11,0.7142857142857143,0.3333333333333333,0.0,3.0
401547439,2023-09-25T00:20Z,2023,3,Las Vegas Raiders,Pittsburgh Steelers,18,23,Pittsburgh Steelers,362,333,293,228,69,105,3,0,5.4,5.6,19,17,0.3076923076923077,0.4,4.0,1.0
401547440,2023-09-25T23:15Z,2023,3,Tampa Bay Buccaneers,Philadelphia Eagles,11,25,Philadelphia Eagles,174,472,133,271,41,201,2,2,4.0,6.1,12,27,0.5,0.625,2.0,1.0
401547441,2023-09-26T00:15Z,2023,3,Cincinnati Bengals,Los Angeles Rams,19,16,Cincinnati Bengals,309,292,242,221,67,71,1,2,4.2,5.6,19,15,0.29411764705882354,0.09090909090909091,2.0,6.0
401547442,2023-09-29T00:15Z,2023,4,Green Bay Packers,Detroit Lions,20,34,Detroit Lions,230,401,203,190,27,211,2,1,4.3,5.5,15,25,0.2727272727272727,0.4117647058823529,5.0,2.0
401547227,2023-10-01T13:30Z,2023,4,Jacksonville Jaguars,Atlanta Falcons,23,7,Jacksonville Jaguars,300,287,195,160,105,127,0,3,4.7,5.0,16,17,0.35714285714285715,0.5,2.0,4.0
401547451,2023-10-01T17:00Z,2023,4,Philadelphia Eagles,Washington Commanders,34,31,Philadelphia Eagles,415,365,311,258,104,107,0,0,6.2,4.9,23,26,0.3333333333333333,0.47058823529411764,3.0,5.0
401547445,2023-10-01T17:00Z,2023,4,Cleveland Browns,Baltimore Ravens,3,28,Baltimore Ravens,166,296,73,165,93,131,3,1,2.6,5.4,13,16,0.25,0.3333333333333333,4.0,3.0
401547443,2023-10-01T17:00Z,2023,4,Buffalo Bills,Miami Dolphins,48,20,Buffalo Bills,414,393,310,251,104,142,0,2,7.4,6.8,24,20,0.5,0.3,2.0,4.0
401547446,2023-10-01T17:00Z,2023,4,Houston Texans,Pittsburgh Steelers,30,6,Houston Texans,451,225,312,111,139,114,0,1,6.5,4.0,24,12,0.5,0.42857142857142855,0.0,3.0
401547449,2023-10-01T17:00Z,2023,4,Indianapolis Colts,Los Angeles Rams,23,29,Los Angeles Rams,329,467,196,303,133,164,1,1,5.7,6.0,19,27,0.3,0.4,2.0,2.0
401547448,2023-10-01T17:00Z,2023,4,Carolina Panthers,Minnesota Vikings,13,21,Minnesota Vikings,232,265,149,130,83,135,1,2,3.4,6.0,20,14,0.35714285714285715,0.125,5.0,2.0
401547452,2023-10-01T17:00Z,2023,4,Tennessee Titans,Cincinnati Bengals,27,3,Tennessee Titans,400,211,227,139,173,72,1,1,6.5,4.1,23,14,0.6153846153846154,0.2222222222222222,3.0,3.0
401547444,2023-10-01T17:00Z,2023,4,Chicago Bears,Denver Broncos,28,31,Denver Broncos,471,311,300,214,171,97,2,0,6.7,6.5,26,17,0.5,0.5454545454545454,4.0,1.0
401547450,2023-10-01T17:00Z,2023,4,New Orleans Saints,Tampa Bay Buccaneers,9,26,Tampa Bay Buccaneers,197,353,127,239,70,114,3,1,3.2,5.3,16,21,0.35714285714285715,0.5333333333333333,3.0,1.0
401547447,2023-10-01T20:05Z,2023,4,Los Angeles Chargers,Las Vegas Raiders,24,17,Los Angeles Chargers,305,264,150,188,155,76,1,3,4.8,3.8,16,22,0.35714285714285715,0.09090909090909091,2.0,7.0
401547454,2023-10-01T20:25Z,2023,4,San Francisco 49ers,Arizona Cardinals,35,16,San Francisco 49ers,395,362,271,257,124,105,0,0,7.5,5.4,30,23,0.6,0.5333333333333333,1.0,1.0
401547453,2023-10-01T20:25Z,2023,4,Dallas Cowboys,New England Patriots,38,3,Dallas Cowboys,377,253,253,200,124,53,0,3,5.5,4.6,22,10,0.5333333333333333,0.3076923076923077,3.0,2.0
401547455,2023-10-02T00:20Z,2023,4,New York Jets,Kansas City Chiefs,20,23,Kansas City Chiefs,336,401,228,197,108,204,1,2,5.9,6.1,18,24,0.4166666666666667,0.5833333333333334,2.0,1.0
401547456,2023-10-03T00:15Z,2023,4,New York Giants,Seattle Seahawks,3,24,Seattle Seahawks,248,281,136,160,112,121,3,0,3.4,5.5,17,13,0.375,0.25,11.0,2.0
401547457,2023-10-06T00:15Z,2023,5,Washington Commanders,Chicago Bears,20,40,Chicago Bears,388,451,359,273,29,178,2,0,5.9,7.0,23,18,0.5,0.4666666666666667,5.0,3.0
401547228,2023-10-08T13:30Z,2023,5,Buffalo Bills,Jacksonville Jaguars,20,25,Jacksonville Jaguars,388,474,359,278,29,196,2,2,7.2,5.8,18,29,0.4166666666666667,0.5555555555555556,0.0,5.0
401547464,2023-10-08T17:00Z,2023,5,Detroit Lions,Carolina Panthers,42,24,Detroit Lions,377,342,218,243,159,99,0,3,6.3,5.3,23,26,0.4,0.5,2.0,1.0
401547463,2023-10-08T17:00Z,2023,5,Atlanta Falcons,Houston Texans,21,19,Atlanta Falcons,447,313,351,249,96,64,2,0,6.0,5.4,26,17,0.5,0.3076923076923077,0.0,0.0
401547460,2023-10-08T17:00Z,2023,5,Pittsburgh Steelers,Baltimore Ravens,17,10,Pittsburgh Steelers,289,335,202,210,87,125,1,3,4.4,5.0,17,19,0.4,0.35714285714285715,3.0,4.0
401547458,2023-10-08T17:00Z,2023,5,Indianapolis Colts,Tennessee Titans,23,16,Indianapolis Colts,429,348,236,259,193,89,0,1,7.0,6.0,21,19,0.6153846153846154,0.4166666666666667,1.0,1.0
401547465,2023-10-08T17:00Z,2023,5,Miami Dolphins,New York Giants,31,16,Miami Dolphins,524,268,302,183,222,85,3,0,9.7,3.9,22,15,0.375,0.29411764705882354,1.0,7.0
401547459,2023-10-08T17:00Z,2023,5,New England Patriots,New Orleans Saints,0,34,New Orleans Saints,156,304,111,168,45,136,3,0,3.1,4.3,8,17,0.07142857142857142,0.3333333333333333,2.0,2.0
401547467,2023-10-08T20:05Z,2023,5,Los Angeles Rams,Philadelphia Eagles,14,23,Philadelphia Eagles,249,454,195,295,54,159,0,1,4.5,5.8,17,28,0.42857142857142855,0.7222222222222222,4.0,1.0
401547466,2023-10-08T20:05Z,2023,5,Arizona Cardinals,Cincinnati Bengals,20,34,Cincinnati Bengals,294,380,152,287,142,93,3,1,5.2,4.8,15,27,0.36363636363636365,0.35714285714285715,3.0,3.0
401547462,2023-10-08T20:25Z,2023,5,Minnesota Vikings,Kansas City Chiefs,20,27,Kansas City Chiefs,329,333,259,266,70,67,1,0,4.8,5.2,24,21,0.42857142857142855,0.6,3.0,2.0
401547461,2023-10-08T20:25Z,2023,5,Denver Broncos,New York Jets,21,31,New York Jets,308,407,169,173,139,234,3,2,5.4,6.6,18,18,0.4,0.25,4.0,4.0
401547354,2023-10-09T00:20Z,2023,5,San Francisco 49ers,Dallas Cowboys,42,10,San Francisco 49ers,421,197,251,140,170,57,1,4,6.3,4.0,25,8,0.5454545454545454,0.36363636363636365,1.0,4.0
401547468,2023-10-10T00:15Z,2023,5,Las Vegas Raiders,Green Bay Packers,17,13,Las Vegas Raiders,279,285,183,175,96,110,1,3,4.4,5.0,19,18,0.38461538461538464,0.3333333333333333,4.0,2.0
401547469,2023-10-13T00:15Z,2023,6,Kansas City Chiefs,Denver Broncos,19,8,Kansas City Chiefs,389,197,293,82,96,115,1,3,5.6,4.0,22,14,0.3076923076923077,0.4,2.0,4.0
401547229,2023-10-15T13:30Z,2023,6,Tennessee Titans,Baltimore Ravens,16,24,Baltimore Ravens,233,360,104,221,129,139,2,1,5.1,5.1,17,20,0.1111111111111111,0.5,6.0,1.0
401547477,2023-10-15T17:00Z,2023,6,Houston Texans,New Orleans Saints,20,13,Houston Texans,297,430,177,341,120,89,1,2,5.0,5.5,19,24,0.36363636363636365,0.4,2.0,2.0
401547471,2023-10-15T17:00Z,2023,6,Cincinnati Bengals,Seattle Seahawks,17,13,Cincinnati Bengals,214,384,168,297,46,87,1,2,4.0,5.5,15,24,0.2727272727272727,0.4166666666666667,3.0,4.0
401547475,2023-10-15T17:00Z,2023,6,Chicago Bears,Minnesota Vikings,13,19,Minnesota Vikings,275,220,113,174,162,46,3,1,4.2,4.0,18,12,0.42857142857142855,0.15384615384615385,5.0,2.0
401547472,2023-10-15T17:00Z,2023,6,Jacksonville Jaguars,Indianapolis Colts,37,20,Jacksonville Jaguars,233,354,148,310,85,44,1,4,3.8,4.7,17,18,0.2857142857142857,0.35294117647058826,3.0,3.0
401547470,2023-10-15T17:00Z,2023,6,Atlanta Falcons,Washington Commanders,16,24,Washington Commanders,402,193,296,121,106,72,3,0,5.1,3.9,25,13,0.3333333333333333,0.2,3.0,5.0
401547476,2023-10-15T17:00Z,2023,6,Cleveland Browns,San Francisco 49ers,19,17,Cleveland Browns,334,215,174,107,160,108,2,1,4.8,3.9,18,15,0.23076923076923078,0.25,2.0,3.0
401547473,2023-10-15T17:00Z,2023,6,Miami Dolphins,Carolina Panthers,42,21,Miami Dolphins,424,296,262,188,162,108,1,0,6.5,4.4,23,21,0.5384615384615384,0.35714285714285715,0.0,4.0
401547474,2023-10-15T20:05Z,2023,6,Las Vegas Raiders,New England Patriots,21,17,Las Vegas Raiders,348,259,264,176,84,83,1,1,5.4,4.6,19,17,0.5,0.5,0.0,4.0
401547478,2023-10-15T20:25Z,2023,6,Tampa Bay Buccaneers,Detroit Lions,6,20,Detroit Lions,251,380,205,340,46,40,1,0,4.6,5.5,13,19,0.16666666666666666,0.5625,1.0,3.0
401547479,2023-10-15T20:25Z,2023,6,Los Angeles Rams,Arizona Cardinals,26,9,Los Angeles Rams,382,345,203,215,179,130,1,2,6.9,4.7,17,20,0.3333333333333333,0.375,3.0,2.0
401547480,2023-10-15T20:25Z,2023,6,New York Jets,Philadelphia Eagles,20,14,New York Jets,244,348,155,268,89,80,0,4,4.1,5.0,17,24,0.18181818181818182,0.5,5.0,2.0
401547481,2023-10-16T00:20Z,2023,6,Buffalo Bills,New York Giants,14,9,Buffalo Bills,297,317,169,185,128,132,2,0,5.0,4.3,22,20,0.5,0.5263157894736842,0.0,3.0
401547482,2023-10-17T00:15Z,2023,6,Los Angeles Chargers,Dallas Cowboys,17,20,Dallas Cowboys,272,342,219,246,53,96,1,1,4.5,5.6,18,20,0.35714285714285715,0.38461538461538464,1.0,5.0
401547483,2023-10-20T00:15Z,2023,7,New Orleans Saints,Jacksonville Jaguars,24,31,Jacksonville Jaguars,407,330,295,217,112,113,1,2,4.7,5.9,25,18,0.16666666666666666,0.18181818181818182,1.0,0.0
401547486,2023-10-22T17:00Z,2023,7,New York Giants,Washington Commanders,14,7,New York Giants,356,273,250,197,106,76,2,1,5.5,4.1,16,14,0.3125,0.06666666666666667,4.0,6.0
401547485,2023-10-22T17:00Z,2023,7,New England Patriots,Buffalo Bills,29,25,New England Patriots,364,339,268,258,96,81,1,2,6.6,5.1,21,24,0.4444444444444444,0.4166666666666667,1.0,1.0
401547490,2023-10-22T17:00Z,2023,7,Chicago Bears,Las Vegas Raiders,30,12,Chicago Bears,323,235,150,196,173,39,0,3,4.7,3.9,23,20,0.6153846153846154,0.2222222222222222,2.0,1.0
401547489,2023-10-22T17:00Z,2023,7,Baltimore Ravens,Detroit Lions,38,6,Baltimore Ravens,503,337,357,253,146,84,1,1,9.1,4.7,23,18,0.5,0.3125,0.0,5.0
401547491,2023-10-22T17:00Z,2023,7,Tampa Bay Buccaneers,Atlanta Falcons,13,16,Atlanta Falcons,329,401,256,245,73,156,2,3,5.1,6.3,21,20,0.5,0.5384615384615384,3.0,1.0
401547484,2023-10-22T17:00Z,2023,7,Indianapolis Colts,Cleveland Browns,38,39,Cleveland Browns,456,316,288,166,168,150,4,2,6.8,4.4,20,18,0.4666666666666667,0.25,4.0,2.0
401547493,2023-10-22T20:05Z,2023,7,Seattle Seahawks,Arizona Cardinals,20,10,Seattle Seahawks,318,249,203,122,115,127,3,0,5.5,4.0,18,15,0.5384615384615384,0.3333333333333333,2.0,4.0
401547492,2023-10-22T20:05Z,2023,7,Los Angeles Rams,Pittsburgh Steelers,17,24,Pittsburgh Steelers,354,300,219,214,135,86,1,0,5.7,5.4,19,17,0.5625,0.3333333333333333,2.0,2.0
401547488,2023-10-22T20:25Z,2023,7,Kansas City Chiefs,Los Angeles Chargers,31,17,Kansas City Chiefs,483,358,415,219,68,139,2,2,7.5,5.9,25,16,0.5454545454545454,0.42857142857142855,1.0,5.0
401547487,2023-10-22T20:25Z,2023,7,Denver Broncos,Green Bay Packers,19,17,Denver Broncos,339,331,194,194,145,137,0,1,6.2,5.4,18,20,0.4166666666666667,0.42857142857142855,1.0,0.0
401547494,2023-10-23T00:20Z,2023,7,Philadelphia Eagles,Miami Dolphins,31,17,Philadelphia Eagles,355,244,256,199,99,45,2,1,5.2,5.1,26,12,0.3333333333333333,0.36363636363636365,3.0,4.0
401547495,2023-10-24T00:15Z,2023,7,Minnesota Vikings,San Francisco 49ers,22,17,Minnesota Vikings,452,325,378,260,74,65,1,3,6.8,6.1,24,19,0.6153846153846154,0.5555555555555556,0.0,1.0
401547496,2023-10-27T00:15Z,2023,8,Buffalo Bills,Tampa Bay Buccaneers,24,18,Buffalo Bills,427,302,312,224,115,78,1,0,6.3,4.9,25,17,0.5384615384615384,0.26666666666666666,2.0,3.0
401547500,2023-10-29T17:00Z,2023,8,Tennessee Titans,Atlanta Falcons,28,23,Tennessee Titans,375,342,226,202,149,140,1,1,5.6,5.2,17,17,0.3333333333333333,0.26666666666666666,2.0,6.0
401547505,2023-10-29T17:00Z,2023,8,Dallas Cowboys,Los Angeles Rams,43,20,Dallas Cowboys,387,280,285,188,102,92,1,1,6.1,4.8,24,15,0.5,0.3076923076923077,3.0,2.0
401547499,2023-10-29T17:00Z,2023,8,Pittsburgh Steelers,Jacksonville Jaguars,10,20,Jacksonville Jaguars,261,377,191,271,70,106,2,3,4.1,5.8,17,20,0.25,0.46153846153846156,3.0,3.0
401547506,2023-10-29T17:00Z,2023,8,Green Bay Packers,Minnesota Vikings,10,24,Minnesota Vikings,270,346,196,284,74,62,1,1,4.4,5.0,16,24,0.35714285714285715,0.5555555555555556,4.0,3.0
401547507,2023-10-29T17:00Z,2023,8,Indianapolis Colts,New Orleans Saints,27,38,New Orleans Saints,371,511,207,350,164,161,1,1,5.5,7.7,19,24,0.4375,0.5,2.0,1.0
401547504,2023-10-29T17:00Z,2023,8,Carolina Panthers,Houston Texans,15,13,Carolina Panthers,224,229,180,119,44,110,0,1,3.7,4.1,20,16,0.35714285714285715,0.4166666666666667,6.0,2.0
401547497,2023-10-29T17:00Z,2023,8,Miami Dolphins,New England Patriots,31,17,Miami Dolphins,390,218,312,141,78,77,2,1,5.3,4.3,24,13,0.35714285714285715,0.1111111111111111,2.0,3.0
401547498,2023-10-29T17:00Z,2023,8,New York Giants,New York Jets,10,13,New York Jets,194,251,-9,193,203,58,0,2,2.8,4.0,12,12,0.10526315789473684,0.13333333333333333,4.0,4.0
401547508,2023-10-29T17:00Z,2023,8,Washington Commanders,Philadelphia Eagles,31,38,Philadelphia Eagles,472,374,388,315,84,59,1,2,6.8,6.0,26,21,0.5833333333333334,0.6153846153846154,1.0,2.0
401547509,2023-10-29T20:05Z,2023,8,Seattle Seahawks,Cleveland Browns,24,20,Seattle Seahawks,362,385,248,230,114,155,2,3,6.6,5.1,17,23,0.3333333333333333,0.4,1.0,3.0
401547503,2023-10-29T20:25Z,2023,8,San Francisco 49ers,Cincinnati Bengals,17,31,Cincinnati Bengals,460,400,347,266,113,134,3,1,8.2,6.5,24,29,0.5555555555555556,0.375,2.0,3.0
401547502,2023-10-29T20:25Z,2023,8,Denver Broncos,Kansas City Chiefs,24,9,Denver Broncos,240,274,87,212,153,62,1,5,3.7,4.8,19,18,0.42857142857142855,0.3,6.0,3.0
401547501,2023-10-29T20:25Z,2023,8,Arizona Cardinals,Baltimore Ravens,24,31,Baltimore Ravens,310,268,181,138,129,130,2,0,4.4,4.5,22,21,0.4166666666666667,0.36363636363636365,2.0,4.0
401547510,2023-10-30T00:20Z,2023,8,Los Angeles Chargers,Chicago Bears,30,13,Los Angeles Chargers,352,295,298,222,54,73,1,2,5.4,4.7,20,17,0.5384615384615384,0.42857142857142855,0.0,1.0
401547511,2023-10-31T00:15Z,2023,8,Detroit Lions,Las Vegas Raiders,26,14,Detroit Lions,486,157,264,77,222,80,3,1,6.0,3.5,29,12,0.42857142857142855,0.1111111111111111,1.0,6.0
401547512,2023-11-03T00:15Z,2023,9,Pittsburgh Steelers,Tennessee Titans,20,16,Pittsburgh Steelers,326,340,160,235,166,105,0,1,5.4,5.0,22,23,0.5,0.23076923076923078,0.0,4.0
401547230,2023-11-05T14:30Z,2023,9,Kansas City Chiefs,Miami Dolphins,21,14,Kansas City Chiefs,267,292,174,175,93,117,1,1,4.8,5.0,16,20,0.3,0.25,2.0,3.0
401547514,2023-11-05T18:00Z,2023,9,Cleveland Browns,Arizona Cardinals,27,0,Cleveland Browns,326,58,213,17,113,41,0,3,4.6,1.2,17,7,0.35294117647058826,0.08333333333333333,1.0,7.0
401547519,2023-11-05T18:00Z,2023,9,Green Bay Packers,Los Angeles Rams,20,3,Green Bay Packers,391,187,207,119,184,68,2,2,5.8,3.4,21,10,0.5,0.35714285714285715,4.0,1.0
401547515,2023-11-05T18:00Z,2023,9,Houston Texans,Tampa Bay Buccaneers,39,37,Houston Texans,496,332,443,251,53,81,1,1,8.0,5.3,26,21,0.2727272727272727,0.23076923076923078,3.0,2.0
401547520,2023-11-05T18:00Z,2023,9,New England Patriots,Washington Commanders,17,20,Washington Commanders,327,432,220,308,107,124,1,2,5.2,5.6,18,23,0.25,0.5294117647058824,0.0,3.0
401547513,2023-11-05T18:00Z,2023,9,Baltimore Ravens,Seattle Seahawks,37,3,Baltimore Ravens,515,151,217,123,298,28,2,2,6.9,3.2,29,6,0.46153846153846156,0.08333333333333333,1.0,4.0
401547518,2023-11-05T18:00Z,2023,9,Atlanta Falcons,Minnesota Vikings,28,31,Minnesota Vikings,370,363,260,217,110,146,2,2,5.5,5.0,18,23,0.5555555555555556,0.4375,1.0,4.0
401547516,2023-11-05T18:00Z,2023,9,New Orleans Saints,Chicago Bears,24,17,New Orleans Saints,301,368,214,212,87,156,0,5,4.9,5.8,18,20,0.5,0.5,0.0,2.0
401547517,2023-11-05T21:05Z,2023,9,Carolina Panthers,Indianapolis Colts,13,27,Indianapolis Colts,275,198,137,120,138,78,3,1,3.9,3.5,17,17,0.4375,0.3076923076923077,4.0,1.0
401547522,2023-11-05T21:25Z,2023,9,Philadelphia Eagles,Dallas Cowboys,28,23,Philadelphia Eagles,292,406,183,333,109,73,0,1,4.9,5.8,20,27,0.5,0.4,3.0,5.0
401547521,2023-11-05T21:25Z,2023,9,Las Vegas Raiders,New York Giants,30,6,Las Vegas Raiders,334,277,209,154,125,123,0,2,5.7,4.5,15,15,0.35714285714285715,0.25,0.0,8.0
401547523,2023-11-06T01:20Z,2023,9,Cincinnati Bengals,Buffalo Bills,24,18,Cincinnati Bengals,397,317,343,249,54,68,0,2,5.9,5.8,23,21,0.5333333333333333,0.5833333333333334,1.0,1.0
401547524,2023-11-07T01:15Z,2023,9,New York Jets,Los Angeles Chargers,6,27,Los Angeles Chargers,270,191,206,107,64,84,3,0,3.5,3.4,17,14,0.17647058823529413,0.4375,8.0,5.0
401547525,2023-11-10T01:15Z,2023,10,Chicago Bears,Carolina Panthers,16,13,Chicago Bears,295,213,162,170,133,43,0,0,4.2,3.7,21,12,0.4,0.2,0.0,3.0
401547231,2023-11-12T14:30Z,2023,10,New England Patriots,Indianapolis Colts,6,10,Indianapolis Colts,340,264,173,194,167,70,2,1,5.0,4.9,21,14,0.42857142857142855,0.38461538461538464,5.0,0.0
401547531,2023-11-12T18:00Z,2023,10,Baltimore Ravens,Cleveland Browns,31,33,Cleveland Browns,306,373,200,195,106,178,2,2,6.1,5.0,17,24,0.25,0.5,3.0,4.0
401547532,2023-11-12T18:00Z,2023,10,Jacksonville Jaguars,San Francisco 49ers,3,34,San Francisco 49ers,221,437,162,293,59,144,4,0,4.1,7.3,12,20,0.3333333333333333,0.3333333333333333,5.0,2.0
401547533,2023-11-12T18:00Z,2023,10,Minnesota Vikings,New Orleans Saints,27,19,Minnesota Vikings,388,280,263,215,125,65,0,2,5.7,4.6,23,16,0.4,0.2857142857142857,1.0,3.0
401547527,2023-11-12T18:00Z,2023,10,Pittsburgh Steelers,Green Bay Packers,23,19,Pittsburgh Steelers,324,399,119,283,205,116,0,2,5.4,6.1,21,17,0.3076923076923077,0.5,1.0,1.0
401547526,2023-11-12T18:00Z,2023,10,Cincinnati Bengals,Houston Texans,27,30,Houston Texans,380,544,314,356,66,188,2,3,6.3,7.4,20,28,0.42857142857142855,0.3076923076923077,4.0,1.0
401547528,2023-11-12T18:00Z,2023,10,Tampa Bay Buccaneers,Tennessee Titans,20,6,Tampa Bay Buccaneers,340,209,263,167,77,42,1,1,5.6,3.5,19,14,0.4666666666666667,0.4,3.0,4.0
401547530,2023-11-12T21:05Z,2023,10,Los Angeles Chargers,Detroit Lions,38,41,Detroit Lions,421,533,323,333,98,200,1,0,6.2,8.3,24,23,0.5,0.3076923076923077,0.0,0.0
401547529,2023-11-12T21:05Z,2023,10,Arizona Cardinals,Atlanta Falcons,25,23,Arizona Cardinals,352,254,230,70,122,184,1,0,5.9,3.9,20,20,0.2727272727272727,0.5,2.0,3.0
401547534,2023-11-12T21:25Z,2023,10,Dallas Cowboys,New York Giants,49,17,Dallas Cowboys,640,172,472,61,168,111,2,1,8.3,3.1,32,16,0.5,0.0,0.0,5.0
401547535,2023-11-12T21:25Z,2023,10,Seattle Seahawks,Washington Commanders,29,26,Seattle Seahawks,489,356,369,288,120,68,0,1,6.6,5.8,27,16,0.2857142857142857,0.4666666666666667,1.0,3.0
401547536,2023-11-13T01:20Z,2023,10,Las Vegas Raiders,New York Jets,16,12,Las Vegas Raiders,274,365,126,257,148,108,2,1,4.4,5.8,15,14,0.3333333333333333,0.4375,3.0,2.0
401547537,2023-11-14T01:15Z,2023,10,Buffalo Bills,Denver Broncos,22,24,Denver Broncos,369,300,177,178,192,122,4,1,7.1,4.2,18,19,0.375,0.42105263157894735,0.0,4.0
401547538,2023-11-17T01:15Z,2023,11,Baltimore Ravens,Cincinnati Bengals,34,20,Baltimore Ravens,405,272,248,136,157,136,0,0,6.8,4.6,22,20,0.5,0.18181818181818182,3.0,5.0
401547542,2023-11-19T18:00Z,2023,11,Miami Dolphins,Las Vegas Raiders,20,13,Miami Dolphins,422,296,323,260,99,36,3,3,6.2,5.0,21,12,0.2727272727272727,0.2857142857142857,1.0,2.0
401547540,2023-11-19T18:00Z,2023,11,Houston Texans,Arizona Cardinals,21,16,Houston Texans,419,319,308,196,111,123,3,2,6.3,5.5,22,20,0.6923076923076923,0.3,4.0,3.0
401547545,2023-11-19T18:00Z,2023,11,Carolina Panthers,Dallas Cowboys,10,33,Dallas Cowboys,187,311,77,204,110,107,2,0,3.2,4.6,13,23,0.3333333333333333,0.4375,7.0,0.0
401547539,2023-11-19T18:00Z,2023,11,Cleveland Browns,Pittsburgh Steelers,13,10,Cleveland Browns,259,249,163,77,96,172,1,0,3.5,4.4,20,12,0.23529411764705882,0.21428571428571427,1.0,3.0
401547541,2023-11-19T18:00Z,2023,11,Jacksonville Jaguars,Tennessee Titans,34,14,Jacksonville Jaguars,389,235,261,143,128,92,0,2,5.6,6.2,24,12,0.3333333333333333,0.2857142857142857,1.0,2.0
401547547,2023-11-19T18:00Z,2023,11,Green Bay Packers,Los Angeles Chargers,23,20,Green Bay Packers,397,394,295,244,102,150,0,1,5.6,6.4,23,17,0.5,0.5,3.0,2.0
401547548,2023-11-19T18:00Z,2023,11,Washington Commanders,New York Giants,19,31,New York Giants,404,292,230,201,174,91,6,0,5.2,5.4,28,13,0.38461538461538464,0.35714285714285715,4.0,9.0
401547546,2023-11-19T18:00Z,2023,11,Detroit Lions,Chicago Bears,31,26,Detroit Lions,338,334,223,151,115,183,4,1,5.7,4.7,23,25,0.7272727272727273,0.38461538461538464,2.0,2.0
401547549,2023-11-19T21:05Z,2023,11,San Francisco 49ers,Tampa Bay Buccaneers,27,14,San Francisco 49ers,420,287,305,221,115,66,0,2,7.1,4.3,22,22,0.4,0.5,4.0,4.0
401547543,2023-11-19T21:25Z,2023,11,Buffalo Bills,New York Jets,32,6,Buffalo Bills,393,155,263,92,130,63,1,4,5.5,2.9,22,14,0.38461538461538464,0.0,1.0,6.0
401547544,2023-11-19T21:25Z,2023,11,Los Angeles Rams,Seattle Seahawks,17,16,Los Angeles Rams,267,291,185,223,82,68,1,1,4.5,4.6,20,16,0.2222222222222222,0.3333333333333333,1.0,2.0
401547550,2023-11-20T01:20Z,2023,11,Denver Broncos,Minnesota Vikings,21,20,Denver Broncos,295,385,249,210,46,175,0,3,5.7,5.5,13,19,0.16666666666666666,0.4,2.0,2.0
401547345,2023-11-21T01:15Z,2023,11,Kansas City Chiefs,Philadelphia Eagles,17,21,Philadelphia Eagles,336,238,168,124,168,114,2,1,4.5,4.4,23,16,0.47058823529411764,0.2727272727272727,1.0,5.0
401547552,2023-11-23T17:30Z,2023,12,Detroit Lions,Green Bay Packers,22,29,Green Bay Packers,464,377,324,268,140,109,3,0,5.9,7.0,25,17,0.4666666666666667,0.45454545454545453,3.0,0.0
401547551,2023-11-23T21:30Z,2023,12,Dallas Cowboys,Washington Commanders,45,10,Dallas Cowboys,431,376,331,268,100,108,0,1,8.6,5.0,21,23,0.6,0.4666666666666667,0.0,4.0
401547553,2023-11-24T01:20Z,2023,12,Seattle Seahawks,San Francisco 49ers,13,31,San Francisco 49ers,220,377,132,208,88,169,2,1,4.1,5.8,14,23,0.2727272727272727,0.45454545454545453,6.0,1.0
401547242,2023-11-24T20:00Z,2023,12,New York Jets,Miami Dolphins,13,34,Miami Dolphins,159,395,130,228,29,167,2,3,2.9,5.7,12,22,0.35714285714285715,0.6875,7.0,2.0
401547556,2023-11-26T18:00Z,2023,12,Indianapolis Colts,Tampa Bay Buccaneers,27,20,Indianapolis Colts,394,298,239,173,155,125,1,2,5.6,5.3,26,17,0.18181818181818182,0.38461538461538464,2.0,6.0
401547559,2023-11-26T18:00Z,2023,12,Atlanta Falcons,New Orleans Saints,24,15,Atlanta Falcons,396,444,168,296,228,148,2,2,6.4,6.6,25,22,0.5,0.42857142857142855,0.0,1.0
401547560,2023-11-26T18:00Z,2023,12,New York Giants,New England Patriots,10,7,New York Giants,220,283,162,136,58,147,1,3,4.4,4.2,10,18,0.3076923076923077,0.2857142857142857,6.0,2.0
401547554,2023-11-26T18:00Z,2023,12,Cincinnati Bengals,Pittsburgh Steelers,10,16,Pittsburgh Steelers,222,421,197,268,25,153,1,1,5.4,6.2,10,22,0.2,0.47058823529411764,4.0,2.0
401547555,2023-11-26T18:00Z,2023,12,Houston Texans,Jacksonville Jaguars,21,24,Jacksonville Jaguars,352,445,261,364,91,81,0,1,6.1,6.5,19,22,0.46153846153846156,0.5384615384615384,4.0,0.0
401547561,2023-11-26T18:00Z,2023,12,Tennessee Titans,Carolina Panthers,17,10,Tennessee Titans,264,258,184,162,80,96,0,1,5.0,3.9,15,19,0.18181818181818182,0.375,1.0,4.0
401547562,2023-11-26T21:05Z,2023,12,Arizona Cardinals,Los Angeles Rams,14,37,Los Angeles Rams,292,457,219,229,73,228,0,1,4.6,6.9,19,25,0.35294117647058826,0.5,4.0,0.0
401547563,2023-11-26T21:05Z,2023,12,Denver Broncos,Cleveland Browns,29,12,Denver Broncos,294,269,125,162,169,107,1,3,4.7,3.8,17,19,0.42857142857142855,0.15384615384615385,1.0,4.0
401547557,2023-11-26T21:25Z,2023,12,Las Vegas Raiders,Kansas City Chiefs,17,31,Kansas City Chiefs,358,360,235,291,123,69,0,0,6.2,6.2,16,23,0.5,0.45454545454545453,1.0,1.0
401547558,2023-11-26T21:25Z,2023,12,Philadelphia Eagles,Buffalo Bills,37,34,Philadelphia Eagles,378,505,193,332,185,173,2,1,5.8,5.5,24,29,0.36363636363636365,0.5909090909090909,2.0,1.0
401547564,2023-11-27T01:20Z,2023,12,Los Angeles Chargers,Baltimore Ravens,10,20,Baltimore Ravens,279,361,193,164,86,197,4,0,4.2,5.2,16,20,0.4666666666666667,0.3076923076923077,3.0,2.0
401547565,2023-11-28T01:15Z,2023,12,Minnesota Vikings,Chicago Bears,10,12,Chicago Bears,242,317,169,199,73,118,4,2,4.7,4.7,15,18,0.2222222222222222,0.4444444444444444,2.0,3.0
401547566,2023-12-01T01:15Z,2023,13,Dallas Cowboys,Seattle Seahawks,41,35,Dallas Cowboys,411,406,275,334,136,72,0,1,5.2,6.3,33,25,0.5714285714285714,0.6428571428571429,4.0,1.0
401547573,2023-12-03T18:00Z,2023,13,New York Jets,Atlanta Falcons,8,13,Atlanta Falcons,259,194,197,104,62,90,3,0,3.9,3.0,14,15,0.13333333333333333,0.2857142857142857,4.0,3.0
401547572,2023-12-03T18:00Z,2023,13,New Orleans Saints,Detroit Lions,28,33,Detroit Lions,362,347,249,205,113,142,2,0,5.4,6.2,23,18,0.5,0.46153846153846156,2.0,1.0
401547570,2023-12-03T18:00Z,2023,13,Tennessee Titans,Indianapolis Colts,28,31,Indianapolis Colts,381,355,204,300,177,55,2,2,4.7,5.2,25,19,0.35294117647058826,0.21428571428571427,6.0,3.0
401547568,2023-12-03T18:00Z,2023,13,Pittsburgh Steelers,Arizona Cardinals,10,24,Arizona Cardinals,317,282,187,132,130,150,1,0,5.5,4.5,18,18,0.36363636363636365,0.5882352941176471,0.0,2.0
401547567,2023-12-03T18:00Z,2023,13,New England Patriots,Los Angeles Chargers,0,6,Los Angeles Chargers,257,241,109,212,148,29,1,0,4.1,4.0,13,13,0.2857142857142857,0.3333333333333333,5.0,0.0
401547571,2023-12-03T18:00Z,2023,13,Houston Texans,Denver Broncos,22,17,Houston Texans,353,282,264,164,89,118,0,3,5.6,4.8,14,16,0.25,0.0,5.0,3.0
401547574,2023-12-03T18:00Z,2023,13,Washington Commanders,Miami Dolphins,15,45,Miami Dolphins,245,406,107,283,138,123,1,0,4.5,6.9,11,20,0.42857142857142855,0.5384615384615384,3.0,0.0
401547569,2023-12-03T21:05Z,2023,13,Tampa Bay Buccaneers,Carolina Panthers,21,18,Tampa Bay Buccaneers,322,282,194,149,128,133,1,1,5.6,4.1,15,15,0.4,0.2,1.0,4.0
401547575,2023-12-03T21:25Z,2023,13,Los Angeles Rams,Cleveland Browns,36,19,Los Angeles Rams,399,327,279,240,120,87,0,1,6.4,4.7,20,20,0.3333333333333333,0.4375,0.0,2.0
401547276,2023-12-03T21:25Z,2023,13,Philadelphia Eagles,San Francisco 49ers,19,42,San Francisco 49ers,333,456,287,310,46,146,0,0,4.8,8.0,23,24,0.5333333333333333,0.7272727272727273,3.0,2.0
401547576,2023-12-04T01:20Z,2023,13,Green Bay Packers,Kansas City Chiefs,27,19,Green Bay Packers,382,337,253,189,129,148,0,1,6.1,5.5,24,25,0.5,0.6363636363636364,2.0,3.0
401547577,2023-12-05T01:15Z,2023,13,Jacksonville Jaguars,Cincinnati Bengals,31,34,Cincinnati Bengals,376,491,305,335,71,156,0,1,5.5,6.8,23,27,0.4,0.5714285714285714,4.0,2.0
401547578,2023-12-08T01:15Z,2023,14,Pittsburgh Steelers,New England Patriots,18,21,New England Patriots,264,303,182,222,82,81,1,1,4.0,5.5,18,14,0.21428571428571427,0.3076923076923077,2.0,2.0
401547580,2023-12-10T18:00Z,2023,14,Cincinnati Bengals,Indianapolis Colts,34,14,Cincinnati Bengals,385,272,274,226,111,46,1,2,6.8,4.5,19,19,0.2727272727272727,0.2727272727272727,0.0,3.0
401547581,2023-12-10T18:00Z,2023,14,Cleveland Browns,Jacksonville Jaguars,31,27,Cleveland Browns,389,293,307,235,82,58,3,4,5.3,4.0,16,20,0.2222222222222222,0.4117647058823529,1.0,4.0
401547579,2023-12-10T18:00Z,2023,14,Atlanta Falcons,Tampa Bay Buccaneers,25,29,Tampa Bay Buccaneers,434,290,338,142,96,148,1,0,6.3,4.3,23,16,0.38461538461538464,0.375,3.0,1.0
401547586,2023-12-10T18:00Z,2023,14,Chicago Bears,Detroit Lions,28,13,Chicago Bears,336,267,194,127,142,140,0,3,5.1,4.2,20,13,0.42857142857142855,0.4,3.0,4.0
401547582,2023-12-10T18:00Z,2023,14,New York Jets,Houston Texans,30,6,New York Jets,347,135,268,54,79,81,1,0,5.3,2.6,20,10,0.4,0.08333333333333333,4.0,5.0
401547585,2023-12-10T18:00Z,2023,14,Baltimore Ravens,Los Angeles Rams,37,31,Baltimore Ravens,449,410,310,282,139,128,1,0,6.3,5.6,23,24,0.3333333333333333,0.375,2.0,2.0
401547587,2023-12-10T18:00Z,2023,14,New Orleans Saints,Carolina Panthers,28,6,New Orleans Saints,207,303,110,99,97,204,1,2,4.0,3.8,14,16,0.3,0.4,1.0,4.0
401547589,2023-12-10T21:05Z,2023,14,San Francisco 49ers,Seattle Seahawks,28,16,San Francisco 49ers,527,324,354,254,173,70,2,2,9.9,5.9,19,17,0.5454545454545454,0.18181818181818182,3.0,4.0
401547588,2023-12-10T21:05Z,2023,14,Las Vegas Raiders,Minnesota Vikings,0,3,Minnesota Vikings,202,231,146,99,56,132,3,0,3.8,3.3,8,16,0.21428571428571427,0.4,4.0,5.0
401547583,2023-12-10T21:25Z,2023,14,Kansas City Chiefs,Buffalo Bills,17,20,Buffalo Bills,346,327,264,209,82,118,2,1,5.6,4.5,21,21,0.5,0.4,1.0,3.0
401547584,2023-12-10T21:25Z,2023,14,Los Angeles Chargers,Denver Broncos,7,24,Denver Broncos,283,322,207,216,76,106,2,1,4.2,4.9,17,19,0.0,0.47058823529411764,6.0,2.0
401547590,2023-12-11T01:20Z,2023,14,Dallas Cowboys,Philadelphia Eagles,33,13,Dallas Cowboys,394,324,256,218,138,106,1,3,5.3,6.2,24,17,0.5625,0.4444444444444444,3.0,1.0
401547591,2023-12-12T01:15Z,2023,14,New York Giants,Green Bay Packers,24,22,New York Giants,367,326,158,203,209,123,2,3,6.7,4.9,18,19,0.3,0.35714285714285715,0.0,2.0
401547592,2023-12-12T01:15Z,2023,14,Miami Dolphins,Tennessee Titans,27,28,Tennessee Titans,366,403,208,320,158,83,1,3,5.3,5.9,20,22,0.3076923076923077,0.38461538461538464,5.0,1.0
401547593,2023-12-15T01:15Z,2023,15,Las Vegas Raiders,Los Angeles Chargers,63,21,Las Vegas Raiders,378,326,254,234,124,92,0,5,6.0,5.2,20,18,0.5625,0.5,1.0,3.0
401547604,2023-12-16T18:00Z,2023,15,Cincinnati Bengals,Minnesota Vikings,27,24,Cincinnati Bengals,378,424,298,281,80,143,1,2,5.5,6.3,22,24,0.46153846153846156,0.4166666666666667,5.0,3.0
401547607,2023-12-16T21:30Z,2023,15,Indianapolis Colts,Pittsburgh Steelers,30,13,Indianapolis Colts,372,216,202,142,170,74,0,3,5.7,4.0,19,13,0.4,0.3333333333333333,3.0,4.0
401547606,2023-12-17T01:15Z,2023,15,Detroit Lions,Denver Broncos,42,17,Detroit Lions,448,287,263,204,185,83,0,1,7.0,4.6,29,20,0.5,0.38461538461538464,2.0,2.0
401547595,2023-12-17T18:00Z,2023,15,Tennessee Titans,Houston Texans,16,19,Houston Texans,204,340,138,192,66,148,1,1,3.2,4.7,14,21,0.3333333333333333,0.26666666666666666,7.0,4.0
401547599,2023-12-17T18:00Z,2023,15,New Orleans Saints,New York Giants,24,6,New Orleans Saints,296,193,209,133,87,60,0,0,5.1,3.2,20,12,0.5,0.125,1.0,7.0
401547594,2023-12-17T18:00Z,2023,15,Miami Dolphins,New York Jets,30,0,Miami Dolphins,290,103,213,80,77,23,0,4,5.1,1.9,16,11,0.4,0.38461538461538464,3.0,6.0
401547605,2023-12-17T18:00Z,2023,15,Cleveland Browns,Chicago Bears,20,17,Cleveland Browns,377,236,348,148,29,88,3,3,5.6,3.4,14,12,0.25,0.2222222222222222,4.0,3.0
401547608,2023-12-17T18:00Z,2023,15,New England Patriots,Kansas City Chiefs,17,27,Kansas City Chiefs,206,326,154,283,52,43,1,2,4.0,5.3,10,19,0.16666666666666666,0.38461538461538464,4.0,3.0
401547603,2023-12-17T18:00Z,2023,15,Carolina Panthers,Atlanta Falcons,9,7,Carolina Panthers,283,204,154,152,129,52,0,2,4.5,4.0,17,12,0.3333333333333333,0.46153846153846156,3.0,0.0
401547598,2023-12-17T18:00Z,2023,15,Green Bay Packers,Tampa Bay Buccaneers,20,34,Tampa Bay Buccaneers,321,452,261,353,60,99,1,1,5.5,7.5,18,22,0.5,0.6363636363636364,2.0,5.0
401547596,2023-12-17T21:05Z,2023,15,Arizona Cardinals,San Francisco 49ers,29,45,San Francisco 49ers,436,406,202,262,234,144,2,0,6.1,7.5,22,24,0.4375,0.5714285714285714,3.0,0.0
401547597,2023-12-17T21:05Z,2023,15,Los Angeles Rams,Washington Commanders,28,20,Los Angeles Rams,445,297,249,218,196,79,2,1,6.1,5.1,23,14,0.5625,0.21428571428571427,3.0,1.0
401547600,2023-12-17T21:25Z,2023,15,Buffalo Bills,Dallas Cowboys,31,10,Buffalo Bills,351,195,85,106,266,89,0,1,5.4,3.4,28,14,0.5555555555555556,0.38461538461538464,1.0,3.0
401547602,2023-12-18T01:20Z,2023,15,Jacksonville Jaguars,Baltimore Ravens,7,23,Baltimore Ravens,333,396,258,145,75,251,2,1,5.5,5.7,16,25,0.23076923076923078,0.4166666666666667,1.0,3.0
401547601,2023-12-19T01:15Z,2023,15,Seattle Seahawks,Philadelphia Eagles,20,17,Seattle Seahawks,297,321,197,143,100,178,0,2,5.0,4.7,16,23,0.42857142857142855,0.5625,2.0,0.0
401547609,2023-12-22T01:15Z,2023,16,Los Angeles Rams,New Orleans Saints,30,22,Los Angeles Rams,458,339,325,304,133,35,0,1,6.8,5.8,23,18,0.3333333333333333,0.45454545454545453,1.0,2.0
401547610,2023-12-23T21:30Z,2023,16,Pittsburgh Steelers,Cincinnati Bengals,34,11,Pittsburgh Steelers,397,368,284,309,113,59,0,3,6.8,6.0,16,17,0.5,0.46153846153846156,1.0,3.0
401547611,2023-12-24T01:00Z,2023,16,Los Angeles Chargers,Buffalo Bills,22,24,Buffalo Bills,273,335,175,230,98,105,0,3,4.2,6.4,18,16,0.2857142857142857,0.5,5.0,1.0
401547616,2023-12-24T18:00Z,2023,16,Atlanta Falcons,Indianapolis Colts,29,10,Atlanta Falcons,406,262,229,170,177,92,0,1,6.3,3.9,23,20,0.38461538461538464,0.35714285714285715,1.0,6.0
401547613,2023-12-24T18:00Z,2023,16,New York Jets,Washington Commanders,30,28,New York Jets,381,245,217,143,164,102,2,3,4.5,4.2,26,18,0.25,0.25,0.0,1.0
401547612,2023-12-24T18:00Z,2023,16,Houston Texans,Cleveland Browns,22,36,Cleveland Browns,250,418,178,364,72,54,2,2,3.7,5.6,20,26,0.3333333333333333,0.375,3.0,1.0
401547617,2023-12-24T18:00Z,2023,16,Carolina Panthers,Green Bay Packers,30,33,Green Bay Packers,394,369,298,207,96,162,0,0,6.3,5.9,26,25,0.46153846153846156,0.5714285714285714,2.0,1.0
401547618,2023-12-24T18:00Z,2023,16,Minnesota Vikings,Detroit Lions,24,30,Detroit Lions,390,389,373,246,17,143,4,1,7.6,5.1,19,28,0.3333333333333333,0.5,4.0,1.0
401547614,2023-12-24T18:00Z,2023,16,Tennessee Titans,Seattle Seahawks,17,20,Seattle Seahawks,287,273,125,215,162,58,0,0,4.5,4.6,23,21,0.5,0.5384615384615384,6.0,3.0
401547615,2023-12-24T21:05Z,2023,16,Tampa Bay Buccaneers,Jacksonville Jaguars,30,12,Tampa Bay Buccaneers,335,305,265,268,70,37,0,4,4.6,5.0,22,23,0.5263157894736842,0.3333333333333333,2.0,4.0
401547620,2023-12-24T21:25Z,2023,16,Miami Dolphins,Dallas Cowboys,22,20,Miami Dolphins,375,339,284,242,91,97,0,1,5.9,5.6,22,19,0.46153846153846156,0.3333333333333333,1.0,4.0
401547619,2023-12-24T21:25Z,2023,16,Chicago Bears,Arizona Cardinals,27,16,Chicago Bears,420,306,170,213,250,93,1,0,6.3,5.1,22,16,0.5333333333333333,0.4375,1.0,2.0
401547621,2023-12-25T01:15Z,2023,16,Denver Broncos,New England Patriots,23,26,New England Patriots,276,289,193,230,83,59,2,1,4.2,5.2,19,12,0.3076923076923077,0.23076923076923078,5.0,2.0
401547351,2023-12-25T18:00Z,2023,16,Kansas City Chiefs,Las Vegas Raiders,14,20,Las Vegas Raiders,308,205,223,48,85,157,2,0,4.2,3.9,19,12,0.3125,0.25,4.0,2.0
401547241,2023-12-25T21:30Z,2023,16,Philadelphia Eagles,New York Giants,33,25,Philadelphia Eagles,465,292,295,186,170,106,2,1,6.3,4.9,28,14,0.5333333333333333,0.2857142857142857,1.0,1.0
401547622,2023-12-26T01:15Z,2023,16,San Francisco 49ers,Baltimore Ravens,19,33,Baltimore Ravens,429,343,308,241,121,102,5,0,6.3,5.4,21,23,0.42857142857142855,0.36363636363636365,4.0,2.0
401547623,2023-12-29T01:15Z,2023,17,Cleveland Browns,New York Jets,37,20,Cleveland Browns,428,360,301,253,127,107,3,2,7.4,5.3,20,17,0.5,0.375,1.0,2.0
401547624,2023-12-31T01:15Z,2023,17,Dallas Cowboys,Detroit Lions,20,19,Dallas Cowboys,384,420,323,295,61,125,2,2,6.2,6.3,17,21,0.5,0.3076923076923077,3.0,1.0
401547635,2023-12-31T18:00Z,2023,17,Washington Commanders,San Francisco 49ers,10,27,San Francisco 49ers,225,408,163,224,62,184,2,0,5.2,6.0,12,28,0.3333333333333333,0.4444444444444444,1.0,1.0
401547631,2023-12-31T18:00Z,2023,17,Houston Texans,Tennessee Titans,26,3,Houston Texans,312,187,201,134,111,53,0,1,5.1,3.5,20,11,0.2727272727272727,0.08333333333333333,1.0,6.0
401547634,2023-12-31T18:00Z,2023,17,Tampa Bay Buccaneers,New Orleans Saints,13,23,New Orleans Saints,349,310,292,202,57,108,4,0,7.0,4.4,13,20,0.25,0.4444444444444444,2.0,1.0
401547627,2023-12-31T18:00Z,2023,17,Chicago Bears,Atlanta Falcons,37,17,Chicago Bears,432,307,240,173,192,134,0,4,6.0,5.2,22,15,0.375,0.3076923076923077,3.0,2.0
401547626,2023-12-31T18:00Z,2023,17,Buffalo Bills,New England Patriots,27,21,Buffalo Bills,281,294,154,191,127,103,1,4,4.1,5.5,19,16,0.4666666666666667,0.4,1.0,3.0
401547632,2023-12-31T18:00Z,2023,17,New York Giants,Los Angeles Rams,25,26,Los Angeles Rams,389,391,284,286,105,105,1,3,5.8,6.4,17,22,0.3125,0.25,6.0,4.0
401547628,2023-12-31T18:00Z,2023,17,Indianapolis Colts,Las Vegas Raiders,23,20,Indianapolis Colts,349,370,215,286,134,84,0,0,6.6,5.0,16,26,0.46153846153846156,0.3333333333333333,1.0,2.0
401547629,2023-12-31T18:00Z,2023,17,Jacksonville Jaguars,Carolina Panthers,26,0,Jacksonville Jaguars,317,124,162,67,155,57,0,1,5.1,2.3,16,7,0.4375,0.07692307692307693,3.0,6.0
401547625,2023-12-31T18:00Z,2023,17,Baltimore Ravens,Miami Dolphins,56,19,Baltimore Ravens,491,375,331,221,160,154,1,3,8.9,5.7,24,20,0.5714285714285714,0.4,1.0,3.0
401547633,2023-12-31T18:00Z,2023,17,Philadelphia Eagles,Arizona Cardinals,31,35,Arizona Cardinals,275,449,184,228,91,221,1,1,5.9,6.2,17,32,0.4444444444444444,0.5,0.0,1.0
401547636,2023-12-31T21:05Z,2023,17,Seattle Seahawks,Pittsburgh Steelers,23,30,Pittsburgh Steelers,369,468,281,266,88,202,1,0,7.5,6.6,17,25,0.3333333333333333,0.46153846153846156,1.0,1.0
401547235,2023-12-31T21:25Z,2023,17,Kansas City Chiefs,Cincinnati Bengals,25,17,Kansas City Chiefs,373,263,241,159,132,104,1,0,7.0,3.7,15,20,0.25,0.5,2.0,6.0
401547630,2023-12-31T21:25Z,2023,17,Denver Broncos,Los Angeles Chargers,16,9,Denver Broncos,313,301,212,215,101,86,0,1,4.7,4.8,16,17,0.4117647058823529,0.18181818181818182,2.0,1.0
401547637,2024-01-01T01:20Z,2023,17,Minnesota Vikings,Green Bay Packers,10,33,Green Bay Packers,211,470,144,293,67,177,2,1,4.1,6.4,13,28,0.3,0.6428571428571429,4.0,0.0
401547639,2024-01-06T21:30Z,2023,18,Baltimore Ravens,Pittsburgh Steelers,10,17,Pittsburgh Steelers,224,289,118,134,106,155,2,2,3.9,4.7,13,16,0.3076923076923077,0.4,4.0,3.0
401547644,2024-01-07T01:15Z,2023,18,Indianapolis Colts,Houston Texans,19,23,Houston Texans,360,306,133,246,227,60,1,0,5.8,5.5,21,16,0.09090909090909091,0.38461538461538464,1.0,2.0
401547652,2024-01-07T18:00Z,2023,18,Tennessee Titans,Jacksonville Jaguars,28,20,Tennessee Titans,327,362,152,280,175,82,1,2,5.9,5.5,19,20,0.5454545454545454,0.5714285714285714,2.0,0.0
401547648,2024-01-07T18:00Z,2023,18,New England Patriots,New York Jets,3,17,New York Jets,119,254,31,69,88,185,2,1,2.1,4.0,6,13,0.07142857142857142,0.2,7.0,1.0
401547642,2024-01-07T18:00Z,2023,18,Detroit Lions,Minnesota Vikings,30,20,Detroit Lions,381,448,311,359,70,89,0,2,6.8,6.4,19,24,0.1111111111111111,0.15384615384615385,1.0,4.0
401547640,2024-01-07T18:00Z,2023,18,Carolina Panthers,Tampa Bay Buccaneers,0,9,Tampa Bay Buccaneers,199,228,68,115,131,113,2,0,4.0,3.6,11,14,0.16666666666666666,0.375,3.0,3.0
401547649,2024-01-07T18:00Z,2023,18,New Orleans Saints,Atlanta Falcons,48,17,New Orleans Saints,400,389,246,311,154,78,0,3,6.1,6.5,27,14,0.3,0.36363636363636365,3.0,1.0
401547641,2024-01-07T18:00Z,2023,18,Cincinnati Bengals,Cleveland Browns,31,14,Cincinnati Bengals,328,244,145,140,183,104,1,2,5.4,4.6,22,13,0.25,0.18181818181818182,3.0,3.0
401547638,2024-01-07T21:25Z,2023,18,Arizona Cardinals,Seattle Seahawks,20,21,Seattle Seahawks,466,327,260,189,206,138,0,0,6.8,6.2,24,18,0.38461538461538464,0.5,1.0,0.0
401547643,2024-01-07T21:25Z,2023,18,Green Bay Packers,Chicago Bears,17,9,Green Bay Packers,432,192,308,117,124,75,1,0,7.2,4.2,24,13,0.7,0.2727272727272727,1.0,5.0
401547651,2024-01-07T21:25Z,2023,18,San Francisco 49ers,Los Angeles Rams,20,21,Los Angeles Rams,300,258,175,149,125,109,1,1,5.2,4.2,20,19,0.5,0.6,3.0,2.0
401547646,2024-01-07T21:25Z,2023,18,Las Vegas Raiders,Denver Broncos,27,14,Las Vegas Raiders,359,286,230,238,129,48,0,1,5.4,4.8,22,17,0.5384615384615384,0.3333333333333333,3.0,5.0
401547653,2024-01-07T21:25Z,2023,18,Washington Commanders,Dallas Cowboys,10,38,Dallas Cowboys,180,440,130,309,50,131,3,1,3.7,6.4,12,31,0.2,0.6,4.0,0.0
401547650,2024-01-07T21:25Z,2023,18,New York Giants,Philadelphia Eagles,27,10,New York Giants,415,299,306,166,109,133,1,4,6.3,4.6,22,19,0.42857142857142855,0.38461538461538464,2.0,5.0
401547645,2024-01-07T21:25Z,2023,18,Los Angeles Chargers,Kansas City Chiefs,12,13,Kansas City Chiefs,353,268,235,145,118,123,1,1,4.4,4.5,22,12,0.3684210526315789,0.375,3.0,1.0
401547647,2024-01-08T01:20Z,2023,18,Miami Dolphins,Buffalo Bills,14,21,Buffalo Bills,275,473,167,345,108,128,2,3,5.7,6.1,16,26,0.4,0.6,1.0,3.0
401671789,2024-09-06T00:40Z,2024,1,Kansas City Chiefs,Baltimore Ravens,27,20,Kansas City Chiefs,353,452,281,267,72,185,1,1,7.1,6.1,21,25,0.4444444444444444,0.5,2.0,1.0
401671805,2024-09-07T00:15Z,2024,1,Philadelphia Eagles,Green Bay Packers,34,29,Philadelphia Eagles,410,414,266,251,144,163,3,1,5.5,7.1,25,19,0.2857142857142857,0.2727272727272727,2.0,2.0
401671734,2024-09-08T17:00Z,2024,1,New Orleans Saints,Carolina Panthers,47,10,New Orleans Saints,379,193,199,135,180,58,1,3,6.1,3.5,22,11,0.5384615384615384,0.1,1.0,4.0
401671719,2024-09-08T17:00Z,2024,1,Chicago Bears,Tennessee Titans,24,17,Chicago Bears,148,244,64,104,84,140,1,3,2.8,4.0,11,16,0.15384615384615385,0.21428571428571427,2.0,3.0
401671861,2024-09-08T17:00Z,2024,1,Indianapolis Colts,Houston Texans,27,29,Houston Texans,303,417,199,204,104,213,1,0,7.0,5.5,14,26,0.5,0.5,2.0,4.0
401671744,2024-09-08T17:00Z,2024,1,Atlanta Falcons,Pittsburgh Steelers,10,18,Pittsburgh Steelers,226,270,137,133,89,137,3,0,4.5,4.1,15,16,0.2222222222222222,0.47058823529411764,2.0,2.0
401671849,2024-09-08T17:00Z,2024,1,Miami Dolphins,Jacksonville Jaguars,20,17,Miami Dolphins,400,267,319,139,81,128,0,1,6.2,5.3,18,17,0.5,0.2,3.0,3.0
401671617,2024-09-08T17:00Z,2024,1,Buffalo Bills,Arizona Cardinals,34,28,Buffalo Bills,352,270,222,146,130,124,1,1,6.1,4.5,23,18,0.3333333333333333,0.5384615384615384,2.0,4.0
401671712,2024-09-08T17:00Z,2024,1,New York Giants,Minnesota Vikings,6,28,Minnesota Vikings,240,312,166,201,74,111,2,2,3.5,6.1,14,17,0.3888888888888889,0.3,5.0,1.0
401671628,2024-09-08T17:00Z,2024,1,Cincinnati Bengals,New England Patriots,10,16,New England Patriots,224,290,154,120,70,170,2,0,4.7,4.5,13,17,0.36363636363636365,0.4,3.0,1.0
401671659,2024-09-08T20:05Z,2024,1,Los Angeles Chargers,Las Vegas Raiders,22,10,Los Angeles Chargers,316,296,140,225,176,71,0,3,5.9,5.0,11,14,0.26666666666666666,0.35714285714285715,1.0,4.0
401671664,2024-09-08T20:05Z,2024,1,Seattle Seahawks,Denver Broncos,26,20,Seattle Seahawks,304,231,158,132,146,99,2,3,5.1,3.3,19,13,0.3333333333333333,0.2777777777777778,2.0,2.0
401671770,2024-09-08T20:25Z,2024,1,Tampa Bay Buccaneers,Washington Commanders,37,20,Tampa Bay Buccaneers,392,299,280,161,112,138,0,0,6.4,5.3,22,22,0.6923076923076923,0.25,1.0,2.0
401671761,2024-09-08T20:25Z,2024,1,Cleveland Browns,Dallas Cowboys,17,33,Dallas Cowboys,230,265,137,163,93,102,2,0,3.3,4.4,15,15,0.13333333333333333,0.2857142857142857,6.0,3.0
401671792,2024-09-09T00:20Z,2024,1,Detroit Lions,Los Angeles Rams,26,20,Detroit Lions,363,387,200,304,163,83,1,1,6.0,5.2,21,26,0.46153846153846156,0.4166666666666667,2.0,2.0
401671696,2024-09-10T00:15Z,2024,1,San Francisco 49ers,New York Jets,32,19,San Francisco 49ers,401,266,221,198,180,68,0,2,5.7,5.4,24,14,0.46153846153846156,0.6,3.0,1.0
401671807,2024-09-13T00:15Z,2024,2,Miami Dolphins,Buffalo Bills,10,31,Buffalo Bills,351,247,212,139,139,108,3,0,4.7,5.5,20,13,0.4666666666666667,0.3333333333333333,2.0,0.0
401671702,2024-09-15T17:00Z,2024,2,New England Patriots,Seattle Seahawks,20,23,Seattle Seahawks,310,358,125,312,185,46,0,0,4.7,5.4,19,18,0.375,0.4666666666666667,3.0,3.0
401671721,2024-09-15T17:00Z,2024,2,Detroit Lions,Tampa Bay Buccaneers,16,20,Tampa Bay Buccaneers,463,216,324,146,139,70,2,1,5.6,4.6,26,14,0.4117647058823529,0.2,0.0,5.0
401671636,2024-09-15T17:00Z,2024,2,Tennessee Titans,New York Jets,17,24,New York Jets,300,265,170,164,130,101,2,0,5.0,4.7,20,16,0.4166666666666667,0.4166666666666667,4.0,2.0
401671709,2024-09-15T17:00Z,2024,2,Dallas Cowboys,New Orleans Saints,19,44,New Orleans Saints,353,432,285,242,68,190,2,1,5.3,7.7,20,24,0.46153846153846156,0.625,3.0,1.0
401671652,2024-09-15T17:00Z,2024,2,Carolina Panthers,Los Angeles Chargers,3,26,Los Angeles Chargers,159,349,69,130,90,219,1,2,3.5,5.4,7,21,0.08333333333333333,0.5625,2.0,1.0
401671716,2024-09-15T17:00Z,2024,2,Washington Commanders,New York Giants,21,18,Washington Commanders,425,304,210,175,215,129,0,1,6.2,6.0,22,18,0.5,0.5,5.0,1.0
401671723,2024-09-15T17:00Z,2024,2,Green Bay Packers,Indianapolis Colts,16,10,Green Bay Packers,383,338,122,198,261,140,1,3,5.7,6.4,19,19,0.5882352941176471,0.2222222222222222,0.0,1.0
401671635,2024-09-15T17:00Z,2024,2,Jacksonville Jaguars,Cleveland Browns,13,18,Cleveland Browns,323,297,196,172,127,125,0,0,5.9,4.6,18,17,0.3333333333333333,0.14285714285714285,4.0,2.0
401671645,2024-09-15T17:00Z,2024,2,Minnesota Vikings,San Francisco 49ers,23,17,Minnesota Vikings,403,396,257,294,146,102,2,2,7.5,5.9,17,24,0.5833333333333334,0.2,4.0,6.0
401671624,2024-09-15T17:00Z,2024,2,Baltimore Ravens,Las Vegas Raiders,23,26,Las Vegas Raiders,383,260,232,233,151,27,1,1,6.1,4.3,21,18,0.2727272727272727,0.3333333333333333,2.0,5.0
401671754,2024-09-15T20:05Z,2024,2,Arizona Cardinals,Los Angeles Rams,41,10,Arizona Cardinals,489,245,258,192,231,53,1,1,7.9,4.7,24,14,0.6363636363636364,0.18181818181818182,1.0,5.0
401671670,2024-09-15T20:25Z,2024,2,Kansas City Chiefs,Cincinnati Bengals,26,25,Kansas City Chiefs,286,320,137,246,149,74,3,1,4.8,5.2,19,18,0.125,0.3076923076923077,2.0,3.0
401671668,2024-09-15T20:25Z,2024,2,Denver Broncos,Pittsburgh Steelers,6,13,Pittsburgh Steelers,295,251,231,110,64,141,2,0,5.3,4.3,13,16,0.16666666666666666,0.3076923076923077,2.0,2.0
401671786,2024-09-16T00:20Z,2024,2,Houston Texans,Chicago Bears,19,13,Houston Texans,310,205,235,134,75,71,1,2,5.1,3.1,15,15,0.2857142857142857,0.35294117647058826,3.0,7.0
401671691,2024-09-17T00:15Z,2024,2,Philadelphia Eagles,Atlanta Falcons,21,22,Atlanta Falcons,365,385,179,233,186,152,1,0,5.4,6.6,22,22,0.46153846153846156,0.2222222222222222,1.0,1.0
401671808,2024-09-20T00:15Z,2024,3,New York Jets,New England Patriots,24,3,New York Jets,400,139,267,61,133,78,0,1,5.7,2.9,27,11,0.6666666666666666,0.18181818181818182,2.0,7.0
401671855,2024-09-22T17:00Z,2024,3,Cleveland Browns,New York Giants,15,21,New York Giants,217,340,148,228,69,112,2,2,3.4,4.9,16,21,0.2857142857142857,0.2857142857142857,8.0,2.0
401671741,2024-09-22T17:00Z,2024,3,Tampa Bay Buccaneers,Denver Broncos,7,26,Denver Broncos,223,352,132,216,91,136,2,1,4.0,5.5,17,18,0.2727272727272727,0.3076923076923077,7.0,0.0
401671646,2024-09-22T17:00Z,2024,3,Minnesota Vikings,Houston Texans,34,7,Minnesota Vikings,274,296,156,258,118,38,0,2,4.6,4.7,19,17,0.46153846153846156,0.2857142857142857,4.0,5.0
401671736,2024-09-22T17:00Z,2024,3,New Orleans Saints,Philadelphia Eagles,12,15,Philadelphia Eagles,219,460,130,288,89,172,1,2,4.0,6.9,12,20,0.46153846153846156,0.42857142857142855,1.0,4.0
401671823,2024-09-22T17:00Z,2024,3,Tennessee Titans,Green Bay Packers,14,30,Green Bay Packers,237,378,204,190,33,188,3,0,4.5,6.4,18,16,0.3333333333333333,0.35714285714285715,8.0,3.0
401671632,2024-09-22T17:00Z,2024,3,Pittsburgh Steelers,Los Angeles Chargers,20,10,Pittsburgh Steelers,346,166,232,105,114,61,1,0,5.3,3.7,20,10,0.5,0.2727272727272727,2.0,5.0
401671865,2024-09-22T17:00Z,2024,3,Indianapolis Colts,Chicago Bears,21,16,Indianapolis Colts,306,395,156,332,150,63,2,3,5.7,4.7,15,26,0.25,0.42857142857142855,1.0,4.0
401671658,2024-09-22T20:05Z,2024,3,Las Vegas Raiders,Carolina Panthers,22,36,Carolina Panthers,331,437,276,306,55,131,1,0,5.6,6.2,20,24,0.2727272727272727,0.4166666666666667,3.0,2.0
401671662,2024-09-22T20:05Z,2024,3,Seattle Seahawks,Miami Dolphins,24,3,Seattle Seahawks,370,205,270,140,100,65,2,0,6.2,3.7,21,13,0.2727272727272727,0.08333333333333333,3.0,6.0
401671772,2024-09-22T20:25Z,2024,3,Los Angeles Rams,San Francisco 49ers,27,24,Los Angeles Rams,296,425,198,288,98,137,0,1,5.4,6.5,19,25,0.4166666666666667,0.5454545454545454,3.0,1.0
401671763,2024-09-22T20:25Z,2024,3,Dallas Cowboys,Baltimore Ravens,25,28,Baltimore Ravens,412,456,361,182,51,274,1,0,5.9,7.6,26,24,0.5384615384615384,0.4444444444444444,3.0,0.0
401671771,2024-09-22T20:25Z,2024,3,Arizona Cardinals,Detroit Lions,13,20,Detroit Lions,277,373,200,186,77,187,1,1,5.2,5.5,17,23,0.1111111111111111,0.5,1.0,2.0
401671793,2024-09-23T00:20Z,2024,3,Atlanta Falcons,Kansas City Chiefs,17,22,Kansas City Chiefs,311,345,229,217,82,128,1,1,5.6,4.8,19,22,0.2222222222222222,0.42857142857142855,2.0,0.0
401671682,2024-09-23T23:30Z,2024,3,Buffalo Bills,Jacksonville Jaguars,47,10,Buffalo Bills,388,239,266,147,122,92,0,2,6.5,3.5,25,19,0.5454545454545454,0.15384615384615385,0.0,5.0
401671490,2024-09-24T00:15Z,2024,3,Cincinnati Bengals,Washington Commanders,33,38,Washington Commanders,436,356,312,248,124,108,0,0,7.3,6.2,30,22,0.6,0.5555555555555556,2.0,2.0
401671812,2024-09-27T00:15Z,2024,4,New York Giants,Dallas Cowboys,15,20,Dallas Cowboys,303,293,277,213,26,80,1,0,4.7,5.7,16,14,0.3125,0.3,1.0,1.0
401671740,2024-09-29T17:00Z,2024,4,Tampa Bay Buccaneers,Philadelphia Eagles,33,16,Tampa Bay Buccaneers,445,227,334,114,111,113,0,2,6.0,4.1,29,16,0.46153846153846156,0.46153846153846156,2.0,6.0
401671727,2024-09-29T17:00Z,2024,4,Atlanta Falcons,New Orleans Saints,26,24,Atlanta Falcons,315,366,227,235,88,131,1,2,6.2,5.2,14,25,0.36363636363636365,0.5384615384615384,1.0,1.0
401671622,2024-09-29T17:00Z,2024,4,New York Jets,Denver Broncos,9,10,Denver Broncos,248,186,184,60,64,126,1,1,3.5,3.3,16,12,0.23529411764705882,0.21428571428571427,5.0,0.0
401671643,2024-09-29T17:00Z,2024,4,Green Bay Packers,Minnesota Vikings,29,31,Minnesota Vikings,465,374,379,254,86,120,4,3,6.3,5.8,24,22,0.3333333333333333,0.36363636363636365,1.0,2.0
401671871,2024-09-29T17:00Z,2024,4,Chicago Bears,Los Angeles Rams,24,18,Chicago Bears,264,322,133,203,131,119,0,2,4.9,5.6,17,21,0.3333333333333333,0.45454545454545453,3.0,3.0
401671857,2024-09-29T17:00Z,2024,4,Houston Texans,Jacksonville Jaguars,24,20,Houston Texans,435,313,334,155,101,158,1,0,6.4,5.4,26,17,0.5384615384615384,0.3333333333333333,2.0,1.0
401671867,2024-09-29T17:00Z,2024,4,Indianapolis Colts,Pittsburgh Steelers,27,24,Indianapolis Colts,358,404,225,282,133,122,0,2,5.6,5.9,22,23,0.5333333333333333,0.46153846153846156,2.0,4.0
401671745,2024-09-29T17:00Z,2024,4,Carolina Panthers,Cincinnati Bengals,24,34,Cincinnati Bengals,375,373,220,232,155,141,1,1,5.4,6.0,24,24,0.5,0.5384615384615384,0.0,0.0
401671755,2024-09-29T20:05Z,2024,4,Arizona Cardinals,Washington Commanders,14,42,Washington Commanders,296,449,115,233,181,216,1,1,5.1,6.7,17,29,0.36363636363636365,0.75,4.0,0.0
401671758,2024-09-29T20:05Z,2024,4,San Francisco 49ers,New England Patriots,30,13,San Francisco 49ers,431,216,283,143,148,73,2,3,7.2,3.5,19,12,0.5384615384615384,0.3125,1.0,6.0
401671674,2024-09-29T20:25Z,2024,4,Los Angeles Chargers,Kansas City Chiefs,10,17,Kansas City Chiefs,224,329,169,228,55,101,0,2,4.2,5.7,12,16,0.3076923076923077,0.5625,2.0,3.0
401671672,2024-09-29T20:25Z,2024,4,Las Vegas Raiders,Cleveland Browns,20,16,Las Vegas Raiders,268,241,116,149,152,92,1,1,4.9,4.2,17,16,0.3333333333333333,0.3,2.0,3.0
401671783,2024-09-30T00:20Z,2024,4,Baltimore Ravens,Buffalo Bills,35,10,Baltimore Ravens,427,236,156,155,271,81,1,1,7.9,4.1,22,12,0.5555555555555556,0.23076923076923078,1.0,3.0
401671683,2024-09-30T23:30Z,2024,4,Miami Dolphins,Tennessee Titans,12,31,Tennessee Titans,184,244,78,102,106,142,1,1,3.4,3.9,13,16,0.16666666666666666,0.16666666666666666,2.0,1.0
401671491,2024-10-01T00:15Z,2024,4,Detroit Lions,Seattle Seahawks,42,29,Detroit Lions,389,516,273,383,116,133,0,2,7.8,6.6,21,38,0.5,0.5,3.0,3.0
401671815,2024-10-04T00:15Z,2024,5,Atlanta Falcons,Tampa Bay Buccaneers,36,30,Atlanta Falcons,550,333,477,173,73,160,1,1,6.8,6.5,28,21,0.42857142857142855,0.5454545454545454,4.0,1.0
401671804,2024-10-06T13:30Z,2024,5,Minnesota Vikings,New York Jets,23,17,Minnesota Vikings,253,254,171,218,82,36,2,3,3.8,3.6,17,17,0.3076923076923077,0.29411764705882354,4.0,3.0
401671718,2024-10-06T17:00Z,2024,5,Washington Commanders,Cleveland Browns,34,13,Washington Commanders,434,212,219,108,215,104,2,1,6.7,3.6,19,12,0.47058823529411764,0.07692307692307693,3.0,7.0
401671626,2024-10-06T17:00Z,2024,5,Cincinnati Bengals,Baltimore Ravens,38,41,Baltimore Ravens,442,520,371,345,71,175,1,1,6.8,6.8,23,30,0.5714285714285714,0.6666666666666666,3.0,1.0
401671700,2024-10-06T17:00Z,2024,5,New England Patriots,Miami Dolphins,10,15,Miami Dolphins,299,372,148,179,151,193,0,2,5.4,5.0,15,24,0.3076923076923077,0.18181818181818182,2.0,3.0
401671633,2024-10-06T17:00Z,2024,5,Jacksonville Jaguars,Indianapolis Colts,37,34,Jacksonville Jaguars,497,447,371,348,126,99,2,1,8.7,6.5,20,25,0.3,0.5,0.0,4.0
401671872,2024-10-06T17:00Z,2024,5,Chicago Bears,Carolina Panthers,36,10,Chicago Bears,424,292,296,172,128,120,0,3,6.1,5.0,24,14,0.36363636363636365,0.25,1.0,4.0
401671859,2024-10-06T17:00Z,2024,5,Houston Texans,Buffalo Bills,23,20,Houston Texans,425,276,331,126,94,150,2,0,6.3,4.7,18,16,0.5,0.21428571428571427,1.0,1.0
401671747,2024-10-06T20:05Z,2024,5,Denver Broncos,Las Vegas Raiders,34,18,Denver Broncos,289,330,180,215,109,115,0,3,5.0,5.1,18,20,0.25,0.4666666666666667,3.0,3.0
401671756,2024-10-06T20:05Z,2024,5,San Francisco 49ers,Arizona Cardinals,23,24,Arizona Cardinals,384,358,231,189,153,169,3,1,6.1,6.3,22,19,0.5454545454545454,0.3,2.0,1.0
401671679,2024-10-06T20:25Z,2024,5,Los Angeles Rams,Green Bay Packers,19,24,Green Bay Packers,370,328,236,202,134,126,2,1,4.9,5.7,24,19,0.5,0.125,3.0,2.0
401671680,2024-10-06T20:25Z,2024,5,Seattle Seahawks,New York Giants,20,29,New York Giants,333,420,231,245,102,175,1,1,5.7,5.9,17,24,0.2727272727272727,0.4375,7.0,3.0
401671784,2024-10-07T01:45Z,2024,5,Pittsburgh Steelers,Dallas Cowboys,17,20,Dallas Cowboys,226,445,134,336,92,109,1,3,4.0,5.9,17,25,0.25,0.6,3.0,2.0
401671687,2024-10-08T00:15Z,2024,5,Kansas City Chiefs,New Orleans Saints,26,13,Kansas City Chiefs,460,220,321,174,139,46,1,1,5.8,4.3,28,14,0.42857142857142855,0.4,2.0,1.0
401671819,2024-10-11T00:15Z,2024,6,Seattle Seahawks,San Francisco 49ers,24,36,San Francisco 49ers,358,483,306,255,52,228,3,0,4.9,7.9,22,21,0.4375,0.4166666666666667,1.0,0.0
401671802,2024-10-13T13:30Z,2024,6,Chicago Bears,Jacksonville Jaguars,35,16,Chicago Bears,373,278,221,210,152,68,1,2,6.1,4.6,25,17,0.45454545454545453,0.4666666666666667,3.0,4.0
401671619,2024-10-13T17:00Z,2024,6,New England Patriots,Houston Texans,21,41,Houston Texans,291,368,209,176,82,192,4,1,4.6,5.9,17,20,0.23076923076923078,0.36363636363636365,4.0,2.0
401671722,2024-10-13T17:00Z,2024,6,Green Bay Packers,Arizona Cardinals,34,13,Green Bay Packers,437,303,258,214,179,89,1,3,6.2,5.5,27,16,0.5833333333333334,0.4,0.0,0.0
401671735,2024-10-13T17:00Z,2024,6,New Orleans Saints,Tampa Bay Buccaneers,27,51,Tampa Bay Buccaneers,303,594,222,317,81,277,3,3,4.6,8.2,19,31,0.3076923076923077,0.6,5.0,1.0
401671820,2024-10-13T17:00Z,2024,6,Tennessee Titans,Indianapolis Colts,17,20,Indianapolis Colts,241,269,95,189,146,80,1,1,4.4,4.1,16,20,0.36363636363636365,0.4666666666666667,0.0,0.0
401671625,2024-10-13T17:00Z,2024,6,Baltimore Ravens,Washington Commanders,30,23,Baltimore Ravens,484,305,308,253,176,52,1,0,7.4,5.4,28,18,0.6,0.3333333333333333,2.0,3.0
401671714,2024-10-13T17:00Z,2024,6,Philadelphia Eagles,Cleveland Browns,20,16,Philadelphia Eagles,372,244,256,144,116,100,0,0,6.0,4.6,19,14,0.35714285714285715,0.25,1.0,5.0
401671655,2024-10-13T20:05Z,2024,6,Denver Broncos,Los Angeles Chargers,16,23,Los Angeles Chargers,316,350,206,222,110,128,2,0,6.0,4.7,17,22,0.2727272727272727,0.6111111111111112,2.0,3.0
401671657,2024-10-13T20:05Z,2024,6,Las Vegas Raiders,Pittsburgh Steelers,13,32,Pittsburgh Steelers,275,293,218,110,57,183,3,0,4.6,4.7,16,18,0.18181818181818182,0.3076923076923077,1.0,3.0
401671769,2024-10-13T20:25Z,2024,6,Carolina Panthers,Atlanta Falcons,20,38,Atlanta Falcons,335,423,221,225,114,198,2,1,5.4,6.2,21,25,0.45454545454545453,0.5,0.0,0.0
401671764,2024-10-13T20:25Z,2024,6,Dallas Cowboys,Detroit Lions,9,47,Detroit Lions,251,492,198,308,53,184,5,0,3.9,7.5,16,27,0.23076923076923078,0.4,4.0,3.0
401671791,2024-10-14T00:20Z,2024,6,New York Giants,Cincinnati Bengals,7,17,Cincinnati Bengals,309,304,190,183,119,121,1,1,4.2,5.8,24,13,0.3333333333333333,0.36363636363636365,2.0,4.0
401671684,2024-10-15T00:15Z,2024,6,New York Jets,Buffalo Bills,20,23,Buffalo Bills,393,359,272,210,121,149,1,0,6.7,6.0,20,24,0.3333333333333333,0.45454545454545453,3.0,2.0
401671816,2024-10-18T00:15Z,2024,7,New Orleans Saints,Denver Broncos,10,33,Denver Broncos,271,389,174,164,97,225,2,1,4.1,6.4,15,22,0.29411764705882354,0.36363636363636365,6.0,0.0
401671801,2024-10-20T13:30Z,2024,7,Jacksonville Jaguars,New England Patriots,32,16,Jacksonville Jaguars,364,295,193,257,171,38,0,0,6.2,5.5,23,17,0.6,0.5,0.0,2.0
401671724,2024-10-20T17:00Z,2024,7,Minnesota Vikings,Detroit Lions,29,31,Detroit Lions,383,391,244,247,139,144,1,1,7.4,7.0,16,19,0.4,0.4,4.0,4.0
401671864,2024-10-20T17:00Z,2024,7,Indianapolis Colts,Miami Dolphins,16,10,Indianapolis Colts,284,337,129,149,155,188,1,2,4.7,5.0,16,18,0.3076923076923077,0.4,0.0,2.0
401671710,2024-10-20T17:00Z,2024,7,New York Giants,Philadelphia Eagles,3,28,Philadelphia Eagles,119,339,43,70,76,269,0,0,2.2,5.2,10,20,0.21428571428571427,0.07692307692307693,8.0,5.0
401671853,2024-10-20T17:00Z,2024,7,Cleveland Browns,Cincinnati Bengals,14,21,Cincinnati Bengals,336,223,259,164,77,59,2,0,4.4,4.2,18,12,0.42105263157894735,0.15384615384615385,4.0,3.0
401671644,2024-10-20T17:00Z,2024,7,Green Bay Packers,Houston Texans,24,22,Green Bay Packers,277,197,195,55,82,142,3,0,4.9,3.4,18,15,0.4,0.3076923076923077,3.0,4.0
401671730,2024-10-20T17:00Z,2024,7,Atlanta Falcons,Seattle Seahawks,14,34,Seattle Seahawks,369,339,214,236,155,103,3,0,5.2,6.1,22,20,0.5333333333333333,0.36363636363636365,3.0,1.0
401671616,2024-10-20T17:00Z,2024,7,Buffalo Bills,Tennessee Titans,34,10,Buffalo Bills,389,289,315,200,74,89,0,2,7.2,4.3,18,18,0.3,0.375,1.0,3.0
401671663,2024-10-20T20:05Z,2024,7,Los Angeles Rams,Las Vegas Raiders,20,15,Los Angeles Rams,259,317,144,195,115,122,1,4,5.0,4.2,15,20,0.2,0.2,1.0,2.0
401671640,2024-10-20T20:05Z,2024,7,Washington Commanders,Carolina Panthers,40,7,Washington Commanders,421,180,207,85,214,95,0,2,6.7,4.2,26,10,0.5,0.3,1.0,2.0
401671777,2024-10-20T20:25Z,2024,7,San Francisco 49ers,Kansas City Chiefs,18,28,Kansas City Chiefs,310,329,209,145,101,184,3,2,5.5,4.8,19,22,0.18181818181818182,0.5714285714285714,1.0,2.0
401671785,2024-10-21T00:20Z,2024,7,Pittsburgh Steelers,New York Jets,37,15,Pittsburgh Steelers,409,323,260,269,149,54,0,2,6.2,5.9,21,17,0.35714285714285715,0.3,1.0,1.0
401671695,2024-10-22T00:15Z,2024,7,Tampa Bay Buccaneers,Baltimore Ravens,31,41,Baltimore Ravens,481,508,356,264,125,244,2,1,6.2,9.4,28,22,0.6470588235294118,0.375,3.0,2.0
401671699,2024-10-22T01:00Z,2024,7,Arizona Cardinals,Los Angeles Chargers,17,15,Arizona Cardinals,326,395,145,336,181,59,1,2,5.9,6.2,22,20,0.2857142857142857,0.42857142857142855,0.0,3.0
401671817,2024-10-25T00:15Z,2024,8,Los Angeles Rams,Minnesota Vikings,30,20,Los Angeles Rams,386,276,279,212,107,64,1,0,5.8,5.5,26,17,0.4,0.2857142857142857,0.0,3.0
401671856,2024-10-27T17:00Z,2024,8,Houston Texans,Indianapolis Colts,23,20,Houston Texans,363,303,267,140,96,163,1,2,5.3,4.8,21,17,0.3076923076923077,0.15384615384615385,2.0,5.0
401671667,2024-10-27T17:00Z,2024,8,Cincinnati Bengals,Philadelphia Eagles,17,37,Philadelphia Eagles,280,397,222,236,58,161,2,0,4.8,6.7,18,24,0.7692307692307693,0.5454545454545454,1.0,0.0
401671850,2024-10-27T17:00Z,2024,8,Miami Dolphins,Arizona Cardinals,27,28,Arizona Cardinals,377,389,227,307,150,82,0,0,5.9,6.3,22,22,0.7333333333333333,0.5384615384615384,1.0,0.0
401671739,2024-10-27T17:00Z,2024,8,Tampa Bay Buccaneers,Atlanta Falcons,26,31,Atlanta Falcons,432,394,330,265,102,129,3,0,6.0,6.6,24,20,0.6428571428571429,0.5,0.0,2.0
401671707,2024-10-27T17:00Z,2024,8,Jacksonville Jaguars,Green Bay Packers,27,30,Green Bay Packers,390,422,299,252,91,170,2,1,7.0,6.3,19,22,0.1111111111111111,0.2727272727272727,1.0,1.0
401671852,2024-10-27T17:00Z,2024,8,Cleveland Browns,Baltimore Ravens,29,24,Cleveland Browns,401,387,321,263,80,124,1,0,6.1,6.2,22,22,0.5333333333333333,0.2,2.0,3.0
401671720,2024-10-27T17:00Z,2024,8,Detroit Lions,Tennessee Titans,52,14,Detroit Lions,225,416,61,258,164,158,0,4,4.8,5.9,17,23,0.3333333333333333,0.2727272727272727,4.0,1.0
401671618,2024-10-27T17:00Z,2024,8,New England Patriots,New York Jets,25,22,New England Patriots,248,336,136,224,112,112,0,0,3.9,5.9,19,22,0.4666666666666667,0.4,2.0,1.0
401671750,2024-10-27T20:05Z,2024,8,Los Angeles Chargers,New Orleans Saints,26,8,Los Angeles Chargers,378,366,256,249,122,117,0,0,5.9,5.4,19,15,0.25,0.125,3.0,5.0
401671760,2024-10-27T20:05Z,2024,8,Seattle Seahawks,Buffalo Bills,10,31,Buffalo Bills,233,445,201,281,32,164,2,1,5.0,6.4,17,29,0.14285714285714285,0.5333333333333333,1.0,1.0
401671671,2024-10-27T20:25Z,2024,8,Las Vegas Raiders,Kansas City Chiefs,20,27,Kansas City Chiefs,228,334,195,252,33,82,1,1,4.1,4.9,15,23,0.46153846153846156,0.75,5.0,1.0
401671600,2024-10-27T20:25Z,2024,8,Denver Broncos,Carolina Panthers,28,14,Denver Broncos,400,284,298,215,102,69,2,2,5.5,4.7,23,16,0.6470588235294118,0.35714285714285715,2.0,2.0
401671599,2024-10-27T20:25Z,2024,8,Washington Commanders,Chicago Bears,18,15,Washington Commanders,481,307,313,105,168,202,0,1,6.7,5.1,23,15,0.3333333333333333,0.16666666666666666,2.0,3.0
401671795,2024-10-28T00:20Z,2024,8,San Francisco 49ers,Dallas Cowboys,30,24,San Francisco 49ers,469,292,246,236,223,56,0,2,7.3,4.9,19,18,0.5,0.3333333333333333,2.0,2.0
401671685,2024-10-29T00:15Z,2024,8,Pittsburgh Steelers,New York Giants,26,18,Pittsburgh Steelers,426,394,259,237,167,157,1,2,6.8,5.9,20,17,0.46153846153846156,0.3333333333333333,4.0,4.0
401671809,2024-11-01T00:15Z,2024,9,New York Jets,Houston Texans,21,13,New York Jets,293,322,193,135,100,187,1,1,5.3,4.3,17,21,0.4166666666666667,0.35294117647058826,2.0,8.0
401671711,2024-11-03T18:00Z,2024,9,New York Giants,Washington Commanders,22,27,Washington Commanders,326,358,162,209,164,149,1,0,5.5,6.0,25,21,0.5454545454545454,0.4166666666666667,2.0,0.0
401671623,2024-11-03T18:00Z,2024,9,Baltimore Ravens,Denver Broncos,41,10,Baltimore Ravens,396,319,269,197,127,122,0,1,7.3,4.7,25,20,0.375,0.42857142857142855,1.0,4.0
401671822,2024-11-03T18:00Z,2024,9,Tennessee Titans,New England Patriots,20,17,Tennessee Titans,400,295,233,185,167,110,1,3,5.5,4.5,24,20,0.4375,0.2727272727272727,1.0,4.0
401671493,2024-11-03T18:00Z,2024,9,Buffalo Bills,Miami Dolphins,30,27,Buffalo Bills,325,373,231,224,94,149,1,1,5.5,6.2,24,26,0.5,0.5,1.0,1.0
401671704,2024-11-03T18:00Z,2024,9,Cincinnati Bengals,Las Vegas Raiders,41,24,Cincinnati Bengals,373,217,243,157,130,60,1,2,5.3,3.7,26,16,0.5333333333333333,0.38461538461538464,1.0,5.0
401671629,2024-11-03T18:00Z,2024,9,Cleveland Browns,Los Angeles Chargers,10,27,Los Angeles Chargers,292,342,213,246,79,96,3,0,3.8,6.1,21,13,0.35294117647058826,0.35714285714285715,6.0,6.0
401671650,2024-11-03T18:00Z,2024,9,Carolina Panthers,New Orleans Saints,23,22,Carolina Panthers,246,427,166,230,80,197,1,0,4.9,5.8,15,25,0.4,0.3333333333333333,1.0,1.0
401671728,2024-11-03T18:00Z,2024,9,Atlanta Falcons,Dallas Cowboys,27,21,Atlanta Falcons,310,378,210,241,100,137,1,0,5.5,5.1,17,23,0.3076923076923077,0.23076923076923078,2.0,3.0
401671661,2024-11-03T21:05Z,2024,9,Arizona Cardinals,Chicago Bears,29,9,Arizona Cardinals,350,241,137,172,213,69,2,0,6.1,3.4,18,16,0.38461538461538464,0.21428571428571427,3.0,6.0
401671797,2024-11-03T21:05Z,2024,9,Philadelphia Eagles,Jacksonville Jaguars,28,23,Philadelphia Eagles,447,215,210,155,237,60,1,3,6.1,4.2,21,14,0.5294117647058824,0.3,3.0,2.0
401671767,2024-11-03T21:25Z,2024,9,Green Bay Packers,Detroit Lions,14,24,Detroit Lions,411,261,273,137,138,124,1,0,6.6,4.7,20,17,0.25,0.3333333333333333,0.0,1.0
401671776,2024-11-03T21:25Z,2024,9,Seattle Seahawks,Los Angeles Rams,20,26,Los Angeles Rams,424,366,317,298,107,68,3,1,5.7,5.4,20,22,0.26666666666666666,0.23076923076923078,7.0,0.0
401671647,2024-11-04T01:20Z,2024,9,Minnesota Vikings,Indianapolis Colts,21,13,Minnesota Vikings,415,227,282,159,133,68,3,2,5.8,4.6,29,13,0.5,0.2727272727272727,4.0,3.0
401671688,2024-11-05T01:15Z,2024,9,Kansas City Chiefs,Tampa Bay Buccaneers,30,24,Kansas City Chiefs,384,284,260,189,124,95,1,0,4.6,5.5,28,17,0.6666666666666666,0.45454545454545453,4.0,2.0
401671810,2024-11-08T01:15Z,2024,10,Baltimore Ravens,Cincinnati Bengals,35,34,Baltimore Ravens,389,470,290,421,99,49,0,1,6.7,6.3,20,27,0.5833333333333334,0.5,0.0,3.0
401671803,2024-11-10T14:30Z,2024,10,Carolina Panthers,New York Giants,20,17,Carolina Panthers,306,342,118,175,188,167,1,3,5.3,4.7,15,24,0.4,0.4666666666666667,1.0,2.0
401671637,2024-11-10T18:00Z,2024,10,Kansas City Chiefs,Denver Broncos,16,14,Kansas City Chiefs,300,260,243,182,57,78,0,0,4.6,4.7,19,16,0.4375,0.5384615384615384,4.0,2.0
401671873,2024-11-10T18:00Z,2024,10,Chicago Bears,New England Patriots,3,19,New England Patriots,142,328,69,184,73,144,0,1,2.4,5.4,11,16,0.07142857142857142,0.35714285714285715,9.0,1.0
401671641,2024-11-10T18:00Z,2024,10,Washington Commanders,Pittsburgh Steelers,27,28,Pittsburgh Steelers,242,312,182,172,60,140,1,2,4.1,4.2,19,21,0.35714285714285715,0.4375,3.0,3.0
401671742,2024-11-10T18:00Z,2024,10,Tampa Bay Buccaneers,San Francisco 49ers,20,23,San Francisco 49ers,215,413,105,338,110,75,0,1,3.7,6.8,18,24,0.35714285714285715,0.45454545454545453,2.0,3.0
401671733,2024-11-10T18:00Z,2024,10,New Orleans Saints,Atlanta Falcons,20,17,New Orleans Saints,365,468,269,287,96,181,0,1,7.0,6.4,14,25,0.38461538461538464,0.35714285714285715,0.0,3.0
401671708,2024-11-10T18:00Z,2024,10,Jacksonville Jaguars,Minnesota Vikings,7,12,Minnesota Vikings,143,402,87,233,56,169,3,3,3.3,4.9,10,28,0.45454545454545453,0.35714285714285715,3.0,1.0
401671863,2024-11-10T18:00Z,2024,10,Indianapolis Colts,Buffalo Bills,20,30,Buffalo Bills,361,415,240,280,121,135,4,2,5.9,5.9,19,21,0.36363636363636365,0.5,4.0,2.0
401671751,2024-11-10T21:05Z,2024,10,Los Angeles Chargers,Tennessee Titans,27,17,Los Angeles Chargers,309,289,164,157,145,132,0,0,5.4,5.7,23,19,0.4,0.3333333333333333,0.0,7.0
401671676,2024-11-10T21:25Z,2024,10,Dallas Cowboys,Philadelphia Eagles,6,34,Philadelphia Eagles,146,348,49,161,97,187,5,2,2.6,5.4,11,24,0.21428571428571427,0.36363636363636365,3.0,5.0
401671678,2024-11-10T21:25Z,2024,10,Arizona Cardinals,New York Jets,31,6,Arizona Cardinals,406,207,259,128,147,79,0,1,7.1,3.8,28,17,0.7142857142857143,0.46153846153846156,1.0,3.0
401671787,2024-11-11T01:20Z,2024,10,Houston Texans,Detroit Lions,23,26,Detroit Lions,248,345,192,240,56,105,2,5,3.8,5.6,16,19,0.4,0.5833333333333334,4.0,0.0
401671693,2024-11-12T01:15Z,2024,10,Los Angeles Rams,Miami Dolphins,15,23,Miami Dolphins,327,238,257,171,70,67,2,2,4.8,4.5,20,15,0.25,0.46153846153846156,4.0,3.0
401671813,2024-11-15T01:15Z,2024,11,Philadelphia Eagles,Washington Commanders,26,18,Philadelphia Eagles,434,264,206,171,228,93,0,1,6.2,4.2,23,18,0.5625,0.25,2.0,3.0
401671746,2024-11-17T18:00Z,2024,11,New Orleans Saints,Cleveland Browns,35,14,New Orleans Saints,473,443,259,377,214,66,2,0,8.2,6.3,19,22,0.5,0.23076923076923078,1.0,3.0
401671782,2024-11-17T18:00Z,2024,11,New York Jets,Indianapolis Colts,27,28,Indianapolis Colts,253,332,162,241,91,91,0,1,4.9,5.0,10,18,0.3076923076923077,0.4,3.0,2.0
401671824,2024-11-17T18:00Z,2024,11,Tennessee Titans,Minnesota Vikings,13,23,Minnesota Vikings,294,318,261,236,33,82,1,1,5.3,4.7,11,24,0.4,0.35714285714285715,5.0,2.0
401671642,2024-11-17T18:00Z,2024,11,Detroit Lions,Jacksonville Jaguars,52,6,Detroit Lions,645,170,449,129,196,41,0,1,8.5,3.6,38,10,0.6,0.2,0.0,1.0
401671630,2024-11-17T18:00Z,2024,11,Pittsburgh Steelers,Baltimore Ravens,18,16,Pittsburgh Steelers,303,329,181,205,122,124,1,3,4.1,6.1,18,16,0.25,0.36363636363636365,4.0,2.0
401671869,2024-11-17T18:00Z,2024,11,Chicago Bears,Green Bay Packers,19,20,Green Bay Packers,391,366,212,260,179,106,0,1,5.8,8.5,23,19,0.5625,0.2,3.0,1.0
401671701,2024-11-17T18:00Z,2024,11,New England Patriots,Los Angeles Rams,22,28,Los Angeles Rams,382,402,257,295,125,107,2,0,5.3,7.9,26,19,0.42857142857142855,0.25,3.0,0.0
401671851,2024-11-17T18:00Z,2024,11,Miami Dolphins,Las Vegas Raiders,34,19,Miami Dolphins,353,328,271,268,82,60,0,1,5.5,5.3,25,22,0.6666666666666666,0.5714285714285714,2.0,3.0
401671748,2024-11-17T21:05Z,2024,11,Denver Broncos,Atlanta Falcons,38,6,Denver Broncos,400,226,295,176,105,50,0,1,6.7,4.0,22,13,0.5454545454545454,0.3076923076923077,1.0,4.0
401671757,2024-11-17T21:05Z,2024,11,San Francisco 49ers,Seattle Seahawks,17,20,Seattle Seahawks,277,289,146,195,131,94,1,1,4.9,4.9,21,19,0.6363636363636364,0.46153846153846156,2.0,4.0
401671665,2024-11-17T21:25Z,2024,11,Buffalo Bills,Kansas City Chiefs,30,21,Buffalo Bills,366,259,262,181,104,78,1,2,5.2,5.0,24,19,0.6,0.5,0.0,2.0
401671675,2024-11-18T01:20Z,2024,11,Los Angeles Chargers,Cincinnati Bengals,34,27,Los Angeles Chargers,435,452,280,342,155,110,1,0,6.9,5.8,24,24,0.2727272727272727,0.29411764705882354,2.0,3.0
401671694,2024-11-19T01:15Z,2024,11,Dallas Cowboys,Houston Texans,10,34,Houston Texans,388,391,324,250,64,141,2,1,4.9,6.5,24,21,0.3333333333333333,0.3333333333333333,5.0,1.0
401671875,2024-11-22T01:15Z,2024,12,Cleveland Browns,Pittsburgh Steelers,24,19,Cleveland Browns,304,368,219,248,85,120,3,1,5.5,5.5,17,17,0.1,0.4375,1.0,4.0
401671847,2024-11-24T18:00Z,2024,12,Miami Dolphins,New England Patriots,34,15,Miami Dolphins,373,268,308,182,65,86,1,2,5.7,4.3,23,14,0.3333333333333333,0.21428571428571427,2.0,4.0
401671638,2024-11-24T18:00Z,2024,12,New York Giants,Tampa Bay Buccaneers,7,30,Tampa Bay Buccaneers,245,451,169,294,76,157,1,1,4.4,7.3,17,24,0.45454545454545453,0.5454545454545454,4.0,0.0
401671651,2024-11-24T18:00Z,2024,12,Carolina Panthers,Kansas City Chiefs,27,30,Kansas City Chiefs,334,391,249,226,85,165,0,0,5.8,5.8,21,27,0.38461538461538464,0.6153846153846154,2.0,5.0
401671866,2024-11-24T18:00Z,2024,12,Indianapolis Colts,Detroit Lions,6,24,Detroit Lions,268,390,172,253,96,137,0,0,5.5,5.4,11,26,0.25,0.6,0.0,3.0
401671858,2024-11-24T18:00Z,2024,12,Houston Texans,Tennessee Titans,27,32,Tennessee Titans,260,369,220,237,40,132,2,3,4.8,5.6,12,19,0.23076923076923078,0.2857142857142857,4.0,8.0
401671715,2024-11-24T18:00Z,2024,12,Washington Commanders,Dallas Cowboys,26,34,Dallas Cowboys,412,332,267,241,145,91,3,1,6.1,5.4,19,19,0.3333333333333333,0.18181818181818182,4.0,1.0
401671870,2024-11-24T18:00Z,2024,12,Chicago Bears,Minnesota Vikings,27,30,Minnesota Vikings,398,452,320,328,78,124,1,1,5.5,7.0,20,22,0.35294117647058826,0.46153846153846156,3.0,3.0
401671656,2024-11-24T21:05Z,2024,12,Las Vegas Raiders,Denver Broncos,19,29,Denver Broncos,369,325,300,262,69,63,2,0,5.0,5.0,21,19,0.2857142857142857,0.4,5.0,1.0
401671768,2024-11-24T21:25Z,2024,12,Green Bay Packers,San Francisco 49ers,38,10,Green Bay Packers,325,241,156,197,169,44,0,3,4.9,5.1,22,11,0.46153846153846156,0.3,2.0,2.0
401671775,2024-11-24T21:25Z,2024,12,Seattle Seahawks,Arizona Cardinals,16,6,Seattle Seahawks,285,298,220,249,65,49,1,1,4.7,5.3,17,15,0.5,0.25,5.0,5.0
401671794,2024-11-25T01:20Z,2024,12,Los Angeles Rams,Philadelphia Eagles,20,37,Philadelphia Eagles,290,481,198,167,92,314,1,0,4.9,7.1,23,24,0.0,0.6,5.0,1.0
401671689,2024-11-26T01:15Z,2024,12,Los Angeles Chargers,Baltimore Ravens,23,30,Baltimore Ravens,285,389,202,177,83,212,0,0,4.8,6.5,19,19,0.35714285714285715,0.5333333333333333,4.0,1.0
401671492,2024-11-28T17:30Z,2024,13,Detroit Lions,Chicago Bears,23,20,Detroit Lions,405,301,211,223,194,78,1,0,5.9,5.1,25,17,0.35714285714285715,0.4666666666666667,2.0,5.0
401671779,2024-11-28T21:30Z,2024,13,Dallas Cowboys,New York Giants,27,20,Dallas Cowboys,317,247,195,131,122,116,0,2,4.7,4.2,21,17,0.4666666666666667,0.25,0.0,6.0
401671798,2024-11-29T01:20Z,2024,13,Green Bay Packers,Miami Dolphins,30,17,Green Bay Packers,388,375,274,336,114,39,0,1,7.3,5.8,19,21,0.45454545454545453,0.2857142857142857,0.0,5.0
401671806,2024-11-29T20:00Z,2024,13,Kansas City Chiefs,Las Vegas Raiders,19,17,Kansas City Chiefs,329,434,266,318,63,116,0,1,4.9,6.9,18,20,0.4375,0.25,5.0,3.0
401671743,2024-12-01T18:00Z,2024,13,Washington Commanders,Tennessee Titans,42,19,Washington Commanders,463,245,196,210,267,35,1,2,6.0,4.9,29,12,0.6428571428571429,0.4166666666666667,2.0,2.0
401671649,2024-12-01T18:00Z,2024,13,Atlanta Falcons,Los Angeles Chargers,13,17,Los Angeles Chargers,350,187,234,131,116,56,4,1,4.5,4.1,24,10,0.21428571428571427,0.2727272727272727,1.0,5.0
401671726,2024-12-01T18:00Z,2024,13,Minnesota Vikings,Arizona Cardinals,23,22,Minnesota Vikings,273,406,205,252,68,154,1,2,5.4,5.3,19,25,0.125,0.38461538461538464,5.0,1.0
401671627,2024-12-01T18:00Z,2024,13,Cincinnati Bengals,Pittsburgh Steelers,38,44,Pittsburgh Steelers,375,520,282,410,93,110,3,1,6.6,7.9,25,28,0.5,0.4444444444444444,4.0,2.0
401671703,2024-12-01T18:00Z,2024,13,New York Jets,Seattle Seahawks,21,26,Seattle Seahawks,258,259,169,175,89,84,2,2,4.2,4.5,17,16,0.38461538461538464,0.3076923076923077,2.0,3.0
401671705,2024-12-01T18:00Z,2024,13,Jacksonville Jaguars,Houston Texans,20,23,Houston Texans,373,326,276,218,97,108,1,0,5.6,5.3,19,20,0.3333333333333333,0.38461538461538464,0.0,2.0
401671620,2024-12-01T18:00Z,2024,13,New England Patriots,Indianapolis Colts,24,25,Indianapolis Colts,422,253,222,109,200,144,1,2,6.5,4.4,23,20,0.5454545454545454,0.45454545454545453,4.0,0.0
401671752,2024-12-01T21:05Z,2024,13,Carolina Panthers,Tampa Bay Buccaneers,23,26,Tampa Bay Buccaneers,367,445,289,209,78,236,1,2,5.4,5.8,19,27,0.375,0.16666666666666666,1.0,4.0
401671753,2024-12-01T21:05Z,2024,13,New Orleans Saints,Los Angeles Rams,14,21,Los Angeles Rams,327,322,184,166,143,156,0,0,4.8,5.9,19,22,0.3333333333333333,0.4444444444444444,0.0,2.0
401671666,2024-12-01T21:25Z,2024,13,Baltimore Ravens,Philadelphia Eagles,19,24,Philadelphia Eagles,372,252,206,112,166,140,0,0,5.2,4.7,24,17,0.4,0.3333333333333333,3.0,2.0
401671781,2024-12-02T01:20Z,2024,13,Buffalo Bills,San Francisco 49ers,35,10,Buffalo Bills,372,239,152,86,220,153,0,3,6.6,5.1,20,15,0.5,0.3,0.0,2.0
401671686,2024-12-03T01:15Z,2024,13,Denver Broncos,Cleveland Browns,41,32,Denver Broncos,400,552,294,475,106,77,2,3,6.6,6.6,19,28,0.46153846153846156,0.47368421052631576,0.0,3.0
401671814,2024-12-06T01:15Z,2024,14,Detroit Lions,Green Bay Packers,34,31,Detroit Lions,391,298,280,199,111,99,1,1,5.1,6.6,27,17,0.4666666666666667,0.2,1.0,1.0
401671631,2024-12-08T18:00Z,2024,14,Pittsburgh Steelers,Cleveland Browns,27,14,Pittsburgh Steelers,267,300,147,196,120,104,1,3,4.3,4.3,15,20,0.42857142857142855,0.15384615384615385,1.0,3.0
401671654,2024-12-08T18:00Z,2024,14,Tampa Bay Buccaneers,Las Vegas Raiders,28,13,Tampa Bay Buccaneers,420,286,268,195,152,91,3,2,7.1,4.5,21,16,0.4166666666666667,0.3076923076923077,4.0,2.0
401671821,2024-12-08T18:00Z,2024,14,Tennessee Titans,Jacksonville Jaguars,6,10,Jacksonville Jaguars,272,291,146,220,126,71,0,2,4.4,5.0,17,16,0.5,0.46153846153846156,2.0,1.0
401671648,2024-12-08T18:00Z,2024,14,Minnesota Vikings,Atlanta Falcons,42,21,Minnesota Vikings,433,496,318,338,115,158,0,3,7.7,7.1,23,25,0.6666666666666666,0.5384615384615384,4.0,1.0
401671713,2024-12-08T18:00Z,2024,14,Philadelphia Eagles,Carolina Panthers,22,16,Philadelphia Eagles,292,302,83,184,209,118,0,1,5.2,4.4,18,20,0.5833333333333334,0.4375,4.0,1.0
401671601,2024-12-08T18:00Z,2024,14,New York Giants,New Orleans Saints,11,14,New Orleans Saints,325,292,213,200,112,92,1,1,4.4,4.4,16,18,0.2631578947368421,0.3333333333333333,2.0,2.0
401671848,2024-12-08T18:00Z,2024,14,Miami Dolphins,New York Jets,32,26,Miami Dolphins,375,402,331,319,44,83,0,0,5.7,6.4,28,23,0.1111111111111111,0.3333333333333333,0.0,3.0
401671660,2024-12-08T21:05Z,2024,14,Arizona Cardinals,Seattle Seahawks,18,30,Seattle Seahawks,356,409,235,233,121,176,2,0,5.7,6.7,21,18,0.3333333333333333,0.4666666666666667,2.0,0.0
401671773,2024-12-08T21:25Z,2024,14,Los Angeles Rams,Buffalo Bills,44,42,Los Angeles Rams,457,445,320,342,137,103,0,0,6.3,8.2,28,25,0.7333333333333333,0.5555555555555556,0.0,0.0
401671774,2024-12-08T21:25Z,2024,14,San Francisco 49ers,Chicago Bears,38,13,San Francisco 49ers,452,162,321,94,131,68,1,1,7.4,3.1,22,14,0.5,0.4,1.0,7.0
401671788,2024-12-09T01:20Z,2024,14,Kansas City Chiefs,Los Angeles Chargers,19,17,Kansas City Chiefs,298,288,202,194,96,94,0,0,4.6,5.1,20,20,0.5333333333333333,0.46153846153846156,3.0,3.0
401671690,2024-12-10T01:15Z,2024,14,Dallas Cowboys,Cincinnati Bengals,20,27,Cincinnati Bengals,322,433,166,359,156,74,2,1,5.5,6.7,17,23,0.3333333333333333,0.4,3.0,2.0
401671818,2024-12-13T01:15Z,2024,15,San Francisco 49ers,Los Angeles Rams,6,12,Los Angeles Rams,191,302,128,160,63,142,1,0,3.6,4.6,11,14,0.25,0.26666666666666666,3.0,0.0
401671706,2024-12-15T18:00Z,2024,15,Jacksonville Jaguars,New York Jets,25,32,New York Jets,421,400,285,275,136,125,2,0,5.5,7.4,27,22,0.5333333333333333,0.4,2.0,1.0
401671860,2024-12-15T18:00Z,2024,15,Houston Texans,Miami Dolphins,20,12,Houston Texans,181,224,104,172,77,52,1,4,3.6,3.6,12,18,0.38461538461538464,0.3076923076923077,4.0,3.0
401671731,2024-12-15T18:00Z,2024,15,Carolina Panthers,Dallas Cowboys,14,30,Dallas Cowboys,235,410,175,199,60,211,4,1,4.7,5.9,16,24,0.2727272727272727,0.5,6.0,1.0
401671825,2024-12-15T18:00Z,2024,15,Tennessee Titans,Cincinnati Bengals,27,37,Cincinnati Bengals,374,370,291,269,83,101,6,4,5.8,5.8,25,24,0.625,0.7692307692307693,1.0,1.0
401671737,2024-12-15T18:00Z,2024,15,New Orleans Saints,Washington Commanders,19,20,Washington Commanders,245,326,176,189,69,137,1,0,4.8,4.4,17,23,0.2727272727272727,0.5294117647058824,3.0,8.0
401671854,2024-12-15T18:00Z,2024,15,Cleveland Browns,Kansas City Chiefs,7,21,Kansas City Chiefs,266,311,127,179,139,132,6,0,4.4,4.1,16,18,0.3333333333333333,0.3888888888888889,5.0,0.0
401671639,2024-12-15T18:00Z,2024,15,New York Giants,Baltimore Ravens,14,35,Baltimore Ravens,236,445,181,275,55,170,1,1,3.9,7.5,19,25,0.16666666666666666,0.8181818181818182,3.0,3.0
401671681,2024-12-15T21:25Z,2024,15,Detroit Lions,Buffalo Bills,42,48,Buffalo Bills,521,559,473,362,48,197,1,0,6.8,8.2,30,28,0.46153846153846156,0.5,3.0,0.0
401671677,2024-12-15T21:25Z,2024,15,Arizona Cardinals,New England Patriots,30,17,Arizona Cardinals,395,311,232,195,163,116,0,1,6.2,6.3,21,17,0.6666666666666666,0.0,0.0,2.0
401671669,2024-12-15T21:25Z,2024,15,Denver Broncos,Indianapolis Colts,31,13,Denver Broncos,193,310,121,161,72,149,3,5,3.2,4.3,13,18,0.35294117647058826,0.26666666666666666,1.0,2.0
401671762,2024-12-15T21:25Z,2024,15,Los Angeles Chargers,Tampa Bay Buccaneers,17,40,Tampa Bay Buccaneers,206,506,174,283,32,223,2,2,4.3,7.6,14,24,0.0,0.6,3.0,1.0
401671766,2024-12-15T21:25Z,2024,15,Philadelphia Eagles,Pittsburgh Steelers,27,13,Philadelphia Eagles,401,163,270,107,131,56,2,1,5.2,4.0,26,10,0.5882352941176471,0.3,3.0,2.0
401671796,2024-12-16T01:20Z,2024,15,Seattle Seahawks,Green Bay Packers,13,30,Green Bay Packers,208,369,128,229,80,140,2,1,3.7,6.0,14,21,0.3076923076923077,0.4166666666666667,7.0,0.0
401671489,2024-12-17T01:00Z,2024,15,Minnesota Vikings,Chicago Bears,30,12,Minnesota Vikings,329,284,215,171,114,113,1,1,4.6,4.5,24,16,0.5,0.08333333333333333,2.0,2.0
401671697,2024-12-17T01:30Z,2024,15,Las Vegas Raiders,Atlanta Falcons,9,15,Atlanta Falcons,249,261,184,93,65,168,3,1,3.8,4.6,16,14,0.2857142857142857,0.3076923076923077,4.0,3.0
401671749,2024-12-20T01:15Z,2024,16,Los Angeles Chargers,Denver Broncos,34,27,Los Angeles Chargers,380,355,263,245,117,110,1,0,6.2,5.6,23,22,0.5,0.38461538461538464,2.0,2.0
401671780,2024-12-21T18:00Z,2024,16,Kansas City Chiefs,Houston Texans,27,19,Kansas City Chiefs,375,311,251,227,124,84,0,2,5.4,5.4,25,20,0.5384615384615384,0.5384615384615384,1.0,2.0
401671778,2024-12-21T21:30Z,2024,16,Baltimore Ravens,Pittsburgh Steelers,34,17,Baltimore Ravens,418,315,198,198,220,117,1,2,6.7,5.2,25,19,0.4,0.4,1.0,3.0
401671811,2024-12-22T18:00Z,2024,16,Cincinnati Bengals,Cleveland Browns,24,6,Cincinnati Bengals,326,273,210,125,116,148,1,3,5.8,4.3,21,18,0.36363636363636365,0.25,4.0,5.0
401671868,2024-12-22T18:00Z,2024,16,Chicago Bears,Detroit Lions,17,34,Detroit Lions,382,475,323,329,59,146,2,0,6.5,7.3,19,27,0.2,0.5833333333333334,2.0,1.0
401671732,2024-12-22T18:00Z,2024,16,Carolina Panthers,Arizona Cardinals,36,30,Carolina Panthers,392,382,149,176,243,206,0,2,6.0,6.0,22,23,0.42857142857142855,0.46153846153846156,3.0,3.0
401671621,2024-12-22T18:00Z,2024,16,New York Jets,Los Angeles Rams,9,19,Los Angeles Rams,321,242,246,110,75,132,2,1,5.1,4.8,17,17,0.38461538461538464,0.5,1.0,0.0
401671717,2024-12-22T18:00Z,2024,16,Washington Commanders,Philadelphia Eagles,36,33,Washington Commanders,368,338,255,127,113,211,5,2,5.8,4.8,23,20,0.5384615384615384,0.1875,1.0,4.0
401671729,2024-12-22T18:00Z,2024,16,Atlanta Falcons,New York Giants,34,7,Atlanta Falcons,329,234,202,189,127,45,1,3,5.1,4.3,22,14,0.5714285714285714,0.3333333333333333,0.0,3.0
401671862,2024-12-22T18:00Z,2024,16,Indianapolis Colts,Tennessee Titans,38,30,Indianapolis Colts,458,307,123,242,335,65,1,3,7.4,5.4,19,18,0.5333333333333333,0.45454545454545453,1.0,1.0
401671759,2024-12-22T21:05Z,2024,16,Seattle Seahawks,Minnesota Vikings,24,27,Minnesota Vikings,361,298,302,217,59,81,2,0,6.0,4.8,23,19,0.2,0.25,2.0,3.0
401671673,2024-12-22T21:25Z,2024,16,Las Vegas Raiders,Jacksonville Jaguars,19,14,Las Vegas Raiders,314,308,245,236,69,72,0,2,4.7,5.0,21,15,0.2857142857142857,0.4,2.0,1.0
401671494,2024-12-22T21:25Z,2024,16,Buffalo Bills,New England Patriots,24,21,Buffalo Bills,324,379,152,253,172,126,1,3,5.6,5.6,19,28,0.36363636363636365,0.5833333333333334,1.0,2.0
401671874,2024-12-22T21:25Z,2024,16,Miami Dolphins,San Francisco 49ers,29,17,Miami Dolphins,381,374,215,293,166,81,0,1,6.0,6.1,22,20,0.3333333333333333,0.38461538461538464,0.0,3.0
401671790,2024-12-23T01:20Z,2024,16,Dallas Cowboys,Tampa Bay Buccaneers,26,24,Dallas Cowboys,317,410,286,276,31,134,0,2,5.7,5.9,15,25,0.3333333333333333,0.5,1.0,4.0
401671692,2024-12-24T01:15Z,2024,16,Green Bay Packers,New Orleans Saints,34,0,Green Bay Packers,404,196,216,129,188,67,0,2,5.9,3.7,24,14,0.46153846153846156,0.36363636363636365,0.0,3.0
401671799,2024-12-25T18:00Z,2024,17,Pittsburgh Steelers,Kansas City Chiefs,10,29,Kansas City Chiefs,364,389,162,320,202,69,2,0,5.0,6.7,23,20,0.5,0.3,5.0,0.0
401671800,2024-12-25T21:30Z,2024,17,Houston Texans,Baltimore Ravens,2,31,Baltimore Ravens,211,432,153,181,58,251,1,0,3.9,7.1,10,25,0.26666666666666666,0.4444444444444444,5.0,1.0
401671876,2024-12-27T01:15Z,2024,17,Chicago Bears,Seattle Seahawks,3,6,Seattle Seahawks,179,265,76,143,103,122,1,1,3.1,5.2,11,12,0.3333333333333333,0.38461538461538464,7.0,3.0
401671832,2024-12-28T18:00Z,2024,17,New England Patriots,Los Angeles Chargers,7,40,Los Angeles Chargers,181,428,85,281,96,147,1,0,3.8,5.6,11,29,0.2,0.5882352941176471,4.0,0.0
401671835,2024-12-28T21:30Z,2024,17,Cincinnati Bengals,Denver Broncos,30,24,Cincinnati Bengals,499,329,384,206,115,123,1,1,5.9,5.5,34,19,0.5384615384615384,0.3333333333333333,7.0,2.0
401671829,2024-12-29T01:00Z,2024,17,Los Angeles Rams,Arizona Cardinals,13,9,Los Angeles Rams,257,396,189,283,68,113,0,2,4.8,5.4,12,24,0.4,0.46153846153846156,0.0,4.0
401671653,2024-12-29T18:00Z,2024,17,Tampa Bay Buccaneers,Carolina Panthers,48,14,Tampa Bay Buccaneers,551,204,349,165,202,39,0,0,7.4,4.4,33,13,0.7142857142857143,0.2222222222222222,2.0,5.0
401671846,2024-12-29T18:00Z,2024,17,New York Giants,Indianapolis Colts,45,33,New York Giants,389,446,309,320,80,126,0,3,7.3,6.1,15,25,0.5384615384615384,0.5384615384615384,0.0,2.0
401671738,2024-12-29T18:00Z,2024,17,New Orleans Saints,Las Vegas Raiders,10,25,Las Vegas Raiders,269,388,188,232,81,156,2,0,5.1,5.2,13,22,0.1,0.5555555555555556,4.0,1.0
401671634,2024-12-29T18:00Z,2024,17,Jacksonville Jaguars,Tennessee Titans,20,13,Jacksonville Jaguars,295,337,173,178,122,159,0,1,5.2,5.3,18,23,0.6153846153846154,0.5,2.0,3.0
401671765,2024-12-29T18:00Z,2024,17,Philadelphia Eagles,Dallas Cowboys,41,7,Philadelphia Eagles,376,268,197,141,179,127,0,4,6.2,4.5,20,16,0.46153846153846156,0.42857142857142855,0.0,1.0
401671495,2024-12-29T18:00Z,2024,17,Buffalo Bills,New York Jets,40,14,Buffalo Bills,348,281,251,169,97,112,0,3,5.6,4.9,23,20,0.5714285714285714,0.4444444444444444,0.0,4.0
401671877,2024-12-29T21:05Z,2024,17,Cleveland Browns,Miami Dolphins,3,20,Miami Dolphins,276,280,162,206,114,74,2,0,3.6,4.9,18,18,0.4117647058823529,0.18181818181818182,1.0,4.0
401671725,2024-12-29T21:25Z,2024,17,Minnesota Vikings,Green Bay Packers,27,25,Minnesota Vikings,441,271,372,167,69,104,1,1,6.3,4.8,26,17,0.5,0.5714285714285714,1.0,3.0
401671842,2024-12-30T01:20Z,2024,17,Washington Commanders,Atlanta Falcons,30,24,Washington Commanders,412,337,196,211,216,126,1,1,5.4,5.6,29,23,0.46153846153846156,0.2,5.0,2.0
401671698,2024-12-31T01:15Z,2024,17,San Francisco 49ers,Detroit Lions,34,40,Detroit Lions,475,439,400,287,75,152,2,0,7.9,6.4,29,23,0.625,0.6428571428571429,2.0,2.0
401671834,2025-01-04T21:30Z,2024,18,Baltimore Ravens,Cleveland Browns,35,10,Baltimore Ravens,437,230,217,174,220,56,0,2,6.5,4.2,20,13,0.5,0.3333333333333333,0.0,2.0
401671836,2025-01-05T01:00Z,2024,18,Pittsburgh Steelers,Cincinnati Bengals,17,19,Cincinnati Bengals,193,314,119,246,74,68,1,2,3.3,4.4,16,21,0.3333333333333333,0.38461538461538464,4.0,4.0
401671840,2025-01-05T18:00Z,2024,18,Dallas Cowboys,Washington Commanders,19,23,Washington Commanders,378,269,228,156,150,113,0,1,5.0,4.9,23,18,0.4117647058823529,0.46153846153846156,2.0,6.0
401671828,2025-01-05T18:00Z,2024,18,Tampa Bay Buccaneers,New Orleans Saints,27,19,Tampa Bay Buccaneers,395,292,216,228,179,64,1,0,6.2,4.6,20,19,0.625,0.23076923076923078,1.0,2.0
401671827,2025-01-05T18:00Z,2024,18,Atlanta Falcons,Carolina Panthers,38,44,Carolina Panthers,537,425,310,270,227,155,1,0,7.0,6.5,31,25,0.6428571428571429,0.5833333333333334,1.0,0.0
401671837,2025-01-05T18:00Z,2024,18,Indianapolis Colts,Jacksonville Jaguars,26,23,Indianapolis Colts,429,319,252,206,177,113,0,1,5.6,4.7,24,19,0.3333333333333333,0.35714285714285715,3.0,2.0
401671826,2025-01-05T18:00Z,2024,18,Tennessee Titans,Houston Texans,14,23,Houston Texans,314,374,229,167,85,207,1,1,5.2,6.4,14,18,0.3333333333333333,0.4166666666666667,2.0,1.0
401671844,2025-01-05T18:00Z,2024,18,Green Bay Packers,Chicago Bears,22,24,Chicago Bears,367,224,184,141,183,83,2,2,6.0,3.9,20,16,0.3,0.5,3.0,1.0
401671841,2025-01-05T18:00Z,2024,18,Philadelphia Eagles,New York Giants,20,13,Philadelphia Eagles,303,238,252,138,51,100,0,1,4.5,4.4,21,10,0.21428571428571427,0.2857142857142857,2.0,0.0
401671831,2025-01-05T18:00Z,2024,18,New England Patriots,Buffalo Bills,23,16,New England Patriots,309,259,232,129,77,130,1,0,5.1,4.0,19,16,0.3333333333333333,0.4,1.0,0.0
401671833,2025-01-05T21:25Z,2024,18,New York Jets,Miami Dolphins,32,20,New York Jets,375,334,257,199,118,135,1,4,6.0,4.9,22,21,0.4166666666666667,0.25,3.0,4.0
401671830,2025-01-05T21:25Z,2024,18,Los Angeles Rams,Seattle Seahawks,25,30,Seattle Seahawks,403,336,319,210,84,126,1,0,6.2,6.3,20,18,0.35714285714285715,0.5454545454545454,3.0,2.0
401671839,2025-01-05T21:25Z,2024,18,Las Vegas Raiders,Los Angeles Chargers,20,34,Los Angeles Chargers,264,473,225,336,39,137,1,0,5.5,6.6,16,26,0.2222222222222222,0.5,0.0,1.0
401671845,2025-01-05T21:25Z,2024,18,Arizona Cardinals,San Francisco 49ers,47,24,Arizona Cardinals,393,436,242,298,151,138,0,3,6.3,6.0,26,26,0.36363636363636365,0.38461538461538464,0.0,2.0
401671838,2025-01-05T21:25Z,2024,18,Denver Broncos,Kansas City Chiefs,38,0,Denver Broncos,479,98,321,71,158,27,0,0,6.7,3.0,29,5,0.7142857142857143,0.1111111111111111,0.0,5.0
401671843,2025-01-06T01:20Z,2024,18,Detroit Lions,Minnesota Vikings,31,9,Detroit Lions,394,262,216,142,178,120,2,0,6.0,4.2,24,14,0.4166666666666667,0.23076923076923078,2.0,2.0
401772510,2025-09-05T00:20Z,2025,1,Philadelphia Eagles,Dallas Cowboys,24,20,Philadelphia Eagles,302,307,144,188,158,119,0,1,4.9,5.5,20,22,0.6153846153846154,0.6363636363636364,1.0,0.0
401772714,2025-09-06T00:00Z,2025,1,Los Angeles Chargers,Kansas City Chiefs,27,21,Los Angeles Chargers,394,347,304,249,90,98,0,0,6.4,6.0,22,18,0.5384615384615384,0.35714285714285715,3.0,2.0
401772829,2025-09-07T17:00Z,2025,1,Cleveland Browns,Cincinnati Bengals,16,17,Cincinnati Bengals,327,141,278,95,49,46,2,0,4.6,2.9,22,11,0.5625,0.5,2.0,3.0
401772720,2025-09-07T17:00Z,2025,1,New England Patriots,Las Vegas Raiders,13,20,Las Vegas Raiders,336,389,276,333,60,56,1,1,4.9,6.3,18,21,0.2857142857142857,0.38461538461538464,4.0,4.0
401772719,2025-09-07T17:00Z,2025,1,Indianapolis Colts,Miami Dolphins,33,8,Indianapolis Colts,418,211,262,133,156,78,0,3,6.0,4.6,27,12,0.4666666666666667,0.5,1.0,3.0
401772827,2025-09-07T17:00Z,2025,1,Washington Commanders,New York Giants,21,6,Washington Commanders,432,231,212,157,220,74,0,0,6.6,3.7,25,17,0.36363636363636365,0.25,3.0,2.0
401772718,2025-09-07T17:00Z,2025,1,New Orleans Saints,Arizona Cardinals,13,20,Arizona Cardinals,315,276,208,130,107,146,0,0,4.6,4.5,21,19,0.35714285714285715,0.46153846153846156,1.0,5.0
401772721,2025-09-07T17:00Z,2025,1,New York Jets,Pittsburgh Steelers,32,34,Pittsburgh Steelers,394,271,212,218,182,53,1,0,6.4,5.0,23,19,0.5,0.4,1.0,4.0
401772828,2025-09-07T17:00Z,2025,1,Jacksonville Jaguars,Carolina Panthers,26,10,Jacksonville Jaguars,378,255,178,142,200,113,1,3,6.0,4.2,19,15,0.4166666666666667,0.5333333333333333,0.0,1.0
401772830,2025-09-07T17:00Z,2025,1,Atlanta Falcons,Tampa Bay Buccaneers,20,23,Tampa Bay Buccaneers,358,260,289,159,69,101,0,0,5.0,4.6,23,16,0.4,0.5,1.0,1.0
401772832,2025-09-07T20:05Z,2025,1,Denver Broncos,Tennessee Titans,20,12,Denver Broncos,317,133,166,62,151,71,4,2,4.5,2.4,20,7,0.4,0.14285714285714285,1.0,6.0
401772831,2025-09-07T20:05Z,2025,1,Seattle Seahawks,San Francisco 49ers,13,17,San Francisco 49ers,230,384,146,265,84,119,2,2,4.6,5.3,14,24,0.3,0.5,1.0,1.0
401772722,2025-09-07T20:25Z,2025,1,Green Bay Packers,Detroit Lions,27,13,Green Bay Packers,266,246,188,200,78,46,0,1,5.7,3.8,14,16,0.4,0.3333333333333333,0.0,4.0
401772723,2025-09-07T20:25Z,2025,1,Los Angeles Rams,Houston Texans,14,9,Los Angeles Rams,296,265,224,151,72,114,1,2,5.2,4.6,18,18,0.5384615384615384,0.2222222222222222,3.0,3.0
401772918,2025-09-08T00:20Z,2025,1,Buffalo Bills,Baltimore Ravens,41,40,Buffalo Bills,497,432,389,194,108,238,0,1,6.4,8.6,29,19,0.4666666666666667,0.5454545454545454,1.0,2.0
401772810,2025-09-09T00:15Z,2025,1,Chicago Bears,Minnesota Vikings,24,27,Minnesota Vikings,317,254,198,134,119,120,1,1,5.0,5.2,20,14,0.25,0.25,2.0,3.0
401772936,2025-09-12T00:15Z,2025,2,Green Bay Packers,Washington Commanders,27,18,Green Bay Packers,404,230,269,179,135,51,0,0,6.4,3.5,22,15,0.4166666666666667,0.3125,2.0,4.0
401772833,2025-09-14T17:00Z,2025,2,New Orleans Saints,San Francisco 49ers,21,26,San Francisco 49ers,307,344,186,267,121,77,1,1,4.6,5.1,21,23,0.36363636363636365,0.5333333333333333,3.0,3.0
401772834,2025-09-14T17:00Z,2025,2,Dallas Cowboys,New York Giants,40,37,Dallas Cowboys,478,506,343,422,135,84,1,1,5.8,7.8,32,22,0.42857142857142855,0.42857142857142855,3.0,3.0
401772725,2025-09-14T17:00Z,2025,2,Cincinnati Bengals,Jacksonville Jaguars,31,27,Cincinnati Bengals,350,400,302,261,48,139,3,2,5.4,5.7,24,21,0.42857142857142855,0.46153846153846156,3.0,1.0
401772835,2025-09-14T17:00Z,2025,2,Detroit Lions,Chicago Bears,52,21,Detroit Lions,511,339,334,205,177,134,0,2,8.8,5.3,25,19,0.4,0.5384615384615384,0.0,4.0
401772728,2025-09-14T17:00Z,2025,2,Miami Dolphins,New England Patriots,27,33,New England Patriots,358,333,297,211,61,122,1,0,6.9,6.1,16,18,0.4,0.5833333333333334,5.0,3.0
401772726,2025-09-14T17:00Z,2025,2,Baltimore Ravens,Cleveland Browns,41,17,Baltimore Ravens,242,323,197,208,45,115,0,2,4.6,4.5,14,17,0.25,0.3888888888888889,3.0,2.0
401772727,2025-09-14T17:00Z,2025,2,New York Jets,Buffalo Bills,10,30,Buffalo Bills,154,403,54,179,100,224,1,0,3.3,5.7,11,25,0.0,0.35714285714285715,4.0,1.0
401772836,2025-09-14T17:00Z,2025,2,Pittsburgh Steelers,Seattle Seahawks,17,31,Seattle Seahawks,267,395,195,278,72,117,2,2,4.5,6.2,13,21,0.3333333333333333,0.42857142857142855,3.0,2.0
401772724,2025-09-14T17:00Z,2025,2,Tennessee Titans,Los Angeles Rams,19,33,Los Angeles Rams,252,439,143,290,109,149,1,1,3.9,7.4,18,22,0.4,0.4166666666666667,5.0,1.0
401772729,2025-09-14T20:05Z,2025,2,Indianapolis Colts,Denver Broncos,29,28,Indianapolis Colts,473,324,306,206,167,118,0,1,7.1,6.0,26,23,0.46153846153846156,0.4444444444444444,1.0,0.0
401772730,2025-09-14T20:05Z,2025,2,Arizona Cardinals,Carolina Panthers,27,22,Arizona Cardinals,293,352,211,303,82,49,1,2,6.1,4.6,16,26,0.3333333333333333,0.3333333333333333,1.0,3.0
401772837,2025-09-14T20:25Z,2025,2,Kansas City Chiefs,Philadelphia Eagles,17,20,Philadelphia Eagles,294,216,173,94,121,122,1,0,5.2,3.7,17,16,0.3333333333333333,0.35714285714285715,2.0,2.0
401772919,2025-09-15T00:20Z,2025,2,Minnesota Vikings,Atlanta Falcons,6,22,Atlanta Falcons,198,326,120,108,78,218,4,1,4.3,5.2,10,19,0.36363636363636365,0.4,6.0,3.0
401772715,2025-09-15T23:00Z,2025,2,Houston Texans,Tampa Bay Buccaneers,19,20,Tampa Bay Buccaneers,266,360,182,191,84,169,0,0,5.8,5.0,12,25,0.2222222222222222,0.42857142857142855,3.0,4.0
401772811,2025-09-16T02:00Z,2025,2,Las Vegas Raiders,Los Angeles Chargers,9,20,Los Angeles Chargers,218,317,150,236,68,81,3,1,3.4,5.8,15,15,0.5,0.36363636363636365,3.0,2.0
401772937,2025-09-19T00:15Z,2025,3,Buffalo Bills,Miami Dolphins,31,21,Buffalo Bills,360,276,203,146,157,130,0,1,6.3,4.7,23,19,0.5454545454545454,0.6666666666666666,2.0,0.0
401772734,2025-09-21T17:00Z,2025,3,Jacksonville Jaguars,Houston Texans,17,10,Jacksonville Jaguars,291,271,205,184,86,87,1,3,4.4,4.6,17,13,0.26666666666666666,0.26666666666666666,2.0,2.0
401772838,2025-09-21T17:00Z,2025,3,Carolina Panthers,Atlanta Falcons,30,0,Carolina Panthers,224,332,114,201,110,131,1,3,4.1,5.0,15,17,0.2727272727272727,0.38461538461538464,1.0,0.0
401772733,2025-09-21T17:00Z,2025,3,Tennessee Titans,Indianapolis Colts,20,41,Indianapolis Colts,282,365,196,228,86,137,1,0,4.3,6.9,21,22,0.35714285714285715,0.25,4.0,0.0
401772732,2025-09-21T17:00Z,2025,3,New England Patriots,Pittsburgh Steelers,14,21,Pittsburgh Steelers,369,203,250,139,119,64,5,1,5.2,4.1,26,17,0.46153846153846156,0.4444444444444444,5.0,0.0
401772840,2025-09-21T17:00Z,2025,3,Tampa Bay Buccaneers,New York Jets,29,27,Tampa Bay Buccaneers,347,267,225,168,122,99,0,2,5.4,4.2,19,21,0.3076923076923077,0.2727272727272727,1.0,4.0
401772839,2025-09-21T17:00Z,2025,3,Philadelphia Eagles,Los Angeles Rams,33,26,Philadelphia Eagles,288,356,202,196,86,160,1,1,4.6,5.4,19,22,0.35714285714285715,0.3,4.0,1.0
401772731,2025-09-21T17:00Z,2025,3,Minnesota Vikings,Cincinnati Bengals,48,10,Minnesota Vikings,352,171,183,118,169,53,0,5,6.1,3.3,22,12,0.3333333333333333,0.2727272727272727,3.0,4.0
401772842,2025-09-21T17:00Z,2025,3,Cleveland Browns,Green Bay Packers,13,10,Cleveland Browns,221,230,125,149,96,81,1,1,3.9,3.8,15,14,0.3076923076923077,0.5555555555555556,2.0,5.0
401772841,2025-09-21T17:00Z,2025,3,Washington Commanders,Las Vegas Raiders,41,24,Washington Commanders,400,354,199,261,201,93,1,0,7.4,5.7,17,17,0.5,0.21428571428571427,1.0,5.0
401772735,2025-09-21T20:05Z,2025,3,Los Angeles Chargers,Denver Broncos,23,20,Los Angeles Chargers,376,265,270,147,106,118,2,0,4.7,5.5,29,9,0.47058823529411764,0.15384615384615385,5.0,2.0
401772736,2025-09-21T20:05Z,2025,3,Seattle Seahawks,New Orleans Saints,44,13,Seattle Seahawks,320,284,233,205,87,79,1,1,5.9,4.1,22,21,0.3333333333333333,0.3333333333333333,0.0,2.0
401772844,2025-09-21T20:25Z,2025,3,Chicago Bears,Dallas Cowboys,31,14,Chicago Bears,385,396,298,275,87,121,0,4,6.8,5.9,19,23,0.5714285714285714,0.2727272727272727,0.0,2.0
401772843,2025-09-21T20:25Z,2025,3,San Francisco 49ers,Arizona Cardinals,16,15,San Francisco 49ers,355,260,282,154,73,106,1,0,5.7,4.1,19,16,0.2,0.3333333333333333,1.0,1.0
401772920,2025-09-22T00:20Z,2025,3,New York Giants,Kansas City Chiefs,9,22,Kansas City Chiefs,281,306,151,201,130,105,2,0,4.6,4.6,19,22,0.1,0.5333333333333333,2.0,2.0
401772812,2025-09-23T00:15Z,2025,3,Baltimore Ravens,Detroit Lions,30,38,Detroit Lions,318,426,233,202,85,224,1,0,5.9,6.5,21,24,0.5454545454545454,0.5,7.0,0.0
401772938,2025-09-26T00:15Z,2025,4,Arizona Cardinals,Seattle Seahawks,20,23,Seattle Seahawks,253,384,164,229,89,155,2,1,4.0,6.0,18,20,0.4,0.46153846153846156,6.0,3.0
401772632,2025-09-28T13:30Z,2025,4,Pittsburgh Steelers,Minnesota Vikings,24,21,Pittsburgh Steelers,313,372,182,302,131,70,0,2,5.9,5.2,19,23,0.4,0.2857142857142857,2.0,6.0
401772847,2025-09-28T17:00Z,2025,4,New England Patriots,Carolina Panthers,42,13,New England Patriots,307,326,203,197,104,129,0,0,6.4,5.0,16,21,0.3333333333333333,0.35714285714285715,1.0,1.0
401772845,2025-09-28T17:00Z,2025,4,Tampa Bay Buccaneers,Philadelphia Eagles,25,31,Philadelphia Eagles,376,200,272,112,104,88,2,0,5.5,3.4,18,16,0.23076923076923078,0.35714285714285715,2.0,2.0
401772737,2025-09-28T17:00Z,2025,4,New York Giants,Los Angeles Chargers,21,18,New York Giants,250,338,89,186,161,152,0,2,3.6,6.0,20,17,0.4666666666666667,0.3333333333333333,6.0,2.0
401772846,2025-09-28T17:00Z,2025,4,Detroit Lions,Cleveland Browns,34,10,Detroit Lions,277,249,168,170,109,79,1,3,4.9,3.8,16,16,0.42857142857142855,0.21428571428571427,0.0,3.0
401772738,2025-09-28T17:00Z,2025,4,Houston Texans,Tennessee Titans,26,0,Houston Texans,353,175,224,93,129,82,0,1,5.4,3.8,20,10,0.4,0.18181818181818182,2.0,2.0
401772740,2025-09-28T17:00Z,2025,4,Buffalo Bills,New Orleans Saints,31,19,Buffalo Bills,356,298,191,109,165,189,1,1,6.2,4.6,20,22,0.3,0.38461538461538464,3.0,3.0
401772739,2025-09-28T17:00Z,2025,4,Atlanta Falcons,Washington Commanders,34,27,Atlanta Falcons,435,294,307,147,128,147,1,1,6.8,5.8,24,17,0.5,0.125,1.0,2.0
401772848,2025-09-28T20:05Z,2025,4,San Francisco 49ers,Jacksonville Jaguars,21,26,Jacksonville Jaguars,389,325,306,174,83,151,4,0,6.2,5.2,22,18,0.6153846153846154,0.2857142857142857,1.0,0.0
401772849,2025-09-28T20:05Z,2025,4,Los Angeles Rams,Indianapolis Colts,27,20,Los Angeles Rams,462,333,360,248,102,85,1,3,6.6,5.9,24,17,0.3333333333333333,0.3333333333333333,3.0,2.0
401772741,2025-09-28T20:25Z,2025,4,Kansas City Chiefs,Baltimore Ravens,37,20,Kansas City Chiefs,382,360,264,194,118,166,0,2,5.5,6.8,24,18,0.3333333333333333,0.3,1.0,3.0
401772742,2025-09-28T20:25Z,2025,4,Las Vegas Raiders,Chicago Bears,24,25,Chicago Bears,357,271,117,202,240,69,4,1,6.9,4.2,17,16,0.25,0.4375,0.0,1.0
401772921,2025-09-29T00:20Z,2025,4,Dallas Cowboys,Green Bay Packers,40,40,TIE,436,489,319,325,117,164,0,1,6.5,6.2,26,32,0.36363636363636365,0.7142857142857143,1.0,1.0
401772813,2025-09-29T23:15Z,2025,4,Miami Dolphins,New York Jets,27,21,Miami Dolphins,300,404,177,207,123,197,0,3,5.4,7.1,19,23,0.3333333333333333,0.4444444444444444,0.0,2.0
401772716,2025-09-30T00:15Z,2025,4,Denver Broncos,Cincinnati Bengals,28,3,Denver Broncos,512,159,326,106,186,53,1,0,6.4,3.7,29,9,0.5714285714285714,0.18181818181818182,0.0,3.0
401772939,2025-10-03T00:15Z,2025,5,Los Angeles Rams,San Francisco 49ers,23,26,San Francisco 49ers,456,407,378,333,78,74,2,0,7.1,4.9,27,27,0.4,0.3888888888888889,1.0,1.0
401772633,2025-10-05T13:30Z,2025,5,Cleveland Browns,Minnesota Vikings,17,21,Minnesota Vikings,322,349,182,252,140,97,0,2,4.8,5.7,17,20,0.2,0.3333333333333333,2.0,3.0
401772744,2025-10-05T17:00Z,2025,5,New Orleans Saints,New York Giants,26,14,New Orleans Saints,332,335,244,199,88,136,0,5,5.4,4.8,18,23,0.4666666666666667,0.3,0.0,1.0
401772850,2025-10-05T17:00Z,2025,5,New York Jets,Dallas Cowboys,22,37,Dallas Cowboys,378,416,234,236,144,180,1,0,5.2,7.1,25,22,0.4375,0.46153846153846156,5.0,1.0
401772743,2025-10-05T17:00Z,2025,5,Baltimore Ravens,Houston Texans,10,44,Houston Texans,207,417,163,250,44,167,3,0,5.2,6.3,12,27,0.375,0.5833333333333334,1.0,2.0
401772852,2025-10-05T17:00Z,2025,5,Carolina Panthers,Miami Dolphins,27,24,Carolina Panthers,418,248,179,229,239,19,2,0,6.4,4.7,26,15,0.45454545454545453,0.38461538461538464,3.0,3.0
401772745,2025-10-05T17:00Z,2025,5,Philadelphia Eagles,Denver Broncos,17,21,Denver Broncos,302,358,257,228,45,130,0,0,5.5,5.1,16,23,0.18181818181818182,0.3125,6.0,2.0
401772851,2025-10-05T17:00Z,2025,5,Indianapolis Colts,Las Vegas Raiders,40,6,Indianapolis Colts,317,296,221,190,96,106,0,2,5.6,4.6,24,22,0.8,0.5714285714285714,0.0,4.0
401772746,2025-10-05T20:05Z,2025,5,Seattle Seahawks,Tampa Bay Buccaneers,35,38,Tampa Bay Buccaneers,463,426,341,370,122,56,2,0,8.6,7.3,27,25,0.6666666666666666,0.6363636363636364,0.0,1.0
401772747,2025-10-05T20:05Z,2025,5,Arizona Cardinals,Tennessee Titans,21,22,Tennessee Titans,360,327,192,249,168,78,3,2,5.6,5.0,16,20,0.4375,0.3333333333333333,3.0,2.0
401772854,2025-10-05T20:25Z,2025,5,Cincinnati Bengals,Detroit Lions,24,37,Detroit Lions,322,365,237,247,85,118,3,1,5.6,6.0,21,23,0.36363636363636365,0.25,2.0,4.0
401772853,2025-10-05T20:25Z,2025,5,Los Angeles Chargers,Washington Commanders,10,27,Washington Commanders,336,389,181,226,155,163,2,1,5.2,7.1,18,22,0.5625,0.2857142857142857,5.0,1.0
401772922,2025-10-06T00:20Z,2025,5,Buffalo Bills,New England Patriots,20,23,New England Patriots,363,338,245,267,118,71,3,1,6.0,6.0,25,21,0.5555555555555556,0.3333333333333333,1.0,4.0
401772814,2025-10-07T00:15Z,2025,5,Jacksonville Jaguars,Kansas City Chiefs,31,28,Jacksonville Jaguars,319,476,210,318,109,158,2,1,5.9,7.6,21,26,0.5555555555555556,0.5555555555555556,3.0,0.0
401772940,2025-10-10T00:15Z,2025,6,New York Giants,Philadelphia Eagles,34,17,New York Giants,366,339,194,266,172,73,0,2,5.5,6.1,25,20,0.6875,0.1111111111111111,2.0,3.0
401772634,2025-10-12T13:30Z,2025,6,New York Jets,Denver Broncos,11,13,Denver Broncos,82,246,-10,168,92,78,0,1,1.4,4.3,8,12,0.13333333333333333,0.3333333333333333,9.0,1.0
401772857,2025-10-12T17:00Z,2025,6,Jacksonville Jaguars,Seattle Seahawks,12,20,Seattle Seahawks,273,346,214,286,59,60,0,0,4.0,6.4,17,13,0.25,0.08333333333333333,7.0,1.0
401772856,2025-10-12T17:00Z,2025,6,Indianapolis Colts,Arizona Cardinals,31,27,Indianapolis Colts,355,400,205,312,150,88,1,1,6.1,5.7,25,25,0.5,0.6428571428571429,1.0,2.0
401772751,2025-10-12T17:00Z,2025,6,New Orleans Saints,New England Patriots,19,25,New England Patriots,296,333,223,260,73,73,1,0,5.8,5.7,17,19,0.3333333333333333,0.46153846153846156,2.0,1.0
401772750,2025-10-12T17:00Z,2025,6,Miami Dolphins,Los Angeles Chargers,27,29,Los Angeles Chargers,341,403,204,263,137,140,3,1,6.1,6.3,19,20,0.45454545454545453,0.4,2.0,1.0
401772858,2025-10-12T17:00Z,2025,6,Carolina Panthers,Dallas Cowboys,30,27,Carolina Panthers,410,292,194,261,216,31,1,0,6.4,5.5,27,15,0.375,0.4166666666666667,1.0,0.0
401772855,2025-10-12T17:00Z,2025,6,Baltimore Ravens,Los Angeles Rams,3,17,Los Angeles Rams,296,241,117,167,179,74,3,1,3.9,4.7,19,15,0.4117647058823529,0.4,4.0,2.0
401772748,2025-10-12T17:00Z,2025,6,Pittsburgh Steelers,Cleveland Browns,23,9,Pittsburgh Steelers,335,248,235,183,100,65,0,0,5.8,3.3,19,20,0.38461538461538464,0.35294117647058826,0.0,6.0
401772859,2025-10-12T20:05Z,2025,6,Las Vegas Raiders,Tennessee Titans,20,10,Las Vegas Raiders,226,225,158,160,68,65,1,3,4.0,3.8,16,15,0.46153846153846156,0.23076923076923078,2.0,6.0
401772752,2025-10-12T20:25Z,2025,6,Green Bay Packers,Cincinnati Bengals,27,18,Green Bay Packers,409,268,256,213,153,55,1,0,6.8,4.3,24,20,0.45454545454545453,0.4,1.0,1.0
401772749,2025-10-12T20:25Z,2025,6,Tampa Bay Buccaneers,San Francisco 49ers,30,19,Tampa Bay Buccaneers,352,363,248,296,104,67,0,2,7.0,5.4,19,17,0.375,0.4375,1.0,6.0
401772923,2025-10-13T00:20Z,2025,6,Kansas City Chiefs,Detroit Lions,30,17,Kansas City Chiefs,355,297,243,199,112,98,0,0,5.7,5.6,26,18,0.4,0.45454545454545453,3.0,1.0
401772815,2025-10-13T23:15Z,2025,6,Atlanta Falcons,Buffalo Bills,24,14,Atlanta Falcons,443,291,233,157,210,134,0,2,6.7,5.4,22,17,0.4166666666666667,0.2222222222222222,2.0,4.0
401772717,2025-10-14T00:15Z,2025,6,Washington Commanders,Chicago Bears,24,25,Chicago Bears,329,386,205,236,124,150,3,0,5.5,6.5,22,19,0.375,0.3,3.0,3.0
401772941,2025-10-17T00:15Z,2025,7,Cincinnati Bengals,Pittsburgh Steelers,33,31,Cincinnati Bengals,470,396,328,249,142,147,0,2,6.5,7.3,27,19,0.5,0.7,2.0,0.0
401772635,2025-10-19T13:30Z,2025,7,Jacksonville Jaguars,Los Angeles Rams,7,35,Los Angeles Rams,358,271,264,182,94,89,0,0,4.8,4.4,21,26,0.2,0.2,7.0,0.0
401772861,2025-10-19T17:00Z,2025,7,Chicago Bears,New Orleans Saints,26,14,Chicago Bears,386,253,164,209,222,44,1,4,5.8,4.8,23,16,0.25,0.3,1.0,4.0
401772860,2025-10-19T17:00Z,2025,7,New York Jets,Carolina Panthers,6,13,Carolina Panthers,220,302,139,177,81,125,2,0,3.7,4.3,12,17,0.4666666666666667,0.29411764705882354,6.0,2.0
401772754,2025-10-19T17:00Z,2025,7,Cleveland Browns,Miami Dolphins,31,6,Cleveland Browns,206,219,102,120,104,99,0,4,3.9,3.8,15,12,0.36363636363636365,0.07692307692307693,2.0,4.0
401772755,2025-10-19T17:00Z,2025,7,Tennessee Titans,New England Patriots,13,31,New England Patriots,255,387,216,212,39,175,2,0,5.0,6.0,16,22,0.3,0.4166666666666667,5.0,4.0
401772862,2025-10-19T17:00Z,2025,7,Minnesota Vikings,Philadelphia Eagles,22,28,Philadelphia Eagles,387,361,298,316,89,45,2,0,5.8,7.4,21,13,0.4666666666666667,0.3,2.0,3.0
401772753,2025-10-19T17:00Z,2025,7,Kansas City Chiefs,Las Vegas Raiders,31,0,Kansas City Chiefs,434,95,282,70,152,25,0,1,5.6,3.2,30,3,0.6,0.0,1.0,1.0
401772757,2025-10-19T20:05Z,2025,7,Denver Broncos,New York Giants,33,32,Denver Broncos,407,387,265,268,142,119,0,1,5.4,5.6,25,26,0.3076923076923077,0.4,2.0,4.0
401772756,2025-10-19T20:05Z,2025,7,Los Angeles Chargers,Indianapolis Colts,24,38,Indianapolis Colts,445,401,391,281,54,120,2,0,6.0,6.9,25,24,0.5,0.45454545454545453,3.0,1.0
401772863,2025-10-19T20:25Z,2025,7,Arizona Cardinals,Green Bay Packers,23,27,Green Bay Packers,330,262,236,168,94,94,1,0,4.7,4.9,23,19,0.5,0.3,6.0,1.0
401772864,2025-10-19T20:25Z,2025,7,Dallas Cowboys,Washington Commanders,44,22,Dallas Cowboys,409,341,257,205,152,136,0,2,6.6,5.3,21,18,0.5,0.4375,1.0,4.0
401772924,2025-10-20T00:20Z,2025,7,San Francisco 49ers,Atlanta Falcons,20,10,San Francisco 49ers,324,292,150,230,174,62,1,1,4.9,4.9,23,19,0.6,0.45454545454545453,1.0,2.0
401772816,2025-10-20T23:00Z,2025,7,Detroit Lions,Tampa Bay Buccaneers,24,9,Detroit Lions,379,251,215,210,164,41,2,2,5.8,3.8,17,15,0.23076923076923078,0.25,4.0,4.0
401772826,2025-10-21T02:00Z,2025,7,Seattle Seahawks,Houston Texans,27,19,Seattle Seahawks,316,254,198,198,118,56,4,1,4.7,3.7,19,18,0.14285714285714285,0.13333333333333333,2.0,3.0
401772942,2025-10-24T00:15Z,2025,8,Los Angeles Chargers,Minnesota Vikings,37,10,Los Angeles Chargers,419,164,212,130,207,34,1,1,6.0,3.5,29,12,0.6923076923076923,0.2727272727272727,2.0,5.0
401772758,2025-10-26T17:00Z,2025,8,Cincinnati Bengals,New York Jets,38,39,New York Jets,398,502,217,248,181,254,0,0,6.9,7.2,24,25,0.4444444444444444,0.4666666666666667,1.0,0.0
401772759,2025-10-26T17:00Z,2025,8,Baltimore Ravens,Chicago Bears,30,16,Baltimore Ravens,355,372,178,276,177,96,0,1,6.0,6.0,24,19,0.4,0.46153846153846156,2.0,1.0
401772866,2025-10-26T17:00Z,2025,8,Houston Texans,San Francisco 49ers,26,15,Houston Texans,475,223,318,175,157,48,1,1,6.3,5.1,23,12,0.5625,0.3333333333333333,0.0,2.0
401772868,2025-10-26T17:00Z,2025,8,New England Patriots,Cleveland Browns,32,13,New England Patriots,422,213,245,145,177,68,2,2,6.5,4.1,23,12,0.2727272727272727,0.18181818181818182,6.0,1.0
401772760,2025-10-26T17:00Z,2025,8,Atlanta Falcons,Miami Dolphins,10,34,Miami Dolphins,213,338,168,197,45,141,1,0,4.3,5.2,11,24,0.18181818181818182,0.46153846153846156,1.0,1.0
401772865,2025-10-26T17:00Z,2025,8,Carolina Panthers,Buffalo Bills,9,40,Buffalo Bills,244,410,130,165,114,245,3,0,4.1,6.8,19,23,0.36363636363636365,0.5833333333333334,7.0,2.0
401772867,2025-10-26T17:00Z,2025,8,Philadelphia Eagles,New York Giants,38,20,Philadelphia Eagles,427,246,151,178,276,68,0,0,7.5,4.9,23,13,0.25,0.4166666666666667,4.0,5.0
401772869,2025-10-26T20:05Z,2025,8,New Orleans Saints,Tampa Bay Buccaneers,3,23,Tampa Bay Buccaneers,275,212,227,124,48,88,4,1,3.9,3.8,17,14,0.5,0.23076923076923078,5.0,3.0
401772761,2025-10-26T20:25Z,2025,8,Indianapolis Colts,Tennessee Titans,38,14,Indianapolis Colts,420,341,256,228,164,113,0,1,8.1,5.1,21,20,0.3333333333333333,0.4,3.0,4.0
401772762,2025-10-26T20:25Z,2025,8,Denver Broncos,Dallas Cowboys,44,24,Denver Broncos,426,339,247,231,179,108,1,2,7.5,5.0,25,24,0.625,0.36363636363636365,0.0,2.0
401772925,2025-10-27T00:20Z,2025,8,Pittsburgh Steelers,Green Bay Packers,25,35,Green Bay Packers,295,454,202,360,93,94,1,0,5.2,7.2,16,22,0.1,0.4166666666666667,3.0,0.0
401772817,2025-10-28T00:15Z,2025,8,Kansas City Chiefs,Washington Commanders,28,7,Kansas City Chiefs,432,260,284,200,148,60,2,2,6.4,5.0,26,14,0.4,0.5833333333333334,3.0,2.0
401772943,2025-10-31T00:15Z,2025,9,Miami Dolphins,Baltimore Ravens,6,28,Baltimore Ravens,332,338,245,188,87,150,3,0,5.4,6.0,17,18,0.16666666666666666,0.38461538461538464,2.0,2.0
401772763,2025-11-02T18:00Z,2025,9,New England Patriots,Atlanta Falcons,24,23,New England Patriots,331,288,221,217,110,71,2,0,4.9,5.3,23,17,0.6666666666666666,0.1,6.0,1.0
401772764,2025-11-02T18:00Z,2025,9,Tennessee Titans,Los Angeles Chargers,20,27,Los Angeles Chargers,206,343,118,212,88,131,0,1,4.7,5.3,10,21,0.1111111111111111,0.5384615384615384,4.0,6.0
401772870,2025-11-02T18:00Z,2025,9,Houston Texans,Denver Broncos,15,18,Denver Broncos,268,271,191,171,77,100,0,2,3.7,4.4,15,15,0.17647058823529413,0.4,4.0,1.0
401772765,2025-11-02T18:00Z,2025,9,Cincinnati Bengals,Chicago Bears,42,47,Chicago Bears,495,576,449,293,46,283,3,0,7.6,7.6,26,30,0.5,0.5333333333333333,3.0,2.0
401772871,2025-11-02T18:00Z,2025,9,Detroit Lions,Minnesota Vikings,24,27,Minnesota Vikings,305,258,240,116,65,142,1,1,4.9,4.4,15,20,0.29411764705882354,0.3333333333333333,5.0,5.0
401772766,2025-11-02T18:00Z,2025,9,Pittsburgh Steelers,Indianapolis Colts,27,20,Pittsburgh Steelers,225,368,187,313,38,55,1,6,3.7,5.0,17,26,0.3333333333333333,0.42857142857142855,3.0,5.0
401772872,2025-11-02T18:00Z,2025,9,Green Bay Packers,Carolina Panthers,13,16,Carolina Panthers,369,265,265,102,104,163,2,1,5.9,4.9,20,19,0.5384615384615384,0.4,1.0,1.0
401772767,2025-11-02T18:00Z,2025,9,New York Giants,San Francisco 49ers,24,34,San Francisco 49ers,296,380,179,221,117,159,0,1,5.3,5.8,19,25,0.4166666666666667,0.5454545454545454,2.0,2.0
401772874,2025-11-02T21:05Z,2025,9,Los Angeles Rams,New Orleans Saints,34,10,Los Angeles Rams,438,224,267,167,171,57,0,2,5.7,5.6,30,10,0.5,0.2222222222222222,2.0,1.0
401772873,2025-11-02T21:05Z,2025,9,Las Vegas Raiders,Jacksonville Jaguars,29,30,Jacksonville Jaguars,331,367,274,216,57,151,1,1,5.5,4.8,26,26,0.7,0.5625,2.0,1.0
401772768,2025-11-02T21:25Z,2025,9,Buffalo Bills,Kansas City Chiefs,28,21,Buffalo Bills,404,305,263,226,141,79,0,1,6.3,5.4,23,16,0.5833333333333334,0.23076923076923078,3.0,3.0
401772926,2025-11-03T01:20Z,2025,9,Washington Commanders,Seattle Seahawks,14,38,Seattle Seahawks,290,418,133,330,157,88,2,1,4.7,8.7,19,21,0.46153846153846156,0.6363636363636364,4.0,0.0
401772818,2025-11-04T01:15Z,2025,9,Dallas Cowboys,Arizona Cardinals,17,27,Arizona Cardinals,333,340,210,221,123,119,3,0,5.1,5.2,22,23,0.4166666666666667,0.5384615384615384,5.0,5.0
401772944,2025-11-07T01:15Z,2025,10,Denver Broncos,Las Vegas Raiders,10,7,Denver Broncos,220,188,136,114,84,74,2,1,3.9,3.2,10,10,0.3333333333333333,0.26666666666666666,2.0,6.0
401772636,2025-11-09T14:30Z,2025,10,Indianapolis Colts,Atlanta Falcons,31,25,Indianapolis Colts,519,290,196,150,323,140,2,1,7.0,4.8,25,22,0.16666666666666666,0.0,7.0,3.0
401772772,2025-11-09T18:00Z,2025,10,Tampa Bay Buccaneers,New England Patriots,23,28,New England Patriots,371,435,258,269,113,166,0,1,5.6,7.4,24,16,0.38461538461538464,0.35714285714285715,2.0,1.0
401772771,2025-11-09T18:00Z,2025,10,Miami Dolphins,Buffalo Bills,30,13,Miami Dolphins,370,376,173,289,197,87,2,3,7.0,5.8,19,20,0.3333333333333333,0.3333333333333333,0.0,3.0
401772770,2025-11-09T18:00Z,2025,10,Houston Texans,Jacksonville Jaguars,36,29,Houston Texans,412,213,282,119,130,94,2,2,6.0,3.9,27,19,0.6666666666666666,0.36363636363636365,2.0,5.0
401772877,2025-11-09T18:00Z,2025,10,Carolina Panthers,New Orleans Saints,7,17,New Orleans Saints,175,388,102,266,73,122,2,1,3.5,5.8,13,17,0.3333333333333333,0.47058823529411764,2.0,2.0
401772876,2025-11-09T18:00Z,2025,10,Minnesota Vikings,Baltimore Ravens,19,27,Baltimore Ravens,365,321,245,169,120,152,3,0,6.0,4.9,18,23,0.21428571428571427,0.4,1.0,1.0
401772875,2025-11-09T18:00Z,2025,10,Chicago Bears,New York Giants,24,20,Chicago Bears,391,431,220,262,171,169,0,1,6.1,6.2,23,21,0.2727272727272727,0.35714285714285715,0.0,4.0
401772769,2025-11-09T18:00Z,2025,10,New York Jets,Cleveland Browns,27,20,New York Jets,169,278,42,120,127,158,1,0,3.6,4.0,12,23,0.2727272727272727,0.375,3.0,6.0
401772773,2025-11-09T21:05Z,2025,10,Seattle Seahawks,Arizona Cardinals,44,22,Seattle Seahawks,372,335,174,206,198,129,3,2,6.3,4.6,22,21,0.6,0.375,1.0,5.0
401772878,2025-11-09T21:25Z,2025,10,Washington Commanders,Detroit Lions,22,44,Detroit Lions,288,546,195,320,93,226,0,0,5.6,8.0,14,30,0.2,0.5,2.0,0.0
401772879,2025-11-09T21:25Z,2025,10,San Francisco 49ers,Los Angeles Rams,26,42,Los Angeles Rams,393,401,319,275,74,126,2,0,6.6,6.0,24,31,0.375,0.5555555555555556,0.0,1.0
401772927,2025-11-10T01:20Z,2025,10,Los Angeles Chargers,Pittsburgh Steelers,25,10,Los Angeles Chargers,314,221,199,148,115,73,0,3,4.6,4.4,18,11,0.35294117647058826,0.18181818181818182,5.0,3.0
401772630,2025-11-11T01:15Z,2025,10,Green Bay Packers,Philadelphia Eagles,7,10,Philadelphia Eagles,261,294,157,183,104,111,2,1,4.0,4.9,18,13,0.38461538461538464,0.4375,3.0,0.0
401772945,2025-11-14T01:15Z,2025,11,New England Patriots,New York Jets,27,14,New England Patriots,336,245,271,105,65,140,0,1,5.4,4.3,23,15,0.5,0.5714285714285714,1.0,2.0
401772631,2025-11-16T14:30Z,2025,11,Miami Dolphins,Washington Commanders,16,13,Miami Dolphins,311,379,142,207,169,172,0,2,5.8,5.9,19,22,0.3333333333333333,0.46153846153846156,3.0,1.0
401772880,2025-11-16T18:00Z,2025,11,Minnesota Vikings,Chicago Bears,17,19,Chicago Bears,265,320,150,180,115,140,2,0,4.9,4.4,15,19,0.2727272727272727,0.3888888888888889,0.0,2.0
401772881,2025-11-16T18:00Z,2025,11,Tennessee Titans,Houston Texans,13,16,Houston Texans,229,315,171,240,58,75,1,0,4.0,4.6,14,20,0.4,0.3076923076923077,3.0,4.0
401772883,2025-11-16T18:00Z,2025,11,New York Giants,Green Bay Packers,20,27,Green Bay Packers,336,296,194,168,142,128,2,0,4.9,5.8,22,19,0.5,0.6363636363636364,2.0,2.0
401772775,2025-11-16T18:00Z,2025,11,Jacksonville Jaguars,Los Angeles Chargers,35,6,Jacksonville Jaguars,345,135,153,93,192,42,1,1,5.0,3.0,30,8,0.5,0.25,0.0,3.0
401772774,2025-11-16T18:00Z,2025,11,Pittsburgh Steelers,Cincinnati Bengals,34,12,Pittsburgh Steelers,343,297,232,192,111,105,0,2,5.7,4.7,22,17,0.5384615384615384,0.4666666666666667,1.0,1.0
401772776,2025-11-16T18:00Z,2025,11,Buffalo Bills,Tampa Bay Buccaneers,44,32,Buffalo Bills,414,367,317,165,97,202,3,2,7.8,5.4,19,21,0.5454545454545454,0.5625,0.0,1.0
401772882,2025-11-16T18:00Z,2025,11,Atlanta Falcons,Carolina Panthers,27,30,Carolina Panthers,348,486,223,419,125,67,1,0,6.0,6.5,23,22,0.36363636363636365,0.35294117647058826,0.0,5.0
401772884,2025-11-16T21:05Z,2025,11,Los Angeles Rams,Seattle Seahawks,21,19,Los Angeles Rams,249,414,130,279,119,135,1,4,5.0,5.2,12,26,0.18181818181818182,0.4375,0.0,0.0
401772885,2025-11-16T21:05Z,2025,11,Arizona Cardinals,San Francisco 49ers,22,41,San Francisco 49ers,488,281,452,186,36,95,3,0,6.9,5.4,24,24,0.42857142857142855,0.3333333333333333,0.0,1.0
401772778,2025-11-16T21:25Z,2025,11,Denver Broncos,Kansas City Chiefs,22,19,Denver Broncos,342,311,283,249,59,62,0,1,5.6,5.0,16,19,0.4666666666666667,0.38461538461538464,2.0,3.0
401772777,2025-11-16T21:25Z,2025,11,Cleveland Browns,Baltimore Ravens,16,23,Baltimore Ravens,187,351,81,167,106,184,1,3,3.5,5.8,10,17,0.14285714285714285,0.38461538461538464,3.0,5.0
401772928,2025-11-17T01:20Z,2025,11,Philadelphia Eagles,Detroit Lions,16,9,Philadelphia Eagles,272,317,124,243,148,74,0,1,3.9,5.3,16,13,0.26666666666666666,0.23076923076923078,1.0,2.0
401772819,2025-11-18T01:15Z,2025,11,Las Vegas Raiders,Dallas Cowboys,16,33,Dallas Cowboys,236,381,209,267,27,114,1,1,4.1,5.9,17,24,0.25,0.4,4.0,1.0
401772946,2025-11-21T01:15Z,2025,12,Houston Texans,Buffalo Bills,23,19,Houston Texans,261,326,153,183,108,143,0,3,4.7,4.9,15,14,0.16666666666666666,0.3125,0.0,8.0
401772887,2025-11-23T18:00Z,2025,12,Green Bay Packers,Minnesota Vikings,23,6,Green Bay Packers,288,145,142,52,146,93,0,3,4.4,3.3,22,10,0.5,0.2222222222222222,1.0,5.0
401772781,2025-11-23T18:00Z,2025,12,Cincinnati Bengals,New England Patriots,20,26,New England Patriots,307,392,187,285,120,107,1,1,5.0,5.9,20,21,0.23076923076923078,0.38461538461538464,1.0,1.0
401772886,2025-11-23T18:00Z,2025,12,Tennessee Titans,Seattle Seahawks,24,30,Seattle Seahawks,296,353,232,239,64,114,0,0,4.4,7.5,18,19,0.35294117647058826,0.2857142857142857,4.0,1.0
401772779,2025-11-23T18:00Z,2025,12,Kansas City Chiefs,Indianapolis Colts,23,20,Kansas City Chiefs,494,255,346,181,148,74,2,0,5.4,5.1,33,10,0.4375,0.38461538461538464,4.0,0.0
401772888,2025-11-23T18:00Z,2025,12,Detroit Lions,New York Giants,34,27,Detroit Lions,494,517,257,395,237,122,1,1,7.6,6.7,23,25,0.4166666666666667,0.5,3.0,1.0
401772780,2025-11-23T18:00Z,2025,12,Chicago Bears,Pittsburgh Steelers,31,28,Chicago Bears,328,345,229,159,99,186,2,2,5.4,5.0,19,22,0.5384615384615384,0.5714285714285714,1.0,2.0
401772782,2025-11-23T18:00Z,2025,12,Baltimore Ravens,New York Jets,23,10,Baltimore Ravens,241,282,143,204,98,78,0,2,4.2,4.9,16,15,0.18181818181818182,0.36363636363636365,1.0,3.0
401772784,2025-11-23T21:05Z,2025,12,Las Vegas Raiders,Cleveland Browns,10,24,Cleveland Browns,268,270,208,206,60,64,1,2,3.6,5.6,19,11,0.23529411764705882,0.25,10.0,1.0
401772783,2025-11-23T21:05Z,2025,12,Arizona Cardinals,Jacksonville Jaguars,24,27,Jacksonville Jaguars,326,371,271,237,55,134,0,4,4.3,6.1,25,18,0.3125,0.2727272727272727,6.0,3.0
401772890,2025-11-23T21:25Z,2025,12,Dallas Cowboys,Philadelphia Eagles,24,21,Dallas Cowboys,473,339,348,276,125,63,2,2,7.0,5.8,25,19,0.4166666666666667,0.4166666666666667,1.0,1.0
401772889,2025-11-23T21:25Z,2025,12,New Orleans Saints,Atlanta Falcons,10,24,Atlanta Falcons,293,302,214,181,79,121,2,1,3.8,5.5,21,13,0.3125,0.25,5.0,3.0
401772929,2025-11-24T01:20Z,2025,12,Los Angeles Rams,Tampa Bay Buccaneers,34,7,Los Angeles Rams,333,193,263,70,70,123,0,2,6.1,2.9,20,14,0.4,0.4117647058823529,1.0,4.0
401772820,2025-11-25T01:15Z,2025,12,San Francisco 49ers,Carolina Panthers,20,9,San Francisco 49ers,340,230,193,161,147,69,3,2,4.9,5.3,23,12,0.5384615384615384,0.14285714285714285,0.0,1.0
401772891,2025-11-27T18:00Z,2025,13,Detroit Lions,Green Bay Packers,24,31,Green Bay Packers,352,359,233,234,119,125,0,0,5.9,6.0,20,18,0.6153846153846154,0.5,3.0,0.0
401772694,2025-11-27T21:30Z,2025,13,Dallas Cowboys,Kansas City Chiefs,31,28,Dallas Cowboys,457,362,320,243,137,119,1,0,7.0,6.0,23,19,0.5625,0.38461538461538464,0.0,3.0
401772930,2025-11-28T01:20Z,2025,13,Baltimore Ravens,Cincinnati Bengals,14,32,Cincinnati Bengals,346,382,223,254,123,128,5,1,6.1,4.8,16,22,0.3,0.42105263157894735,3.0,1.0
401772621,2025-11-28T20:00Z,2025,13,Philadelphia Eagles,Chicago Bears,15,24,Chicago Bears,317,425,230,144,87,281,2,1,6.2,5.0,14,28,0.3333333333333333,0.5882352941176471,0.0,2.0
401772785,2025-11-30T18:00Z,2025,13,Cleveland Browns,San Francisco 49ers,8,26,San Francisco 49ers,253,252,115,161,138,91,2,0,4.2,3.9,15,19,0.2727272727272727,0.6470588235294118,3.0,1.0
401772894,2025-11-30T18:00Z,2025,13,Carolina Panthers,Los Angeles Rams,31,28,Carolina Panthers,358,379,194,227,164,152,0,3,5.8,7.4,17,22,0.4666666666666667,0.4,2.0,2.0
401772895,2025-11-30T18:00Z,2025,13,Tampa Bay Buccaneers,Arizona Cardinals,20,17,Tampa Bay Buccaneers,279,386,184,291,95,95,0,2,4.9,6.3,13,22,0.4375,0.375,2.0,2.0
401772786,2025-11-30T18:00Z,2025,13,Tennessee Titans,Jacksonville Jaguars,3,25,Jacksonville Jaguars,188,272,121,202,67,70,2,0,3.4,4.8,11,20,0.16666666666666666,0.23076923076923078,3.0,3.0
401772892,2025-11-30T18:00Z,2025,13,Miami Dolphins,New Orleans Saints,21,17,Miami Dolphins,298,294,134,213,164,81,1,2,5.1,4.3,16,20,0.3333333333333333,0.3333333333333333,4.0,4.0
401772893,2025-11-30T18:00Z,2025,13,New York Jets,Atlanta Falcons,27,24,New York Jets,269,389,159,222,110,167,0,1,4.3,5.8,16,25,0.4375,0.3333333333333333,2.0,2.0
401772787,2025-11-30T18:00Z,2025,13,Indianapolis Colts,Houston Texans,16,20,Houston Texans,281,364,195,256,86,108,0,1,5.5,5.1,17,24,0.3,0.46153846153846156,1.0,2.0
401772896,2025-11-30T21:05Z,2025,13,Seattle Seahawks,Minnesota Vikings,26,0,Seattle Seahawks,219,162,94,96,125,66,2,5,3.5,3.2,17,11,0.4,0.2,4.0,4.0
401772789,2025-11-30T21:25Z,2025,13,Pittsburgh Steelers,Buffalo Bills,7,26,Buffalo Bills,166,372,108,123,58,249,2,2,3.9,5.0,10,26,0.3333333333333333,0.5333333333333333,1.0,0.0
401772788,2025-11-30T21:25Z,2025,13,Los Angeles Chargers,Las Vegas Raiders,31,14,Los Angeles Chargers,341,156,149,125,192,31,1,1,5.1,3.4,22,12,0.7058823529411765,0.25,3.0,5.0
401772931,2025-12-01T01:20Z,2025,13,Washington Commanders,Denver Broncos,26,27,Denver Broncos,419,402,276,315,143,87,1,1,4.9,5.8,30,23,0.47058823529411764,0.4666666666666667,2.0,1.0
401772821,2025-12-02T01:15Z,2025,13,New England Patriots,New York Giants,33,15,New England Patriots,395,239,276,128,119,111,0,1,6.3,4.5,21,14,0.46153846153846156,0.36363636363636365,3.0,2.0
401772947,2025-12-05T01:15Z,2025,14,Detroit Lions,Dallas Cowboys,44,30,Detroit Lions,408,417,299,326,109,91,0,3,7.2,5.5,20,25,0.375,0.4,1.0,5.0
401772791,2025-12-07T18:00Z,2025,14,Baltimore Ravens,Pittsburgh Steelers,22,27,Pittsburgh Steelers,420,318,203,284,217,34,1,0,5.5,6.2,22,13,0.3888888888888889,0.42857142857142855,2.0,0.0
401772900,2025-12-07T18:00Z,2025,14,Atlanta Falcons,Seattle Seahawks,9,37,Seattle Seahawks,274,365,154,236,120,129,3,1,4.4,6.3,15,20,0.07692307692307693,0.46153846153846156,1.0,2.0
401772898,2025-12-07T18:00Z,2025,14,Cleveland Browns,Tennessee Titans,29,31,Tennessee Titans,412,292,351,108,61,184,2,1,6.4,4.6,22,13,0.42857142857142855,0.35294117647058826,2.0,1.0
401772792,2025-12-07T18:00Z,2025,14,Tampa Bay Buccaneers,New Orleans Saints,20,24,New Orleans Saints,301,260,122,121,179,139,1,1,4.4,4.7,19,16,0.23076923076923078,0.45454545454545453,0.0,3.0
401772902,2025-12-07T18:00Z,2025,14,Buffalo Bills,Cincinnati Bengals,39,34,Buffalo Bills,416,338,233,276,183,62,1,2,6.9,6.0,22,25,0.5454545454545454,0.8333333333333334,3.0,1.0
401772793,2025-12-07T18:00Z,2025,14,Jacksonville Jaguars,Indianapolis Colts,36,19,Jacksonville Jaguars,350,285,247,196,103,89,1,3,5.6,4.5,18,20,0.4666666666666667,0.5454545454545454,0.0,1.0
401772899,2025-12-07T18:00Z,2025,14,Minnesota Vikings,Washington Commanders,31,0,Minnesota Vikings,313,206,151,99,162,107,0,3,5.1,4.2,25,12,0.5454545454545454,0.3,4.0,2.0
401772790,2025-12-07T18:00Z,2025,14,New York Jets,Miami Dolphins,10,34,Miami Dolphins,207,358,142,119,65,239,3,0,3.6,5.7,12,23,0.08333333333333333,0.2,6.0,1.0
401772794,2025-12-07T21:05Z,2025,14,Las Vegas Raiders,Denver Broncos,17,24,Denver Broncos,229,356,189,204,40,152,0,0,4.8,4.9,16,27,0.3333333333333333,0.5833333333333334,4.0,3.0
401772901,2025-12-07T21:25Z,2025,14,Arizona Cardinals,Los Angeles Rams,17,45,Los Angeles Rams,314,530,263,281,51,249,1,0,5.1,7.9,17,30,0.3333333333333333,0.375,3.0,0.0
401772897,2025-12-07T21:25Z,2025,14,Green Bay Packers,Chicago Bears,28,21,Green Bay Packers,337,315,220,177,117,138,1,1,6.5,4.6,17,21,0.6666666666666666,0.5,1.0,1.0
401772932,2025-12-08T01:20Z,2025,14,Kansas City Chiefs,Houston Texans,10,20,Houston Texans,274,268,148,186,126,82,3,0,4.3,4.1,15,14,0.2857142857142857,0.4444444444444444,2.0,3.0
401772822,2025-12-09T01:15Z,2025,14,Los Angeles Chargers,Philadelphia Eagles,22,19,Los Angeles Chargers,275,365,106,231,169,134,3,5,3.9,5.5,16,19,0.3684210526315789,0.3076923076923077,7.0,1.0
401772948,2025-12-12T01:15Z,2025,15,Tampa Bay Buccaneers,Atlanta Falcons,28,29,Atlanta Falcons,338,476,250,365,88,111,1,1,5.5,7.2,28,27,0.4444444444444444,0.45454545454545453,5.0,1.0
401772796,2025-12-14T18:00Z,2025,15,Cincinnati Bengals,Baltimore Ravens,0,24,Baltimore Ravens,298,317,198,128,100,189,2,1,4.2,7.9,18,15,0.2,0.2857142857142857,3.0,4.0
401772903,2025-12-14T18:00Z,2025,15,Houston Texans,Arizona Cardinals,40,20,Houston Texans,399,307,256,235,143,72,0,2,6.3,4.9,23,22,0.5384615384615384,0.4166666666666667,1.0,2.0
401772798,2025-12-14T18:00Z,2025,15,Kansas City Chiefs,Los Angeles Chargers,13,16,Los Angeles Chargers,239,295,190,201,49,94,2,1,4.1,4.8,17,18,0.46153846153846156,0.35714285714285715,5.0,4.0
401772905,2025-12-14T18:00Z,2025,15,New York Giants,Washington Commanders,21,29,Washington Commanders,384,340,238,195,146,145,1,2,5.7,5.9,22,19,0.16666666666666666,0.2727272727272727,1.0,2.0
401772904,2025-12-14T18:00Z,2025,15,Chicago Bears,Cleveland Browns,31,3,Chicago Bears,361,192,219,142,142,50,0,3,5.6,3.4,21,9,0.38461538461538464,0.2857142857142857,3.0,5.0
401772795,2025-12-14T18:00Z,2025,15,New England Patriots,Buffalo Bills,31,35,Buffalo Bills,385,349,139,181,246,168,1,0,7.5,5.2,19,22,0.5,0.5714285714285714,3.0,2.0
401772797,2025-12-14T18:00Z,2025,15,Jacksonville Jaguars,New York Jets,48,20,Jacksonville Jaguars,438,284,330,154,108,130,1,3,7.4,4.2,24,19,0.4444444444444444,0.5333333333333333,0.0,3.0
401772906,2025-12-14T18:00Z,2025,15,Philadelphia Eagles,Las Vegas Raiders,31,0,Philadelphia Eagles,387,75,204,29,183,46,0,1,5.9,1.8,27,7,0.7692307692307693,0.25,1.0,4.0
401772909,2025-12-14T21:25Z,2025,15,Los Angeles Rams,Detroit Lions,41,34,Los Angeles Rams,519,396,360,326,159,70,1,0,7.5,6.4,30,21,0.2222222222222222,0.35714285714285715,2.0,1.0
401772907,2025-12-14T21:25Z,2025,15,San Francisco 49ers,Tennessee Titans,37,24,San Francisco 49ers,430,306,292,170,138,136,1,0,6.1,6.2,28,18,0.6,0.3333333333333333,2.0,0.0
401772799,2025-12-14T21:25Z,2025,15,Seattle Seahawks,Indianapolis Colts,18,16,Seattle Seahawks,314,220,264,118,50,102,0,1,5.3,3.8,15,14,0.15384615384615385,0.38461538461538464,1.0,1.0
401772908,2025-12-14T21:25Z,2025,15,New Orleans Saints,Carolina Panthers,20,17,New Orleans Saints,337,281,256,154,81,127,0,1,5.3,5.0,27,15,0.5454545454545454,0.5,5.0,1.0
401772800,2025-12-14T21:25Z,2025,15,Denver Broncos,Green Bay Packers,34,26,Denver Broncos,391,362,302,247,89,115,1,2,6.0,5.7,21,19,0.36363636363636365,0.46153846153846156,0.0,3.0
401772933,2025-12-15T01:20Z,2025,15,Dallas Cowboys,Minnesota Vikings,26,34,Minnesota Vikings,423,327,285,250,138,77,0,1,6.1,6.3,25,21,0.16666666666666666,0.2222222222222222,2.0,0.0
401772823,2025-12-16T01:15Z,2025,15,Pittsburgh Steelers,Miami Dolphins,28,15,Pittsburgh Steelers,336,285,201,222,135,63,0,1,5.4,5.9,22,16,0.3076923076923077,0.25,3.0,4.0
401772949,2025-12-19T01:15Z,2025,16,Seattle Seahawks,Los Angeles Rams,38,37,Seattle Seahawks,415,581,244,457,171,124,3,0,6.6,6.6,22,26,0.36363636363636365,0.4,4.0,0.0
401772612,2025-12-20T22:00Z,2025,16,Washington Commanders,Philadelphia Eagles,18,29,Philadelphia Eagles,220,385,130,178,90,207,1,1,4.3,5.8,15,26,0.2,0.4444444444444444,2.0,2.0
401772613,2025-12-21T01:20Z,2025,16,Chicago Bears,Green Bay Packers,22,16,Chicago Bears,400,384,250,192,150,192,0,1,6.7,5.5,20,24,0.18181818181818182,0.5,0.0,2.0
401772911,2025-12-21T18:00Z,2025,16,New York Giants,Minnesota Vikings,13,16,Minnesota Vikings,141,240,13,126,128,114,1,2,2.9,4.1,12,17,0.2,0.5833333333333334,5.0,4.0
401772801,2025-12-21T18:00Z,2025,16,New Orleans Saints,New York Jets,29,6,New Orleans Saints,412,195,328,131,84,64,1,2,5.3,3.1,23,12,0.47058823529411764,0.13333333333333333,3.0,8.0
401772803,2025-12-21T18:00Z,2025,16,Tennessee Titans,Kansas City Chiefs,26,9,Tennessee Titans,376,133,212,82,164,51,0,0,5.4,3.1,22,9,0.5294117647058824,0.1111111111111111,2.0,4.0
401772802,2025-12-21T18:00Z,2025,16,Cleveland Browns,Buffalo Bills,20,23,Buffalo Bills,294,259,134,95,160,164,2,0,4.6,5.2,22,16,0.5714285714285714,0.25,3.0,2.0
401772912,2025-12-21T18:00Z,2025,16,Carolina Panthers,Tampa Bay Buccaneers,23,20,Carolina Panthers,275,296,174,127,101,169,0,1,5.1,4.9,16,20,0.5,0.5714285714285714,2.0,2.0
401772934,2025-12-21T18:00Z,2025,16,Miami Dolphins,Cincinnati Bengals,21,45,Cincinnati Bengals,389,407,260,302,129,105,3,0,6.7,6.7,19,23,0.2,0.5,0.0,2.0
401772910,2025-12-21T18:00Z,2025,16,Dallas Cowboys,Los Angeles Chargers,17,34,Los Angeles Chargers,340,452,249,300,91,152,1,0,6.1,7.3,18,24,0.4444444444444444,0.6363636363636364,1.0,0.0
401772914,2025-12-21T21:05Z,2025,16,Arizona Cardinals,Atlanta Falcons,19,26,Atlanta Falcons,320,342,188,190,132,152,1,2,5.7,4.7,16,24,0.5384615384615384,0.5,2.0,1.0
401772913,2025-12-21T21:05Z,2025,16,Denver Broncos,Jacksonville Jaguars,20,34,Jacksonville Jaguars,445,346,344,265,101,81,2,0,6.8,5.1,21,22,0.35714285714285715,0.5333333333333333,1.0,5.0
401772805,2025-12-21T21:25Z,2025,16,Houston Texans,Las Vegas Raiders,23,21,Houston Texans,270,315,187,170,83,145,0,1,4.4,5.9,16,12,0.4666666666666667,0.42857142857142855,0.0,3.0
401772806,2025-12-21T21:25Z,2025,16,Detroit Lions,Pittsburgh Steelers,24,29,Pittsburgh Steelers,361,481,346,251,15,230,0,1,5.2,6.9,23,23,0.4,0.5,3.0,2.0
401772804,2025-12-22T01:20Z,2025,16,Baltimore Ravens,New England Patriots,24,28,New England Patriots,330,453,159,374,171,79,2,2,6.1,6.4,18,24,0.6363636363636364,0.3333333333333333,1.0,4.0
401772824,2025-12-23T01:15Z,2025,16,Indianapolis Colts,San Francisco 49ers,27,48,San Francisco 49ers,312,440,254,295,58,145,2,1,5.4,6.7,19,28,0.5,0.6363636363636364,2.0,1.0
401772710,2025-12-25T18:00Z,2025,17,Washington Commanders,Dallas Cowboys,23,30,Dallas Cowboys,328,480,190,269,138,211,0,0,8.0,5.5,17,28,0.16666666666666666,0.4,2.0,6.0
401772711,2025-12-25T21:30Z,2025,17,Minnesota Vikings,Detroit Lions,23,10,Minnesota Vikings,161,231,3,163,158,68,0,6,3.2,3.6,11,16,0.23076923076923078,0.35714285714285715,7.0,5.0
401772622,2025-12-26T01:15Z,2025,17,Kansas City Chiefs,Denver Broncos,13,20,Denver Broncos,139,303,57,175,82,128,0,1,3.3,4.3,10,22,0.36363636363636365,0.6111111111111112,1.0,1.0
401772951,2025-12-27T21:30Z,2025,17,Los Angeles Chargers,Houston Texans,16,20,Houston Texans,275,362,201,244,74,118,1,2,4.7,5.8,16,16,0.4,0.2727272727272727,5.0,0.0
401772953,2025-12-28T01:00Z,2025,17,Green Bay Packers,Baltimore Ravens,24,41,Baltimore Ravens,363,414,284,107,79,307,2,0,8.2,5.6,18,30,0.5,0.7142857142857143,2.0,1.0
401772952,2025-12-28T18:00Z,2025,17,Carolina Panthers,Seattle Seahawks,10,27,Seattle Seahawks,139,288,40,125,99,163,2,2,2.7,4.4,10,19,0.09090909090909091,0.5625,2.0,3.0
401772916,2025-12-28T18:00Z,2025,17,Miami Dolphins,Tampa Bay Buccaneers,20,17,Miami Dolphins,298,380,153,327,145,53,0,3,5.5,6.0,13,21,0.3333333333333333,0.46153846153846156,2.0,3.0
401772954,2025-12-28T18:00Z,2025,17,Cincinnati Bengals,Arizona Cardinals,37,14,Cincinnati Bengals,429,233,309,191,120,42,0,0,5.8,4.3,29,12,0.6666666666666666,0.23076923076923078,3.0,4.0
401772807,2025-12-28T18:00Z,2025,17,Cleveland Browns,Pittsburgh Steelers,13,6,Cleveland Browns,262,291,184,160,78,131,2,0,5.2,4.5,11,15,0.36363636363636365,0.2,2.0,2.0
401772915,2025-12-28T18:00Z,2025,17,Indianapolis Colts,Jacksonville Jaguars,17,23,Jacksonville Jaguars,204,370,135,249,69,121,2,2,3.7,5.4,16,21,0.36363636363636365,0.5,2.0,2.0
401772809,2025-12-28T18:00Z,2025,17,Tennessee Titans,New Orleans Saints,26,34,New Orleans Saints,336,423,228,320,108,103,1,1,4.7,8.1,18,16,0.3333333333333333,0.45454545454545453,4.0,2.0
401772808,2025-12-28T18:00Z,2025,17,New York Jets,New England Patriots,10,42,New England Patriots,307,440,143,285,164,155,1,0,4.9,7.1,14,28,0.3125,0.4444444444444444,1.0,1.0
401772950,2025-12-28T21:05Z,2025,17,Las Vegas Raiders,New York Giants,10,34,New York Giants,231,343,168,188,63,155,2,0,4.3,5.4,14,22,0.23076923076923078,0.46153846153846156,4.0,2.0
401772917,2025-12-28T21:25Z,2025,17,Buffalo Bills,Philadelphia Eagles,12,13,Philadelphia Eagles,331,190,211,108,120,82,1,0,4.5,3.5,20,11,0.4,0.23076923076923078,5.0,1.0
401772935,2025-12-29T01:20Z,2025,17,San Francisco 49ers,Chicago Bears,42,38,San Francisco 49ers,496,440,296,330,200,110,1,0,7.3,6.9,32,26,0.7,0.5,1.0,0.0
401772825,2025-12-30T01:15Z,2025,17,Atlanta Falcons,Los Angeles Rams,27,24,Atlanta Falcons,345,363,126,248,219,115,0,3,6.5,6.0,15,16,0.38461538461538464,0.38461538461538464,0.0,3.0
401772969,2026-01-03T21:30Z,2025,18,Tampa Bay Buccaneers,Carolina Panthers,16,14,Tampa Bay Buccaneers,338,285,198,266,140,19,1,3,5.1,5.8,21,16,0.5333333333333333,0.125,2.0,0.0
401772961,2026-01-04T01:00Z,2025,18,San Francisco 49ers,Seattle Seahawks,3,13,Seattle Seahawks,173,361,120,181,53,180,1,0,4.1,5.4,9,23,0.2222222222222222,0.46153846153846156,3.0,2.0
401772968,2026-01-04T18:00Z,2025,18,Minnesota Vikings,Green Bay Packers,16,3,Minnesota Vikings,363,121,226,-7,137,128,1,0,5.7,2.4,23,12,0.2,0.25,2.0,4.0
401772970,2026-01-04T18:00Z,2025,18,Jacksonville Jaguars,Tennessee Titans,41,7,Jacksonville Jaguars,319,194,255,117,64,77,0,1,5.5,3.7,24,10,0.4444444444444444,0.2857142857142857,2.0,1.0
401772964,2026-01-04T18:00Z,2025,18,Cincinnati Bengals,Cleveland Browns,18,20,Cleveland Browns,364,200,222,82,142,118,2,1,5.5,3.8,24,11,0.45454545454545453,0.35714285714285715,2.0,6.0
401772966,2026-01-04T18:00Z,2025,18,Atlanta Falcons,New Orleans Saints,19,17,Atlanta Falcons,208,340,159,232,49,108,1,2,3.4,5.2,14,16,0.2857142857142857,0.3125,4.0,4.0
401772963,2026-01-04T18:00Z,2025,18,New York Giants,Dallas Cowboys,34,17,New York Giants,380,286,219,143,161,143,1,2,5.5,5.3,25,18,0.5714285714285714,0.25,4.0,0.0
401772962,2026-01-04T18:00Z,2025,18,Houston Texans,Indianapolis Colts,38,30,Houston Texans,339,354,205,278,134,76,0,3,5.3,5.5,22,19,0.3076923076923077,0.5333333333333333,0.0,1.0
401772955,2026-01-04T21:25Z,2025,18,Los Angeles Rams,Arizona Cardinals,37,20,Los Angeles Rams,395,317,252,238,143,79,0,2,5.5,6.0,25,17,0.5625,0.36363636363636365,1.0,6.0
401772956,2026-01-04T21:25Z,2025,18,Denver Broncos,Los Angeles Chargers,19,3,Denver Broncos,240,217,124,104,116,113,0,2,4.1,3.1,13,13,0.3333333333333333,0.35,4.0,4.0
401772958,2026-01-04T21:25Z,2025,18,New England Patriots,Miami Dolphins,38,10,New England Patriots,457,180,214,117,243,63,0,2,8.2,3.3,22,13,0.5,0.38461538461538464,0.0,4.0
401772965,2026-01-04T21:25Z,2025,18,Chicago Bears,Detroit Lions,16,19,Detroit Lions,270,433,205,311,65,122,1,1,5.2,6.0,16,26,0.36363636363636365,0.46153846153846156,1.0,3.0
401772957,2026-01-04T21:25Z,2025,18,Las Vegas Raiders,Kansas City Chiefs,14,12,Las Vegas Raiders,204,168,86,84,118,84,2,2,3.3,2.7,12,10,0.25,0.17647058823529413,3.0,8.0
401772959,2026-01-04T21:25Z,2025,18,Philadelphia Eagles,Washington Commanders,17,24,Washington Commanders,307,274,227,131,80,143,1,2,5.0,4.3,18,25,0.42857142857142855,0.5454545454545454,3.0,0.0
401772967,2026-01-04T21:25Z,2025,18,Buffalo Bills,New York Jets,35,8,Buffalo Bills,470,122,259,53,211,69,0,0,6.5,2.7,30,9,0.46153846153846156,0.38461538461538464,0.0,1.0
401772960,2026-01-05T01:20Z,2025,18,Pittsburgh Steelers,Baltimore Ravens,26,24,Pittsburgh Steelers,390,359,290,222,100,137,0,1,5.3,7.5,24,12,0.5625,0.3333333333333333,2.0,3.0
