game_id,season,date,home_team_id,home_team,home_abbreviation,away_team_id,away_team,away_abbreviation,home_score,away_score,total_goals,home_goal_diff,home_win,home_games_played,home_goals_for_last_3,home_goals_for_last_5,home_goals_for_last_7,home_goals_for_last_10,home_goals_for_last_15,home_goals_for_season,home_goals_against_last_3,home_goals_against_last_5,home_goals_against_last_7,home_goals_against_last_10,home_goals_against_last_15,home_goals_against_season,home_goal_diff_last_3,home_goal_diff_last_5,home_goal_diff_last_7,home_goal_diff_last_10,home_goal_diff_last_15,home_goal_diff_season,home_shots_for_last_3,home_shots_for_last_5,home_shots_for_last_7,home_shots_for_last_10,home_shots_for_last_15,home_shots_for_season,home_shots_against_last_3,home_shots_against_last_5,home_shots_against_last_7,home_shots_against_last_10,home_shots_against_last_15,home_shots_against_season,home_shot_diff_last_3,home_shot_diff_last_5,home_shot_diff_last_7,home_shot_diff_last_10,home_shot_diff_last_15,home_shot_diff_season,home_shooting_pct_last_3,home_shooting_pct_last_5,home_shooting_pct_last_7,home_shooting_pct_last_10,home_shooting_pct_last_15,home_shooting_pct_season,home_save_pct_last_3,home_save_pct_last_5,home_save_pct_last_7,home_save_pct_last_10,home_save_pct_last_15,home_save_pct_season,home_power_play_pct_last_3,home_power_play_pct_last_5,home_power_play_pct_last_7,home_power_play_pct_last_10,home_power_play_pct_last_15,home_power_play_pct_season,home_penalty_minutes_last_3,home_penalty_minutes_last_5,home_penalty_minutes_last_7,home_penalty_minutes_last_10,home_penalty_minutes_last_15,home_penalty_minutes_season,home_win_last_3,home_win_last_5,home_win_last_7,home_win_last_10,home_win_last_15,home_win_season,home_goals_for_venue_season,home_goals_against_venue_season,home_goal_diff_venue_season,home_shots_for_venue_season,home_shots_against_venue_season,home_shot_diff_venue_season,home_shooting_pct_venue_season,home_save_pct_venue_season,home_power_play_pct_venue_season,home_win_venue_season,home_days_rest,home_back_to_back,home_games_last_4_days,home_games_last_6_days,home_three_in_four,home_four_in_six,home_road_streak,home_home_streak,home_road_trip_game,home_home_after_road_trip,away_games_played,away_goals_for_last_3,away_goals_for_last_5,away_goals_for_last_7,away_goals_for_last_10,away_goals_for_last_15,away_goals_for_season,away_goals_against_last_3,away_goals_against_last_5,away_goals_against_last_7,away_goals_against_last_10,away_goals_against_last_15,away_goals_against_season,away_goal_diff_last_3,away_goal_diff_last_5,away_goal_diff_last_7,away_goal_diff_last_10,away_goal_diff_last_15,away_goal_diff_season,away_shots_for_last_3,away_shots_for_last_5,away_shots_for_last_7,away_shots_for_last_10,away_shots_for_last_15,away_shots_for_season,away_shots_against_last_3,away_shots_against_last_5,away_shots_against_last_7,away_shots_against_last_10,away_shots_against_last_15,away_shots_against_season,away_shot_diff_last_3,away_shot_diff_last_5,away_shot_diff_last_7,away_shot_diff_last_10,away_shot_diff_last_15,away_shot_diff_season,away_shooting_pct_last_3,away_shooting_pct_last_5,away_shooting_pct_last_7,away_shooting_pct_last_10,away_shooting_pct_last_15,away_shooting_pct_season,away_save_pct_last_3,away_save_pct_last_5,away_save_pct_last_7,away_save_pct_last_10,away_save_pct_last_15,away_save_pct_season,away_power_play_pct_last_3,away_power_play_pct_last_5,away_power_play_pct_last_7,away_power_play_pct_last_10,away_power_play_pct_last_15,away_power_play_pct_season,away_penalty_minutes_last_3,away_penalty_minutes_last_5,away_penalty_minutes_last_7,away_penalty_minutes_last_10,away_penalty_minutes_last_15,away_penalty_minutes_season,away_win_last_3,away_win_last_5,away_win_last_7,away_win_last_10,away_win_last_15,away_win_season,away_goals_for_venue_season,away_goals_against_venue_season,away_goal_diff_venue_season,away_shots_for_venue_season,away_shots_against_venue_season,away_shot_diff_venue_season,away_shooting_pct_venue_season,away_save_pct_venue_season,away_power_play_pct_venue_season,away_win_venue_season,away_days_rest,away_back_to_back,away_games_last_4_days,away_games_last_6_days,away_three_in_four,away_four_in_six,away_road_streak,away_home_streak,away_road_trip_game,away_home_after_road_trip,goals_for_last_3_diff,goals_for_last_5_diff,goals_for_last_7_diff,goals_for_last_10_diff,goals_for_last_15_diff,goals_for_season_diff,goals_against_last_3_diff,goals_against_last_5_diff,goals_against_last_7_diff,goals_against_last_10_diff,goals_against_last_15_diff,goals_against_season_diff,goal_diff_last_3_diff,goal_diff_last_5_diff,goal_diff_last_7_diff,goal_diff_last_10_diff,goal_diff_last_15_diff,goal_diff_season_diff,shots_for_last_3_diff,shots_for_last_5_diff,shots_for_last_7_diff,shots_for_last_10_diff,shots_for_last_15_diff,shots_for_season_diff,shots_against_last_3_diff,shots_against_last_5_diff,shots_against_last_7_diff,shots_against_last_10_diff,shots_against_last_15_diff,shots_against_season_diff,shot_diff_last_3_diff,shot_diff_last_5_diff,shot_diff_last_7_diff,shot_diff_last_10_diff,shot_diff_last_15_diff,shot_diff_season_diff,shooting_pct_last_3_diff,shooting_pct_last_5_diff,shooting_pct_last_7_diff,shooting_pct_last_10_diff,shooting_pct_last_15_diff,shooting_pct_season_diff,save_pct_last_3_diff,save_pct_last_5_diff,save_pct_last_7_diff,save_pct_last_10_diff,save_pct_last_15_diff,save_pct_season_diff,power_play_pct_last_3_diff,power_play_pct_last_5_diff,power_play_pct_last_7_diff,power_play_pct_last_10_diff,power_play_pct_last_15_diff,power_play_pct_season_diff,penalty_minutes_last_3_diff,penalty_minutes_last_5_diff,penalty_minutes_last_7_diff,penalty_minutes_last_10_diff,penalty_minutes_last_15_diff,penalty_minutes_season_diff,win_last_3_diff,win_last_5_diff,win_last_7_diff,win_last_10_diff,win_last_15_diff,win_season_diff,goals_for_venue_season_diff,goals_against_venue_season_diff,goal_diff_venue_season_diff,shots_for_venue_season_diff,shots_against_venue_season_diff,shot_diff_venue_season_diff,shooting_pct_venue_season_diff,save_pct_venue_season_diff,power_play_pct_venue_season_diff,win_venue_season_diff,rest_diff,games_played_diff,games_last_4_days_diff,games_last_6_days_diff,three_in_four_diff,four_in_six_diff,road_streak_diff,home_streak_diff,road_trip_game_diff,home_after_road_trip_diff
401803652,2026,2026-04-15 23:00:00+00:00,2,Buffalo Sabres,BUF,9,Dallas Stars,DAL,3,4,7,-1,0,81,5.0,4.2,3.7142857142857144,3.4,3.533333333333333,3.5185185185185186,1.3333333333333333,2.4,2.7142857142857144,3.0,2.6,2.925925925925926,3.6666666666666665,1.8,1.0,0.4,0.9333333333333332,0.5925925925925926,25.666666666666668,29.2,28.714285714285715,29.2,28.533333333333335,28.17283950617284,24.333333333333332,25.2,25.428571428571427,26.3,26.2,29.074074074074073,1.3333333333333333,4.0,3.2857142857142856,2.9,2.3333333333333335,-0.9012345679012346,0.1952754036087369,0.1540883190883191,0.1338726088726088,0.1207108262108262,0.1322762178221948,0.1322671308444913,0.9291666666666666,0.8986428571428572,0.8884863945578231,0.878154897442848,0.8967721762974767,0.8965820348580882,0.0,0.0,0.0714285714285715,0.15,0.1833333333333333,0.1749547920433996,8.0,10.4,12.0,11.9,10.666666666666666,9.765432098765432,1.0,0.8,0.7142857142857143,0.6,0.6666666666666666,0.6172839506172839,3.65,2.875,0.775,29.2,29.625,-0.425,0.1321758519648322,0.8984308561517077,0.1980357142857143,0.65,0.9375,0,1,2,0,0,0,1,0,0,81,4.333333333333333,3.4,3.2857142857142856,3.1,2.8666666666666667,3.3950617283950617,3.0,2.8,2.857142857142857,2.7,3.0,2.753086419753086,1.3333333333333333,0.6,0.4285714285714285,0.4,-0.1333333333333333,0.6419753086419753,23.666666666666668,22.6,21.428571428571427,22.1,22.733333333333334,25.25925925925926,26.666666666666668,24.4,24.0,23.5,25.133333333333333,26.185185185185187,-3.0,-1.8,-2.5714285714285716,-1.4,-2.4,-0.925925925925926,0.180921052631579,0.1405526315789474,0.1475886143931256,0.1356482124113703,0.1254938700026419,0.1347984308328802,0.8952608522500997,0.8889746931682418,0.8849819236916011,0.879820679917454,0.8729153399602482,0.8917984622729606,0.1944444444444447,0.1566666666666668,0.3023809523809523,0.2516666666666666,0.22,0.2729166666666666,13.666666666666666,10.2,11.142857142857142,9.8,9.333333333333334,8.604938271604938,1.0,0.8,0.7142857142857143,0.6,0.4666666666666667,0.6049382716049383,3.5,2.775,0.725,25.5,26.875,-1.375,0.1397901777705124,0.892090637286965,0.261965811965812,0.575,0.9791666666666669,0,1,3,0,1,2,0,2,0,0.666666666666667,0.8000000000000003,0.4285714285714288,0.2999999999999998,0.6666666666666665,0.1234567901234569,-1.6666666666666667,-0.3999999999999999,-0.1428571428571428,0.2999999999999998,-0.3999999999999999,0.1728395061728398,2.333333333333333,1.2000000000000002,0.5714285714285714,0.0,1.0666666666666669,-0.0493827160493827,2.0,6.599999999999998,7.285714285714288,7.099999999999998,5.800000000000001,2.913580246913579,-2.3333333333333357,0.8000000000000007,1.428571428571427,2.8000000000000007,1.0666666666666664,2.8888888888888857,4.333333333333333,5.8,5.857142857142858,4.3,4.733333333333333,0.0246913580246913,0.0143543509771578,0.0135356875093717,-0.0137160055205168,-0.014937386200544,0.0067823478195529,-0.0025312999883889,0.0339058144165669,0.0096681639746153,0.0035044708662219,-0.001665782474606,0.0238568363372285,0.0047835725851276,-0.1944444444444447,-0.1566666666666668,-0.2309523809523808,-0.1016666666666666,-0.0366666666666666,-0.097961874623267,-5.666666666666666,0.200000000000001,0.8571428571428577,2.0999999999999996,1.333333333333332,1.1604938271604937,0.0,0.0,0.0,0.0,0.1999999999999999,0.0123456790123456,0.1499999999999999,0.1,0.05,3.6999999999999993,2.75,0.95,-0.0076143258056801,0.0063402188647426,-0.0639300976800976,0.075,-0.0416666666666667,0,0,-1,0,-1,-2,1,-2,0
401803652,2026,2026-04-15 23:00:00+00:00,2,Buffalo Sabres,BUF,9,Dallas Stars,DAL,3,4,7,-1,0,81,5.0,4.2,3.7142857142857144,3.4,3.533333333333333,3.5185185185185186,1.3333333333333333,2.4,2.7142857142857144,3.0,2.6,2.925925925925926,3.6666666666666665,1.8,1.0,0.4,0.9333333333333332,0.5925925925925926,25.666666666666668,29.2,28.714285714285715,29.2,28.533333333333335,28.17283950617284,24.333333333333332,25.2,25.428571428571427,26.3,26.2,29.074074074074073,1.3333333333333333,4.0,3.2857142857142856,2.9,2.3333333333333335,-0.9012345679012346,0.1952754036087369,0.1540883190883191,0.1338726088726088,0.1207108262108262,0.1322762178221948,0.1322671308444913,0.9291666666666666,0.8986428571428572,0.8884863945578231,0.878154897442848,0.8967721762974767,0.8965820348580882,0.0,0.0,0.0714285714285715,0.15,0.1833333333333333,0.1749547920433996,8.0,10.4,12.0,11.9,10.666666666666666,9.765432098765432,1.0,0.8,0.7142857142857143,0.6,0.6666666666666666,0.6172839506172839,3.65,2.875,0.775,29.2,29.625,-0.425,0.1321758519648322,0.8984308561517077,0.1980357142857143,0.65,0.9375,0,1,2,0,0,0,1,0,0,81,4.333333333333333,3.4,3.2857142857142856,3.1,2.8666666666666667,3.3950617283950617,3.0,2.8,2.857142857142857,2.7,3.0,2.753086419753086,1.3333333333333333,0.6,0.4285714285714285,0.4,-0.1333333333333333,0.6419753086419753,23.666666666666668,22.6,21.428571428571427,22.1,22.733333333333334,25.25925925925926,26.666666666666668,24.4,24.0,23.5,25.133333333333333,26.185185185185187,-3.0,-1.8,-2.5714285714285716,-1.4,-2.4,-0.925925925925926,0.180921052631579,0.1405526315789474,0.1475886143931256,0.1356482124113703,0.1254938700026419,0.1347984308328802,0.8952608522500997,0.8889746931682418,0.8849819236916011,0.879820679917454,0.8729153399602482,0.8917984622729606,0.1944444444444447,0.1566666666666668,0.3023809523809523,0.2516666666666666,0.22,0.2729166666666666,13.666666666666666,10.2,11.142857142857142,9.8,9.333333333333334,8.604938271604938,1.0,0.8,0.7142857142857143,0.6,0.4666666666666667,0.6049382716049383,3.5,2.775,0.725,25.5,26.875,-1.375,0.1397901777705124,0.892090637286965,0.261965811965812,0.575,0.9791666666666669,0,1,3,0,1,2,0,2,0,0.666666666666667,0.8000000000000003,0.4285714285714288,0.2999999999999998,0.6666666666666665,0.1234567901234569,-1.6666666666666667,-0.3999999999999999,-0.1428571428571428,0.2999999999999998,-0.3999999999999999,0.1728395061728398,2.333333333333333,1.2000000000000002,0.5714285714285714,0.0,1.0666666666666669,-0.0493827160493827,2.0,6.599999999999998,7.285714285714288,7.099999999999998,5.800000000000001,2.913580246913579,-2.3333333333333357,0.8000000000000007,1.428571428571427,2.8000000000000007,1.0666666666666664,2.8888888888888857,4.333333333333333,5.8,5.857142857142858,4.3,4.733333333333333,0.0246913580246913,0.0143543509771578,0.0135356875093717,-0.0137160055205168,-0.014937386200544,0.0067823478195529,-0.0025312999883889,0.0339058144165669,0.0096681639746153,0.0035044708662219,-0.001665782474606,0.0238568363372285,0.0047835725851276,-0.1944444444444447,-0.1566666666666668,-0.2309523809523808,-0.1016666666666666,-0.0366666666666666,-0.097961874623267,-5.666666666666666,0.200000000000001,0.8571428571428577,2.0999999999999996,1.333333333333332,1.1604938271604937,0.0,0.0,0.0,0.0,0.1999999999999999,0.0123456790123456,0.1499999999999999,0.1,0.05,3.6999999999999993,2.75,0.95,-0.0076143258056801,0.0063402188647426,-0.0639300976800976,0.075,-0.0416666666666667,0,0,-1,0,-1,-2,1,-2,0
401891775,2027,2026-09-30 02:45:00+00:00,37,Vegas Golden Knights,VGK,4,Chicago Blackhawks,CHI,5,2,7,3,1,0,4.333333333333333,3.6,4.142857142857143,4.0,3.0,,1.6666666666666667,2.0,2.0,2.5,2.7333333333333334,,2.6666666666666665,1.6,2.142857142857143,1.5,0.2666666666666666,,31.0,31.4,32.0,31.6,31.533333333333335,,26.0,24.4,25.142857142857142,25.1,23.333333333333332,,5.0,7.0,6.857142857142857,6.5,8.2,,0.1383963888501093,0.1139737939011986,0.1282649584652055,0.1256881078424795,0.0939884804247282,,0.9356884057971016,0.9189888010540188,0.9181900527009222,0.8978793273817638,0.8768507685190594,,0.1785714285714287,0.3071428571428572,0.3146258503401361,0.2535714285714286,0.219047619047619,,6.666666666666667,5.2,5.142857142857143,7.0,7.733333333333333,,1.0,0.8,0.8571428571428571,0.7,0.5333333333333333,,,,,,,,,,,,10.0,0,0,0,0,0,0,1,0,0,0,3.0,2.6,2.5714285714285716,2.5,2.3333333333333335,,4.0,4.4,3.857142857142857,4.2,3.8666666666666663,,-1.0,-1.8,-1.2857142857142858,-1.7,-1.5333333333333334,,24.666666666666668,25.6,25.285714285714285,25.7,25.466666666666665,,23.666666666666668,23.2,26.0,28.4,32.266666666666666,,1.0,2.4,-0.7142857142857143,-2.7,-6.8,,0.1196895424836601,0.1016068289384719,0.098945994044633,0.0967967580432247,0.0912656253149939,,0.8371579400991167,0.8125714439013674,0.8445514383585264,0.8462298665000914,0.8714931170752164,,0.0,0.0666666666666669,0.0952380952380954,0.1,0.0666666666666666,,4.666666666666667,4.4,4.571428571428571,5.1,6.466666666666667,,0.3333333333333333,0.2,0.2857142857142857,0.2,0.2666666666666666,,,,,,,,,,,,10.0,0,0,0,0,0,1,0,1,0,1.333333333333333,1.0,1.5714285714285716,1.5,0.6666666666666665,,-2.333333333333333,-2.4000000000000004,-1.8571428571428572,-1.7000000000000002,-1.1333333333333333,,3.6666666666666665,3.4000000000000004,3.428571428571429,3.2,1.8,,6.333333333333332,5.799999999999997,6.714285714285715,5.900000000000002,6.06666666666667,,2.333333333333332,1.1999999999999993,-0.8571428571428577,-3.299999999999997,-8.933333333333334,,4.0,4.6,7.571428571428571,9.2,15.0,,0.0187068463664492,0.0123669649627267,0.0293189644205725,0.0288913497992548,0.0027228551097343,,0.0985304656979848,0.1064173571526513,0.0736386143423958,0.0516494608816724,0.005357651443843,,0.1785714285714287,0.2404761904761903,0.2193877551020407,0.1535714285714286,0.1523809523809523,,2.0,0.7999999999999998,0.5714285714285721,1.9000000000000004,1.2666666666666666,,0.6666666666666667,0.6000000000000001,0.5714285714285714,0.4999999999999999,0.2666666666666666,,,,,,,,,,,,0.0,0,0,0,0,0,-1,1,-1,0
401524159,2023,2023-02-04 22:00:00+00:00,110062,Atlantic,ATL,110064,Central,CEN,7,5,12,2,1,1,6.333333333333333,6.4,5.857142857142857,5.1,5.1,10.0,6.333333333333333,6.2,5.714285714285714,5.4,5.4,6.0,0.0,0.2,0.1428571428571428,-0.3,-0.3,4.0,17.333333333333332,18.8,17.428571428571427,18.6,18.6,23.0,21.0,21.0,20.857142857142858,20.5,20.5,20.0,-3.6666666666666665,-2.2,-3.4285714285714284,-1.9,-1.9,3.0,0.3587322500365978,0.3370575318401405,0.3255529352716054,0.2700688728719419,0.2700688728719419,0.4347826086956521,0.7007246376811594,0.7040886287625419,0.7250667238939551,0.7400412954703572,0.7400412954703572,0.7,,,0.0,0.0,0.0,,0.0,0.0,0.0,0.0,0.0,0.0,0.3333333333333333,0.4,0.4285714285714285,0.4,0.4,1.0,10.0,6.0,4.0,23.0,20.0,3.0,0.4347826086956521,0.7,,1.0,0.0,1,1,1,0,0,0,2,0,0,1,5.666666666666667,5.4,5.571428571428571,5.333333333333333,5.333333333333333,6.0,4.666666666666667,6.8,6.142857142857143,6.888888888888889,6.888888888888889,4.0,1.0,-1.4,-0.5714285714285714,-1.5555555555555556,-1.5555555555555556,2.0,20.333333333333332,20.2,19.285714285714285,18.22222222222222,18.22222222222222,14.0,19.333333333333332,21.6,21.857142857142858,21.88888888888889,21.88888888888889,22.0,1.0,-1.4,-2.5714285714285716,-3.6666666666666665,-3.6666666666666665,-8.0,0.3004658385093168,0.2825812933869199,0.2990660032128794,0.2996003554400827,0.2996003554400827,0.4285714285714285,0.7542087542087542,0.6901875901875901,0.7092518336757968,0.6779029413438015,0.6779029413438015,0.8181818181818181,,,,,,,0.0,0.0,0.0,0.2222222222222222,0.2222222222222222,0.0,0.6666666666666666,0.4,0.4285714285714285,0.3333333333333333,0.3333333333333333,1.0,,,,,,,,,,,0.0,1,1,1,0,0,1,0,1,0,0.6666666666666661,1.0,0.2857142857142856,-0.2333333333333334,-0.2333333333333334,4.0,1.666666666666666,-0.5999999999999996,-0.4285714285714288,-1.488888888888889,-1.488888888888889,2.0,-1.0,1.6,0.7142857142857142,1.2555555555555555,1.2555555555555555,2.0,-3.0,-1.3999999999999986,-1.8571428571428577,0.37777777777778,0.37777777777778,9.0,1.666666666666668,-0.6000000000000014,-1.0,-1.3888888888888893,-1.3888888888888893,-2.0,-4.666666666666666,-0.8000000000000003,-0.8571428571428568,1.7666666666666666,1.7666666666666666,11.0,0.058266411527281,0.0544762384532205,0.0264869320587259,-0.0295314825681407,-0.0295314825681407,0.0062111801242236,-0.0534841165275947,0.0139010385749517,0.0158148902181582,0.0621383541265557,0.0621383541265557,-0.1181818181818181,,,,,,,0.0,0.0,0.0,-0.2222222222222222,-0.2222222222222222,0.0,-0.3333333333333333,0.0,0.0,0.0666666666666667,0.0666666666666667,0.0,,,,,,,,,,,0.0,0,0,0,0,0,-1,2,-1,0
401803655,2026,2026-04-15 23:30:00+00:00,14,Ottawa Senators,OTT,21,Toronto Maple Leafs,TOR,3,1,4,2,1,81,3.6666666666666665,4.6,4.0,3.6,3.3333333333333335,3.3950617283950617,1.6666666666666667,2.0,2.142857142857143,2.9,2.6666666666666665,3.0246913580246915,2.0,2.6,1.8571428571428572,0.7,0.6666666666666666,0.3703703703703703,24.0,27.0,27.571428571428573,27.6,29.066666666666663,28.80246913580247,25.333333333333332,26.8,25.571428571428573,27.5,25.2,24.45679012345679,-1.3333333333333333,0.2,2.0,0.1,3.8666666666666663,4.345679012345679,0.1599358974358974,0.1721712158808933,0.1509906443967165,0.1347195973452271,0.1202652053489585,0.1221221442015437,0.9410628019323672,0.9298757763975156,0.9185730418649672,0.8974966593182485,0.8939802290191832,0.877536339381699,0.4833333333333332,0.6233333333333333,0.4452380952380953,0.3616666666666666,0.3006349206349206,0.2411816578483245,8.333333333333334,7.0,8.285714285714286,7.8,8.733333333333333,9.703703703703704,0.6666666666666666,0.8,0.7142857142857143,0.5,0.6,0.5308641975308642,3.4,2.675,0.725,29.925,24.3,5.625,0.1184780894347185,0.8868593454103635,0.3073214285714286,0.55,2.0208333333333335,0,1,2,0,0,0,1,0,1,81,3.3333333333333335,3.2,3.142857142857143,3.1,2.8666666666666667,3.111111111111111,5.666666666666667,5.6,5.142857142857143,4.6,4.2,3.654320987654321,-2.3333333333333335,-2.4,-2.0,-1.5,-1.3333333333333333,-0.5432098765432098,20.666666666666668,20.8,21.857142857142858,21.9,22.0,26.40740740740741,33.666666666666664,32.2,31.142857142857142,31.9,33.6,32.370370370370374,-13.0,-11.4,-9.285714285714286,-10.0,-11.6,-5.962962962962963,0.159316114359974,0.1555896686159844,0.1429088765976243,0.1413793149614383,0.1316019473233629,0.1219015667329409,0.8196212121212123,0.8167727272727276,0.8284090909090909,0.849751724713475,0.8693995872275446,0.8840419880681587,0.8333333333333336,0.6000000000000002,0.642857142857143,0.5,0.3333333333333332,0.213790970933828,9.333333333333334,9.2,16.571428571428573,14.5,13.933333333333334,9.135802469135802,0.0,0.0,0.1428571428571428,0.3,0.2666666666666666,0.3950617283950617,2.925,3.775,-0.85,26.2,32.375,-6.175,0.1152052717545999,0.8797816961513745,0.2328828828828829,0.35,1.0,0,1,2,0,0,1,0,1,0,0.333333333333333,1.3999999999999997,0.8571428571428572,0.5,0.4666666666666668,0.2839506172839505,-4.0,-3.5999999999999996,-3.0000000000000004,-1.6999999999999995,-1.5333333333333337,-0.6296296296296293,4.333333333333334,5.0,3.857142857142857,2.2,2.0,0.9135802469135802,3.333333333333332,6.199999999999999,5.714285714285715,5.700000000000003,7.066666666666666,2.39506172839506,-8.333333333333332,-5.400000000000002,-5.571428571428569,-4.399999999999999,-8.400000000000002,-7.9135802469135825,11.666666666666666,11.6,11.285714285714286,10.1,15.466666666666669,10.308641975308642,0.0006197830759234,0.0165815472649089,0.0080817677990921,-0.0066597176162112,-0.0113367419744043,0.0002205774686027,0.1214415898111548,0.113103049124788,0.0901639509558763,0.0477449346047734,0.0245806417916385,-0.0065056486864597,-0.3500000000000003,0.023333333333333,-0.1976190476190477,-0.1383333333333333,-0.0326984126984126,0.0273906869144964,-1.0,-2.1999999999999993,-8.285714285714286,-6.7,-5.200000000000001,0.567901234567902,0.6666666666666666,0.8,0.5714285714285714,0.2,0.3333333333333333,0.1358024691358025,0.4750000000000001,-1.1,1.575,3.7250000000000014,-8.075,11.8,0.0032728176801186,0.007077649258989,0.0744385456885456,0.2,1.0208333333333337,0,0,0,0,0,-1,1,-1,1
401633460,2024,2024-02-03 21:00:00+00:00,129029,Team Matthews,MAT,129032,Team Hughes,HUG,6,5,11,1,1,0,,,,,,,,,,,,,,,,,,,,,,,,,,,,,,,,,,,,,,,,,,,,,,,,,,,,,,,,,,,,,,,,,,,,,,,,,,,,,,0,0,0,0,0,0,1,0,0,0,,,,,,,,,,,,,,,,,,,,,,,,,,,,,,,,,,,,,,,,,,,,,,,,,,,,,,,,,,,,,,,,,,,,,,,,,,,,,,0,0,0,0,0,1,0,1,0,,,,,,,,,,,,,,,,,,,,,,,,,,,,,,,,,,,,,,,,,,,,,,,,,,,,,,,,,,,,,,,,,,,,,,,,,,,,,,0,0,0,0,0,-1,1,-1,0
401891827,2027,2026-09-29 23:00:00+00:00,21,Toronto Maple Leafs,TOR,10,Montreal Canadiens,MTL,2,3,5,-1,0,0,2.6666666666666665,2.2,2.5714285714285716,2.8,2.8,,5.0,4.8,5.0,4.7,4.2,,-2.3333333333333335,-2.6,-2.4285714285714284,-1.9,-1.4,,22.0,20.8,20.571428571428573,20.4,22.133333333333333,,31.666666666666668,31.8,32.0,33.7,33.93333333333333,,-9.666666666666666,-11.0,-11.428571428571429,-13.3,-11.8,,0.1134827810266407,0.1055896686159844,0.1254211918685603,0.1349507435328669,0.1275278732492888,,0.831184210526316,0.835983253588517,0.8349880382775119,0.8518569878713697,0.8701970353934138,,0.5000000000000003,0.5000000000000002,0.5714285714285715,0.45,0.3333333333333332,,4.666666666666667,7.6,8.0,13.4,13.066666666666666,,0.0,0.0,0.0,0.2,0.2666666666666666,,,,,,,,,,,,10.0,0,0,0,0,0,0,1,0,0,0,2.6666666666666665,2.8,2.5714285714285716,2.8,3.1333333333333333,,3.3333333333333335,2.8,2.857142857142857,2.4,2.2666666666666666,,-0.6666666666666666,0.0,-0.2857142857142857,0.4,0.8666666666666667,,24.333333333333332,25.2,24.714285714285715,23.9,25.266666666666666,,30.333333333333332,28.4,28.571428571428573,29.6,29.266666666666666,,-6.0,-3.2,-3.857142857142857,-5.7,-4.0,,0.1138975966562173,0.1123861770413494,0.099980274241358,0.1160441629834433,0.1248897999545833,,0.8860606060606059,0.9023434343434346,0.8975385433280171,0.914383801436433,0.9182461125215102,,0.2500000000000003,0.2,0.1714285714285714,0.1783333333333333,0.2022222222222222,,7.333333333333333,16.2,13.428571428571429,13.8,12.8,,0.3333333333333333,0.6,0.5714285714285714,0.7,0.7333333333333333,,,,,,,,,,,,10.0,0,0,0,0,0,1,0,1,0,0.0,-0.5999999999999996,0.0,0.0,-0.3333333333333335,,1.6666666666666663,2.0,2.142857142857143,2.3000000000000003,1.9333333333333336,,-1.666666666666667,-2.6,-2.142857142857143,-2.3,-2.2666666666666666,,-2.333333333333332,-4.399999999999999,-4.142857142857142,-3.5,-3.133333333333333,,1.3333333333333357,3.400000000000002,3.428571428571427,4.100000000000001,4.666666666666664,,-3.666666666666666,-7.8,-7.571428571428571,-7.6,-7.800000000000001,,-0.0004148156295766,-0.006796508425365,0.0254409176272022,0.0189065805494235,0.0026380732947055,,-0.0548763955342899,-0.0663601807549175,-0.0625505050505051,-0.0625268135650634,-0.0480490771280964,,0.25,0.3000000000000001,0.4,0.2716666666666666,0.131111111111111,,-2.666666666666666,-8.6,-5.428571428571429,-0.4000000000000003,0.2666666666666657,,-0.3333333333333333,-0.6,-0.5714285714285714,-0.4999999999999999,-0.4666666666666666,,,,,,,,,,,,0.0,0,0,0,0,0,-1,1,-1,0
401891774,2027,2026-09-30 00:00:00+00:00,1,Boston Bruins,BOS,13,New York Rangers,NYR,3,0,3,3,1,0,2.6666666666666665,2.8,2.2857142857142856,3.2,3.3333333333333335,,1.3333333333333333,2.4,2.4285714285714284,2.6,2.6,,1.3333333333333333,0.4,-0.1428571428571428,0.6,0.7333333333333333,,23.0,21.8,22.857142857142858,25.4,25.8,,26.666666666666668,30.4,28.428571428571427,27.4,28.866666666666667,,-3.6666666666666665,-8.6,-5.571428571428571,-2.0,-3.066666666666667,,0.1126096126096127,0.1257111309742888,0.1012132798495256,0.1254605448607556,0.1283624432314009,,0.9531746031746032,0.9297332434153835,0.919271157304984,0.903916280701724,0.9080654458041284,,0.0,0.3333333333333333,0.2,0.2500000000000001,0.2141025641025641,,4.0,6.4,5.142857142857143,7.1,7.666666666666667,,0.6666666666666666,0.4,0.2857142857142857,0.5,0.5333333333333333,,,,,,,,,,,,10.0,0,0,0,0,0,0,1,0,0,0,2.0,3.4,3.2857142857142856,3.6,3.2,,2.3333333333333335,2.6,2.4285714285714284,2.0,2.7333333333333334,,-0.3333333333333333,0.8,0.8571428571428571,1.6,0.4666666666666667,,23.333333333333332,24.6,23.857142857142858,25.0,25.0,,22.0,22.8,24.571428571428573,25.0,27.6,,1.3333333333333333,1.8,-0.7142857142857143,0.0,-2.6,,0.0881834215167548,0.1313949013949014,0.1343296914725486,0.1408479256991842,0.1289252588506902,,0.8809069043576683,0.8819832960537546,0.894230492852249,0.9143383866344854,0.8975644124284782,,0.1111111111111112,0.3,0.2857142857142858,0.2666666666666667,0.2444444444444444,,9.666666666666666,11.6,10.714285714285714,11.2,10.533333333333331,,0.3333333333333333,0.4,0.4285714285714285,0.6,0.4,,,,,,,,,,,,10.0,0,0,0,0,0,1,0,1,0,0.6666666666666665,-0.6000000000000001,-1.0,-0.3999999999999999,0.1333333333333333,,-1.0000000000000002,-0.2000000000000001,0.0,0.6000000000000001,-0.1333333333333333,,1.6666666666666663,-0.4,-1.0,-1.0,0.2666666666666666,,-0.3333333333333321,-2.8000000000000007,-1.0,0.3999999999999986,0.8000000000000007,,4.666666666666668,7.599999999999998,3.857142857142854,2.3999999999999986,1.2666666666666655,,-5.0,-10.4,-4.857142857142857,-2.0,-0.4666666666666668,,0.0244261910928578,-0.0056837704206125,-0.0331164116230229,-0.0153873808384286,-0.0005628156192893,,0.072267698816935,0.0477499473616289,0.025040664452735,-0.0104221059327612,0.0105010333756503,,-0.1111111111111112,0.0333333333333332,-0.0857142857142858,-0.0166666666666666,-0.0303418803418803,,-5.666666666666666,-5.199999999999999,-5.57142857142857,-4.1,-2.8666666666666663,,0.3333333333333333,0.0,-0.1428571428571428,-0.0999999999999999,0.1333333333333333,,,,,,,,,,,,0.0,0,0,0,0,0,-1,1,-1,0
401891821,2027,2026-09-30 23:30:00+00:00,15,Philadelphia Flyers,PHI,16,Pittsburgh Penguins,PIT,0,7,7,-7,0,0,4.666666666666667,4.4,4.0,3.6,3.7333333333333334,,1.6666666666666667,2.4,2.0,2.5,2.4,,3.0,2.0,2.0,1.1,1.3333333333333333,,23.666666666666668,23.6,24.285714285714285,25.8,26.666666666666668,,27.666666666666668,25.8,24.285714285714285,22.5,23.666666666666668,,-4.0,-2.2,0.0,3.3,3.0,,0.1982608695652173,0.1911787439613526,0.1729837199021731,0.150304290206031,0.1489452288797227,,0.939465706707086,0.900800636145464,0.9151310080464864,0.8806501851647042,0.8909620860419409,,0.25,0.2916666666666667,0.2277777777777778,0.1888888888888888,0.2071428571428571,,6.0,7.2,6.571428571428571,6.4,7.533333333333333,,1.0,0.8,0.8571428571428571,0.7,0.7333333333333333,,,,,,,,,,,,10.0,0,0,0,0,0,0,1,0,0,0,2.6666666666666665,3.6,4.285714285714286,4.6,4.2,,5.333333333333333,4.0,4.285714285714286,4.0,4.266666666666667,,-2.6666666666666665,-0.4,0.0,0.6,-0.0666666666666666,,19.333333333333332,22.2,23.714285714285715,24.2,26.666666666666668,,30.0,28.4,28.285714285714285,27.0,28.266666666666666,,-10.666666666666666,-6.2,-4.571428571428571,-2.8,-1.6,,0.1633728590250328,0.1748353096179183,0.1842141612478218,0.1945749128734752,0.1639991900359509,,0.8251941457586619,0.8631656426011268,0.8514424268155985,0.8555414713461698,0.8508863405952201,,0.0,0.0357142857142858,0.2321428571428572,0.1825396825396825,0.1709183673469387,,4.0,7.0,6.857142857142857,7.8,7.466666666666667,,0.0,0.4,0.4285714285714285,0.5,0.4666666666666667,,,,,,,,,,,,10.0,0,0,0,0,0,1,0,1,0,2.0000000000000004,0.8000000000000003,-0.2857142857142856,-0.9999999999999996,-0.4666666666666668,,-3.666666666666666,-1.6,-2.2857142857142856,-1.5,-1.8666666666666667,,5.666666666666666,2.4,2.0,0.5000000000000001,1.4,,4.333333333333336,1.400000000000002,0.5714285714285694,1.6000000000000014,0.0,,-2.333333333333332,-2.599999999999998,-4.0,-4.5,-4.599999999999998,,6.666666666666666,4.0,4.571428571428571,6.1,4.6,,0.0348880105401844,0.0163434343434343,-0.0112304413456486,-0.0442706226674442,-0.0150539611562282,,0.1142715609484241,0.037634993544337,0.063688581230888,0.0251087138185344,0.0400757454467208,,0.25,0.2559523809523809,-0.0043650793650793,0.0063492063492063,0.0362244897959183,,2.0,0.2000000000000001,-0.2857142857142856,-1.3999999999999997,0.0666666666666664,,1.0,0.4,0.4285714285714285,0.1999999999999999,0.2666666666666666,,,,,,,,,,,,0.0,0,0,0,0,0,-1,1,-1,0
401891804,2027,2026-09-30 02:00:00+00:00,6,Edmonton Oilers,EDM,22,Vancouver Canucks,VAN,5,6,11,-1,0,0,2.3333333333333335,3.4,3.0,3.2,3.1333333333333333,,1.3333333333333333,2.4,2.5714285714285716,2.3,2.533333333333333,,1.0,1.0,0.4285714285714285,0.9,0.6,,31.0,29.0,30.857142857142858,30.3,29.6,,21.666666666666668,22.0,23.0,25.0,25.066666666666663,,9.333333333333334,7.0,7.857142857142857,5.3,4.533333333333333,,0.0678955453149001,0.117660404112017,0.0994964424975945,0.1077053190789449,0.1052380061537567,,0.935515873015873,0.8940284178187404,0.8947244831461421,0.9099017045554864,0.8998922950238019,,0.2222222222222227,0.4000000000000001,0.3333333333333334,0.2333333333333334,0.2023809523809523,,8.666666666666666,7.6,6.285714285714286,7.1,7.466666666666667,,0.3333333333333333,0.4,0.4285714285714285,0.6,0.6,,,,,,,,,,,,10.0,0,0,0,0,0,0,1,0,0,0,3.0,2.8,2.7142857142857144,3.1,2.6666666666666665,,4.0,3.8,4.0,4.3,4.533333333333333,,-1.0,-1.0,-1.2857142857142858,-1.2,-1.8666666666666667,,21.0,25.8,23.285714285714285,24.6,24.333333333333332,,32.0,30.8,29.714285714285715,31.1,30.533333333333335,,-11.0,-5.0,-6.428571428571429,-6.5,-6.2,,0.1323931623931623,0.1069480925578486,0.114223228168085,0.1251194298808296,0.1067556236553803,,0.8764083411142233,0.8763257738993033,0.8618090503221625,0.8586811165226479,0.8462490551840972,,0.3888888888888888,0.4166666666666667,0.3611111111111111,0.4444444444444444,0.3869047619047618,,14.333333333333334,9.8,9.0,8.4,9.866666666666667,,0.6666666666666666,0.6,0.4285714285714285,0.4,0.2666666666666666,,,,,,,,,,,,10.0,0,0,0,0,0,1,0,1,0,-0.6666666666666665,0.6000000000000001,0.2857142857142856,0.1,0.4666666666666668,,-2.666666666666667,-1.4,-1.4285714285714284,-2.0,-2.0,,2.0,2.0,1.7142857142857144,2.1,2.466666666666667,,10.0,3.1999999999999993,7.571428571428573,5.699999999999999,5.266666666666669,,-10.333333333333332,-8.8,-6.714285714285715,-6.100000000000001,-5.466666666666669,,20.333333333333336,12.0,14.285714285714285,11.8,10.733333333333334,,-0.0644976170782622,0.0107123115541683,-0.0147267856704904,-0.0174141108018846,-0.0015176175016236,,0.0591075319016497,0.0177026439194371,0.0329154328239795,0.0512205880328385,0.0536432398397046,,-0.1666666666666661,-0.0166666666666666,-0.0277777777777776,-0.211111111111111,-0.1845238095238094,,-5.666666666666668,-2.200000000000001,-2.7142857142857144,-1.3000000000000007,-2.4000000000000004,,-0.3333333333333333,-0.1999999999999999,0.0,0.1999999999999999,0.3333333333333333,,,,,,,,,,,,0.0,0,0,0,0,0,-1,1,-1,0
401803659,2026,2026-04-17 00:00:00+00:00,28,Winnipeg Jets,WPG,18,San Jose Sharks,SJ,1,6,7,-5,0,81,2.0,3.0,2.4285714285714284,2.7,2.8,2.8395061728395063,6.0,4.4,3.7142857142857144,3.4,3.466666666666667,3.135802469135802,-4.0,-1.4,-1.2857142857142858,-0.7,-0.6666666666666666,-0.2962962962962963,25.0,28.0,26.857142857142858,25.7,26.866666666666667,26.358024691358025,32.333333333333336,28.6,25.714285714285715,25.9,26.466666666666665,27.703703703703702,-7.333333333333333,-0.6,1.1428571428571428,-0.2,0.4,-1.345679012345679,0.0825569358178053,0.1058908977335674,0.0866253665129877,0.1046853756067104,0.1064667180809413,0.1123883345276645,0.7996228493940164,0.8449252247879254,0.8598955687260689,0.8703741030771923,0.8696902140528683,0.8829482233123904,0.2888888888888892,0.3733333333333334,0.2666666666666668,0.2866666666666667,0.2411111111111111,0.1983539094650205,10.666666666666666,8.4,9.0,9.0,7.8,7.962962962962963,0.0,0.4,0.4285714285714285,0.5,0.4666666666666667,0.4320987654320987,3.075,3.025,0.05,27.05,27.275,-0.225,0.1207802345538684,0.8833108785127669,0.1854166666666666,0.475,0.9583333333333331,0,2,3,1,1,0,1,0,1,81,2.6666666666666665,2.2,2.4285714285714284,3.0,2.533333333333333,3.0246913580246915,3.6666666666666665,4.4,4.285714285714286,3.8,3.8,3.592592592592593,-1.0,-2.2,-1.8571428571428572,-0.8,-1.2666666666666666,-0.5679012345679012,24.0,21.0,22.142857142857142,23.0,24.6,25.666666666666668,31.0,29.8,30.285714285714285,28.9,26.6,29.679012345679013,-7.0,-8.8,-8.142857142857142,-5.9,-2.0,-4.012345679012346,0.1139439471440749,0.1074641126473472,0.1112666367080775,0.1301756440536182,0.1043393182579676,0.1199337677247397,0.8742257065427799,0.8460738854641295,0.8549904745491391,0.8684312974449433,0.849525100189041,0.8702660166814613,0.4166666666666668,0.3958333333333335,0.263888888888889,0.3148148148148147,0.2738095238095238,0.2019047619047619,5.333333333333333,6.0,7.142857142857143,7.1,8.133333333333333,8.666666666666666,0.3333333333333333,0.2,0.2857142857142857,0.5,0.4,0.4691358024691358,2.975,3.725,-0.75,24.475,29.425,-4.95,0.1227810681883983,0.8645258962628535,0.2175213675213675,0.425,0.0,1,2,3,1,1,3,0,3,0,-0.6666666666666665,0.7999999999999998,0.0,-0.2999999999999998,0.2666666666666666,-0.1851851851851851,2.3333333333333335,0.0,-0.5714285714285712,-0.3999999999999999,-0.333333333333333,-0.4567901234567899,-3.0,0.8000000000000003,0.5714285714285714,0.1,0.6,0.2716049382716049,1.0,7.0,4.714285714285715,2.6999999999999993,2.2666666666666657,0.6913580246913575,1.3333333333333357,-1.1999999999999993,-4.571428571428569,-3.0,-0.1333333333333364,-1.9753086419753103,-0.333333333333333,8.200000000000001,9.285714285714285,5.7,2.4,2.666666666666667,-0.0313870113262696,-0.0015732149137797,-0.0246412701950898,-0.0254902684469077,0.0021273998229736,-0.0075454331970752,-0.0746028571487634,-0.0011486606762041,0.0049050941769297,0.001942805632249,0.0201651138638272,0.0126822066309291,-0.1277777777777776,-0.0225,0.0027777777777777,-0.028148148148148,-0.0326984126984126,-0.0035508524397413,5.333333333333333,2.4000000000000004,1.8571428571428568,1.9000000000000004,-0.333333333333333,-0.7037037037037033,-0.3333333333333333,0.2,0.1428571428571428,0.0,0.0666666666666666,-0.037037037037037,0.1,-0.7000000000000002,0.8,2.5749999999999993,-2.150000000000002,4.7250000000000005,-0.0020008336345299,0.0187849822499134,-0.0321047008547008,0.0499999999999999,0.9583333333333331,0,0,0,0,0,-3,1,-3,1
401891774,2027,2026-09-30 00:00:00+00:00,1,Boston Bruins,BOS,13,New York Rangers,NYR,3,0,3,3,1,0,2.6666666666666665,2.8,2.2857142857142856,3.2,3.3333333333333335,,1.3333333333333333,2.4,2.4285714285714284,2.6,2.6,,1.3333333333333333,0.4,-0.1428571428571428,0.6,0.7333333333333333,,23.0,21.8,22.857142857142858,25.4,25.8,,26.666666666666668,30.4,28.428571428571427,27.4,28.866666666666667,,-3.6666666666666665,-8.6,-5.571428571428571,-2.0,-3.066666666666667,,0.1126096126096127,0.1257111309742888,0.1012132798495256,0.1254605448607556,0.1283624432314009,,0.9531746031746032,0.9297332434153835,0.919271157304984,0.903916280701724,0.9080654458041284,,0.0,0.3333333333333333,0.2,0.2500000000000001,0.2141025641025641,,4.0,6.4,5.142857142857143,7.1,7.666666666666667,,0.6666666666666666,0.4,0.2857142857142857,0.5,0.5333333333333333,,,,,,,,,,,,10.0,0,0,0,0,0,0,1,0,0,0,2.0,3.4,3.2857142857142856,3.6,3.2,,2.3333333333333335,2.6,2.4285714285714284,2.0,2.7333333333333334,,-0.3333333333333333,0.8,0.8571428571428571,1.6,0.4666666666666667,,23.333333333333332,24.6,23.857142857142858,25.0,25.0,,22.0,22.8,24.571428571428573,25.0,27.6,,1.3333333333333333,1.8,-0.7142857142857143,0.0,-2.6,,0.0881834215167548,0.1313949013949014,0.1343296914725486,0.1408479256991842,0.1289252588506902,,0.8809069043576683,0.8819832960537546,0.894230492852249,0.9143383866344854,0.8975644124284782,,0.1111111111111112,0.3,0.2857142857142858,0.2666666666666667,0.2444444444444444,,9.666666666666666,11.6,10.714285714285714,11.2,10.533333333333331,,0.3333333333333333,0.4,0.4285714285714285,0.6,0.4,,,,,,,,,,,,10.0,0,0,0,0,0,1,0,1,0,0.6666666666666665,-0.6000000000000001,-1.0,-0.3999999999999999,0.1333333333333333,,-1.0000000000000002,-0.2000000000000001,0.0,0.6000000000000001,-0.1333333333333333,,1.6666666666666663,-0.4,-1.0,-1.0,0.2666666666666666,,-0.3333333333333321,-2.8000000000000007,-1.0,0.3999999999999986,0.8000000000000007,,4.666666666666668,7.599999999999998,3.857142857142854,2.3999999999999986,1.2666666666666655,,-5.0,-10.4,-4.857142857142857,-2.0,-0.4666666666666668,,0.0244261910928578,-0.0056837704206125,-0.0331164116230229,-0.0153873808384286,-0.0005628156192893,,0.072267698816935,0.0477499473616289,0.025040664452735,-0.0104221059327612,0.0105010333756503,,-0.1111111111111112,0.0333333333333332,-0.0857142857142858,-0.0166666666666666,-0.0303418803418803,,-5.666666666666666,-5.199999999999999,-5.57142857142857,-4.1,-2.8666666666666663,,0.3333333333333333,0.0,-0.1428571428571428,-0.0999999999999999,0.1333333333333333,,,,,,,,,,,,0.0,0,0,0,0,0,-1,1,-1,0
401803646,2026,2026-04-14 23:00:00+00:00,29,Columbus Blue Jackets,CBJ,23,Washington Capitals,WSH,1,2,3,-1,0,81,2.3333333333333335,2.4,2.142857142857143,2.1,2.6666666666666665,3.111111111111111,3.3333333333333335,3.0,3.5714285714285716,3.4,2.8666666666666667,3.0987654320987654,-1.0,-0.6,-1.4285714285714286,-1.3,-0.2,0.0123456790123456,35.0,31.2,27.285714285714285,26.6,27.066666666666663,29.40740740740741,22.666666666666668,26.2,26.428571428571427,28.0,26.6,28.938271604938272,12.333333333333334,5.0,0.8571428571428571,-1.4,0.4666666666666667,0.4691358024691358,0.0695526695526695,0.0770887445887446,0.0807776747062461,0.0807238594738594,0.0981689059320638,0.1087112827467603,0.8547979797979797,0.8812779562779565,0.8595399131113417,0.8730881955881957,0.8890916344040076,0.8919028654483685,0.0833333333333335,0.1,0.0714285714285715,0.1,0.1142857142857142,0.1884004884004884,5.333333333333333,4.4,5.428571428571429,6.8,7.066666666666666,7.987654320987654,0.3333333333333333,0.4,0.2857142857142857,0.2,0.4,0.4938271604938271,3.35,3.1,0.25,29.25,29.15,0.1,0.1153684396508356,0.892474805819044,0.1692982456140351,0.5,1.0416666666666663,0,2,3,1,1,0,2,0,0,81,4.333333333333333,4.0,4.142857142857143,4.1,3.533333333333333,3.2222222222222223,1.0,2.6,3.4285714285714284,3.5,2.933333333333333,3.0,3.3333333333333335,1.4,0.7142857142857143,0.6,0.6,0.2222222222222222,26.333333333333332,25.6,25.428571428571427,24.6,24.733333333333334,28.135802469135804,19.0,25.8,26.142857142857142,27.9,28.866666666666667,28.135802469135804,7.333333333333333,-0.2,-0.7142857142857143,-3.3,-4.133333333333334,0.0,0.1662037037037037,0.1521031746031746,0.169657029478458,0.1694871933621933,0.1453031505531505,0.1160999496977636,0.9090909090909088,0.8867132867132869,0.861938061938062,0.8684524287972563,0.8918084111622684,0.8895378565932388,0.1666666666666671,0.1000000000000001,0.2142857142857144,0.2166666666666666,0.1911111111111111,0.1594650205761316,3.3333333333333335,10.6,11.571428571428571,13.9,11.266666666666667,9.51851851851852,1.0,0.8,0.7142857142857143,0.7,0.6666666666666666,0.5185185185185185,3.05,3.35,-0.3,27.2,28.8,-1.6,0.1118282323411036,0.8802472668980448,0.1691666666666666,0.425,1.1666666666666663,0,2,3,1,1,1,0,1,0,-1.9999999999999996,-1.6,-2.0000000000000004,-1.9999999999999996,-0.8666666666666667,-0.1111111111111111,2.3333333333333335,0.3999999999999999,0.1428571428571432,-0.1,-0.0666666666666664,0.0987654320987654,-4.333333333333334,-2.0,-2.142857142857143,-1.9,-0.8,-0.2098765432098765,8.666666666666668,5.599999999999998,1.8571428571428577,2.0,2.333333333333332,1.2716049382716044,3.666666666666668,0.3999999999999986,0.2857142857142847,0.1000000000000014,-2.2666666666666657,0.8024691358024683,5.000000000000001,5.2,1.5714285714285714,1.9,4.6000000000000005,0.4691358024691358,-0.0966510341510341,-0.0750144300144299,-0.0888793547722119,-0.0887633338883338,-0.0471342446210867,-0.0073886669510033,-0.0542929292929291,-0.0054353304353303,-0.0023981488267202,0.0046357667909394,-0.0027167767582607,0.0023650088551296,-0.0833333333333335,-1.6653345369377348e-16,-0.1428571428571429,-0.1166666666666666,-0.0768253968253969,0.0289354678243567,1.9999999999999996,-6.199999999999999,-6.142857142857142,-7.1000000000000005,-4.200000000000001,-1.5308641975308648,-0.6666666666666667,-0.4,-0.4285714285714286,-0.4999999999999999,-0.2666666666666666,-0.0246913580246913,0.3000000000000002,-0.25,0.55,2.0500000000000007,0.3499999999999978,1.7000000000000002,0.0035402073097319,0.0122275389209992,0.0001315789473684,0.075,-0.125,0,0,0,0,0,-1,2,-1,0
401688921,2025,2025-02-21 01:00:00+00:00,47844,USA,USA,47836,Canada,CAN,2,3,5,-1,0,3,3.3333333333333335,3.3333333333333335,3.3333333333333335,3.3333333333333335,3.3333333333333335,3.3333333333333335,1.3333333333333333,1.3333333333333333,1.3333333333333333,1.3333333333333333,1.3333333333333333,1.3333333333333333,2.0,2.0,2.0,2.0,2.0,2.0,29.333333333333332,29.333333333333332,29.333333333333332,29.333333333333332,29.333333333333332,29.333333333333332,23.333333333333332,23.333333333333332,23.333333333333332,23.333333333333332,23.333333333333332,23.333333333333332,6.0,6.0,6.0,6.0,6.0,6.0,0.1160792709705753,0.1160792709705753,0.1160792709705753,0.1160792709705753,0.1160792709705753,0.1160792709705753,0.9423209640600944,0.9423209640600944,0.9423209640600944,0.9423209640600944,0.9423209640600944,0.9423209640600944,0.1666666666666666,0.1666666666666666,0.1666666666666666,0.1666666666666666,0.1666666666666666,0.1666666666666666,10.333333333333334,10.333333333333334,10.333333333333334,10.333333333333334,10.333333333333334,10.333333333333334,0.6666666666666666,0.6666666666666666,0.6666666666666666,0.6666666666666666,0.6666666666666666,0.6666666666666666,1.0,2.0,-1.0,33.0,23.0,10.0,0.0303030303030303,0.9130434782608696,0.0,0.0,2.0,0,1,2,0,0,0,2,0,0,3,3.3333333333333335,3.3333333333333335,3.3333333333333335,3.3333333333333335,3.3333333333333335,3.3333333333333335,3.0,3.0,3.0,3.0,3.0,3.0,0.3333333333333333,0.3333333333333333,0.3333333333333333,0.3333333333333333,0.3333333333333333,0.3333333333333333,27.333333333333332,27.333333333333332,27.333333333333332,27.333333333333332,27.333333333333332,27.333333333333332,25.0,25.0,25.0,25.0,25.0,25.0,2.3333333333333335,2.3333333333333335,2.3333333333333335,2.3333333333333335,2.3333333333333335,2.3333333333333335,0.1199633699633699,0.1199633699633699,0.1199633699633699,0.1199633699633699,0.1199633699633699,0.1199633699633699,0.8795986622073578,0.8795986622073578,0.8795986622073578,0.8795986622073578,0.8795986622073578,0.8795986622073578,0.5,0.5,0.5,0.5,0.5,0.5,7.0,7.0,7.0,7.0,7.0,7.0,0.6666666666666666,0.6666666666666666,0.6666666666666666,0.6666666666666666,0.6666666666666666,0.6666666666666666,4.5,3.0,1.5,28.0,26.0,2.0,0.1607142857142857,0.8846153846153846,1.0,1.0,2.2916666666666665,0,1,2,0,0,2,0,2,0,0.0,0.0,0.0,0.0,0.0,0.0,-1.6666666666666667,-1.6666666666666667,-1.6666666666666667,-1.6666666666666667,-1.6666666666666667,-1.6666666666666667,1.6666666666666667,1.6666666666666667,1.6666666666666667,1.6666666666666667,1.6666666666666667,1.6666666666666667,2.0,2.0,2.0,2.0,2.0,2.0,-1.666666666666668,-1.666666666666668,-1.666666666666668,-1.666666666666668,-1.666666666666668,-1.666666666666668,3.6666666666666665,3.6666666666666665,3.6666666666666665,3.6666666666666665,3.6666666666666665,3.6666666666666665,-0.0038840989927946,-0.0038840989927946,-0.0038840989927946,-0.0038840989927946,-0.0038840989927946,-0.0038840989927946,0.0627223018527366,0.0627223018527366,0.0627223018527366,0.0627223018527366,0.0627223018527366,0.0627223018527366,-0.3333333333333333,-0.3333333333333333,-0.3333333333333333,-0.3333333333333333,-0.3333333333333333,-0.3333333333333333,3.333333333333334,3.333333333333334,3.333333333333334,3.333333333333334,3.333333333333334,3.333333333333334,0.0,0.0,0.0,0.0,0.0,0.0,-3.5,-1.0,-2.5,5.0,-3.0,8.0,-0.1304112554112554,0.028428093645485,-1.0,-1.0,-0.2916666666666665,0,0,0,0,0,-2,2,-2,0
401803660,2026,2026-04-16 23:30:00+00:00,129764,Utah Mammoth,UTA,19,St. Louis Blues,STL,3,5,8,-2,0,81,2.3333333333333335,3.4,4.285714285714286,4.2,4.0,3.271604938271605,3.6666666666666665,3.4,3.2857142857142856,3.7,3.4,2.9012345679012346,-1.3333333333333333,0.0,1.0,0.5,0.6,0.3703703703703703,30.666666666666668,30.0,29.428571428571427,29.2,28.333333333333332,27.765432098765434,25.333333333333332,26.4,26.0,26.4,27.0,26.11111111111111,5.333333333333333,3.6,3.4285714285714284,2.8,1.3333333333333333,1.654320987654321,0.0701362281822051,0.1104210439583075,0.1465219438411874,0.1451050432285137,0.1466952396835709,0.120953183146602,0.8543853073463268,0.867502979279591,0.8699325398350884,0.8552703957505671,0.8685860609351607,0.8848398359292511,0.1999999999999999,0.2533333333333333,0.3,0.3766666666666666,0.2955555555555555,0.1864197530864197,8.333333333333334,7.0,7.857142857142857,10.9,11.0,9.530864197530864,0.3333333333333333,0.6,0.7142857142857143,0.6,0.6,0.5308641975308642,3.35,2.975,0.375,28.85,26.725,2.125,0.1181127984439589,0.8849460681672225,0.18125,0.55,0.9375,0,2,3,1,1,0,2,0,0,81,6.0,4.2,4.285714285714286,4.0,3.4,2.7901234567901234,3.6666666666666665,3.4,3.0,2.9,2.4,3.1481481481481484,2.3333333333333335,0.8,1.2857142857142858,1.1,1.0,-0.3580246913580246,27.0,24.4,25.714285714285715,26.8,26.4,25.28395061728395,29.333333333333332,31.8,30.571428571428573,28.2,26.0,27.765432098765434,-2.3333333333333335,-7.4,-4.857142857142857,-1.4,0.4,-2.4814814814814814,0.2257017176372015,0.1641291645536127,0.1615700929077529,0.1458082418235512,0.1267989907624462,0.1128898849231905,0.8658664026620467,0.8856565665574825,0.8975400267549666,0.8956520240335163,0.9065224963090828,0.8828213712546673,0.4444444444444448,0.3066666666666667,0.2904761904761905,0.3199999999999999,0.2355555555555555,0.18,7.666666666666667,5.4,5.857142857142857,6.6,7.733333333333333,7.938271604938271,1.0,0.6,0.7142857142857143,0.6,0.6,0.4444444444444444,2.75,3.225,-0.475,25.725,27.65,-1.925,0.1103892051933664,0.880096705829551,0.2041666666666666,0.4,0.9166666666666669,0,2,3,1,1,1,0,1,0,-3.6666666666666665,-0.8000000000000003,0.0,0.2000000000000001,0.6000000000000001,0.4814814814814814,0.0,0.0,0.2857142857142856,0.8000000000000003,1.0,-0.2469135802469138,-3.666666666666667,-0.8,-0.2857142857142858,-0.6000000000000001,-0.4,0.728395061728395,3.666666666666668,5.600000000000001,3.714285714285712,2.3999999999999986,1.9333333333333336,2.4814814814814845,-4.0,-5.400000000000002,-4.571428571428573,-1.8000000000000007,1.0,-1.654320987654323,7.666666666666666,11.0,8.285714285714285,4.199999999999999,0.9333333333333332,4.135802469135802,-0.1555654894549963,-0.0537081205953051,-0.0150481490665654,-0.0007031985950374,0.0198962489211247,0.0080632982234115,-0.0114810953157199,-0.0181535872778915,-0.0276074869198781,-0.0403816282829492,-0.0379364353739219,0.0020184646745837,-0.2444444444444449,-0.0533333333333334,0.0095238095238094,0.0566666666666667,0.0599999999999999,0.0064197530864197,0.666666666666667,1.5999999999999996,2.0,4.300000000000001,3.2666666666666666,1.5925925925925926,-0.6666666666666667,0.0,0.0,0.0,0.0,0.0864197530864198,0.6000000000000001,-0.25,0.85,3.125,-0.9249999999999972,4.05,0.0077235932505925,0.0048493623376715,-0.0229166666666666,0.15,0.0208333333333332,0,0,0,0,0,-1,2,-1,0
401891780,2027,2026-10-01 02:00:00+00:00,17,Colorado Avalanche,COL,8,Los Angeles Kings,LA,8,4,12,4,1,0,2.3333333333333335,2.4,2.4285714285714284,3.4,3.466666666666667,,0.6666666666666666,1.2,1.4285714285714286,2.0,2.066666666666667,,1.6666666666666667,1.2,1.0,1.4,1.4,,35.0,35.6,34.714285714285715,34.4,33.666666666666664,,28.0,28.4,27.142857142857142,26.2,25.4,,7.0,7.2,7.571428571428571,8.2,8.266666666666667,,0.0661967418546366,0.0668521914542453,0.0695386585401256,0.0961353170077725,0.102710442039491,,0.978494623655914,0.9595105672969972,0.948781854525078,0.926481515674186,0.9191731028015496,,0.0,0.1333333333333334,0.0952380952380952,0.1416666666666666,0.1933333333333333,,5.333333333333333,5.6,6.0,5.6,7.0,,1.0,0.8,0.7142857142857143,0.7,0.7333333333333333,,,,,,,,,,,,10.0,0,0,0,0,0,0,1,0,0,0,3.0,2.8,3.4285714285714284,3.2,3.0,,3.3333333333333335,2.2,2.7142857142857144,3.1,3.066666666666667,,-0.3333333333333333,0.6,0.7142857142857143,0.1,-0.0666666666666666,,30.666666666666668,27.8,29.571428571428573,29.7,29.866666666666667,,26.0,26.0,25.857142857142858,26.7,26.4,,4.666666666666667,1.8,3.7142857142857144,3.0,3.466666666666667,,0.0968720821661998,0.0984162895927601,0.110603472158094,0.1036875632274114,0.0975006107026147,,0.8663636363636363,0.911818181818182,0.8849392542940929,0.8791563575576857,0.8814846408621674,,0.1666666666666666,0.1250000000000002,0.1000000000000001,0.1041666666666667,0.1474358974358974,,8.666666666666666,6.4,6.857142857142857,7.1,7.6,,0.3333333333333333,0.6,0.7142857142857143,0.6,0.4666666666666667,,,,,,,,,,,,10.0,0,0,0,0,0,1,0,1,0,-0.6666666666666665,-0.3999999999999999,-1.0,0.1999999999999997,0.4666666666666668,,-2.666666666666667,-1.0000000000000002,-1.2857142857142858,-1.1,-1.0,,2.0,0.6,0.2857142857142857,1.2999999999999998,1.4666666666666666,,4.333333333333332,7.800000000000001,5.142857142857142,4.699999999999999,3.799999999999997,,2.0,2.3999999999999986,1.2857142857142847,-0.5,-1.0,,2.333333333333333,5.4,3.8571428571428568,5.199999999999999,4.800000000000001,,-0.0306753403115632,-0.0315640981385148,-0.0410648136179683,-0.0075522462196388,0.0052098313368763,,0.1121309872922776,0.047692385478815,0.063842600230985,0.0473251581165001,0.0376884619393822,,-0.1666666666666666,0.0083333333333332,-0.0047619047619048,0.0374999999999998,0.0458974358974359,,-3.333333333333333,-0.8000000000000007,-0.8571428571428568,-1.5,-0.5999999999999996,,0.6666666666666667,0.2,0.0,0.0999999999999999,0.2666666666666666,,,,,,,,,,,,0.0,0,0,0,0,0,-1,1,-1,0
401891773,2027,2026-09-29 21:00:00+00:00,7,Carolina Hurricanes,CAR,26,Florida Panthers,FLA,0,1,1,-1,0,0,2.6666666666666665,4.2,4.0,3.9,4.066666666666666,,1.6666666666666667,2.4,3.0,2.7,2.8666666666666667,,1.0,1.8,1.0,1.2,1.2,,25.333333333333332,27.8,29.571428571428573,29.6,31.933333333333337,,26.666666666666668,25.2,24.714285714285715,22.6,22.933333333333337,,-1.3333333333333333,2.6,4.857142857142857,7.0,9.0,,0.1033640688813102,0.1549230976480766,0.1402511921976057,0.1399940163565058,0.1355528703189258,,0.933064949006978,0.8962199217851395,0.8714358888327032,0.8753384555162256,0.87160601102277,,0.4444444444444443,0.3166666666666667,0.2976190476190477,0.3516666666666667,0.4211111111111111,,7.666666666666667,7.4,6.428571428571429,6.7,6.866666666666666,,0.6666666666666666,0.8,0.7142857142857143,0.7,0.7333333333333333,,,,,,,,,,,,10.0,0,0,0,0,0,0,1,0,0,0,5.666666666666667,4.2,3.857142857142857,3.6,3.3333333333333335,,1.6666666666666667,2.8,4.0,3.5,3.4,,4.0,1.4,-0.1428571428571428,0.1,-0.0666666666666666,,23.0,25.0,25.571428571428573,25.9,24.8,,24.0,26.0,26.285714285714285,26.1,29.0,,-1.0,-1.0,-0.7142857142857143,-0.2,-4.2,,0.2377380952380952,0.1695203274985884,0.1551472585719229,0.1413297732097969,0.1353854802765105,,0.9274004098565504,0.892978707452392,0.8510256646098531,0.8670948641900029,0.8817792921760514,,0.3333333333333336,0.2000000000000001,0.1944444444444444,0.2037037037037037,0.1666666666666667,,5.333333333333333,5.2,8.571428571428571,8.4,8.2,,1.0,0.6,0.4285714285714285,0.5,0.4666666666666667,,,,,,,,,,,,10.0,0,0,0,0,0,1,0,1,0,-3.0000000000000004,0.0,0.1428571428571428,0.2999999999999998,0.733333333333333,,0.0,-0.3999999999999999,-1.0,-0.7999999999999998,-0.5333333333333332,,-3.0,0.4000000000000001,1.1428571428571428,1.1,1.2666666666666666,,2.333333333333332,2.8000000000000007,4.0,3.700000000000003,7.133333333333333,,2.666666666666668,-0.8000000000000007,-1.5714285714285694,-3.5,-6.066666666666666,,-0.3333333333333332,3.6,5.571428571428571,7.2,13.2,,-0.134374026356785,-0.0145972298505117,-0.0148960663743172,-0.001335756853291,0.0001673900424152,,0.0056645391504275,0.0032412143327474,0.0204102242228501,0.0082435913262226,-0.0101732811532814,,0.1111111111111107,0.1166666666666665,0.1031746031746032,0.147962962962963,0.2544444444444445,,2.333333333333334,2.2,-2.1428571428571423,-1.7000000000000002,-1.333333333333333,,-0.3333333333333333,0.2,0.2857142857142857,0.1999999999999999,0.2666666666666666,,,,,,,,,,,,0.0,0,0,0,0,0,-1,1,-1,0
401803660,2026,2026-04-16 23:30:00+00:00,129764,Utah Mammoth,UTA,19,St. Louis Blues,STL,3,5,8,-2,0,81,2.3333333333333335,3.4,4.285714285714286,4.2,4.0,3.271604938271605,3.6666666666666665,3.4,3.2857142857142856,3.7,3.4,2.9012345679012346,-1.3333333333333333,0.0,1.0,0.5,0.6,0.3703703703703703,30.666666666666668,30.0,29.428571428571427,29.2,28.333333333333332,27.765432098765434,25.333333333333332,26.4,26.0,26.4,27.0,26.11111111111111,5.333333333333333,3.6,3.4285714285714284,2.8,1.3333333333333333,1.654320987654321,0.0701362281822051,0.1104210439583075,0.1465219438411874,0.1451050432285137,0.1466952396835709,0.120953183146602,0.8543853073463268,0.867502979279591,0.8699325398350884,0.8552703957505671,0.8685860609351607,0.8848398359292511,0.1999999999999999,0.2533333333333333,0.3,0.3766666666666666,0.2955555555555555,0.1864197530864197,8.333333333333334,7.0,7.857142857142857,10.9,11.0,9.530864197530864,0.3333333333333333,0.6,0.7142857142857143,0.6,0.6,0.5308641975308642,3.35,2.975,0.375,28.85,26.725,2.125,0.1181127984439589,0.8849460681672225,0.18125,0.55,0.9375,0,2,3,1,1,0,2,0,0,81,6.0,4.2,4.285714285714286,4.0,3.4,2.7901234567901234,3.6666666666666665,3.4,3.0,2.9,2.4,3.1481481481481484,2.3333333333333335,0.8,1.2857142857142858,1.1,1.0,-0.3580246913580246,27.0,24.4,25.714285714285715,26.8,26.4,25.28395061728395,29.333333333333332,31.8,30.571428571428573,28.2,26.0,27.765432098765434,-2.3333333333333335,-7.4,-4.857142857142857,-1.4,0.4,-2.4814814814814814,0.2257017176372015,0.1641291645536127,0.1615700929077529,0.1458082418235512,0.1267989907624462,0.1128898849231905,0.8658664026620467,0.8856565665574825,0.8975400267549666,0.8956520240335163,0.9065224963090828,0.8828213712546673,0.4444444444444448,0.3066666666666667,0.2904761904761905,0.3199999999999999,0.2355555555555555,0.18,7.666666666666667,5.4,5.857142857142857,6.6,7.733333333333333,7.938271604938271,1.0,0.6,0.7142857142857143,0.6,0.6,0.4444444444444444,2.75,3.225,-0.475,25.725,27.65,-1.925,0.1103892051933664,0.880096705829551,0.2041666666666666,0.4,0.9166666666666669,0,2,3,1,1,1,0,1,0,-3.6666666666666665,-0.8000000000000003,0.0,0.2000000000000001,0.6000000000000001,0.4814814814814814,0.0,0.0,0.2857142857142856,0.8000000000000003,1.0,-0.2469135802469138,-3.666666666666667,-0.8,-0.2857142857142858,-0.6000000000000001,-0.4,0.728395061728395,3.666666666666668,5.600000000000001,3.714285714285712,2.3999999999999986,1.9333333333333336,2.4814814814814845,-4.0,-5.400000000000002,-4.571428571428573,-1.8000000000000007,1.0,-1.654320987654323,7.666666666666666,11.0,8.285714285714285,4.199999999999999,0.9333333333333332,4.135802469135802,-0.1555654894549963,-0.0537081205953051,-0.0150481490665654,-0.0007031985950374,0.0198962489211247,0.0080632982234115,-0.0114810953157199,-0.0181535872778915,-0.0276074869198781,-0.0403816282829492,-0.0379364353739219,0.0020184646745837,-0.2444444444444449,-0.0533333333333334,0.0095238095238094,0.0566666666666667,0.0599999999999999,0.0064197530864197,0.666666666666667,1.5999999999999996,2.0,4.300000000000001,3.2666666666666666,1.5925925925925926,-0.6666666666666667,0.0,0.0,0.0,0.0,0.0864197530864198,0.6000000000000001,-0.25,0.85,3.125,-0.9249999999999972,4.05,0.0077235932505925,0.0048493623376715,-0.0229166666666666,0.15,0.0208333333333332,0,0,0,0,0,-1,2,-1,0
401803659,2026,2026-04-17 00:00:00+00:00,28,Winnipeg Jets,WPG,18,San Jose Sharks,SJ,1,6,7,-5,0,81,2.0,3.0,2.4285714285714284,2.7,2.8,2.8395061728395063,6.0,4.4,3.7142857142857144,3.4,3.466666666666667,3.135802469135802,-4.0,-1.4,-1.2857142857142858,-0.7,-0.6666666666666666,-0.2962962962962963,25.0,28.0,26.857142857142858,25.7,26.866666666666667,26.358024691358025,32.333333333333336,28.6,25.714285714285715,25.9,26.466666666666665,27.703703703703702,-7.333333333333333,-0.6,1.1428571428571428,-0.2,0.4,-1.345679012345679,0.0825569358178053,0.1058908977335674,0.0866253665129877,0.1046853756067104,0.1064667180809413,0.1123883345276645,0.7996228493940164,0.8449252247879254,0.8598955687260689,0.8703741030771923,0.8696902140528683,0.8829482233123904,0.2888888888888892,0.3733333333333334,0.2666666666666668,0.2866666666666667,0.2411111111111111,0.1983539094650205,10.666666666666666,8.4,9.0,9.0,7.8,7.962962962962963,0.0,0.4,0.4285714285714285,0.5,0.4666666666666667,0.4320987654320987,3.075,3.025,0.05,27.05,27.275,-0.225,0.1207802345538684,0.8833108785127669,0.1854166666666666,0.475,0.9583333333333331,0,2,3,1,1,0,1,0,1,81,2.6666666666666665,2.2,2.4285714285714284,3.0,2.533333333333333,3.0246913580246915,3.6666666666666665,4.4,4.285714285714286,3.8,3.8,3.592592592592593,-1.0,-2.2,-1.8571428571428572,-0.8,-1.2666666666666666,-0.5679012345679012,24.0,21.0,22.142857142857142,23.0,24.6,25.666666666666668,31.0,29.8,30.285714285714285,28.9,26.6,29.679012345679013,-7.0,-8.8,-8.142857142857142,-5.9,-2.0,-4.012345679012346,0.1139439471440749,0.1074641126473472,0.1112666367080775,0.1301756440536182,0.1043393182579676,0.1199337677247397,0.8742257065427799,0.8460738854641295,0.8549904745491391,0.8684312974449433,0.849525100189041,0.8702660166814613,0.4166666666666668,0.3958333333333335,0.263888888888889,0.3148148148148147,0.2738095238095238,0.2019047619047619,5.333333333333333,6.0,7.142857142857143,7.1,8.133333333333333,8.666666666666666,0.3333333333333333,0.2,0.2857142857142857,0.5,0.4,0.4691358024691358,2.975,3.725,-0.75,24.475,29.425,-4.95,0.1227810681883983,0.8645258962628535,0.2175213675213675,0.425,0.0,1,2,3,1,1,3,0,3,0,-0.6666666666666665,0.7999999999999998,0.0,-0.2999999999999998,0.2666666666666666,-0.1851851851851851,2.3333333333333335,0.0,-0.5714285714285712,-0.3999999999999999,-0.333333333333333,-0.4567901234567899,-3.0,0.8000000000000003,0.5714285714285714,0.1,0.6,0.2716049382716049,1.0,7.0,4.714285714285715,2.6999999999999993,2.2666666666666657,0.6913580246913575,1.3333333333333357,-1.1999999999999993,-4.571428571428569,-3.0,-0.1333333333333364,-1.9753086419753103,-0.333333333333333,8.200000000000001,9.285714285714285,5.7,2.4,2.666666666666667,-0.0313870113262696,-0.0015732149137797,-0.0246412701950898,-0.0254902684469077,0.0021273998229736,-0.0075454331970752,-0.0746028571487634,-0.0011486606762041,0.0049050941769297,0.001942805632249,0.0201651138638272,0.0126822066309291,-0.1277777777777776,-0.0225,0.0027777777777777,-0.028148148148148,-0.0326984126984126,-0.0035508524397413,5.333333333333333,2.4000000000000004,1.8571428571428568,1.9000000000000004,-0.333333333333333,-0.7037037037037033,-0.3333333333333333,0.2,0.1428571428571428,0.0,0.0666666666666666,-0.037037037037037,0.1,-0.7000000000000002,0.8,2.5749999999999993,-2.150000000000002,4.7250000000000005,-0.0020008336345299,0.0187849822499134,-0.0321047008547008,0.0499999999999999,0.9583333333333331,0,0,0,0,0,-3,1,-3,1
401803663,2026,2026-04-17 02:00:00+00:00,17,Colorado Avalanche,COL,124292,Seattle Kraken,SEA,2,0,2,2,1,81,2.3333333333333335,2.6,2.4285714285714284,3.4,3.4,3.703703703703704,1.6666666666666667,1.4,1.4285714285714286,2.4,2.2,2.506172839506173,0.6666666666666666,1.2,1.0,1.0,1.2,1.1975308641975309,34.0,36.0,32.857142857142854,33.2,33.6,33.71604938271605,30.333333333333332,27.8,26.428571428571427,26.1,25.133333333333333,26.185185185185187,3.6666666666666665,8.2,6.428571428571429,7.1,8.466666666666667,7.530864197530864,0.0679824561403509,0.0716398362418901,0.0743624062210161,0.0991166834673998,0.1008617025436927,0.1111527101765646,0.9440118650352244,0.9489842515075236,0.948781854525078,0.9074338966265668,0.911765695394142,0.9009772558769484,0.1111111111111115,0.1333333333333334,0.0952380952380952,0.1916666666666666,0.2266666666666666,0.1555208333333333,6.0,5.6,6.0,5.8,7.0,7.296296296296297,0.6666666666666666,0.8,0.7142857142857143,0.6,0.6666666666666666,0.6666666666666666,3.875,2.7,1.175,35.25,25.4,9.85,0.1085698508958969,0.8888191942238919,0.158125,0.625,1.0416666666666663,0,2,3,1,1,0,1,0,1,81,2.6666666666666665,2.8,2.5714285714285716,2.2,2.3333333333333335,2.7901234567901234,3.3333333333333335,3.6,4.0,4.0,4.133333333333334,3.2222222222222223,-0.6666666666666666,-0.8,-1.4285714285714286,-1.8,-1.8,-0.4320987654320987,25.666666666666668,27.4,26.857142857142858,27.6,25.6,25.62962962962963,27.666666666666668,29.4,29.857142857142858,30.0,29.266666666666666,29.382716049382715,-2.0,-2.0,-3.0,-2.4,-3.6666666666666665,-3.753086419753086,0.1082878474182822,0.1040299475082084,0.0967938778497784,0.0810454748434288,0.0950548403319076,0.1134042394681013,0.8808167141500477,0.8768644127264817,0.8659630597815883,0.865985969804101,0.8562755838210047,0.886730441589581,0.0,0.3333333333333335,0.2499999999999999,0.1428571428571428,0.1666666666666666,0.2045426065162907,5.666666666666667,5.6,5.714285714285714,6.5,7.0,7.481481481481482,0.3333333333333333,0.4,0.2857142857142857,0.2,0.2,0.419753086419753,2.625,3.4,-0.775,25.325,30.075,-4.75,0.1047566339042409,0.8814269275529085,0.2229729729729729,0.375,0.0,1,2,3,1,1,2,0,2,0,-0.333333333333333,-0.1999999999999997,-0.1428571428571432,1.1999999999999995,1.0666666666666664,0.9135802469135804,-1.6666666666666667,-2.2,-2.571428571428571,-1.6,-1.9333333333333336,-0.7160493827160495,1.3333333333333333,2.0,2.428571428571429,2.8,3.0,1.6296296296296295,8.333333333333332,8.600000000000001,5.9999999999999964,5.600000000000001,8.0,8.086419753086421,2.6666666666666643,-1.599999999999998,-3.4285714285714306,-3.8999999999999986,-4.133333333333333,-3.197530864197528,5.666666666666666,10.2,9.428571428571429,9.5,12.133333333333333,11.28395061728395,-0.0403053912779313,-0.0323901112663182,-0.0224314716287622,0.018071208623971,0.005806862211785,-0.0022515292915367,0.0631951508851766,0.0721198387810417,0.0828187947434897,0.0414479268224656,0.0554901115731374,0.0142468142873674,0.1111111111111115,-0.2,-0.1547619047619047,0.0488095238095237,0.06,-0.0490217731829573,0.333333333333333,0.0,0.2857142857142856,-0.7000000000000002,0.0,-0.1851851851851851,0.3333333333333333,0.4,0.4285714285714286,0.3999999999999999,0.4666666666666666,0.2469135802469135,1.25,-0.6999999999999997,1.95,9.925,-4.675000000000001,14.6,0.003813216991656,0.0073922666709833,-0.0648479729729729,0.25,1.0416666666666663,0,0,0,0,0,-2,1,-2,1
401803658,2026,2026-04-17 00:00:00+00:00,27,Nashville Predators,NSH,25,Anaheim Ducks,ANA,4,5,9,-1,0,81,1.6666666666666667,2.4,3.2857142857142856,2.8,3.2,3.0,2.6666666666666665,2.2,2.5714285714285716,2.9,2.6,3.259259259259259,-1.0,0.2,0.7142857142857143,-0.1,0.6,-0.2592592592592592,26.666666666666668,27.2,29.142857142857142,27.6,26.6,27.950617283950617,24.0,28.6,29.0,29.3,30.466666666666665,29.493827160493822,2.6666666666666665,-1.4,0.1428571428571428,-1.7,-3.8666666666666663,-1.5432098765432098,0.0652236652236652,0.0920374249406507,0.1119595052097085,0.1007546390990413,0.1263533904136555,0.110492692160845,0.8919875079295368,0.9137639333291512,0.9052137763317888,0.897102024384633,0.9107780074146892,0.8851938879455251,0.1666666666666671,0.2500000000000001,0.25,0.175,0.2722222222222222,0.2368312757201646,7.333333333333333,6.8,7.714285714285714,10.4,9.6,8.728395061728396,0.3333333333333333,0.4,0.5714285714285714,0.4,0.6,0.4691358024691358,3.075,3.175,-0.1,27.575,29.1,-1.525,0.1159072533054232,0.8896758387707896,0.2254166666666666,0.525,2.0,0,1,2,0,0,0,3,0,0,81,3.6666666666666665,2.8,2.7142857142857144,2.8,3.2666666666666666,3.308641975308642,2.6666666666666665,3.6,4.0,3.9,3.6,3.506172839506173,1.0,-0.8,-1.2857142857142858,-1.1,-0.3333333333333333,-0.1975308641975308,31.333333333333332,35.2,33.42857142857143,33.2,32.46666666666667,30.69135802469136,21.666666666666668,22.0,22.857142857142858,24.8,26.333333333333332,28.45679012345679,9.666666666666666,13.2,10.571428571428571,8.4,6.133333333333334,2.234567901234568,0.1217217217217217,0.0884176484176484,0.0875623585301004,0.0889451661225854,0.1055605354435209,0.1113796114503845,0.8811740890688259,0.8387044534412957,0.8280213607151641,0.8426088673079171,0.8608799126333023,0.8719637794194043,0.5,0.3666666666666668,0.261904761904762,0.24,0.2488888888888888,0.1685479129923574,7.333333333333333,6.4,7.571428571428571,9.3,10.2,9.975308641975309,0.3333333333333333,0.2,0.1428571428571428,0.2,0.4,0.5185185185185185,3.075,3.525,-0.45,30.2,29.825,0.375,0.1068597414759993,0.8779939517644403,0.13625,0.45,1.0,0,2,2,1,0,2,0,2,0,-2.0,-0.3999999999999999,0.5714285714285712,0.0,-0.0666666666666664,-0.308641975308642,0.0,-1.4,-1.4285714285714284,-1.0,-1.0,-0.2469135802469138,-2.0,1.0,2.0,1.0,0.9333333333333332,-0.0617283950617283,-4.666666666666664,-8.000000000000004,-4.285714285714288,-5.600000000000001,-5.866666666666667,-2.7407407407407405,2.333333333333332,6.600000000000001,6.142857142857142,4.5,4.133333333333333,1.0370370370370343,-7.0,-14.6,-10.428571428571429,-10.1,-10.0,-3.7777777777777777,-0.0564980564980565,0.0036197765230023,0.024397146679608,0.0118094729764558,0.0207928549701346,-0.0008869192895394,0.0108134188607109,0.0750594798878554,0.0771924156166247,0.0544931570767159,0.0498980947813867,0.0132301085261208,-0.3333333333333329,-0.1166666666666666,-0.0119047619047619,-0.0649999999999999,0.0233333333333333,0.0682833627278071,0.0,0.3999999999999994,0.1428571428571432,1.0999999999999996,-0.5999999999999996,-1.246913580246913,0.0,0.2,0.4285714285714285,0.2,0.1999999999999999,-0.0493827160493827,0.0,-0.3500000000000001,0.35,-2.625,-0.7249999999999979,-1.9,0.0090475118294238,0.0116818870063493,0.0891666666666666,0.075,1.0,0,-1,0,-1,0,-2,3,-2,0
401892431,2027,2026-09-30 23:30:00+00:00,21,Toronto Maple Leafs,TOR,12,New York Islanders,NYI,2,1,3,1,1,1,2.6666666666666665,2.6,2.7142857142857144,2.6,2.6666666666666665,2.0,4.0,4.6,4.857142857142857,4.7,4.266666666666667,3.0,-1.3333333333333333,-2.0,-2.142857142857143,-2.1,-1.6,-1.0,25.0,22.0,21.714285714285715,21.4,22.266666666666666,28.0,31.333333333333332,32.6,31.857142857142858,31.8,33.0,24.0,-6.333333333333333,-10.6,-10.142857142857142,-10.4,-10.733333333333333,4.0,0.1022045855379189,0.1198753829016986,0.1284824163583562,0.1198713784535018,0.1220333677547833,0.0714285714285714,0.8695175438596493,0.850983253588517,0.8399880382775119,0.8463337320574162,0.8653724739899051,0.875,0.166666666666667,0.5000000000000002,0.4285714285714287,0.45,0.3333333333333332,0.0,6.666666666666667,8.4,8.571428571428571,13.4,13.066666666666666,8.0,0.0,0.0,0.0,0.1,0.2,0.0,2.0,3.0,-1.0,28.0,24.0,4.0,0.0714285714285714,0.875,0.0,0.0,0.0208333333333332,1,1,1,0,0,0,2,0,0,0,0.6666666666666666,2.0,2.0,2.4,2.4,,3.0,3.2,3.4285714285714284,3.5,3.3333333333333335,,-2.3333333333333335,-1.2,-1.4285714285714286,-1.1,-0.9333333333333332,,28.666666666666668,29.2,28.0,28.4,28.533333333333335,,19.666666666666668,23.0,24.142857142857142,24.9,25.933333333333337,,9.0,6.2,3.857142857142857,3.5,2.6,,0.0212121212121212,0.0729545454545454,0.0739100185528756,0.0852804912478825,0.0861300889028955,,0.8451479076479077,0.8495887445887449,0.8480364873222016,0.855398027898028,0.8696480679814014,,0.0,0.0800000000000001,0.1047619047619048,0.1566666666666666,0.1711111111111111,,7.666666666666667,6.6,7.428571428571429,6.7,8.4,,0.0,0.2,0.1428571428571428,0.3,0.3333333333333333,,,,,,,,,,,,10.0,0,0,0,0,0,1,0,1,0,2.0,0.6000000000000001,0.7142857142857144,0.2000000000000001,0.2666666666666666,,1.0,1.3999999999999997,1.4285714285714284,1.2000000000000002,0.9333333333333332,,1.0000000000000002,-0.8,-0.7142857142857142,-1.0,-0.6666666666666667,,-3.666666666666668,-7.199999999999999,-6.285714285714285,-7.0,-6.266666666666669,,11.666666666666664,9.6,7.714285714285715,6.900000000000002,7.066666666666666,,-15.333333333333332,-16.8,-14.0,-13.9,-13.333333333333332,,0.0809924643257976,0.0469208374471532,0.0545723978054805,0.0345908872056193,0.0359032788518877,,0.0243696362117415,0.0013945089997721,-0.0080484490446897,-0.0090642958406117,-0.0042755939914962,,0.166666666666667,0.42,0.3238095238095239,0.2933333333333333,0.1622222222222221,,-1.0,1.8000000000000007,1.1428571428571423,6.7,4.666666666666666,,0.0,-0.2,-0.1428571428571428,-0.1999999999999999,-0.1333333333333333,,,,,,,,,,,,-9.979166666666666,1,1,1,0,0,-1,2,-1,0
401688920,2025,2025-02-18 01:00:00+00:00,47844,USA,USA,47842,Sweden,SWE,1,2,3,-1,0,2,4.5,4.5,4.5,4.5,4.5,4.5,1.0,1.0,1.0,1.0,1.0,1.0,3.5,3.5,3.5,3.5,3.5,3.5,27.5,27.5,27.5,27.5,27.5,27.5,23.5,23.5,23.5,23.5,23.5,23.5,4.0,4.0,4.0,4.0,4.0,4.0,0.1589673913043478,0.1589673913043478,0.1589673913043478,0.1589673913043478,0.1589673913043478,0.1589673913043478,0.9569597069597068,0.9569597069597068,0.9569597069597068,0.9569597069597068,0.9569597069597068,0.9569597069597068,0.25,0.25,0.25,0.25,0.25,0.25,12.5,12.5,12.5,12.5,12.5,12.5,1.0,1.0,1.0,1.0,1.0,1.0,,,,,,,,,,,1.0,0,2,2,1,0,0,1,0,1,2,3.0,3.0,3.0,3.0,3.0,3.0,4.0,4.0,4.0,4.0,4.0,4.0,-1.0,-1.0,-1.0,-1.0,-1.0,-1.0,25.0,25.0,25.0,25.0,25.0,25.0,24.5,24.5,24.5,24.5,24.5,24.5,0.5,0.5,0.5,0.5,0.5,0.5,0.1201923076923077,0.1201923076923077,0.1201923076923077,0.1201923076923077,0.1201923076923077,0.1201923076923077,0.8333333333333334,0.8333333333333334,0.8333333333333334,0.8333333333333334,0.8333333333333334,0.8333333333333334,0.0,0.0,0.0,0.0,0.0,0.0,3.0,3.0,3.0,3.0,3.0,3.0,0.0,0.0,0.0,0.0,0.0,0.0,,,,,,,,,,,1.2916666666666663,0,1,2,0,0,1,0,1,0,1.5,1.5,1.5,1.5,1.5,1.5,-3.0,-3.0,-3.0,-3.0,-3.0,-3.0,4.5,4.5,4.5,4.5,4.5,4.5,2.5,2.5,2.5,2.5,2.5,2.5,-1.0,-1.0,-1.0,-1.0,-1.0,-1.0,3.5,3.5,3.5,3.5,3.5,3.5,0.0387750836120401,0.0387750836120401,0.0387750836120401,0.0387750836120401,0.0387750836120401,0.0387750836120401,0.1236263736263735,0.1236263736263735,0.1236263736263735,0.1236263736263735,0.1236263736263735,0.1236263736263735,0.25,0.25,0.25,0.25,0.25,0.25,9.5,9.5,9.5,9.5,9.5,9.5,1.0,1.0,1.0,1.0,1.0,1.0,,,,,,,,,,,-0.2916666666666665,0,1,0,1,0,-1,1,-1,1
401803643,2026,2026-04-14 23:00:00+00:00,1,Boston Bruins,BOS,11,New Jersey Devils,NJ,4,0,4,4,1,81,3.0,2.2,2.5714285714285716,3.2,3.2666666666666666,3.308641975308642,3.3333333333333335,3.0,2.857142857142857,2.9,2.8666666666666667,3.0864197530864197,-0.3333333333333333,-0.8,-0.2857142857142857,0.3,0.4,0.2222222222222222,21.333333333333332,21.0,22.571428571428573,25.9,25.533333333333335,27.03703703703704,33.333333333333336,30.8,27.714285714285715,27.8,29.733333333333334,29.80246913580247,-12.0,-9.8,-5.142857142857143,-1.9,-4.2,-2.765432098765432,0.1406926406926408,0.1040328092959671,0.1149495435857893,0.1229791552825918,0.1271969420658997,0.124972529790054,0.9043941153697252,0.9036462868936443,0.8924854430192697,0.891916280701724,0.9002223085492266,0.8935844903889127,0.0,0.25,0.25,0.2222222222222223,0.1988095238095238,0.2459523809523809,6.0,6.4,5.714285714285714,7.9,8.733333333333333,12.049382716049385,0.3333333333333333,0.2,0.2857142857142857,0.5,0.4666666666666667,0.5432098765432098,3.525,2.625,0.9,27.3,28.5,-1.2,0.1315736878203765,0.9059369788872308,0.2166666666666666,0.7,1.0416666666666663,0,2,2,1,0,0,1,0,0,81,3.6666666666666665,3.0,3.5714285714285716,3.3,3.6,2.8395061728395063,3.6666666666666665,3.2,3.2857142857142856,3.5,3.2666666666666666,3.0864197530864197,0.0,-0.2,0.2857142857142857,-0.2,0.3333333333333333,-0.2469135802469135,28.0,25.6,28.0,27.8,29.133333333333333,29.69135802469136,29.333333333333332,25.2,26.714285714285715,27.5,25.8,27.382716049382715,-1.3333333333333333,0.4,1.2857142857142858,0.3,3.3333333333333335,2.308641975308642,0.1266955266955267,0.1143506493506493,0.1262905640725189,0.1157775367271934,0.1223239985194053,0.0980171663342039,0.8753968253968255,0.8752380952380954,0.8777870631011025,0.8726763381151658,0.8724339533147404,0.883414334413818,0.1250000000000009,0.0625000000000001,0.125,0.1759259259259259,0.1726190476190476,0.2098290598290598,4.0,12.2,12.714285714285714,11.0,9.733333333333333,7.62962962962963,0.6666666666666666,0.6,0.5714285714285714,0.5,0.6,0.5185185185185185,2.725,3.15,-0.425,29.45,28.075,1.375,0.0968824314098822,0.8827486892436636,0.2036036036036036,0.525,1.0,0,2,3,1,1,1,0,1,0,-0.6666666666666665,-0.7999999999999998,-1.0,-0.0999999999999996,-0.3333333333333335,0.4691358024691356,-0.333333333333333,-0.2000000000000001,-0.4285714285714284,-0.6000000000000001,-0.3999999999999999,0.0,-0.3333333333333333,-0.6000000000000001,-0.5714285714285714,0.5,0.0666666666666667,0.4691358024691358,-6.666666666666668,-4.600000000000001,-5.428571428571427,-1.900000000000002,-3.599999999999998,-2.6543209876543195,4.0000000000000036,5.600000000000001,1.0,0.3000000000000007,3.9333333333333336,2.419753086419753,-10.666666666666666,-10.2,-6.428571428571429,-2.1999999999999997,-7.533333333333333,-5.074074074074074,0.013997113997114,-0.0103178400546821,-0.0113410204867296,0.0072016185553984,0.0048729435464944,0.02695536345585,0.0289972899728997,0.028408191655549,0.0146983799181671,0.0192399425865582,0.0277883552344861,0.0101701559750947,-0.1250000000000009,0.1874999999999999,0.1249999999999999,0.0462962962962963,0.0261904761904761,0.0361233211233211,2.0,-5.799999999999999,-6.999999999999999,-3.0999999999999996,-1.0,4.419753086419753,-0.3333333333333333,-0.3999999999999999,-0.2857142857142857,0.0,-0.1333333333333333,0.0246913580246913,0.7999999999999998,-0.5249999999999999,1.325,-2.1499999999999986,0.4250000000000007,-2.575,0.0346912564104942,0.0231882896435672,0.013063063063063,0.1749999999999999,0.0416666666666665,0,0,-1,0,-1,-1,1,-1,0
401803654,2026,2026-04-15 23:00:00+00:00,26,Florida Panthers,FLA,5,Detroit Red Wings,DET,8,1,9,7,1,81,3.3333333333333335,3.0,3.0,3.0,2.933333333333333,3.0,3.0,3.6,4.0,3.9,3.6666666666666665,3.3950617283950617,0.3333333333333333,-0.6,-1.0,-0.9,-0.7333333333333333,-0.3950617283950617,21.333333333333332,25.6,25.0,25.2,24.466666666666665,27.987654320987655,24.0,25.4,26.714285714285715,27.5,28.733333333333334,26.80246913580247,-2.6666666666666665,0.2,-1.7142857142857142,-2.3,-4.266666666666667,1.1851851851851851,0.1569927536231884,0.1252806961621828,0.1262356939460726,0.1222821541621778,0.1221349626781668,0.1102480993902316,0.876118358574499,0.8571927542751345,0.8515940617299742,0.8584410180361568,0.8691918795886387,0.8697763668569548,0.0,0.0333333333333335,0.0277777777777777,0.0925925925925925,0.0952380952380952,0.1835714285714285,4.0,8.6,8.285714285714286,8.4,9.666666666666666,11.185185185185183,0.6666666666666666,0.4,0.4285714285714285,0.4,0.4,0.4814814814814814,3.125,3.05,0.075,30.175,26.65,3.525,0.1052586551180794,0.8769516939075912,0.2083333333333333,0.55,1.0,0,2,3,1,1,0,2,0,0,81,4.0,3.8,3.4285714285714284,3.3,3.1333333333333333,2.962962962962963,4.0,4.2,3.857142857142857,3.9,3.466666666666667,3.0864197530864197,0.0,-0.4,-0.4285714285714285,-0.6,-0.3333333333333333,-0.1234567901234567,26.666666666666668,28.2,27.571428571428573,27.1,28.466666666666665,28.271604938271604,27.333333333333332,27.4,27.285714285714285,27.9,27.4,27.74074074074074,-0.6666666666666666,0.8,0.2857142857142857,-0.8,1.0666666666666669,0.5308641975308642,0.1599567099567099,0.1455235755235755,0.1383496033871973,0.1347639770294232,0.1227142242245217,0.1111404177523527,0.851851851851852,0.8382539682539685,0.8474923302654396,0.8517221952883718,0.8664559705000882,0.8840610480180856,0.2500000000000004,0.3500000000000002,0.3214285714285713,0.3583333333333333,0.2888888888888888,0.2313690476190476,6.0,6.0,5.857142857142857,7.8,8.533333333333333,7.7407407407407405,0.3333333333333333,0.2,0.2857142857142857,0.3,0.3333333333333333,0.5061728395061729,2.825,2.825,0.0,27.65,29.525,-1.875,0.1086677364584042,0.9016797528059972,0.2081547619047619,0.5,1.0,0,1,3,0,1,2,0,2,0,-0.6666666666666665,-0.7999999999999998,-0.4285714285714284,-0.2999999999999998,-0.2000000000000001,0.0370370370370372,-1.0,-0.6000000000000001,0.1428571428571428,0.0,0.1999999999999997,0.308641975308642,0.3333333333333333,-0.1999999999999999,-0.5714285714285714,-0.3,-0.3999999999999999,-0.2716049382716049,-5.333333333333336,-2.599999999999998,-2.571428571428573,-1.900000000000002,-4.0,-0.2839506172839492,-3.333333333333332,-2.0,-0.5714285714285694,-0.3999999999999986,1.3333333333333357,-0.9382716049382722,-2.0,-0.6000000000000001,-2.0,-1.4999999999999998,-5.333333333333333,0.6543209876543209,-0.0029639563335215,-0.0202428793613926,-0.0121139094411246,-0.0124818228672454,-0.0005792615463548,-0.0008923183621211,0.024266506722647,0.018938786021166,0.0041017314645346,0.006718822747785,0.0027359090885505,-0.0142846811611307,-0.2500000000000004,-0.3166666666666667,-0.2936507936507935,-0.2657407407407407,-0.1936507936507936,-0.047797619047619,-2.0,2.5999999999999996,2.4285714285714297,0.6000000000000005,1.1333333333333329,3.4444444444444446,0.3333333333333333,0.2,0.1428571428571428,0.1,0.0666666666666667,-0.0246913580246914,0.2999999999999998,0.2249999999999996,0.075,2.525000000000002,-2.875,5.4,-0.0034090813403248,-0.0247280588984059,0.0001785714285714,0.05,0.0,0,1,0,1,0,-2,2,-2,0
401633461,2024,2024-02-03 22:00:00+00:00,129029,Team Matthews,MAT,129030,Team McDavid,MCD,7,4,11,3,1,1,6.0,6.0,6.0,6.0,6.0,6.0,5.0,5.0,5.0,5.0,5.0,5.0,1.0,1.0,1.0,1.0,1.0,1.0,16.0,16.0,16.0,16.0,16.0,16.0,20.0,20.0,20.0,20.0,20.0,20.0,-4.0,-4.0,-4.0,-4.0,-4.0,-4.0,0.375,0.375,0.375,0.375,0.375,0.375,0.75,0.75,0.75,0.75,0.75,0.75,,,,,,,0.0,0.0,0.0,0.0,0.0,0.0,1.0,1.0,1.0,1.0,1.0,1.0,6.0,5.0,1.0,16.0,20.0,-4.0,0.375,0.75,,1.0,0.0,1,1,1,0,0,0,2,0,0,1,4.0,4.0,4.0,4.0,4.0,4.0,3.0,3.0,3.0,3.0,3.0,3.0,1.0,1.0,1.0,1.0,1.0,1.0,21.0,21.0,21.0,21.0,21.0,21.0,21.0,21.0,21.0,21.0,21.0,21.0,0.0,0.0,0.0,0.0,0.0,0.0,0.1904761904761904,0.1904761904761904,0.1904761904761904,0.1904761904761904,0.1904761904761904,0.1904761904761904,0.8571428571428572,0.8571428571428572,0.8571428571428572,0.8571428571428572,0.8571428571428572,0.8571428571428572,,,,,,,0.0,0.0,0.0,0.0,0.0,0.0,1.0,1.0,1.0,1.0,1.0,1.0,,,,,,,,,,,0.0,1,1,1,0,0,1,0,1,0,2.0,2.0,2.0,2.0,2.0,2.0,2.0,2.0,2.0,2.0,2.0,2.0,0.0,0.0,0.0,0.0,0.0,0.0,-5.0,-5.0,-5.0,-5.0,-5.0,-5.0,-1.0,-1.0,-1.0,-1.0,-1.0,-1.0,-4.0,-4.0,-4.0,-4.0,-4.0,-4.0,0.1845238095238095,0.1845238095238095,0.1845238095238095,0.1845238095238095,0.1845238095238095,0.1845238095238095,-0.1071428571428572,-0.1071428571428572,-0.1071428571428572,-0.1071428571428572,-0.1071428571428572,-0.1071428571428572,,,,,,,0.0,0.0,0.0,0.0,0.0,0.0,0.0,0.0,0.0,0.0,0.0,0.0,,,,,,,,,,,0.0,0,0,0,0,0,-1,2,-1,0
401524159,2023,2023-02-04 22:00:00+00:00,110062,Atlantic,ATL,110064,Central,CEN,7,5,12,2,1,1,6.333333333333333,6.4,5.857142857142857,5.1,5.1,10.0,6.333333333333333,6.2,5.714285714285714,5.4,5.4,6.0,0.0,0.2,0.1428571428571428,-0.3,-0.3,4.0,17.333333333333332,18.8,17.428571428571427,18.6,18.6,23.0,21.0,21.0,20.857142857142858,20.5,20.5,20.0,-3.6666666666666665,-2.2,-3.4285714285714284,-1.9,-1.9,3.0,0.3587322500365978,0.3370575318401405,0.3255529352716054,0.2700688728719419,0.2700688728719419,0.4347826086956521,0.7007246376811594,0.7040886287625419,0.7250667238939551,0.7400412954703572,0.7400412954703572,0.7,,,0.0,0.0,0.0,,0.0,0.0,0.0,0.0,0.0,0.0,0.3333333333333333,0.4,0.4285714285714285,0.4,0.4,1.0,10.0,6.0,4.0,23.0,20.0,3.0,0.4347826086956521,0.7,,1.0,0.0,1,1,1,0,0,0,2,0,0,1,5.666666666666667,5.4,5.571428571428571,5.333333333333333,5.333333333333333,6.0,4.666666666666667,6.8,6.142857142857143,6.888888888888889,6.888888888888889,4.0,1.0,-1.4,-0.5714285714285714,-1.5555555555555556,-1.5555555555555556,2.0,20.333333333333332,20.2,19.285714285714285,18.22222222222222,18.22222222222222,14.0,19.333333333333332,21.6,21.857142857142858,21.88888888888889,21.88888888888889,22.0,1.0,-1.4,-2.5714285714285716,-3.6666666666666665,-3.6666666666666665,-8.0,0.3004658385093168,0.2825812933869199,0.2990660032128794,0.2996003554400827,0.2996003554400827,0.4285714285714285,0.7542087542087542,0.6901875901875901,0.7092518336757968,0.6779029413438015,0.6779029413438015,0.8181818181818181,,,,,,,0.0,0.0,0.0,0.2222222222222222,0.2222222222222222,0.0,0.6666666666666666,0.4,0.4285714285714285,0.3333333333333333,0.3333333333333333,1.0,,,,,,,,,,,0.0,1,1,1,0,0,1,0,1,0,0.6666666666666661,1.0,0.2857142857142856,-0.2333333333333334,-0.2333333333333334,4.0,1.666666666666666,-0.5999999999999996,-0.4285714285714288,-1.488888888888889,-1.488888888888889,2.0,-1.0,1.6,0.7142857142857142,1.2555555555555555,1.2555555555555555,2.0,-3.0,-1.3999999999999986,-1.8571428571428577,0.37777777777778,0.37777777777778,9.0,1.666666666666668,-0.6000000000000014,-1.0,-1.3888888888888893,-1.3888888888888893,-2.0,-4.666666666666666,-0.8000000000000003,-0.8571428571428568,1.7666666666666666,1.7666666666666666,11.0,0.058266411527281,0.0544762384532205,0.0264869320587259,-0.0295314825681407,-0.0295314825681407,0.0062111801242236,-0.0534841165275947,0.0139010385749517,0.0158148902181582,0.0621383541265557,0.0621383541265557,-0.1181818181818181,,,,,,,0.0,0.0,0.0,-0.2222222222222222,-0.2222222222222222,0.0,-0.3333333333333333,0.0,0.0,0.0666666666666667,0.0666666666666667,0.0,,,,,,,,,,,0.0,0,0,0,0,0,-1,2,-1,0
401803653,2026,2026-04-15 23:00:00+00:00,20,Tampa Bay Lightning,TB,13,New York Rangers,NYR,2,4,6,-2,0,81,2.3333333333333335,2.2,2.857142857142857,2.8,3.4,3.5555555555555554,2.0,3.2,2.857142857142857,2.8,2.8666666666666667,2.802469135802469,0.3333333333333333,-1.0,0.0,0.0,0.5333333333333333,0.7530864197530864,21.333333333333332,23.8,25.0,26.7,27.933333333333337,28.074074074074073,24.0,26.8,25.714285714285715,26.2,25.533333333333335,26.765432098765434,-2.6666666666666665,-3.0,-0.7142857142857143,0.5,2.4,1.308641975308642,0.1069023569023569,0.0934747474747474,0.1113752431143735,0.1061944734118647,0.1233791950940151,0.132755675890181,0.9190476190476188,0.887261904761905,0.8951221397649969,0.8955997234415889,0.8882502687080641,0.8948883674134248,0.0,0.0400000000000001,0.0285714285714286,0.0199999999999999,0.1522222222222221,0.2175925925925926,27.0,20.2,17.0,17.3,15.2,14.77777777777778,0.6666666666666666,0.4,0.5714285714285714,0.6,0.6,0.6172839506172839,3.375,2.775,0.6,28.7,27.2,1.5,0.1257523953269033,0.894911532141129,0.1997916666666666,0.65,1.0,0,1,3,0,1,0,2,0,0,81,1.6666666666666667,3.4,3.2857142857142856,3.5,3.0,2.888888888888889,3.3333333333333335,2.4,2.2857142857142856,2.2,2.8666666666666667,3.061728395061728,-1.6666666666666667,1.0,1.0,1.3,0.1333333333333333,-0.1728395061728395,23.0,24.4,24.142857142857142,27.2,25.066666666666663,25.246913580246915,20.666666666666668,23.2,23.428571428571427,23.7,27.266666666666666,28.80246913580247,2.3333333333333335,1.2,0.7142857142857143,3.5,-2.2,-3.5555555555555554,0.0746913580246913,0.1332996632996633,0.1319635276157015,0.1287770508376117,0.1192571491825806,0.1191644381458917,0.8406838856400259,0.8888259157996004,0.8972359025897765,0.898567777315489,0.8916090774408852,0.8901701131442514,0.2222222222222223,0.3333333333333333,0.2857142857142858,0.2833333333333334,0.2555555555555556,0.2531645569620253,9.0,12.2,11.142857142857142,10.6,10.133333333333333,8.11111111111111,0.0,0.4,0.4285714285714285,0.5,0.3333333333333333,0.4074074074074074,3.2,3.1,0.1,25.4,29.35,-3.95,0.1338648275177159,0.8911768227033321,0.2791666666666667,0.475,1.0,0,1,2,0,0,3,0,3,0,0.6666666666666667,-1.1999999999999995,-0.4285714285714284,-0.7000000000000002,0.3999999999999999,0.6666666666666665,-1.3333333333333337,0.8000000000000003,0.5714285714285716,0.5999999999999996,0.0,-0.2592592592592591,2.0,-2.0,-1.0,-1.3,0.4,0.925925925925926,-1.666666666666668,-0.5999999999999979,0.8571428571428577,-0.5,2.866666666666667,2.827160493827158,3.333333333333332,3.6000000000000014,2.2857142857142883,2.5,-1.7333333333333307,-2.0370370370370345,-5.0,-4.2,-1.4285714285714286,-3.0,4.6,4.864197530864198,0.0322109988776656,-0.0398249158249158,-0.020588284501328,-0.022582577425747,0.0041220459114344,0.0135912377442893,0.0783637334075929,-0.0015640110376953,-0.0021137628247795,-0.0029680538739,-0.0033588087328211,0.0047182542691733,-0.2222222222222223,-0.2933333333333332,-0.2571428571428572,-0.2633333333333334,-0.1033333333333334,-0.0355719643694327,18.0,8.0,5.857142857142858,6.700000000000001,5.066666666666666,6.666666666666668,0.6666666666666666,0.0,0.1428571428571428,0.0999999999999999,0.2666666666666666,0.2098765432098765,0.1749999999999998,-0.3250000000000002,0.5,3.3000000000000007,-2.150000000000002,5.45,-0.0081124321908125,0.0037347094377968,-0.079375,0.175,0.0,0,0,1,0,1,-3,2,-3,0
401891804,2027,2026-09-30 02:00:00+00:00,6,Edmonton Oilers,EDM,22,Vancouver Canucks,VAN,5,6,11,-1,0,0,2.3333333333333335,3.4,3.0,3.2,3.1333333333333333,,1.3333333333333333,2.4,2.5714285714285716,2.3,2.533333333333333,,1.0,1.0,0.4285714285714285,0.9,0.6,,31.0,29.0,30.857142857142858,30.3,29.6,,21.666666666666668,22.0,23.0,25.0,25.066666666666663,,9.333333333333334,7.0,7.857142857142857,5.3,4.533333333333333,,0.0678955453149001,0.117660404112017,0.0994964424975945,0.1077053190789449,0.1052380061537567,,0.935515873015873,0.8940284178187404,0.8947244831461421,0.9099017045554864,0.8998922950238019,,0.2222222222222227,0.4000000000000001,0.3333333333333334,0.2333333333333334,0.2023809523809523,,8.666666666666666,7.6,6.285714285714286,7.1,7.466666666666667,,0.3333333333333333,0.4,0.4285714285714285,0.6,0.6,,,,,,,,,,,,10.0,0,0,0,0,0,0,1,0,0,0,3.0,2.8,2.7142857142857144,3.1,2.6666666666666665,,4.0,3.8,4.0,4.3,4.533333333333333,,-1.0,-1.0,-1.2857142857142858,-1.2,-1.8666666666666667,,21.0,25.8,23.285714285714285,24.6,24.333333333333332,,32.0,30.8,29.714285714285715,31.1,30.533333333333335,,-11.0,-5.0,-6.428571428571429,-6.5,-6.2,,0.1323931623931623,0.1069480925578486,0.114223228168085,0.1251194298808296,0.1067556236553803,,0.8764083411142233,0.8763257738993033,0.8618090503221625,0.8586811165226479,0.8462490551840972,,0.3888888888888888,0.4166666666666667,0.3611111111111111,0.4444444444444444,0.3869047619047618,,14.333333333333334,9.8,9.0,8.4,9.866666666666667,,0.6666666666666666,0.6,0.4285714285714285,0.4,0.2666666666666666,,,,,,,,,,,,10.0,0,0,0,0,0,1,0,1,0,-0.6666666666666665,0.6000000000000001,0.2857142857142856,0.1,0.4666666666666668,,-2.666666666666667,-1.4,-1.4285714285714284,-2.0,-2.0,,2.0,2.0,1.7142857142857144,2.1,2.466666666666667,,10.0,3.1999999999999993,7.571428571428573,5.699999999999999,5.266666666666669,,-10.333333333333332,-8.8,-6.714285714285715,-6.100000000000001,-5.466666666666669,,20.333333333333336,12.0,14.285714285714285,11.8,10.733333333333334,,-0.0644976170782622,0.0107123115541683,-0.0147267856704904,-0.0174141108018846,-0.0015176175016236,,0.0591075319016497,0.0177026439194371,0.0329154328239795,0.0512205880328385,0.0536432398397046,,-0.1666666666666661,-0.0166666666666666,-0.0277777777777776,-0.211111111111111,-0.1845238095238094,,-5.666666666666668,-2.200000000000001,-2.7142857142857144,-1.3000000000000007,-2.4000000000000004,,-0.3333333333333333,-0.1999999999999999,0.0,0.1999999999999999,0.3333333333333333,,,,,,,,,,,,0.0,0,0,0,0,0,-1,1,-1,0
401891780,2027,2026-10-01 02:00:00+00:00,17,Colorado Avalanche,COL,8,Los Angeles Kings,LA,8,4,12,4,1,0,2.3333333333333335,2.4,2.4285714285714284,3.4,3.466666666666667,,0.6666666666666666,1.2,1.4285714285714286,2.0,2.066666666666667,,1.6666666666666667,1.2,1.0,1.4,1.4,,35.0,35.6,34.714285714285715,34.4,33.666666666666664,,28.0,28.4,27.142857142857142,26.2,25.4,,7.0,7.2,7.571428571428571,8.2,8.266666666666667,,0.0661967418546366,0.0668521914542453,0.0695386585401256,0.0961353170077725,0.102710442039491,,0.978494623655914,0.9595105672969972,0.948781854525078,0.926481515674186,0.9191731028015496,,0.0,0.1333333333333334,0.0952380952380952,0.1416666666666666,0.1933333333333333,,5.333333333333333,5.6,6.0,5.6,7.0,,1.0,0.8,0.7142857142857143,0.7,0.7333333333333333,,,,,,,,,,,,10.0,0,0,0,0,0,0,1,0,0,0,3.0,2.8,3.4285714285714284,3.2,3.0,,3.3333333333333335,2.2,2.7142857142857144,3.1,3.066666666666667,,-0.3333333333333333,0.6,0.7142857142857143,0.1,-0.0666666666666666,,30.666666666666668,27.8,29.571428571428573,29.7,29.866666666666667,,26.0,26.0,25.857142857142858,26.7,26.4,,4.666666666666667,1.8,3.7142857142857144,3.0,3.466666666666667,,0.0968720821661998,0.0984162895927601,0.110603472158094,0.1036875632274114,0.0975006107026147,,0.8663636363636363,0.911818181818182,0.8849392542940929,0.8791563575576857,0.8814846408621674,,0.1666666666666666,0.1250000000000002,0.1000000000000001,0.1041666666666667,0.1474358974358974,,8.666666666666666,6.4,6.857142857142857,7.1,7.6,,0.3333333333333333,0.6,0.7142857142857143,0.6,0.4666666666666667,,,,,,,,,,,,10.0,0,0,0,0,0,1,0,1,0,-0.6666666666666665,-0.3999999999999999,-1.0,0.1999999999999997,0.4666666666666668,,-2.666666666666667,-1.0000000000000002,-1.2857142857142858,-1.1,-1.0,,2.0,0.6,0.2857142857142857,1.2999999999999998,1.4666666666666666,,4.333333333333332,7.800000000000001,5.142857142857142,4.699999999999999,3.799999999999997,,2.0,2.3999999999999986,1.2857142857142847,-0.5,-1.0,,2.333333333333333,5.4,3.8571428571428568,5.199999999999999,4.800000000000001,,-0.0306753403115632,-0.0315640981385148,-0.0410648136179683,-0.0075522462196388,0.0052098313368763,,0.1121309872922776,0.047692385478815,0.063842600230985,0.0473251581165001,0.0376884619393822,,-0.1666666666666666,0.0083333333333332,-0.0047619047619048,0.0374999999999998,0.0458974358974359,,-3.333333333333333,-0.8000000000000007,-0.8571428571428568,-1.5,-0.5999999999999996,,0.6666666666666667,0.2,0.0,0.0999999999999999,0.2666666666666666,,,,,,,,,,,,0.0,0,0,0,0,0,-1,1,-1,0
401633459,2024,2024-02-03 20:00:00+00:00,129030,Team McDavid,MCD,129031,Team MacKinnon,MAC,4,3,7,1,1,0,,,,,,,,,,,,,,,,,,,,,,,,,,,,,,,,,,,,,,,,,,,,,,,,,,,,,,,,,,,,,,,,,,,,,,,,,,,,,,0,0,0,0,0,0,1,0,0,0,,,,,,,,,,,,,,,,,,,,,,,,,,,,,,,,,,,,,,,,,,,,,,,,,,,,,,,,,,,,,,,,,,,,,,,,,,,,,,0,0,0,0,0,1,0,1,0,,,,,,,,,,,,,,,,,,,,,,,,,,,,,,,,,,,,,,,,,,,,,,,,,,,,,,,,,,,,,,,,,,,,,,,,,,,,,,0,0,0,0,0,-1,1,-1,0
401891773,2027,2026-09-29 21:00:00+00:00,7,Carolina Hurricanes,CAR,26,Florida Panthers,FLA,0,1,1,-1,0,0,2.6666666666666665,4.2,4.0,3.9,4.066666666666666,,1.6666666666666667,2.4,3.0,2.7,2.8666666666666667,,1.0,1.8,1.0,1.2,1.2,,25.333333333333332,27.8,29.571428571428573,29.6,31.933333333333337,,26.666666666666668,25.2,24.714285714285715,22.6,22.933333333333337,,-1.3333333333333333,2.6,4.857142857142857,7.0,9.0,,0.1033640688813102,0.1549230976480766,0.1402511921976057,0.1399940163565058,0.1355528703189258,,0.933064949006978,0.8962199217851395,0.8714358888327032,0.8753384555162256,0.87160601102277,,0.4444444444444443,0.3166666666666667,0.2976190476190477,0.3516666666666667,0.4211111111111111,,7.666666666666667,7.4,6.428571428571429,6.7,6.866666666666666,,0.6666666666666666,0.8,0.7142857142857143,0.7,0.7333333333333333,,,,,,,,,,,,10.0,0,0,0,0,0,0,1,0,0,0,5.666666666666667,4.2,3.857142857142857,3.6,3.3333333333333335,,1.6666666666666667,2.8,4.0,3.5,3.4,,4.0,1.4,-0.1428571428571428,0.1,-0.0666666666666666,,23.0,25.0,25.571428571428573,25.9,24.8,,24.0,26.0,26.285714285714285,26.1,29.0,,-1.0,-1.0,-0.7142857142857143,-0.2,-4.2,,0.2377380952380952,0.1695203274985884,0.1551472585719229,0.1413297732097969,0.1353854802765105,,0.9274004098565504,0.892978707452392,0.8510256646098531,0.8670948641900029,0.8817792921760514,,0.3333333333333336,0.2000000000000001,0.1944444444444444,0.2037037037037037,0.1666666666666667,,5.333333333333333,5.2,8.571428571428571,8.4,8.2,,1.0,0.6,0.4285714285714285,0.5,0.4666666666666667,,,,,,,,,,,,10.0,0,0,0,0,0,1,0,1,0,-3.0000000000000004,0.0,0.1428571428571428,0.2999999999999998,0.733333333333333,,0.0,-0.3999999999999999,-1.0,-0.7999999999999998,-0.5333333333333332,,-3.0,0.4000000000000001,1.1428571428571428,1.1,1.2666666666666666,,2.333333333333332,2.8000000000000007,4.0,3.700000000000003,7.133333333333333,,2.666666666666668,-0.8000000000000007,-1.5714285714285694,-3.5,-6.066666666666666,,-0.3333333333333332,3.6,5.571428571428571,7.2,13.2,,-0.134374026356785,-0.0145972298505117,-0.0148960663743172,-0.001335756853291,0.0001673900424152,,0.0056645391504275,0.0032412143327474,0.0204102242228501,0.0082435913262226,-0.0101732811532814,,0.1111111111111107,0.1166666666666665,0.1031746031746032,0.147962962962963,0.2544444444444445,,2.333333333333334,2.2,-2.1428571428571423,-1.7000000000000002,-1.333333333333333,,-0.3333333333333333,0.2,0.2857142857142857,0.1999999999999999,0.2666666666666666,,,,,,,,,,,,0.0,0,0,0,0,0,-1,1,-1,0
401891775,2027,2026-09-30 02:45:00+00:00,37,Vegas Golden Knights,VGK,4,Chicago Blackhawks,CHI,5,2,7,3,1,0,4.333333333333333,3.6,4.142857142857143,4.0,3.0,,1.6666666666666667,2.0,2.0,2.5,2.7333333333333334,,2.6666666666666665,1.6,2.142857142857143,1.5,0.2666666666666666,,31.0,31.4,32.0,31.6,31.533333333333335,,26.0,24.4,25.142857142857142,25.1,23.333333333333332,,5.0,7.0,6.857142857142857,6.5,8.2,,0.1383963888501093,0.1139737939011986,0.1282649584652055,0.1256881078424795,0.0939884804247282,,0.9356884057971016,0.9189888010540188,0.9181900527009222,0.8978793273817638,0.8768507685190594,,0.1785714285714287,0.3071428571428572,0.3146258503401361,0.2535714285714286,0.219047619047619,,6.666666666666667,5.2,5.142857142857143,7.0,7.733333333333333,,1.0,0.8,0.8571428571428571,0.7,0.5333333333333333,,,,,,,,,,,,10.0,0,0,0,0,0,0,1,0,0,0,3.0,2.6,2.5714285714285716,2.5,2.3333333333333335,,4.0,4.4,3.857142857142857,4.2,3.8666666666666663,,-1.0,-1.8,-1.2857142857142858,-1.7,-1.5333333333333334,,24.666666666666668,25.6,25.285714285714285,25.7,25.466666666666665,,23.666666666666668,23.2,26.0,28.4,32.266666666666666,,1.0,2.4,-0.7142857142857143,-2.7,-6.8,,0.1196895424836601,0.1016068289384719,0.098945994044633,0.0967967580432247,0.0912656253149939,,0.8371579400991167,0.8125714439013674,0.8445514383585264,0.8462298665000914,0.8714931170752164,,0.0,0.0666666666666669,0.0952380952380954,0.1,0.0666666666666666,,4.666666666666667,4.4,4.571428571428571,5.1,6.466666666666667,,0.3333333333333333,0.2,0.2857142857142857,0.2,0.2666666666666666,,,,,,,,,,,,10.0,0,0,0,0,0,1,0,1,0,1.333333333333333,1.0,1.5714285714285716,1.5,0.6666666666666665,,-2.333333333333333,-2.4000000000000004,-1.8571428571428572,-1.7000000000000002,-1.1333333333333333,,3.6666666666666665,3.4000000000000004,3.428571428571429,3.2,1.8,,6.333333333333332,5.799999999999997,6.714285714285715,5.900000000000002,6.06666666666667,,2.333333333333332,1.1999999999999993,-0.8571428571428577,-3.299999999999997,-8.933333333333334,,4.0,4.6,7.571428571428571,9.2,15.0,,0.0187068463664492,0.0123669649627267,0.0293189644205725,0.0288913497992548,0.0027228551097343,,0.0985304656979848,0.1064173571526513,0.0736386143423958,0.0516494608816724,0.005357651443843,,0.1785714285714287,0.2404761904761903,0.2193877551020407,0.1535714285714286,0.1523809523809523,,2.0,0.7999999999999998,0.5714285714285721,1.9000000000000004,1.2666666666666666,,0.6666666666666667,0.6000000000000001,0.5714285714285714,0.4999999999999999,0.2666666666666666,,,,,,,,,,,,0.0,0,0,0,0,0,-1,1,-1,0
401803647,2026,2026-04-15 00:00:00+00:00,30,Minnesota Wild,MIN,25,Anaheim Ducks,ANA,3,2,5,1,1,81,2.6666666666666665,3.6,3.857142857142857,3.6,3.1333333333333333,3.3209876543209877,4.333333333333333,3.8,3.142857142857143,3.6,3.3333333333333335,2.938271604938272,-1.6666666666666667,-0.2,0.7142857142857143,0.0,-0.2,0.382716049382716,28.0,26.6,27.857142857142858,30.3,32.2,29.296296296296298,21.333333333333332,23.0,26.0,25.8,25.6,29.30864197530864,6.666666666666667,3.6,1.8571428571428572,4.5,6.6,-0.0123456790123456,0.0904203323558162,0.1387349580341793,0.1422561374077551,0.1269028255971933,0.1051563959828891,0.1180115505933155,0.7954545454545454,0.8291245791245796,0.8650864386158503,0.8522056683214178,0.8613564854336517,0.8960735726643997,0.2666666666666668,0.2600000000000001,0.1857142857142857,0.2133333333333333,0.2184126984126984,0.2367430922986478,11.0,9.6,9.714285714285714,10.1,10.066666666666666,7.753086419753086,0.0,0.4,0.5714285714285714,0.5,0.4666666666666667,0.5555555555555556,3.175,2.825,0.35,29.975,29.55,0.425,0.1103809529552613,0.9010736241798588,0.2148214285714285,0.55,0.0,1,2,3,1,1,0,1,0,1,80,3.0,2.8,3.0,3.1,3.1333333333333333,3.325,3.3333333333333335,4.2,4.285714285714286,3.9,3.533333333333333,3.5125,-0.3333333333333333,-1.4,-1.2857142857142858,-0.8,-0.4,-0.1875,33.333333333333336,33.2,32.714285714285715,32.9,31.6,30.6125,23.333333333333332,23.8,24.142857142857142,25.8,26.866666666666667,28.5625,10.0,9.4,8.571428571428571,7.1,4.733333333333333,2.05,0.1037037037037037,0.0924216524216524,0.0976974936652356,0.0982456430701212,0.1019569318399172,0.1120961809178386,0.8645074224021593,0.8273251430964683,0.8248193902718145,0.8476088673079172,0.8661180078713975,0.8722383266621468,0.3888888888888888,0.3000000000000001,0.2380952380952382,0.24,0.2266666666666666,0.1664880952380952,8.666666666666666,7.6,11.571428571428571,9.5,10.6,10.05,0.3333333333333333,0.2,0.1428571428571428,0.3,0.4,0.525,3.102564102564102,3.5384615384615383,-0.4358974358974359,30.025641025641026,30.076923076923077,-0.0512820512820512,0.1082137334611774,0.8787117453994261,0.1311965811965811,0.4615384615384615,1.0,0,1,2,0,0,1,0,1,0,-0.3333333333333335,0.8000000000000003,0.8571428571428572,0.5,0.0,-0.0040123456790124,0.9999999999999996,-0.4000000000000003,-1.1428571428571428,-0.2999999999999998,-0.1999999999999997,-0.5742283950617284,-1.3333333333333337,1.2,2.0,0.8,0.2,0.570216049382716,-5.333333333333336,-6.600000000000001,-4.857142857142858,-2.599999999999998,0.6000000000000014,-1.316203703703703,-2.0,-0.8000000000000007,1.8571428571428577,0.0,-1.2666666666666655,0.7461419753086425,-3.333333333333333,-5.800000000000001,-6.7142857142857135,-2.5999999999999996,1.8666666666666665,-2.0623456790123456,-0.0132833713478875,0.0463133056125269,0.0445586437425195,0.028657182527072,0.0031994641429718,0.0059153696754768,-0.0690528769476138,0.0017994360281112,0.0402670483440358,0.0045968010135005,-0.0047615224377457,0.0238352460022528,-0.122222222222222,-0.04,-0.0523809523809525,-0.0266666666666667,-0.0082539682539681,0.0702549970605526,2.333333333333334,2.0,-1.8571428571428577,0.5999999999999996,-0.5333333333333332,-2.2969135802469145,-0.3333333333333333,0.2,0.4285714285714285,0.2,0.0666666666666666,0.0305555555555555,0.0724358974358971,-0.7134615384615381,0.7858974358974359,-0.0506410256410241,-0.5269230769230759,0.4762820512820512,0.0021672194940839,0.0223618787804328,0.0836248473748474,0.0884615384615384,-1.0,1,1,1,1,1,-1,1,-1,1
401892431,2027,2026-09-30 23:30:00+00:00,21,Toronto Maple Leafs,TOR,12,New York Islanders,NYI,2,1,3,1,1,1,2.6666666666666665,2.6,2.7142857142857144,2.6,2.6666666666666665,2.0,4.0,4.6,4.857142857142857,4.7,4.266666666666667,3.0,-1.3333333333333333,-2.0,-2.142857142857143,-2.1,-1.6,-1.0,25.0,22.0,21.714285714285715,21.4,22.266666666666666,28.0,31.333333333333332,32.6,31.857142857142858,31.8,33.0,24.0,-6.333333333333333,-10.6,-10.142857142857142,-10.4,-10.733333333333333,4.0,0.1022045855379189,0.1198753829016986,0.1284824163583562,0.1198713784535018,0.1220333677547833,0.0714285714285714,0.8695175438596493,0.850983253588517,0.8399880382775119,0.8463337320574162,0.8653724739899051,0.875,0.166666666666667,0.5000000000000002,0.4285714285714287,0.45,0.3333333333333332,0.0,6.666666666666667,8.4,8.571428571428571,13.4,13.066666666666666,8.0,0.0,0.0,0.0,0.1,0.2,0.0,2.0,3.0,-1.0,28.0,24.0,4.0,0.0714285714285714,0.875,0.0,0.0,0.0208333333333332,1,1,1,0,0,0,2,0,0,0,0.6666666666666666,2.0,2.0,2.4,2.4,,3.0,3.2,3.4285714285714284,3.5,3.3333333333333335,,-2.3333333333333335,-1.2,-1.4285714285714286,-1.1,-0.9333333333333332,,28.666666666666668,29.2,28.0,28.4,28.533333333333335,,19.666666666666668,23.0,24.142857142857142,24.9,25.933333333333337,,9.0,6.2,3.857142857142857,3.5,2.6,,0.0212121212121212,0.0729545454545454,0.0739100185528756,0.0852804912478825,0.0861300889028955,,0.8451479076479077,0.8495887445887449,0.8480364873222016,0.855398027898028,0.8696480679814014,,0.0,0.0800000000000001,0.1047619047619048,0.1566666666666666,0.1711111111111111,,7.666666666666667,6.6,7.428571428571429,6.7,8.4,,0.0,0.2,0.1428571428571428,0.3,0.3333333333333333,,,,,,,,,,,,10.0,0,0,0,0,0,1,0,1,0,2.0,0.6000000000000001,0.7142857142857144,0.2000000000000001,0.2666666666666666,,1.0,1.3999999999999997,1.4285714285714284,1.2000000000000002,0.9333333333333332,,1.0000000000000002,-0.8,-0.7142857142857142,-1.0,-0.6666666666666667,,-3.666666666666668,-7.199999999999999,-6.285714285714285,-7.0,-6.266666666666669,,11.666666666666664,9.6,7.714285714285715,6.900000000000002,7.066666666666666,,-15.333333333333332,-16.8,-14.0,-13.9,-13.333333333333332,,0.0809924643257976,0.0469208374471532,0.0545723978054805,0.0345908872056193,0.0359032788518877,,0.0243696362117415,0.0013945089997721,-0.0080484490446897,-0.0090642958406117,-0.0042755939914962,,0.166666666666667,0.42,0.3238095238095239,0.2933333333333333,0.1622222222222221,,-1.0,1.8000000000000007,1.1428571428571423,6.7,4.666666666666666,,0.0,-0.2,-0.1428571428571428,-0.1999999999999999,-0.1333333333333333,,,,,,,,,,,,-9.979166666666666,1,1,1,0,0,-1,2,-1,0
401633461,2024,2024-02-03 22:00:00+00:00,129029,Team Matthews,MAT,129030,Team McDavid,MCD,7,4,11,3,1,1,6.0,6.0,6.0,6.0,6.0,6.0,5.0,5.0,5.0,5.0,5.0,5.0,1.0,1.0,1.0,1.0,1.0,1.0,16.0,16.0,16.0,16.0,16.0,16.0,20.0,20.0,20.0,20.0,20.0,20.0,-4.0,-4.0,-4.0,-4.0,-4.0,-4.0,0.375,0.375,0.375,0.375,0.375,0.375,0.75,0.75,0.75,0.75,0.75,0.75,,,,,,,0.0,0.0,0.0,0.0,0.0,0.0,1.0,1.0,1.0,1.0,1.0,1.0,6.0,5.0,1.0,16.0,20.0,-4.0,0.375,0.75,,1.0,0.0,1,1,1,0,0,0,2,0,0,1,4.0,4.0,4.0,4.0,4.0,4.0,3.0,3.0,3.0,3.0,3.0,3.0,1.0,1.0,1.0,1.0,1.0,1.0,21.0,21.0,21.0,21.0,21.0,21.0,21.0,21.0,21.0,21.0,21.0,21.0,0.0,0.0,0.0,0.0,0.0,0.0,0.1904761904761904,0.1904761904761904,0.1904761904761904,0.1904761904761904,0.1904761904761904,0.1904761904761904,0.8571428571428572,0.8571428571428572,0.8571428571428572,0.8571428571428572,0.8571428571428572,0.8571428571428572,,,,,,,0.0,0.0,0.0,0.0,0.0,0.0,1.0,1.0,1.0,1.0,1.0,1.0,,,,,,,,,,,0.0,1,1,1,0,0,1,0,1,0,2.0,2.0,2.0,2.0,2.0,2.0,2.0,2.0,2.0,2.0,2.0,2.0,0.0,0.0,0.0,0.0,0.0,0.0,-5.0,-5.0,-5.0,-5.0,-5.0,-5.0,-1.0,-1.0,-1.0,-1.0,-1.0,-1.0,-4.0,-4.0,-4.0,-4.0,-4.0,-4.0,0.1845238095238095,0.1845238095238095,0.1845238095238095,0.1845238095238095,0.1845238095238095,0.1845238095238095,-0.1071428571428572,-0.1071428571428572,-0.1071428571428572,-0.1071428571428572,-0.1071428571428572,-0.1071428571428572,,,,,,,0.0,0.0,0.0,0.0,0.0,0.0,0.0,0.0,0.0,0.0,0.0,0.0,,,,,,,,,,,0.0,0,0,0,0,0,-1,2,-1,0
401524157,2023,2023-02-04 20:00:00+00:00,110064,Central,CEN,110065,Pacific,PAC,6,4,10,2,1,0,5.333333333333333,6.2,5.142857142857143,5.25,5.25,,6.666666666666667,6.8,7.0,7.25,7.25,,-1.3333333333333333,-0.6,-1.8571428571428572,-2.0,-2.0,,21.333333333333332,21.0,19.0,18.75,18.75,,21.333333333333332,23.4,21.857142857142858,21.875,21.875,,0.0,-2.4,-2.857142857142857,-3.125,-3.125,,0.2556479113384484,0.3079781187837453,0.2735557991312466,0.2834789712986644,0.2834789712986644,,0.6957671957671958,0.7007447749383233,0.6702907947147578,0.6603680817390495,0.6603680817390495,,,,,,,,0.0,0.0,0.0,0.25,0.25,,0.3333333333333333,0.4,0.2857142857142857,0.25,0.25,,,,,,,,,,,,10.0,0,0,0,0,0,0,1,0,0,0,6.333333333333333,5.6,5.142857142857143,5.6,5.6,,5.0,5.4,4.714285714285714,4.2,4.2,,1.3333333333333333,0.2,0.4285714285714285,1.4,1.4,,21.0,22.6,20.571428571428573,20.4,20.4,,18.0,16.6,16.714285714285715,16.3,16.3,,3.0,6.0,3.857142857142857,4.1,4.1,,0.2912698412698413,0.2531999353221764,0.2570875888555762,0.2725749485625396,0.2725749485625396,,0.7038255861785273,0.6748206042323689,0.718125828419946,0.7423939622469033,0.7423939622469033,,,,,,,,0.0,0.4,0.2857142857142857,0.2,0.2,,0.6666666666666666,0.6,0.5714285714285714,0.7,0.7,,,,,,,,,,,,10.0,0,0,0,0,0,1,0,1,0,-1.0,0.6000000000000005,0.0,-0.3499999999999996,-0.3499999999999996,,1.666666666666667,1.3999999999999997,2.2857142857142856,3.05,3.05,,-2.6666666666666665,-0.8,-2.2857142857142856,-3.4,-3.4,,0.3333333333333321,-1.6000000000000014,-1.571428571428573,-1.6499999999999986,-1.6499999999999986,,3.333333333333332,6.799999999999997,5.142857142857142,5.574999999999999,5.574999999999999,,-3.0,-8.4,-6.714285714285714,-7.225,-7.225,,-0.0356219299313928,0.0547781834615689,0.0164682102756704,0.0109040227361247,0.0109040227361247,,-0.0080583904113314,0.0259241707059544,-0.0478350337051881,-0.0820258805078538,-0.0820258805078538,,,,,,,,0.0,-0.4,-0.2857142857142857,0.0499999999999999,0.0499999999999999,,-0.3333333333333333,-0.1999999999999999,-0.2857142857142857,-0.4499999999999999,-0.4499999999999999,,,,,,,,,,,,0.0,0,0,0,0,0,-1,1,-1,0
401524158,2023,2023-02-04 21:00:00+00:00,110062,Atlantic,ATL,110063,Metro,MET,10,6,16,4,1,0,6.0,4.8,5.285714285714286,4.555555555555555,4.555555555555555,,6.0,6.0,6.285714285714286,5.333333333333333,5.333333333333333,,0.0,-1.2,-1.0,-0.7777777777777778,-0.7777777777777778,,17.0,16.4,17.714285714285715,18.11111111111111,18.11111111111111,,19.666666666666668,20.8,21.0,20.555555555555557,20.555555555555557,,-2.6666666666666665,-4.4,-3.2857142857142856,-2.4444444444444446,-2.4444444444444446,,0.3501683501683502,0.2864646464646465,0.2977268483150836,0.2517673466693074,0.2517673466693074,,0.6965579710144928,0.7114570498151733,0.6998966558667442,0.744490328300397,0.744490328300397,,,0.0,0.0,0.0,0.0,,0.0,0.0,0.0,0.0,0.0,,0.3333333333333333,0.2,0.2857142857142857,0.3333333333333333,0.3333333333333333,,,,,,,,,,,,10.0,0,0,0,0,0,0,1,0,0,0,5.333333333333333,6.6,5.857142857142857,6.0,6.0,,5.333333333333333,5.0,5.0,5.0,5.0,,0.0,1.6,0.8571428571428571,1.0,1.0,,20.0,21.6,21.142857142857142,21.22222222222222,21.22222222222222,,20.333333333333332,20.8,19.714285714285715,20.555555555555557,20.555555555555557,,-0.3333333333333333,0.8,1.4285714285714286,0.6666666666666666,0.6666666666666666,,0.2736823361823362,0.3089646464646464,0.2784090909090909,0.2846019721019721,0.2846019721019721,,0.7330808080808081,0.7563702239789196,0.7419451179681359,0.7524219604398632,0.7524219604398632,,,,,,,,0.0,0.0,0.0,0.0,0.0,,0.6666666666666666,0.8,0.7142857142857143,0.6666666666666666,0.6666666666666666,,,,,,,,,,,,10.0,0,0,0,0,0,1,0,1,0,0.666666666666667,-1.7999999999999998,-0.5714285714285712,-1.4444444444444446,-1.4444444444444446,,0.666666666666667,1.0,1.2857142857142856,0.333333333333333,0.333333333333333,,0.0,-2.8,-1.8571428571428572,-1.7777777777777777,-1.7777777777777777,,-3.0,-5.200000000000003,-3.428571428571427,-3.1111111111111107,-3.1111111111111107,,-0.6666666666666643,0.0,1.2857142857142847,0.0,0.0,,-2.333333333333333,-5.2,-4.714285714285714,-3.111111111111111,-3.111111111111111,,0.0764860139860139,-0.0224999999999999,0.0193177574059927,-0.0328346254326646,-0.0328346254326646,,-0.0365228370663153,-0.0449131741637462,-0.0420484621013916,-0.0079316321394662,-0.0079316321394662,,,,,,,,0.0,0.0,0.0,0.0,0.0,,-0.3333333333333333,-0.6000000000000001,-0.4285714285714286,-0.3333333333333333,-0.3333333333333333,,,,,,,,,,,,0.0,0,0,0,0,0,-1,1,-1,0
401560533,2024,2024-04-18 02:00:00+00:00,24,Arizona Coyotes,ARI,6,Edmonton Oilers,EDM,5,2,7,3,1,81,4.0,3.4,3.5714285714285716,4.4,3.8666666666666663,3.0987654320987654,3.6666666666666665,3.6,3.4285714285714284,3.8,3.3333333333333335,3.3580246913580245,0.3333333333333333,-0.2,0.1428571428571428,0.6,0.5333333333333333,-0.2592592592592592,27.0,29.6,28.714285714285715,30.8,29.733333333333334,27.765432098765434,32.666666666666664,30.0,29.571428571428573,30.3,31.066666666666663,31.703703703703702,-5.666666666666667,-0.4,-0.8571428571428571,0.5,-1.3333333333333333,-3.938271604938272,0.1574074074074073,0.13015873015873,0.1310232426303854,0.144484126984127,0.1297560710894044,0.1108678281654613,0.8807621699045772,0.8736424871279318,0.8772771011952758,0.8708757526184749,0.8897629217716816,0.8926532980468094,0.1111111111111113,0.1333333333333334,0.1428571428571429,0.2166666666666666,0.1777777777777777,0.2007738095238095,7.0,8.6,8.857142857142858,9.4,9.733333333333333,11.604938271604938,0.6666666666666666,0.6,0.5714285714285714,0.6,0.6,0.4320987654320987,3.275,3.25,0.025,28.05,30.85,-2.8,0.1155166226144329,0.893987633870872,0.1925,0.525,2.0833333333333335,0,1,2,0,0,0,1,0,1,80,4.0,4.2,3.857142857142857,3.9,4.0,3.6375,2.6666666666666665,2.2,2.5714285714285716,2.3,2.8,2.8375,1.3333333333333333,2.0,1.2857142857142858,1.6,1.2,0.8,37.333333333333336,32.8,35.142857142857146,34.1,35.266666666666666,33.9,25.333333333333332,25.8,26.428571428571427,26.8,26.133333333333333,28.2,12.0,7.0,8.714285714285714,7.3,9.133333333333333,5.7,0.1053085411236887,0.1328147543038428,0.1131047637124713,0.120652708709683,0.1173933198479693,0.1111600617275287,0.8955026455026457,0.9147619047619048,0.904889455782313,0.9154073369159575,0.8887485694382247,0.8962554390273271,0.0,0.1666666666666667,0.1111111111111111,0.1666666666666667,0.2511904761904762,0.2555860805860806,3.3333333333333335,4.8,6.571428571428571,7.1,9.266666666666667,9.6,0.3333333333333333,0.6,0.5714285714285714,0.6,0.6,0.6125,3.102564102564102,3.102564102564102,0.0,32.35897435897436,27.82051282051282,4.538461538461538,0.0989571870622254,0.8857214727265957,0.1871794871794871,0.5384615384615384,1.0208333333333337,0,2,3,1,1,1,0,1,0,0.0,-0.8000000000000003,-0.2857142857142856,0.5000000000000004,-0.1333333333333333,-0.5387345679012348,1.0,1.4,0.8571428571428568,1.5,0.5333333333333337,0.5205246913580246,-1.0,-2.2,-1.142857142857143,-1.0,-0.6666666666666666,-1.0592592592592591,-10.333333333333336,-3.1999999999999957,-6.428571428571431,-3.3000000000000007,-5.533333333333331,-6.134567901234565,7.333333333333332,4.199999999999999,3.142857142857146,3.5,4.933333333333334,3.503703703703703,-17.666666666666668,-7.4,-9.571428571428571,-6.8,-10.466666666666669,-9.638271604938272,0.0520988662837185,-0.0026560241451127,0.0179184789179141,0.0238314182744439,0.012362751241435,-0.0002922335620673,-0.0147404755980684,-0.041119417633973,-0.0276123545870371,-0.0445315842974827,0.0010143523334569,-0.0036021409805176,0.1111111111111113,-0.0333333333333333,0.0317460317460317,0.0499999999999999,-0.0734126984126984,-0.0548122710622711,3.6666666666666665,3.8,2.2857142857142865,2.3000000000000007,0.466666666666665,2.004938271604938,0.3333333333333333,0.0,0.0,0.0,0.0,-0.1804012345679013,0.1724358974358972,0.1474358974358973,0.025,-4.308974358974357,3.0294871794871803,-7.338461538461538,0.0165594355522075,0.0082661611442762,0.0053205128205128,-0.0134615384615384,1.0625,1,-1,-1,-1,-1,-1,1,-1,1
401803646,2026,2026-04-14 23:00:00+00:00,29,Columbus Blue Jackets,CBJ,23,Washington Capitals,WSH,1,2,3,-1,0,81,2.3333333333333335,2.4,2.142857142857143,2.1,2.6666666666666665,3.111111111111111,3.3333333333333335,3.0,3.5714285714285716,3.4,2.8666666666666667,3.0987654320987654,-1.0,-0.6,-1.4285714285714286,-1.3,-0.2,0.0123456790123456,35.0,31.2,27.285714285714285,26.6,27.066666666666663,29.40740740740741,22.666666666666668,26.2,26.428571428571427,28.0,26.6,28.938271604938272,12.333333333333334,5.0,0.8571428571428571,-1.4,0.4666666666666667,0.4691358024691358,0.0695526695526695,0.0770887445887446,0.0807776747062461,0.0807238594738594,0.0981689059320638,0.1087112827467603,0.8547979797979797,0.8812779562779565,0.8595399131113417,0.8730881955881957,0.8890916344040076,0.8919028654483685,0.0833333333333335,0.1,0.0714285714285715,0.1,0.1142857142857142,0.1884004884004884,5.333333333333333,4.4,5.428571428571429,6.8,7.066666666666666,7.987654320987654,0.3333333333333333,0.4,0.2857142857142857,0.2,0.4,0.4938271604938271,3.35,3.1,0.25,29.25,29.15,0.1,0.1153684396508356,0.892474805819044,0.1692982456140351,0.5,1.0416666666666663,0,2,3,1,1,0,2,0,0,81,4.333333333333333,4.0,4.142857142857143,4.1,3.533333333333333,3.2222222222222223,1.0,2.6,3.4285714285714284,3.5,2.933333333333333,3.0,3.3333333333333335,1.4,0.7142857142857143,0.6,0.6,0.2222222222222222,26.333333333333332,25.6,25.428571428571427,24.6,24.733333333333334,28.135802469135804,19.0,25.8,26.142857142857142,27.9,28.866666666666667,28.135802469135804,7.333333333333333,-0.2,-0.7142857142857143,-3.3,-4.133333333333334,0.0,0.1662037037037037,0.1521031746031746,0.169657029478458,0.1694871933621933,0.1453031505531505,0.1160999496977636,0.9090909090909088,0.8867132867132869,0.861938061938062,0.8684524287972563,0.8918084111622684,0.8895378565932388,0.1666666666666671,0.1000000000000001,0.2142857142857144,0.2166666666666666,0.1911111111111111,0.1594650205761316,3.3333333333333335,10.6,11.571428571428571,13.9,11.266666666666667,9.51851851851852,1.0,0.8,0.7142857142857143,0.7,0.6666666666666666,0.5185185185185185,3.05,3.35,-0.3,27.2,28.8,-1.6,0.1118282323411036,0.8802472668980448,0.1691666666666666,0.425,1.1666666666666663,0,2,3,1,1,1,0,1,0,-1.9999999999999996,-1.6,-2.0000000000000004,-1.9999999999999996,-0.8666666666666667,-0.1111111111111111,2.3333333333333335,0.3999999999999999,0.1428571428571432,-0.1,-0.0666666666666664,0.0987654320987654,-4.333333333333334,-2.0,-2.142857142857143,-1.9,-0.8,-0.2098765432098765,8.666666666666668,5.599999999999998,1.8571428571428577,2.0,2.333333333333332,1.2716049382716044,3.666666666666668,0.3999999999999986,0.2857142857142847,0.1000000000000014,-2.2666666666666657,0.8024691358024683,5.000000000000001,5.2,1.5714285714285714,1.9,4.6000000000000005,0.4691358024691358,-0.0966510341510341,-0.0750144300144299,-0.0888793547722119,-0.0887633338883338,-0.0471342446210867,-0.0073886669510033,-0.0542929292929291,-0.0054353304353303,-0.0023981488267202,0.0046357667909394,-0.0027167767582607,0.0023650088551296,-0.0833333333333335,-1.6653345369377348e-16,-0.1428571428571429,-0.1166666666666666,-0.0768253968253969,0.0289354678243567,1.9999999999999996,-6.199999999999999,-6.142857142857142,-7.1000000000000005,-4.200000000000001,-1.5308641975308648,-0.6666666666666667,-0.4,-0.4285714285714286,-0.4999999999999999,-0.2666666666666666,-0.0246913580246913,0.3000000000000002,-0.25,0.55,2.0500000000000007,0.3499999999999978,1.7000000000000002,0.0035402073097319,0.0122275389209992,0.0001315789473684,0.075,-0.125,0,0,0,0,0,-1,2,-1,0
401891821,2027,2026-09-30 23:30:00+00:00,15,Philadelphia Flyers,PHI,16,Pittsburgh Penguins,PIT,0,7,7,-7,0,0,4.666666666666667,4.4,4.0,3.6,3.7333333333333334,,1.6666666666666667,2.4,2.0,2.5,2.4,,3.0,2.0,2.0,1.1,1.3333333333333333,,23.666666666666668,23.6,24.285714285714285,25.8,26.666666666666668,,27.666666666666668,25.8,24.285714285714285,22.5,23.666666666666668,,-4.0,-2.2,0.0,3.3,3.0,,0.1982608695652173,0.1911787439613526,0.1729837199021731,0.150304290206031,0.1489452288797227,,0.939465706707086,0.900800636145464,0.9151310080464864,0.8806501851647042,0.8909620860419409,,0.25,0.2916666666666667,0.2277777777777778,0.1888888888888888,0.2071428571428571,,6.0,7.2,6.571428571428571,6.4,7.533333333333333,,1.0,0.8,0.8571428571428571,0.7,0.7333333333333333,,,,,,,,,,,,10.0,0,0,0,0,0,0,1,0,0,0,2.6666666666666665,3.6,4.285714285714286,4.6,4.2,,5.333333333333333,4.0,4.285714285714286,4.0,4.266666666666667,,-2.6666666666666665,-0.4,0.0,0.6,-0.0666666666666666,,19.333333333333332,22.2,23.714285714285715,24.2,26.666666666666668,,30.0,28.4,28.285714285714285,27.0,28.266666666666666,,-10.666666666666666,-6.2,-4.571428571428571,-2.8,-1.6,,0.1633728590250328,0.1748353096179183,0.1842141612478218,0.1945749128734752,0.1639991900359509,,0.8251941457586619,0.8631656426011268,0.8514424268155985,0.8555414713461698,0.8508863405952201,,0.0,0.0357142857142858,0.2321428571428572,0.1825396825396825,0.1709183673469387,,4.0,7.0,6.857142857142857,7.8,7.466666666666667,,0.0,0.4,0.4285714285714285,0.5,0.4666666666666667,,,,,,,,,,,,10.0,0,0,0,0,0,1,0,1,0,2.0000000000000004,0.8000000000000003,-0.2857142857142856,-0.9999999999999996,-0.4666666666666668,,-3.666666666666666,-1.6,-2.2857142857142856,-1.5,-1.8666666666666667,,5.666666666666666,2.4,2.0,0.5000000000000001,1.4,,4.333333333333336,1.400000000000002,0.5714285714285694,1.6000000000000014,0.0,,-2.333333333333332,-2.599999999999998,-4.0,-4.5,-4.599999999999998,,6.666666666666666,4.0,4.571428571428571,6.1,4.6,,0.0348880105401844,0.0163434343434343,-0.0112304413456486,-0.0442706226674442,-0.0150539611562282,,0.1142715609484241,0.037634993544337,0.063688581230888,0.0251087138185344,0.0400757454467208,,0.25,0.2559523809523809,-0.0043650793650793,0.0063492063492063,0.0362244897959183,,2.0,0.2000000000000001,-0.2857142857142856,-1.3999999999999997,0.0666666666666664,,1.0,0.4,0.4285714285714285,0.1999999999999999,0.2666666666666666,,,,,,,,,,,,0.0,0,0,0,0,0,-1,1,-1,0
401688921,2025,2025-02-21 01:00:00+00:00,47844,USA,USA,47836,Canada,CAN,2,3,5,-1,0,3,3.3333333333333335,3.3333333333333335,3.3333333333333335,3.3333333333333335,3.3333333333333335,3.3333333333333335,1.3333333333333333,1.3333333333333333,1.3333333333333333,1.3333333333333333,1.3333333333333333,1.3333333333333333,2.0,2.0,2.0,2.0,2.0,2.0,29.333333333333332,29.333333333333332,29.333333333333332,29.333333333333332,29.333333333333332,29.333333333333332,23.333333333333332,23.333333333333332,23.333333333333332,23.333333333333332,23.333333333333332,23.333333333333332,6.0,6.0,6.0,6.0,6.0,6.0,0.1160792709705753,0.1160792709705753,0.1160792709705753,0.1160792709705753,0.1160792709705753,0.1160792709705753,0.9423209640600944,0.9423209640600944,0.9423209640600944,0.9423209640600944,0.9423209640600944,0.9423209640600944,0.1666666666666666,0.1666666666666666,0.1666666666666666,0.1666666666666666,0.1666666666666666,0.1666666666666666,10.333333333333334,10.333333333333334,10.333333333333334,10.333333333333334,10.333333333333334,10.333333333333334,0.6666666666666666,0.6666666666666666,0.6666666666666666,0.6666666666666666,0.6666666666666666,0.6666666666666666,1.0,2.0,-1.0,33.0,23.0,10.0,0.0303030303030303,0.9130434782608696,0.0,0.0,2.0,0,1,2,0,0,0,2,0,0,3,3.3333333333333335,3.3333333333333335,3.3333333333333335,3.3333333333333335,3.3333333333333335,3.3333333333333335,3.0,3.0,3.0,3.0,3.0,3.0,0.3333333333333333,0.3333333333333333,0.3333333333333333,0.3333333333333333,0.3333333333333333,0.3333333333333333,27.333333333333332,27.333333333333332,27.333333333333332,27.333333333333332,27.333333333333332,27.333333333333332,25.0,25.0,25.0,25.0,25.0,25.0,2.3333333333333335,2.3333333333333335,2.3333333333333335,2.3333333333333335,2.3333333333333335,2.3333333333333335,0.1199633699633699,0.1199633699633699,0.1199633699633699,0.1199633699633699,0.1199633699633699,0.1199633699633699,0.8795986622073578,0.8795986622073578,0.8795986622073578,0.8795986622073578,0.8795986622073578,0.8795986622073578,0.5,0.5,0.5,0.5,0.5,0.5,7.0,7.0,7.0,7.0,7.0,7.0,0.6666666666666666,0.6666666666666666,0.6666666666666666,0.6666666666666666,0.6666666666666666,0.6666666666666666,4.5,3.0,1.5,28.0,26.0,2.0,0.1607142857142857,0.8846153846153846,1.0,1.0,2.2916666666666665,0,1,2,0,0,2,0,2,0,0.0,0.0,0.0,0.0,0.0,0.0,-1.6666666666666667,-1.6666666666666667,-1.6666666666666667,-1.6666666666666667,-1.6666666666666667,-1.6666666666666667,1.6666666666666667,1.6666666666666667,1.6666666666666667,1.6666666666666667,1.6666666666666667,1.6666666666666667,2.0,2.0,2.0,2.0,2.0,2.0,-1.666666666666668,-1.666666666666668,-1.666666666666668,-1.666666666666668,-1.666666666666668,-1.666666666666668,3.6666666666666665,3.6666666666666665,3.6666666666666665,3.6666666666666665,3.6666666666666665,3.6666666666666665,-0.0038840989927946,-0.0038840989927946,-0.0038840989927946,-0.0038840989927946,-0.0038840989927946,-0.0038840989927946,0.0627223018527366,0.0627223018527366,0.0627223018527366,0.0627223018527366,0.0627223018527366,0.0627223018527366,-0.3333333333333333,-0.3333333333333333,-0.3333333333333333,-0.3333333333333333,-0.3333333333333333,-0.3333333333333333,3.333333333333334,3.333333333333334,3.333333333333334,3.333333333333334,3.333333333333334,3.333333333333334,0.0,0.0,0.0,0.0,0.0,0.0,-3.5,-1.0,-2.5,5.0,-3.0,8.0,-0.1304112554112554,0.028428093645485,-1.0,-1.0,-0.2916666666666665,0,0,0,0,0,-2,2,-2,0
401688919,2025,2025-02-17 18:00:00+00:00,47838,Finland,FIN,47836,Canada,CAN,3,5,8,-2,0,2,2.5,2.5,2.5,2.5,2.5,2.5,4.5,4.5,4.5,4.5,4.5,4.5,-2.0,-2.0,-2.0,-2.0,-2.0,-2.0,21.0,21.0,21.0,21.0,21.0,21.0,28.0,28.0,28.0,28.0,28.0,28.0,-7.0,-7.0,-7.0,-7.0,-7.0,-7.0,0.119047619047619,0.119047619047619,0.119047619047619,0.119047619047619,0.119047619047619,0.119047619047619,0.84375,0.84375,0.84375,0.84375,0.84375,0.84375,0.25,0.25,0.25,0.25,0.25,0.25,7.0,7.0,7.0,7.0,7.0,7.0,0.5,0.5,0.5,0.5,0.5,0.5,1.0,6.0,-5.0,21.0,32.0,-11.0,0.0476190476190476,0.8125,0.0,0.0,1.0,0,2,2,1,0,0,1,0,0,2,2.5,2.5,2.5,2.5,2.5,2.5,3.0,3.0,3.0,3.0,3.0,3.0,-0.5,-0.5,-0.5,-0.5,-0.5,-0.5,27.0,27.0,27.0,27.0,27.0,27.0,24.5,24.5,24.5,24.5,24.5,24.5,2.5,2.5,2.5,2.5,2.5,2.5,0.0906593406593406,0.0906593406593406,0.0906593406593406,0.0906593406593406,0.0906593406593406,0.0906593406593406,0.8770903010033444,0.8770903010033444,0.8770903010033444,0.8770903010033444,0.8770903010033444,0.8770903010033444,0.5,0.5,0.5,0.5,0.5,0.5,9.5,9.5,9.5,9.5,9.5,9.5,0.5,0.5,0.5,0.5,0.5,0.5,4.0,3.0,1.0,28.0,26.0,2.0,0.1428571428571428,0.8846153846153846,1.0,1.0,0.7083333333333333,0,1,2,0,0,1,0,1,0,0.0,0.0,0.0,0.0,0.0,0.0,1.5,1.5,1.5,1.5,1.5,1.5,-1.5,-1.5,-1.5,-1.5,-1.5,-1.5,-6.0,-6.0,-6.0,-6.0,-6.0,-6.0,3.5,3.5,3.5,3.5,3.5,3.5,-9.5,-9.5,-9.5,-9.5,-9.5,-9.5,0.0283882783882783,0.0283882783882783,0.0283882783882783,0.0283882783882783,0.0283882783882783,0.0283882783882783,-0.0333403010033444,-0.0333403010033444,-0.0333403010033444,-0.0333403010033444,-0.0333403010033444,-0.0333403010033444,-0.25,-0.25,-0.25,-0.25,-0.25,-0.25,-2.5,-2.5,-2.5,-2.5,-2.5,-2.5,0.0,0.0,0.0,0.0,0.0,0.0,-3.0,3.0,-6.0,-7.0,6.0,-13.0,-0.0952380952380952,-0.0721153846153845,-1.0,-1.0,0.2916666666666667,0,1,0,1,0,-1,1,-1,0
401803661,2026,2026-04-17 01:00:00+00:00,3,Calgary Flames,CGY,8,Los Angeles Kings,LA,3,1,4,2,1,81,2.0,2.0,2.5714285714285716,2.9,2.933333333333333,2.580246913580247,2.6666666666666665,3.0,3.4285714285714284,3.9,3.4,3.185185185185185,-0.6666666666666666,-1.0,-0.8571428571428571,-1.0,-0.4666666666666667,-0.6049382716049383,27.0,26.0,24.571428571428573,24.9,26.333333333333332,28.209876543209877,29.333333333333332,30.8,32.42857142857143,34.3,31.933333333333337,29.938271604938272,-2.3333333333333335,-4.8,-7.857142857142857,-9.4,-5.6,-1.728395061728395,0.0810693816771422,0.0855381807304233,0.1162935057165361,0.1267367883344088,0.1190290009768657,0.0951870705569659,0.8986978941606889,0.8925845901549503,0.8870756122309114,0.8846711431201886,0.8935023738017375,0.892109648962163,0.0,0.0666666666666666,0.0476190476190477,0.1,0.1156462585034013,0.1414786967418546,6.666666666666667,7.2,7.714285714285714,8.5,8.266666666666667,10.679012345679013,0.3333333333333333,0.2,0.2857142857142857,0.3,0.4666666666666667,0.4074074074074074,2.925,2.65,0.275,28.975,29.55,-0.575,0.1064261886221534,0.9092614288128658,0.1645363408521303,0.55,1.0,0,2,3,1,1,0,3,0,0,81,3.0,3.2,3.857142857142857,3.5,3.2,2.765432098765432,2.3333333333333335,2.0,3.0,2.8,2.933333333333333,3.0123456790123457,0.6666666666666666,1.2,0.8571428571428571,0.7,0.2666666666666666,-0.2469135802469135,28.333333333333332,27.8,30.285714285714285,30.7,29.733333333333334,28.012345679012345,28.333333333333332,28.2,27.857142857142858,26.6,26.533333333333335,27.25925925925926,0.0,-0.4,2.4285714285714284,4.1,3.2,0.7530864197530864,0.1008403361344538,0.1127020038784744,0.1228174486577848,0.1106424504454565,0.1053760685780726,0.1007471028877746,0.9163636363636364,0.9289149560117306,0.8853594223613198,0.8941563575576857,0.8884543378318644,0.8874327727943854,0.1666666666666666,0.1666666666666669,0.1000000000000001,0.1666666666666667,0.1858974358974358,0.197008547008547,7.333333333333333,5.6,6.571428571428571,9.2,7.333333333333333,8.234567901234568,0.6666666666666666,0.8,0.7142857142857143,0.7,0.5333333333333333,0.4320987654320987,2.9,2.9,0.0,27.425,26.65,0.775,0.1095144263717523,0.8906261735083929,0.1841666666666666,0.5,0.9583333333333331,0,2,3,1,1,3,0,3,0,-1.0,-1.2000000000000002,-1.2857142857142856,-0.6000000000000001,-0.266666666666667,-0.1851851851851851,0.333333333333333,1.0,0.4285714285714284,1.1,0.4666666666666668,0.1728395061728393,-1.3333333333333333,-2.2,-1.7142857142857142,-1.7,-0.7333333333333334,-0.3580246913580247,-1.333333333333332,-1.8000000000000007,-5.714285714285712,-5.800000000000001,-3.400000000000002,0.1975308641975317,1.0,2.6000000000000014,4.571428571428573,7.699999999999996,5.399999999999999,2.6790123456790127,-2.3333333333333335,-4.3999999999999995,-10.285714285714285,-13.5,-8.8,-2.4814814814814814,-0.0197709544573115,-0.0271638231480511,-0.0065239429412486,0.0160943378889523,0.0136529323987931,-0.0055600323308086,-0.0176657422029474,-0.0363303658567802,0.0017161898695915,-0.0094852144374971,0.005048035969873,0.0046768761677776,-0.1666666666666666,-0.1000000000000003,-0.0523809523809523,-0.0666666666666667,-0.0702511773940345,-0.0555298502666923,-0.6666666666666661,1.6000000000000003,1.1428571428571432,-0.6999999999999993,0.9333333333333343,2.4444444444444446,-0.3333333333333333,-0.6000000000000001,-0.4285714285714286,-0.3999999999999999,-0.0666666666666666,-0.0246913580246913,0.0249999999999999,-0.25,0.275,1.5500000000000007,2.900000000000002,-1.35,-0.0030882377495989,0.0186352553044728,-0.0196303258145363,0.05,0.0416666666666667,0,0,0,0,0,-3,3,-3,0
401803658,2026,2026-04-17 00:00:00+00:00,27,Nashville Predators,NSH,25,Anaheim Ducks,ANA,4,5,9,-1,0,81,1.6666666666666667,2.4,3.2857142857142856,2.8,3.2,3.0,2.6666666666666665,2.2,2.5714285714285716,2.9,2.6,3.259259259259259,-1.0,0.2,0.7142857142857143,-0.1,0.6,-0.2592592592592592,26.666666666666668,27.2,29.142857142857142,27.6,26.6,27.950617283950617,24.0,28.6,29.0,29.3,30.466666666666665,29.493827160493822,2.6666666666666665,-1.4,0.1428571428571428,-1.7,-3.8666666666666663,-1.5432098765432098,0.0652236652236652,0.0920374249406507,0.1119595052097085,0.1007546390990413,0.1263533904136555,0.110492692160845,0.8919875079295368,0.9137639333291512,0.9052137763317888,0.897102024384633,0.9107780074146892,0.8851938879455251,0.1666666666666671,0.2500000000000001,0.25,0.175,0.2722222222222222,0.2368312757201646,7.333333333333333,6.8,7.714285714285714,10.4,9.6,8.728395061728396,0.3333333333333333,0.4,0.5714285714285714,0.4,0.6,0.4691358024691358,3.075,3.175,-0.1,27.575,29.1,-1.525,0.1159072533054232,0.8896758387707896,0.2254166666666666,0.525,2.0,0,1,2,0,0,0,3,0,0,81,3.6666666666666665,2.8,2.7142857142857144,2.8,3.2666666666666666,3.308641975308642,2.6666666666666665,3.6,4.0,3.9,3.6,3.506172839506173,1.0,-0.8,-1.2857142857142858,-1.1,-0.3333333333333333,-0.1975308641975308,31.333333333333332,35.2,33.42857142857143,33.2,32.46666666666667,30.69135802469136,21.666666666666668,22.0,22.857142857142858,24.8,26.333333333333332,28.45679012345679,9.666666666666666,13.2,10.571428571428571,8.4,6.133333333333334,2.234567901234568,0.1217217217217217,0.0884176484176484,0.0875623585301004,0.0889451661225854,0.1055605354435209,0.1113796114503845,0.8811740890688259,0.8387044534412957,0.8280213607151641,0.8426088673079171,0.8608799126333023,0.8719637794194043,0.5,0.3666666666666668,0.261904761904762,0.24,0.2488888888888888,0.1685479129923574,7.333333333333333,6.4,7.571428571428571,9.3,10.2,9.975308641975309,0.3333333333333333,0.2,0.1428571428571428,0.2,0.4,0.5185185185185185,3.075,3.525,-0.45,30.2,29.825,0.375,0.1068597414759993,0.8779939517644403,0.13625,0.45,1.0,0,2,2,1,0,2,0,2,0,-2.0,-0.3999999999999999,0.5714285714285712,0.0,-0.0666666666666664,-0.308641975308642,0.0,-1.4,-1.4285714285714284,-1.0,-1.0,-0.2469135802469138,-2.0,1.0,2.0,1.0,0.9333333333333332,-0.0617283950617283,-4.666666666666664,-8.000000000000004,-4.285714285714288,-5.600000000000001,-5.866666666666667,-2.7407407407407405,2.333333333333332,6.600000000000001,6.142857142857142,4.5,4.133333333333333,1.0370370370370343,-7.0,-14.6,-10.428571428571429,-10.1,-10.0,-3.7777777777777777,-0.0564980564980565,0.0036197765230023,0.024397146679608,0.0118094729764558,0.0207928549701346,-0.0008869192895394,0.0108134188607109,0.0750594798878554,0.0771924156166247,0.0544931570767159,0.0498980947813867,0.0132301085261208,-0.3333333333333329,-0.1166666666666666,-0.0119047619047619,-0.0649999999999999,0.0233333333333333,0.0682833627278071,0.0,0.3999999999999994,0.1428571428571432,1.0999999999999996,-0.5999999999999996,-1.246913580246913,0.0,0.2,0.4285714285714285,0.2,0.1999999999999999,-0.0493827160493827,0.0,-0.3500000000000001,0.35,-2.625,-0.7249999999999979,-1.9,0.0090475118294238,0.0116818870063493,0.0891666666666666,0.075,1.0,0,-1,0,-1,0,-2,3,-2,0
