game_id,season,date,team_id,team,team_abbreviation,opponent_team_id,opponent,opponent_abbreviation,home,player_id,player,position,jersey,active,scratched,player_group,blocked_shots,hits,takeaways,plus_minus,time_on_ice,power_play_time_on_ice,shorthanded_time_on_ice,even_strength_time_on_ice,shifts,goals,season_goals,assists,shots_on_goal,shots_missed,faceoffs_won,faceoffs_lost,faceoff_pct,giveaways,penalties,penalty_minutes,points,player_games_played,shots_on_goal_last_5,shots_on_goal_last_10,shots_on_goal_season,shots_missed_last_5,shots_missed_last_10,shots_missed_season,goals_last_5,goals_last_10,goals_season,assists_last_5,assists_last_10,assists_season,points_last_5,points_last_10,points_season,time_on_ice_last_5,time_on_ice_last_10,time_on_ice_season,power_play_time_on_ice_last_5,power_play_time_on_ice_last_10,power_play_time_on_ice_season,even_strength_time_on_ice_last_5,even_strength_time_on_ice_last_10,even_strength_time_on_ice_season,shifts_last_5,shifts_last_10,shifts_season,days_since_last_game,days_rest,back_to_back,opponent_shots_against_last_5,opponent_shots_against_season,opponent_goals_against_last_5,opponent_goals_against_season,opponent_save_pct_last_5,opponent_save_pct_season,opponent_penalty_minutes_last_5,opponent_penalty_minutes_season,opponent_days_rest,opponent_back_to_back,toi_minutes_last_5,pp_toi_minutes_last_5,shots_per_60_last_5,pp_usage_share_last_5
401560092,2024,2024-02-18 23:00:00+00:00,24,Arizona Coyotes,ARI,17,Colorado Avalanche,COL,0,4392768,Adam Ruzicka,C,83,False,False,forwards,0,0,1,-1,401,2,0,399,11,0,3,0,0,0,2,4,33.3,0,2,6,0,41,0.2,0.5,0.8536585365853658,0.4,0.4,0.4146341463414634,0.0,0.0,0.073170731707317,0.0,0.0,0.1463414634146341,0.0,0.0,0.2195121951219512,551.4,556.7,606.5121951219512,41.0,63.3,92.8780487804878,510.4,493.4,513.6341463414634,13.6,13.6,14.51219512195122,3.8541666666666665,2.8541666666666665,0,33.0,29.47272727272728,4.6,3.2363636363636363,0.8582012503334301,0.8908984311011346,6.8,9.8,1.9583333333333333,0,9.19,0.6833333333333333,1.305767138193689,0.0743561842582517
401560228,2024,2024-03-08 02:00:00+00:00,24,Arizona Coyotes,ARI,30,Minnesota Wild,MIN,1,5146597,Patrik Koch,D,64,False,False,defenses,1,4,0,0,560,0,0,560,12,0,0,0,1,0,0,0,0.0,0,1,10,0,0,,,,,,,,,,,,,,,,,,,,,,,,,,,,,,0,26.6,30.12903225806452,3.4,3.3548387096774195,0.8651395289298518,0.8858246730923617,11.2,11.483870967741936,3.083333333333333,0,,,,
401560477,2024,2024-04-10 02:00:00+00:00,24,Arizona Coyotes,ARI,124292,Seattle Kraken,SEA,0,5103534,Maksymilian Szuber,D,55,False,False,defenses,1,2,1,-1,1019,0,8,1011,25,0,0,0,1,1,0,0,0.0,0,1,2,0,0,,,,,,,,,,,,,,,,,,,,,,,,,,,,,,0,24.6,29.25,2.6,2.881578947368421,0.8984223373481687,0.8980900661730821,12.8,8.171052631578947,3.0,0,,,,
401560533,2024,2024-04-18 02:00:00+00:00,24,Arizona Coyotes,ARI,6,Edmonton Oilers,EDM,1,4587602,Aku Raty,RW,85,False,False,forwards,0,2,0,0,705,0,0,705,17,0,0,1,0,0,0,0,0.0,0,0,0,1,0,,,,,,,,,,,,,,,,,,,,,,,,,,,,,,0,25.8,28.2,2.2,2.8375,0.9147619047619048,0.8962554390273271,4.8,9.6,1.0208333333333337,0,,,,
401891827,2027,2026-09-29 23:00:00+00:00,21,Toronto Maple Leafs,TOR,10,Montreal Canadiens,MTL,1,4063569,Zack MacEwen,C,19,True,False,forwards,0,0,0,0,325,0,0,325,9,0,0,0,0,0,0,0,0.0,0,0,0,0,0,1.4,1.2,,0.6,0.4,,0.0,0.0,,0.0,0.0,,0.0,0.0,,386.2,378.1,,0.0,0.0,,386.2,378.1,,9.4,9.5,,320.8541666666667,10.0,0,28.4,,2.8,,0.9023434343434346,,16.2,,10.0,0,6.4366666666666665,0.0,13.050233039875712,0.0
401891774,2027,2026-09-30 00:00:00+00:00,13,New York Rangers,NYR,1,Boston Bruins,BOS,0,4697820,Matt Rempe,C,73,True,False,forwards,0,6,0,0,589,0,0,589,12,0,0,0,1,0,0,0,0.0,0,0,0,0,0,0.4,0.4,,0.6,0.3,,0.0,0.0,,0.0,0.0,,0.0,0.0,,494.2,510.2,,0.2,0.1,,492.4,509.3,,11.6,11.6,,236.0,10.0,0,30.4,,2.4,,0.9297332434153835,,6.4,,10.0,0,8.236666666666666,0.0033333333333333,2.9138000809388918,0.0004046944556859
401891804,2027,2026-09-30 02:00:00+00:00,6,Edmonton Oilers,EDM,22,Vancouver Canucks,VAN,1,5509,Zach Hyman,LW,18,True,False,forwards,0,2,0,1,1233,304,0,929,25,0,0,0,3,0,0,0,0.0,0,0,0,0,0,1.4,1.7,,1.4,1.2,,0.4,0.4,,0.6,0.4,,1.0,0.8,,1073.0,1120.5,,189.6,189.7,,883.4,930.7,,21.0,21.0,,166.04166666666666,10.0,0,30.8,,3.8,,0.8763257738993033,,9.8,,10.0,0,17.883333333333333,3.16,4.697110904007456,0.1767008387698042
401891775,2027,2026-09-30 02:45:00+00:00,4,Chicago Blackhawks,CHI,37,Vegas Golden Knights,VGK,0,3149619,Andrew Mangiapane,LW,26,True,False,forwards,0,1,0,0,323,0,0,323,9,0,0,0,1,1,0,0,0.0,1,1,2,0,0,0.2,0.7,,0.6,0.6,,0.0,0.1,,0.2,0.1,,0.2,0.2,,669.0,713.5,,0.6,0.3,,662.6,707.2,,15.4,17.2,,171.23958333333334,10.0,0,24.4,,2.0,,0.9189888010540188,,5.2,,10.0,0,11.15,0.01,1.0762331838565022,0.000896860986547
401891821,2027,2026-09-30 23:30:00+00:00,16,Pittsburgh Penguins,PIT,15,Philadelphia Flyers,PHI,0,5075840,Elmer Soderblom,LW,25,True,False,forwards,0,2,1,0,759,0,110,649,16,0,0,0,0,1,0,0,0.0,0,0,0,0,0,0.8,1.2,,0.4,0.8,,0.4,0.4,,0.2,0.4,,0.6,0.8,,772.0,740.1,,2.2,3.3,,725.2,714.5,,16.0,16.5,,168.91666666666666,10.0,0,25.8,,2.4,,0.900800636145464,,7.2,,10.0,0,12.866666666666667,0.0366666666666666,3.730569948186528,0.0028497409326424
401891780,2027,2026-10-01 02:00:00+00:00,8,Los Angeles Kings,LA,17,Colorado Avalanche,COL,0,4997131,Andre Lee,LW,47,True,False,forwards,0,1,0,0,476,0,0,476,11,0,0,0,1,2,0,0,0.0,0,1,2,0,0,0.8,0.8,,0.4,0.4,,0.2,0.2,,0.2,0.1,,0.4,0.3,,619.2,571.3,,0.8,0.7,,618.4,570.6,,13.4,12.1,,255.95833333333331,10.0,0,28.4,,1.2,,0.9595105672969972,,5.6,,10.0,0,10.32,0.0133333333333333,4.651162790697675,0.0012919896640826
401891780,2027,2026-10-01 02:00:00+00:00,8,Los Angeles Kings,LA,17,Colorado Avalanche,COL,0,4874923,Samuel Helenius,C,79,True,False,forwards,0,3,0,0,419,0,0,419,10,0,0,0,1,0,1,4,20.0,0,0,0,0,0,0.2,0.7,,0.2,0.4,,0.0,0.1,,0.0,0.0,,0.0,0.1,,410.4,415.4,,0.0,0.8,,410.4,414.6,,12.0,11.8,,167.04166666666666,10.0,0,28.4,,1.2,,0.9595105672969972,,5.6,,10.0,0,6.84,0.0,1.7543859649122808,0.0
401891819,2027,2026-10-01 23:00:00+00:00,20,Tampa Bay Lightning,TB,13,New York Rangers,NYR,0,3900154,Jansen Harkins,C,10,False,False,forwards,0,5,0,-1,655,2,52,601,12,0,0,0,1,0,0,4,0.0,1,0,0,0,0,1.2,1.2,,0.4,0.2,,0.0,0.0,,0.0,0.2,,0.0,0.2,,374.0,450.6,,0.0,0.0,,374.0,450.6,,9.6,11.3,,190.875,10.0,0,23.2,23.0,3.0,3.0,0.8654201490558252,0.8695652173913043,7.8,2.0,0.9583333333333331,0,6.233333333333333,0.0,11.550802139037431,0.0
401891781,2027,2026-10-01 23:00:00+00:00,2,Buffalo Sabres,BUF,29,Columbus Blue Jackets,CBJ,0,3069448,Matt Grzelcyk,D,24,True,False,defenses,1,0,0,-1,867,0,66,801,22,0,0,0,0,0,0,0,0.0,0,0,0,0,0,0.8,0.7,,0.4,0.7,,0.0,0.0,,0.0,0.0,,0.0,0.0,,915.2,973.2,,0.0,4.7,,859.6,923.5,,19.2,20.6,,193.16666666666663,10.0,0,25.2,,3.0,,0.8776149526149528,,5.2,,10.0,0,15.253333333333334,0.0,3.1468531468531467,0.0
401891816,2027,2026-10-02 00:00:00+00:00,27,Nashville Predators,NSH,30,Minnesota Wild,MIN,1,5188493,Ryan Ufko,D,12,False,False,defenses,1,0,0,-1,927,174,0,753,18,0,0,0,1,0,0,0,0.0,1,0,0,0,0,1.0,0.6,,0.6,0.6,,0.0,0.0,,1.0,0.6,,1.0,0.6,,1007.4,880.6,,112.8,99.9,,877.8,772.3,,20.4,18.2,,168.0,10.0,0,25.6,,3.4,,0.8516471016471019,,10.8,,10.0,0,16.79,1.88,3.57355568790947,0.1119714115544967
401891777,2027,2026-10-02 01:00:00+00:00,124292,Seattle Kraken,SEA,3,Calgary Flames,CGY,0,4894747,Jacob Melanson,RW,63,True,False,forwards,1,2,0,0,571,5,29,537,15,0,0,0,1,1,0,0,0.0,0,1,2,0,0,1.4,1.0,,0.6,0.9,,0.0,0.1,,0.0,0.0,,0.0,0.1,,497.2,504.0,,0.0,0.5,,497.2,503.5,,12.2,12.3,,170.97916666666666,10.0,0,31.4,,2.4,,0.9174417330120932,,6.4,,10.0,0,8.286666666666667,0.0,10.136765888978278,0.0
401891777,2027,2026-10-02 01:00:00+00:00,124292,Seattle Kraken,SEA,3,Calgary Flames,CGY,0,4063504,Joshua Mahura,D,28,True,False,defenses,4,1,0,1,868,0,0,868,20,0,0,0,0,1,0,0,0.0,2,1,2,0,0,0.6,0.6,,0.8,0.5,,0.0,0.0,,0.2,0.1,,0.2,0.1,,1027.6,977.8,,0.0,0.0,,963.0,898.3,,20.8,20.2,,168.95833333333334,10.0,0,31.4,,2.4,,0.9174417330120932,,6.4,,10.0,0,17.126666666666665,0.0,2.1019852082522386,0.0
401891829,2027,2026-10-02 02:00:00+00:00,6,Edmonton Oilers,EDM,22,Vancouver Canucks,VAN,0,4697403,Shakir Mukhamadullin,D,85,True,False,defenses,2,0,0,-4,601,0,0,601,15,0,0,0,0,0,0,0,0.0,1,0,0,0,1,0.6,1.0,0.0,0.6,0.3,1.0,0.0,0.1,0.0,0.0,0.0,0.0,0.0,0.1,0.0,1099.8,1056.8,783.0,10.6,5.3,0.0,980.6,968.5,783.0,20.8,19.7,20.0,2.0,1.0,0,33.0,37.0,4.0,5.0,0.8800679776415071,0.8648648648648649,11.0,8.0,1.0,0,18.33,0.1766666666666666,1.9639934533551555,0.0096381160210947
401891823,2027,2026-10-02 02:00:00+00:00,26,Florida Panthers,FLA,18,San Jose Sharks,SJ,0,3041970,Aleksander Barkov,C,16,True,False,forwards,1,1,0,0,555,183,0,372,11,0,0,0,1,0,3,3,50.0,0,0,0,0,1,2.4,2.1,1.0,1.0,0.8,0.0,0.2,0.2,0.0,0.6,0.7,0.0,0.8,0.9,0.0,1075.2,1175.4,1232.0,139.8,179.9,378.0,884.6,939.4,715.0,23.4,24.0,26.0,2.208333333333333,1.2083333333333337,0,30.0,,3.6,,0.8771280165182607,,8.4,,10.0,0,17.92,2.33,8.035714285714285,0.1300223214285714
401891823,2027,2026-10-02 02:00:00+00:00,26,Florida Panthers,FLA,18,San Jose Sharks,SJ,0,3114717,Aaron Ekblad,D,5,True,False,defenses,0,0,0,-1,1293,212,223,858,28,0,0,1,0,1,0,0,0.0,1,0,0,1,1,1.6,1.4,0.0,1.2,1.0,1.0,0.2,0.1,0.0,0.0,0.0,0.0,0.2,0.1,0.0,1309.2,1304.2,1217.0,128.4,125.1,283.0,1002.8,1021.4,647.0,25.2,26.3,24.0,2.208333333333333,1.2083333333333337,0,30.0,,3.6,,0.8771280165182607,,8.4,,10.0,0,21.82,2.14,4.399633363886343,0.0980751604032997
401891803,2027,2026-10-02 22:30:00+00:00,5,Detroit Red Wings,DET,13,New York Rangers,NYR,1,5080152,Marco Kasper,C,92,True,False,forwards,0,1,0,0,650,57,49,544,16,0,0,0,4,0,10,3,76.9,0,1,5,0,0,1.6,1.6,,0.6,0.7,,0.2,0.1,,0.0,0.1,,0.2,0.2,,804.4,737.8,,36.2,19.1,,729.6,684.5,,18.0,17.1,,169.97916666666666,10.0,0,22.6,23.5,2.2,2.0,0.8941238527595289,0.9139492753623188,9.4,9.0,0.0,1,13.406666666666666,0.6033333333333334,7.160616608652412,0.0450024863252113
401892432,2027,2026-10-02 23:00:00+00:00,7,Carolina Hurricanes,CAR,23,Washington Capitals,WSH,1,5136605,Charles Alexis Legault,D,62,False,False,defenses,1,2,0,0,667,0,0,667,17,0,0,0,1,2,0,0,0.0,1,2,12,0,1,1.0,1.0,1.0,1.0,1.0,1.0,0.0,0.0,0.0,0.0,0.0,0.0,0.0,0.0,0.0,760.0,760.0,760.0,0.0,0.0,0.0,679.0,679.0,679.0,18.0,18.0,18.0,3.083333333333333,2.083333333333333,0,23.6,,2.4,,0.88982683982684,,7.0,,10.0,0,12.666666666666666,0.0,4.736842105263158,0.0
401892432,2027,2026-10-02 23:00:00+00:00,7,Carolina Hurricanes,CAR,23,Washington Capitals,WSH,1,5193,Nicolas Deslauriers,LW,44,True,False,forwards,0,7,0,-1,565,0,0,565,13,0,0,0,0,0,0,0,0.0,1,0,0,0,1,0.8,0.6,0.0,0.6,0.5,0.0,0.0,0.0,0.0,0.2,0.1,0.0,0.2,0.1,0.0,513.8,533.6,301.0,0.0,0.0,0.0,509.0,524.4,301.0,12.0,11.9,8.0,3.083333333333333,2.083333333333333,0,23.6,,2.4,,0.88982683982684,,7.0,,10.0,0,8.563333333333333,0.0,5.605293888672636,0.0
401891782,2027,2026-10-03 01:00:00+00:00,19,St. Louis Blues,STL,9,Dallas Stars,DAL,0,4392454,Alexey Toropchenko,RW,13,False,False,forwards,0,1,0,0,308,0,21,287,8,0,0,0,0,0,0,0,0.0,0,0,0,0,0,1.0,1.3,,0.6,0.3,,0.2,0.1,,0.4,0.2,,0.6,0.3,,770.4,695.8,,3.4,1.7,,673.2,608.4,,17.0,16.1,,169.0625,10.0,0,24.8,,3.0,,0.88215651135006,,10.6,,10.0,0,12.84,0.0566666666666666,4.672897196261682,0.0044132917964693
401892433,2027,2026-10-03 02:00:00+00:00,25,Anaheim Ducks,ANA,37,Vegas Golden Knights,VGK,0,3527554,Frank Vatrano,RW,77,True,False,forwards,0,0,0,-1,634,0,0,634,15,0,0,0,0,0,0,0,0.0,1,0,0,0,0,1.2,0.9,,1.0,0.8,,0.2,0.1,,0.0,0.0,,0.2,0.1,,598.8,582.1,,45.2,45.1,,540.0,510.3,,13.8,14.1,,171.08333333333334,10.0,0,27.4,26.0,2.2,2.0,0.9217860038512216,0.9230769230769232,5.2,4.0,1.96875,0,9.98,0.7533333333333334,7.214428857715431,0.0754843019372077
401892435,2027,2026-10-03 23:00:00+00:00,15,Philadelphia Flyers,PHI,7,Carolina Hurricanes,CAR,1,5188356,Alex Bump,LW,20,False,False,forwards,0,2,0,0,807,13,0,794,16,0,0,0,3,0,0,0,0.0,1,0,0,0,2,0.8,1.1,0.5,0.8,0.8,0.5,0.2,0.3,0.0,0.0,0.2,0.0,0.2,0.5,0.0,753.6,703.4,688.5,48.4,25.3,117.5,705.2,678.1,571.0,15.8,15.6,14.0,2.0,1.0,0,25.4,23.5,2.2,3.0,0.9128019323671502,0.8824074074074074,12.0,18.5,0.0,1,12.56,0.8066666666666666,3.821656050955414,0.0642250530785562
401892436,2027,2026-10-03 23:00:00+00:00,29,Columbus Blue Jackets,CBJ,129764,Utah Mammoth,UTA,1,2555315,Charlie Coyle,C,3,True,False,forwards,0,1,0,0,924,139,147,638,21,0,0,0,1,1,11,5,68.8,1,0,0,0,1,2.4,1.6,0.0,1.4,0.9,0.0,0.4,0.3,0.0,0.6,0.3,3.0,1.0,0.6,3.0,1205.0,1173.4,1144.0,249.8,192.3,148.0,799.0,841.4,796.0,23.0,23.3,26.0,2.0,1.0,0,24.0,15.0,3.2,0.0,0.8781484257871064,1.0,8.4,13.0,0.8958333333333333,0,20.08333333333333,4.163333333333333,7.170124481327801,0.2073029045643153
401892436,2027,2026-10-03 23:00:00+00:00,29,Columbus Blue Jackets,CBJ,129764,Utah Mammoth,UTA,1,5136617,Adam Fantilli,C,19,True,False,forwards,2,2,1,1,1231,164,47,1020,23,0,1,0,1,2,15,5,75.0,2,0,0,0,1,2.2,2.3,2.0,0.8,0.8,0.0,0.4,0.4,1.0,0.4,0.2,0.0,0.8,0.6,1.0,1176.2,1189.2,1048.0,227.6,183.8,144.0,944.6,1002.4,888.0,21.0,21.2,26.0,2.0,1.0,0,24.0,15.0,3.2,0.0,0.8781484257871064,1.0,8.4,13.0,0.8958333333333333,0,19.60333333333333,3.793333333333333,6.733548716204727,0.1935045060363883
401892436,2027,2026-10-03 23:00:00+00:00,29,Columbus Blue Jackets,CBJ,129764,Utah Mammoth,UTA,1,3042198,Carson Soucy,D,7,True,False,defenses,1,3,0,0,988,0,95,893,21,0,0,0,0,1,0,0,0.0,1,0,0,0,1,0.8,0.7,2.0,0.2,0.3,0.0,0.0,0.0,0.0,0.0,0.1,0.0,0.0,0.1,0.0,924.2,1013.9,1215.0,6.0,3.5,5.0,840.6,928.5,1097.0,21.6,24.6,29.0,2.0,1.0,0,24.0,15.0,3.2,0.0,0.8781484257871064,1.0,8.4,13.0,0.8958333333333333,0,15.403333333333334,0.1,3.1162086128543605,0.0064921012767799
401892436,2027,2026-10-03 23:00:00+00:00,29,Columbus Blue Jackets,CBJ,129764,Utah Mammoth,UTA,1,4874725,Cole Sillinger,C,4,True,False,forwards,0,0,1,0,801,0,17,784,18,0,1,0,2,1,0,0,0.0,1,0,0,0,1,2.0,1.6,3.0,1.2,1.0,2.0,0.2,0.1,1.0,0.0,0.0,0.0,0.2,0.1,1.0,868.0,889.4,921.0,2.8,6.1,0.0,829.0,854.6,855.0,18.8,19.4,22.0,2.0,1.0,0,24.0,15.0,3.2,0.0,0.8781484257871064,1.0,8.4,13.0,0.8958333333333333,0,14.466666666666669,0.0466666666666666,8.294930875576037,0.0032258064516129
401892436,2027,2026-10-03 23:00:00+00:00,29,Columbus Blue Jackets,CBJ,129764,Utah Mammoth,UTA,1,3939718,Conor Garland,RW,83,True,False,forwards,0,0,0,0,763,75,0,688,20,0,0,0,0,1,0,0,0.0,1,0,0,0,1,1.2,1.1,0.0,0.8,0.8,1.0,0.0,0.0,0.0,0.0,0.1,0.0,0.0,0.1,0.0,712.2,800.8,729.0,59.4,64.8,61.0,652.8,736.0,668.0,16.8,18.0,19.0,2.0,1.0,0,24.0,15.0,3.2,0.0,0.8781484257871064,1.0,8.4,13.0,0.8958333333333333,0,11.87,0.99,6.065711878685762,0.0834035383319292
401892436,2027,2026-10-03 23:00:00+00:00,29,Columbus Blue Jackets,CBJ,129764,Utah Mammoth,UTA,1,3151741,Danton Heinen,LW,58,True,False,forwards,0,0,0,0,685,0,80,605,17,0,0,0,0,2,3,4,42.9,0,0,0,0,1,0.8,0.9,2.0,0.8,0.6,1.0,0.0,0.1,0.0,0.6,0.3,0.0,0.6,0.4,0.0,702.8,731.5,731.0,0.0,0.0,0.0,667.4,710.5,626.0,16.6,15.9,17.0,2.0,1.0,0,24.0,15.0,3.2,0.0,0.8781484257871064,1.0,8.4,13.0,0.8958333333333333,0,11.713333333333331,0.0,4.097894137734775,0.0
401892436,2027,2026-10-03 23:00:00+00:00,29,Columbus Blue Jackets,CBJ,129764,Utah Mammoth,UTA,1,5080156,Denton Mateychuk,D,5,True,False,defenses,3,0,1,0,1687,63,34,1590,28,0,0,0,1,2,0,0,0.0,1,2,4,0,1,1.8,1.5,2.0,0.2,0.5,0.0,0.0,0.1,0.0,0.2,0.2,1.0,0.2,0.3,1.0,1236.0,1221.5,1648.0,55.8,60.8,65.0,1110.6,1104.6,1464.0,22.6,21.6,30.0,2.0,1.0,0,24.0,15.0,3.2,0.0,0.8781484257871064,1.0,8.4,13.0,0.8958333333333333,0,20.6,0.93,5.242718446601942,0.0451456310679611
401892436,2027,2026-10-03 23:00:00+00:00,29,Columbus Blue Jackets,CBJ,129764,Utah Mammoth,UTA,1,4915856,Dmitri Voronkov,LW,10,True,False,forwards,1,2,0,-1,770,101,0,669,16,0,0,0,1,1,0,1,0.0,0,1,2,0,1,0.4,0.8,0.0,0.4,0.3,0.0,0.0,0.0,0.0,0.2,0.1,1.0,0.2,0.1,1.0,536.4,570.2,644.0,68.2,40.7,62.0,468.2,529.5,582.0,11.4,12.0,14.0,2.0,1.0,0,24.0,15.0,3.2,0.0,0.8781484257871064,1.0,8.4,13.0,0.8958333333333333,0,8.94,1.1366666666666667,2.684563758389262,0.1271439224459359
401892435,2027,2026-10-03 23:00:00+00:00,15,Philadelphia Flyers,PHI,7,Carolina Hurricanes,CAR,1,3041999,Rasmus Ristolainen,D,55,True,False,defenses,2,1,0,0,866,2,63,801,17,0,1,0,0,0,0,0,0.0,1,0,0,0,2,1.4,1.1,2.0,0.8,0.9,1.5,0.2,0.1,0.5,0.4,0.4,0.0,0.6,0.5,0.5,1250.8,1322.4,1212.0,81.2,113.0,6.5,1064.0,1109.8,1043.0,26.8,27.4,28.0,2.0,1.0,0,25.4,23.5,2.2,3.0,0.9128019323671502,0.8824074074074074,12.0,18.5,0.0,1,20.846666666666668,1.3533333333333333,4.029421170450911,0.064918452190598
401892436,2027,2026-10-03 23:00:00+00:00,29,Columbus Blue Jackets,CBJ,129764,Utah Mammoth,UTA,1,4697457,Emil Andrae,D,36,True,False,defenses,3,0,0,1,823,0,0,823,16,0,0,0,0,0,0,0,0.0,2,1,2,0,1,0.2,0.4,0.0,0.2,0.2,0.0,0.0,0.0,0.0,0.2,0.1,1.0,0.2,0.1,1.0,927.6,839.1,937.0,11.0,5.5,0.0,891.4,820.8,937.0,20.8,18.7,19.0,2.0,1.0,0,24.0,15.0,3.2,0.0,0.8781484257871064,1.0,8.4,13.0,0.8958333333333333,0,15.46,0.1833333333333333,0.7761966364812419,0.0118585597240189
401892436,2027,2026-10-03 23:00:00+00:00,29,Columbus Blue Jackets,CBJ,129764,Utah Mammoth,UTA,1,5503,Erik Gudbranson,D,44,True,False,defenses,3,3,0,-1,995,1,164,830,20,0,0,0,0,0,0,0,0.0,4,0,0,0,1,0.6,0.7,0.0,0.6,0.5,1.0,0.0,0.0,0.0,0.0,0.0,0.0,0.0,0.0,0.0,1033.2,1049.2,1064.0,0.6,0.5,3.0,843.8,883.1,760.0,20.4,19.4,21.0,2.0,1.0,0,24.0,15.0,3.2,0.0,0.8781484257871064,1.0,8.4,13.0,0.8958333333333333,0,17.220000000000002,0.01,2.090592334494773,0.0005807200929152
401892436,2027,2026-10-03 23:00:00+00:00,29,Columbus Blue Jackets,CBJ,129764,Utah Mammoth,UTA,1,4781553,Kent Johnson,C,91,True,False,forwards,1,0,0,1,1034,162,0,872,21,1,1,0,5,1,0,1,0.0,3,0,0,1,1,1.4,0.8,1.0,0.6,0.7,0.0,0.0,0.0,0.0,0.4,0.2,1.0,0.4,0.2,1.0,710.2,688.3,893.0,85.6,90.0,143.0,624.6,598.3,750.0,16.0,15.0,22.0,2.0,1.0,0,24.0,15.0,3.2,0.0,0.8781484257871064,1.0,8.4,13.0,0.8958333333333333,0,11.836666666666668,1.4266666666666663,7.096592509152351,0.1205294283300478
401892436,2027,2026-10-03 23:00:00+00:00,29,Columbus Blue Jackets,CBJ,129764,Utah Mammoth,UTA,1,4392782,Jake Christiansen,D,2,True,False,defenses,1,1,0,0,587,0,41,546,13,0,0,0,0,0,0,0,0.0,1,0,0,0,1,0.4,0.5,0.0,0.2,0.3,1.0,0.0,0.0,0.0,0.2,0.1,0.0,0.2,0.1,0.0,443.8,541.8,425.0,0.0,0.0,0.0,443.8,537.7,425.0,9.6,11.8,11.0,2.0,1.0,0,24.0,15.0,3.2,0.0,0.8781484257871064,1.0,8.4,13.0,0.8958333333333333,0,7.396666666666666,0.0,3.244704821991889,0.0
401892436,2027,2026-10-03 23:00:00+00:00,29,Columbus Blue Jackets,CBJ,129764,Utah Mammoth,UTA,1,4064781,Mathieu Olivier,RW,24,True,False,forwards,0,4,0,0,923,0,110,813,19,0,1,0,1,2,0,0,0.0,0,0,0,0,1,2.4,2.2,3.0,0.6,0.8,0.0,0.4,0.4,1.0,0.0,0.1,0.0,0.4,0.5,1.0,753.8,782.1,872.0,2.4,1.4,0.0,733.8,755.8,800.0,16.2,17.3,21.0,2.0,1.0,0,24.0,15.0,3.2,0.0,0.8781484257871064,1.0,8.4,13.0,0.8958333333333333,0,12.563333333333333,0.04,11.461926240382065,0.0031838684001061
401892436,2027,2026-10-03 23:00:00+00:00,29,Columbus Blue Jackets,CBJ,129764,Utah Mammoth,UTA,1,4874919,Matthew Knies,LW,89,True,False,forwards,1,1,1,1,1064,166,0,898,22,0,2,1,1,0,0,1,0.0,0,0,0,1,1,1.4,1.3,4.0,0.6,0.7,0.0,0.4,0.5,2.0,0.6,0.5,1.0,1.0,1.0,3.0,1052.4,1065.5,966.0,100.0,130.0,141.0,859.6,831.9,823.0,21.2,21.4,24.0,2.0,1.0,0,24.0,15.0,3.2,0.0,0.8781484257871064,1.0,8.4,13.0,0.8958333333333333,0,17.540000000000003,1.6666666666666667,4.789053591790193,0.0950209045990117
401892436,2027,2026-10-03 23:00:00+00:00,29,Columbus Blue Jackets,CBJ,129764,Utah Mammoth,UTA,1,3942548,Ryan Lomberg,LW,94,True,False,forwards,0,3,1,0,546,0,0,546,14,0,0,0,2,0,0,0,0.0,0,0,0,0,1,1.0,0.6,0.0,0.8,1.0,1.0,0.0,0.1,0.0,0.0,0.1,0.0,0.0,0.2,0.0,563.6,582.2,561.0,1.8,0.9,0.0,561.8,581.3,561.0,13.6,13.6,14.0,2.0,1.0,0,24.0,15.0,3.2,0.0,0.8781484257871064,1.0,8.4,13.0,0.8958333333333333,0,9.393333333333334,0.03,6.387508871540098,0.00319375443577
401892436,2027,2026-10-03 23:00:00+00:00,29,Columbus Blue Jackets,CBJ,129764,Utah Mammoth,UTA,1,3041996,Sean Monahan,C,23,True,False,forwards,0,1,2,-1,1013,77,82,854,23,0,1,0,1,1,6,10,37.5,0,0,0,0,1,1.6,1.6,1.0,0.6,0.7,0.0,0.4,0.2,1.0,0.0,0.0,0.0,0.4,0.2,1.0,911.2,960.5,931.0,77.8,74.1,63.0,729.0,779.1,732.0,20.4,21.3,24.0,2.0,1.0,0,24.0,15.0,3.2,0.0,0.8781484257871064,1.0,8.4,13.0,0.8958333333333333,0,15.186666666666667,1.2966666666666666,6.321334503950834,0.0853819139596136
401892436,2027,2026-10-03 23:00:00+00:00,29,Columbus Blue Jackets,CBJ,129764,Utah Mammoth,UTA,1,3042003,Valeri Nichushkin,RW,43,True,False,forwards,2,0,1,-1,1007,75,28,904,21,0,0,0,2,0,0,0,0.0,3,0,0,0,1,0.8,1.9,0.0,1.0,0.7,0.0,0.0,0.2,0.0,0.6,0.6,1.0,0.6,0.8,1.0,995.0,960.7,945.0,97.6,67.7,60.0,806.8,808.3,814.0,22.2,21.4,22.0,2.0,1.0,0,24.0,15.0,3.2,0.0,0.8781484257871064,1.0,8.4,13.0,0.8958333333333333,0,16.583333333333332,1.6266666666666665,2.8944723618090453,0.0980904522613065
401892436,2027,2026-10-03 23:00:00+00:00,29,Columbus Blue Jackets,CBJ,129764,Utah Mammoth,UTA,1,3899972,Zach Werenski,D,8,True,False,defenses,5,0,0,0,1903,177,179,1547,32,0,0,0,1,0,0,0,0.0,3,0,0,0,1,4.6,3.4,3.0,1.6,1.8,1.0,0.0,0.1,0.0,0.6,0.5,2.0,0.6,0.6,2.0,1676.0,1682.5,1726.0,258.4,218.3,145.0,1351.8,1413.1,1322.0,26.4,26.1,32.0,2.0,1.0,0,24.0,15.0,3.2,0.0,0.8781484257871064,1.0,8.4,13.0,0.8958333333333333,0,27.933333333333334,4.306666666666667,9.88066825775656,0.1541766109785202
401892437,2027,2026-10-03 23:00:00+00:00,6,Edmonton Oilers,EDM,124292,Seattle Kraken,SEA,1,4874940,Colton Dach,C,34,True,False,forwards,2,4,0,0,753,96,36,621,25,0,0,0,1,2,4,3,57.1,0,1,2,0,2,1.4,1.0,2.0,1.6,1.5,1.0,0.2,0.2,0.0,0.2,0.2,0.0,0.4,0.4,0.0,792.8,652.4,827.5,19.8,9.9,49.5,754.6,633.3,732.0,18.6,15.2,22.0,1.875,0.875,0,28.6,25.0,2.6,1.0,0.9090614570614572,0.96,6.2,4.0,0.9166666666666669,0,13.213333333333331,0.33,6.357214934409687,0.0249747729566094
401891822,2027,2026-10-03 23:00:00+00:00,10,Montreal Canadiens,MTL,16,Pittsburgh Penguins,PIT,0,5216860,Ivan Demidov,RW,93,True,False,forwards,0,1,0,1,963,178,0,785,20,1,1,1,3,1,0,0,0.0,1,0,0,2,1,1.6,2.1,1.0,1.8,1.7,1.0,0.2,0.3,0.0,0.0,0.2,0.0,0.2,0.5,0.0,974.6,1001.7,911.0,254.4,262.0,143.0,720.2,739.7,768.0,17.0,18.1,19.0,4.0,3.0,0,26.0,19.0,3.6,0.0,0.8760688684075785,1.0,4.4,8.0,1.9791666666666663,0,16.243333333333332,4.24,5.910116971065054,0.2610301662220398
401891776,2027,2026-10-03 23:00:00+00:00,2,Buffalo Sabres,BUF,4,Chicago Blackhawks,CHI,1,5474,Sam Carrick,C,10,True,False,forwards,0,2,0,0,440,0,0,440,13,0,0,0,1,1,3,1,75.0,0,0,0,0,1,0.6,1.3,0.0,0.8,0.7,1.0,0.0,0.3,0.0,0.0,0.1,0.0,0.0,0.4,0.0,510.4,649.1,463.0,0.0,0.0,0.0,477.8,585.7,441.0,15.4,17.8,17.0,2.0,1.0,0,28.0,34.5,4.6,5.5,0.8377677370324431,0.8386824324324325,6.6,9.5,0.8958333333333333,0,8.506666666666666,0.0,4.231974921630094,0.0
401891776,2027,2026-10-03 23:00:00+00:00,4,Chicago Blackhawks,CHI,2,Buffalo Sabres,BUF,0,4894726,Ethan Del Mastro,D,38,True,False,defenses,2,2,0,-2,901,0,5,896,18,0,0,0,0,1,0,0,0.0,0,0,0,0,0,1.2,1.0,,0.4,0.6,,0.0,0.0,,0.2,0.1,,0.2,0.1,,922.8,943.1,,0.0,0.0,,850.2,874.0,,19.0,19.2,,170.9375,10.0,0,24.8,23.0,2.8,6.0,0.8767546583850934,0.7391304347826086,8.2,11.0,1.0,0,15.38,0.0,4.681404421326398,0.0
401891776,2027,2026-10-03 23:00:00+00:00,4,Chicago Blackhawks,CHI,2,Buffalo Sabres,BUF,0,5080148,Kevin Korchinski,D,14,True,False,defenses,0,0,0,-2,681,12,0,669,17,0,0,0,2,0,0,0,0.0,1,0,0,0,0,0.6,0.5,,0.0,0.3,,0.0,0.0,,0.0,0.1,,0.0,0.1,,950.8,845.6,,0.0,0.0,,940.4,840.4,,19.6,18.3,,170.9375,10.0,0,24.8,23.0,2.8,6.0,0.8767546583850934,0.7391304347826086,8.2,11.0,1.0,0,15.846666666666666,0.0,2.2717711400925538,0.0
401891822,2027,2026-10-03 23:00:00+00:00,16,Pittsburgh Penguins,PIT,10,Montreal Canadiens,MTL,1,4588331,Filip Hallander,C,11,True,False,forwards,1,0,0,0,579,0,65,514,17,0,1,0,0,1,0,0,0.0,0,0,0,0,1,2.0,1.9,3.0,1.6,1.2,1.0,0.2,0.1,1.0,0.6,0.4,2.0,0.8,0.5,3.0,803.6,812.4,655.0,12.0,20.1,0.0,727.6,732.1,508.0,18.6,18.4,16.0,2.9791666666666665,1.9791666666666663,0,27.4,28.0,2.6,2.0,0.9062395382395384,0.9285714285714286,17.0,8.0,3.0,0,13.393333333333334,0.2,8.95968143354903,0.0149328023892483
401891826,2027,2026-10-03 23:00:00+00:00,23,Washington Capitals,WSH,20,Tampa Bay Lightning,TB,0,3942924,Matt Roy,D,3,True,False,defenses,0,2,1,0,862,0,134,728,16,0,0,0,0,1,0,0,0.0,2,0,0,0,1,0.4,0.6,0.0,0.4,0.6,0.0,0.0,0.0,0.0,0.0,0.2,0.0,0.0,0.2,0.0,1214.8,1181.4,1349.0,3.2,2.4,0.0,1032.4,989.0,894.0,21.8,22.3,25.0,1.0,0.0,1,23.6,25.0,3.0,5.0,0.8733333333333334,0.8,19.4,6.0,1.0,0,20.246666666666663,0.0533333333333333,1.1853803095159698,0.002634178465591
401892434,2027,2026-10-03 23:00:00+00:00,14,Ottawa Senators,OTT,21,Toronto Maple Leafs,TOR,0,4697386,Jake Sanderson,D,85,True,False,defenses,1,1,0,0,269,0,0,269,6,0,0,0,0,0,0,0,0.0,0,0,0,0,0,2.8,2.8,,2.0,1.8,,0.6,0.3,,0.6,0.5,,1.2,0.8,,1510.0,1428.0,,163.4,165.5,,1163.0,1115.1,,28.8,29.0,,175.25,10.0,0,29.2,25.5,3.8,2.0,0.8663031189083824,0.9189814814814816,6.0,8.0,1.9791666666666663,0,25.166666666666668,2.7233333333333336,6.67549668874172,0.1082119205298013
401891826,2027,2026-10-03 23:00:00+00:00,20,Tampa Bay Lightning,TB,23,Washington Capitals,WSH,1,5146599,Emil Lilleberg,D,78,True,False,defenses,0,3,1,0,630,0,39,591,15,0,0,0,1,0,0,0,0.0,1,1,5,0,0,1.0,0.7,,0.2,0.5,,0.2,0.1,,0.2,0.2,,0.4,0.3,,1138.0,1132.6,,3.6,1.8,,1004.2,998.1,,23.2,23.5,,171.0,10.0,0,23.6,33.0,1.2,2.0,0.9261904761904762,0.9393939393939394,5.6,16.0,0.0,1,18.966666666666665,0.06,3.163444639718805,0.0031634446397188
401891818,2027,2026-10-03 23:30:00+00:00,11,New Jersey Devils,NJ,12,New York Islanders,NYI,0,2562623,Stefan Noesen,RW,11,True,False,forwards,0,0,0,-2,528,46,0,482,13,0,0,0,2,0,0,0,0.0,0,0,0,0,1,1.0,1.2,0.0,0.4,0.3,0.0,0.0,0.0,0.0,0.0,0.1,0.0,0.0,0.1,0.0,621.0,612.7,360.0,130.2,113.8,9.0,490.8,498.9,351.0,15.2,14.3,10.0,2.020833333333333,1.0208333333333337,0,20.2,26.0,2.8,2.0,0.8542041292041296,0.9230769230769232,6.6,8.0,2.0,0,10.35,2.17,5.797101449275362,0.2096618357487922
401891814,2027,2026-10-04 00:00:00+00:00,1,Boston Bruins,BOS,30,Minnesota Wild,MIN,0,4392308,Jonathan Aspirot,D,45,True,False,defenses,2,1,0,0,996,0,21,975,18,0,0,0,1,1,0,0,0.0,1,0,0,0,2,1.6,1.2,1.5,1.2,1.3,1.0,0.0,0.0,0.0,0.0,0.1,0.0,0.0,0.1,0.0,1064.6,1047.0,999.0,1.6,2.1,4.0,1009.8,1001.2,972.5,21.8,21.2,22.5,1.0,0.0,1,24.2,20.0,3.2,1.0,0.8564619164619168,0.95,9.8,8.0,1.0,0,17.743333333333332,0.0266666666666666,5.410482810445238,0.0015029118917903
401891814,2027,2026-10-04 00:00:00+00:00,1,Boston Bruins,BOS,30,Minnesota Wild,MIN,0,2564154,Sean Kuraly,C,52,True,False,forwards,1,0,0,0,636,0,21,615,13,0,0,0,3,0,5,3,62.5,1,0,0,0,2,1.4,1.5,1.5,0.6,0.6,1.0,0.2,0.1,0.0,0.8,0.4,0.0,1.0,0.5,0.0,862.4,788.3,781.5,0.0,4.4,0.0,782.4,681.5,728.5,16.8,16.2,15.0,1.0,0.0,1,24.2,20.0,3.2,1.0,0.8564619164619168,0.95,9.8,8.0,1.0,0,14.373333333333331,0.0,5.844155844155844,0.0
401892439,2027,2026-10-04 01:00:00+00:00,19,St. Louis Blues,STL,17,Colorado Avalanche,COL,0,4874747,Zach Dean,C,52,True,False,forwards,0,2,0,-2,757,5,0,752,21,0,0,0,0,0,2,4,33.3,0,2,4,0,0,1.6,1.1111111111111112,,0.6,0.6666666666666666,,0.0,0.0,,0.0,0.0,,0.0,0.0,,716.2,633.2222222222222,,0.0,0.0,,682.6,603.2222222222222,,15.0,13.444444444444445,,898.9791666666666,10.0,0,28.8,31.0,1.8,4.0,0.940600667408232,0.8709677419354839,7.4,13.0,1.9583333333333333,0,11.936666666666667,0.0,8.042446244065903,0.0
401892441,2027,2026-10-04 02:00:00+00:00,18,San Jose Sharks,SJ,8,Los Angeles Kings,LA,1,4874749,Nolan Allan,D,5,True,False,defenses,1,0,0,0,960,0,103,857,20,1,1,0,2,0,0,0,0.0,1,1,2,1,1,0.6,0.7,1.0,0.6,0.4,2.0,0.0,0.0,0.0,0.0,0.2,0.0,0.0,0.2,0.0,928.8,939.3,1244.0,0.0,0.0,0.0,790.2,833.2,890.0,18.2,18.5,27.0,2.0,1.0,0,26.8,29.0,3.6,8.0,0.8646457680250788,0.7241379310344828,9.0,15.0,2.0,0,15.48,0.0,2.3255813953488373,0.0
401892441,2027,2026-10-04 02:00:00+00:00,18,San Jose Sharks,SJ,8,Los Angeles Kings,LA,1,5206628,Macklin Celebrini,C,71,True,False,forwards,2,0,1,1,1302,186,0,1116,23,0,0,2,2,0,9,9,50.0,4,1,2,2,1,4.0,3.7,7.0,1.2,1.3,2.0,0.6,0.5,0.0,1.4,0.8,3.0,2.0,1.3,3.0,1180.0,1255.3,1377.0,189.8,183.7,319.0,961.6,1056.4,932.0,21.4,20.9,25.0,2.0,1.0,0,26.8,29.0,3.6,8.0,0.8646457680250788,0.7241379310344828,9.0,15.0,2.0,0,19.666666666666668,3.1633333333333336,12.203389830508474,0.1608474576271186
401892440,2027,2026-10-04 02:00:00+00:00,3,Calgary Flames,CGY,22,Vancouver Canucks,VAN,0,3149612,Joel Hanley,D,44,True,False,defenses,3,1,0,-2,978,0,182,796,24,0,0,0,0,1,0,0,0.0,2,0,0,0,0,1.2,0.9,,0.4,0.4,,0.0,0.0,,0.0,0.0,,0.0,0.0,,912.2,961.4,,0.0,0.0,,854.0,894.9,,21.8,22.7,,191.04166666666663,10.0,0,32.8,34.0,5.2,7.0,0.840753461512475,0.7872711421098518,12.2,9.0,1.0,0,15.203333333333337,0.0,4.735803551852663,0.0
401892440,2027,2026-10-04 02:00:00+00:00,3,Calgary Flames,CGY,22,Vancouver Canucks,VAN,0,4874733,Brennan Othmann,LW,78,True,False,forwards,1,3,0,0,630,51,0,579,16,0,0,0,1,0,0,0,0.0,3,0,0,0,0,0.6,0.7,,0.4,0.2,,0.2,0.1,,0.2,0.1,,0.4,0.2,,621.6,627.5,,46.4,28.1,,568.0,595.8,,15.8,15.5,,187.0625,10.0,0,32.8,34.0,5.2,7.0,0.840753461512475,0.7872711421098518,12.2,9.0,1.0,0,10.36,0.7733333333333333,3.474903474903474,0.0746460746460746
401892442,2027,2026-10-04 17:00:00+00:00,28,Winnipeg Jets,WPG,5,Detroit Red Wings,DET,0,5511,Nino Niederreiter,RW,62,True,False,forwards,0,0,0,0,675,122,0,553,14,0,0,0,0,0,0,0,0.0,1,0,0,0,1,1.6,1.3,0.0,0.6,0.5,0.0,0.0,0.0,0.0,0.0,0.0,0.0,0.0,0.0,0.0,773.2,755.6,737.0,96.2,79.0,38.0,677.0,676.6,699.0,16.2,16.6,13.0,1.7083333333333333,0.7083333333333333,0,26.2,21.0,4.4,2.0,0.8349206349206352,0.9047619047619048,7.0,15.0,0.7708333333333333,0,12.886666666666668,1.6033333333333333,7.449560269011899,0.1244180031039834
401892442,2027,2026-10-04 17:00:00+00:00,28,Winnipeg Jets,WPG,5,Detroit Red Wings,DET,0,4697648,Tyrel Bauer,D,77,True,False,defenses,2,2,0,0,515,0,0,515,14,0,0,0,0,1,0,0,0.0,0,1,5,0,1,0.0,0.0,0.0,0.0,0.0,0.0,0.0,0.0,0.0,0.0,0.0,0.0,0.0,0.0,0.0,358.0,358.0,358.0,0.0,0.0,0.0,358.0,358.0,358.0,13.0,13.0,13.0,1.7083333333333333,0.7083333333333333,0,26.2,21.0,4.4,2.0,0.8349206349206352,0.9047619047619048,7.0,15.0,0.7708333333333333,0,5.966666666666667,0.0,0.0,0.0
401892442,2027,2026-10-04 17:00:00+00:00,5,Detroit Red Wings,DET,28,Winnipeg Jets,WPG,1,3041995,J.T. Compher,LW,37,True,False,forwards,0,1,1,0,771,0,104,667,17,0,0,0,2,1,3,7,30.0,0,1,2,0,1,0.6,1.1,1.0,0.6,0.8,0.0,0.0,0.1,0.0,0.4,0.3,0.0,0.4,0.4,0.0,945.8,971.3,988.0,17.8,11.6,3.0,815.2,847.6,785.0,20.8,21.3,22.0,1.7708333333333333,0.7708333333333333,0,32.0,30.0,5.6,4.0,0.816743406606107,0.8666666666666667,10.2,11.0,0.7083333333333333,0,15.763333333333332,0.2966666666666667,2.2837809262000426,0.0188200465214633
401892442,2027,2026-10-04 17:00:00+00:00,5,Detroit Red Wings,DET,28,Winnipeg Jets,WPG,1,3114997,Andreas Englund,D,24,True,False,defenses,0,3,0,0,435,0,0,435,10,0,0,0,0,0,0,0,0.0,1,0,0,0,0,0.4,0.2,,0.0,0.1,,0.0,0.0,,0.2,0.1,,0.2,0.1,,683.8,740.5,,0.0,0.0,,673.6,725.3,,16.2,17.4,,243.66666666666663,10.0,0,32.0,30.0,5.6,4.0,0.816743406606107,0.8666666666666667,10.2,11.0,0.7083333333333333,0,11.396666666666668,0.0,2.105878911962562,0.0
401892442,2027,2026-10-04 17:00:00+00:00,5,Detroit Red Wings,DET,28,Winnipeg Jets,WPG,1,3942043,Mason Appleton,C,22,True,False,forwards,0,2,0,0,563,0,58,505,16,0,0,0,0,0,0,1,0.0,1,0,0,0,1,0.6,0.9,1.0,0.2,0.2,0.0,0.2,0.1,0.0,0.0,0.0,0.0,0.2,0.1,0.0,752.6,731.4,618.0,0.0,2.5,0.0,680.8,663.9,440.0,18.0,17.0,17.0,1.7708333333333333,0.7708333333333333,0,32.0,30.0,5.6,4.0,0.816743406606107,0.8666666666666667,10.2,11.0,0.7083333333333333,0,12.543333333333331,0.0,2.8700504916290197,0.0
401892443,2027,2026-10-04 22:00:00+00:00,13,New York Rangers,NYR,129764,Utah Mammoth,UTA,1,4352804,Joe Veleno,C,90,True,False,forwards,0,0,0,0,133,0,52,81,3,0,0,0,1,0,0,0,0.0,0,0,0,0,3,0.4,0.5,0.3333333333333333,0.2,0.3,0.3333333333333333,0.0,0.0,0.0,0.2,0.1,0.0,0.2,0.1,0.0,817.8,751.7,885.3333333333334,0.0,0.0,0.0,660.4,594.9,688.6666666666666,18.4,16.3,21.0,1.9791666666666667,0.9791666666666669,0,22.0,17.0,2.6,0.5,0.8952083168941846,0.9736842105263158,7.0,8.5,0.0,1,13.63,0.0,1.760821716801174,0.0
401891824,2027,2026-10-05 00:00:00+00:00,3,Calgary Flames,CGY,124292,Seattle Kraken,SEA,0,5212753,Maxim Tsyplakov,RW,72,True,False,forwards,0,3,0,-3,739,0,0,739,17,0,0,0,0,2,0,0,0.0,0,0,0,0,2,0.4,0.7,0.5,1.0,0.8,1.0,0.0,0.0,0.0,0.0,0.0,0.0,0.0,0.0,0.0,610.4,542.5,718.5,20.6,11.1,51.5,589.8,531.4,667.0,12.8,11.6,16.0,0.9166666666666666,0.0,1,28.4,25.5,3.0,2.0,0.8933919413919416,0.9223076923076924,10.8,14.5,0.0416666666666667,1,10.173333333333334,0.3433333333333334,2.3591087811271296,0.0337483617300131
401891824,2027,2026-10-05 00:00:00+00:00,124292,Seattle Kraken,SEA,3,Calgary Flames,CGY,1,5103811,Ville Ottavainen,D,46,True,False,defenses,1,0,0,2,951,0,0,951,22,0,0,0,0,0,0,0,0.0,1,1,2,0,0,1.0,1.0,,1.0,1.0,,0.0,0.0,,1.0,1.0,,1.0,1.0,,864.0,864.0,,0.0,0.0,,864.0,864.0,,16.0,16.0,,536.8958333333334,10.0,0,30.6,29.0,3.0,5.0,0.9019018866795638,0.8293269230769231,13.8,24.5,0.0,1,14.4,0.0,4.166666666666667,0.0
401891824,2027,2026-10-05 00:00:00+00:00,3,Calgary Flames,CGY,124292,Seattle Kraken,SEA,0,4697407,Connor Zary,C,47,False,False,forwards,0,1,0,-1,836,5,0,831,17,0,0,0,1,0,0,2,0.0,1,0,0,0,1,2.4,1.6,1.0,0.4,0.4,2.0,0.2,0.2,0.0,0.2,0.1,1.0,0.4,0.3,1.0,829.4,810.3,799.0,93.4,92.6,52.0,736.0,717.7,747.0,18.0,18.0,16.0,2.958333333333333,1.9583333333333333,0,28.4,25.5,3.0,2.0,0.8933919413919416,0.9223076923076924,10.8,14.5,0.0416666666666667,1,13.823333333333332,1.5566666666666669,10.417169037858692,0.1126115264046298
401891824,2027,2026-10-05 00:00:00+00:00,124292,Seattle Kraken,SEA,3,Calgary Flames,CGY,1,4331586,Curtis Douglas,C,42,True,False,forwards,2,5,0,0,466,0,0,466,13,0,0,0,1,0,0,0,0.0,0,0,0,0,1,0.2,0.7,0.0,0.6,0.6,0.0,0.2,0.1,0.0,0.2,0.1,0.0,0.4,0.2,0.0,496.6,468.2,358.0,0.0,0.0,0.0,496.6,466.1,358.0,12.8,12.1,9.0,2.958333333333333,1.9583333333333333,0,30.6,29.0,3.0,5.0,0.9019018866795638,0.8293269230769231,13.8,24.5,0.0,1,8.276666666666667,0.0,1.449859041482078,0.0
401891778,2027,2026-10-05 00:00:00+00:00,25,Anaheim Ducks,ANA,26,Florida Panthers,FLA,1,4697441,Sam Colangelo,RW,12,True,False,forwards,1,3,0,0,624,0,0,624,17,0,0,0,0,1,0,0,0.0,0,0,0,0,0,1.0,0.7,,0.0,0.5,,0.0,0.1,,0.0,0.0,,0.0,0.1,,570.2,631.2,,30.2,28.8,,540.0,602.4,,14.2,15.3,,247.875,10.0,0,23.8,23.5,1.8,2.0,0.9314402459139306,0.9375,10.2,17.5,1.9166666666666663,0,9.503333333333334,0.5033333333333333,6.313574184496667,0.0529638723254998
401892444,2027,2026-10-05 01:00:00+00:00,22,Vancouver Canucks,VAN,37,Vegas Golden Knights,VGK,1,5614,Brendan Gallagher,RW,7,True,False,forwards,0,2,0,0,454,0,0,454,12,0,0,0,1,0,0,0,0.0,1,1,2,0,3,0.8,1.3,1.0,1.4,1.2,1.6666666666666667,0.2,0.1,0.0,0.0,0.0,0.0,0.2,0.1,0.0,661.2,640.4,643.3333333333334,24.6,57.5,2.6666666666666665,616.8,573.0,607.6666666666666,15.0,14.2,16.333333333333332,0.9583333333333334,0.0,1,24.8,23.0,2.2,3.0,0.9060284280936456,0.8615384615384616,5.6,4.0,0.9583333333333331,0,11.02,0.41,4.355716878402904,0.0372050816696914
401892444,2027,2026-10-05 01:00:00+00:00,22,Vancouver Canucks,VAN,37,Vegas Golden Knights,VGK,1,5092,Luke Schenn,D,2,True,False,defenses,2,2,0,1,787,10,137,640,18,0,0,1,0,1,0,0,0.0,1,1,2,1,3,0.6,0.6,0.6666666666666666,1.0,0.9,1.3333333333333333,0.0,0.0,0.0,0.2,0.1,0.3333333333333333,0.2,0.1,0.3333333333333333,745.2,776.3,730.3333333333334,1.6,1.7,2.6666666666666665,632.4,674.1,640.3333333333334,19.0,19.3,20.0,0.9583333333333334,0.0,1,24.8,23.0,2.2,3.0,0.9060284280936456,0.8615384615384616,5.6,4.0,0.9583333333333331,0,12.42,0.0266666666666666,2.898550724637681,0.0021470746108427
401892445,2027,2026-10-05 23:00:00+00:00,15,Philadelphia Flyers,PHI,20,Tampa Bay Lightning,TB,0,4271565,Carl Grundstrom,RW,91,True,False,forwards,1,2,1,0,612,0,0,612,14,0,0,0,1,0,0,0,0.0,0,0,0,0,3,1.0,1.3,1.0,0.6,0.9,0.6666666666666666,0.0,0.1,0.0,0.0,0.0,0.0,0.0,0.1,0.0,700.6,695.6,685.3333333333334,0.0,0.0,0.0,680.4,685.5,685.3333333333334,16.0,16.1,16.0,2.0,1.0,0,23.6,23.0,2.8,3.0,0.8828571428571429,0.8761904761904762,7.8,9.5,1.0,0,11.676666666666668,0.0,5.138452754781615,0.0
401892447,2027,2026-10-05 23:30:00+00:00,16,Pittsburgh Penguins,PIT,28,Winnipeg Jets,WPG,1,5077308,Andrei Kuzmenko,LW,62,True,False,forwards,0,1,0,1,737,107,0,630,16,0,0,0,1,0,0,0,0.0,0,0,0,0,1,1.4,1.6,2.0,1.0,1.0,0.0,0.4,0.4,0.0,0.4,0.2,0.0,0.8,0.6,0.0,788.6,832.8,703.0,134.0,148.2,123.0,654.6,684.6,580.0,15.6,15.5,16.0,2.020833333333333,1.0208333333333337,0,34.6,33.0,4.6,3.0,0.8665018607123873,0.9055555555555556,12.4,13.0,0.2708333333333332,1,13.143333333333334,2.2333333333333334,6.391072787217854,0.1699213796601572
401892446,2027,2026-10-05 23:30:00+00:00,14,Ottawa Senators,OTT,1,Boston Bruins,BOS,0,3150479,Hayden Hodgson,RW,42,True,False,forwards,0,3,0,-1,335,8,0,327,14,0,0,0,0,1,0,0,0.0,0,1,2,0,1,0.4,0.4,0.0,0.2,0.6,1.0,0.0,0.0,0.0,0.0,0.0,0.0,0.0,0.0,0.0,440.2,411.0,310.0,0.0,0.0,0.0,440.2,411.0,310.0,10.8,10.2,7.0,2.020833333333333,1.0208333333333337,0,28.6,29.0,1.8,2.333333333333333,0.943722943722944,0.9252525252525252,5.8,7.0,0.9791666666666669,0,7.336666666666667,0.0,3.271240345297592,0.0
401892448,2027,2026-10-06 00:00:00+00:00,9,Dallas Stars,DAL,18,San Jose Sharks,SJ,1,4587910,Joel Kiviranta,LW,22,True,False,forwards,0,2,0,1,637,8,55,574,15,1,1,0,1,0,0,0,0.0,1,0,0,1,1,1.8,1.4,2.0,0.8,0.6,0.0,0.0,0.0,0.0,0.0,0.0,0.0,0.0,0.0,0.0,623.8,613.0,618.0,0.2,0.1,0.0,560.8,559.1,516.0,14.8,14.9,14.0,2.958333333333333,1.9583333333333333,0,28.0,30.5,3.0,3.5,0.8907061457061459,0.8851648351648351,10.8,14.0,0.9166666666666669,0,10.396666666666668,0.0033333333333333,10.387944854119912,0.0003206155819172
401892451,2027,2026-10-06 23:00:00+00:00,11,New Jersey Devils,NJ,129764,Utah Mammoth,UTA,1,4697446,Luke Evangelista,RW,77,True,False,forwards,1,0,0,1,1098,284,0,814,19,2,2,0,2,1,0,0,0.0,1,0,0,2,2,3.0,2.6,3.5,1.4,0.8,2.0,0.4,0.2,0.0,0.8,0.5,0.5,1.2,0.7,0.5,1052.2,936.2,1112.5,179.0,129.5,336.0,873.2,806.7,776.5,18.4,17.4,18.0,2.9791666666666665,1.9791666666666663,0,21.8,18.666666666666668,2.6,1.6666666666666667,0.8936272892262004,0.9218500797448166,8.8,11.333333333333334,1.0416666666666663,0,17.53666666666667,2.9833333333333334,10.26420832541342,0.1701197490971298
401892451,2027,2026-10-06 23:00:00+00:00,11,New Jersey Devils,NJ,129764,Utah Mammoth,UTA,1,3904190,Jonas Siegenthaler,D,71,True,False,defenses,1,0,0,-1,893,0,195,698,18,0,0,0,0,0,0,0,0.0,1,0,0,0,2,0.8,0.6,1.0,1.2,0.6,0.0,0.0,0.0,0.0,0.2,0.4,0.0,0.2,0.4,0.0,1254.0,1193.2,1254.0,6.2,3.3,10.0,1174.2,1072.5,1167.0,23.0,22.1,23.5,2.9791666666666665,1.9791666666666663,0,21.8,18.666666666666668,2.6,1.6666666666666667,0.8936272892262004,0.9218500797448166,8.8,11.333333333333334,1.0416666666666663,0,20.9,0.1033333333333333,2.2966507177033497,0.0049441786283891
401892451,2027,2026-10-06 23:00:00+00:00,11,New Jersey Devils,NJ,129764,Utah Mammoth,UTA,1,4268771,Jesper Bratt,LW,63,True,False,forwards,0,1,0,-2,1139,304,0,835,20,0,0,1,2,0,0,0,0.0,0,0,0,1,2,3.4,2.6,4.0,0.8,1.1,0.5,0.4,0.3,0.0,0.4,0.8,0.5,0.8,1.1,0.5,1117.4,1114.6,1114.5,201.2,165.7,303.5,890.6,912.4,787.5,21.6,21.7,22.5,2.9791666666666665,1.9791666666666663,0,21.8,18.666666666666668,2.6,1.6666666666666667,0.8936272892262004,0.9218500797448166,8.8,11.333333333333334,1.0416666666666663,0,18.62333333333333,3.353333333333333,10.954000357973866,0.1800608555575442
401892451,2027,2026-10-06 23:00:00+00:00,11,New Jersey Devils,NJ,129764,Utah Mammoth,UTA,1,3648008,Evan Rodrigues,C,17,True,False,forwards,0,2,0,0,950,165,257,528,17,0,0,0,0,0,4,8,33.3,3,0,0,0,2,1.4,1.6,1.0,1.6,1.8,2.5,0.0,0.0,0.0,0.2,0.3,0.0,0.2,0.3,0.0,843.4,951.0,1003.5,115.0,102.3,176.5,682.0,802.9,778.0,17.0,18.8,21.0,2.9791666666666665,1.9791666666666663,0,21.8,18.666666666666668,2.6,1.6666666666666667,0.8936272892262004,0.9218500797448166,8.8,11.333333333333334,1.0416666666666663,0,14.056666666666668,1.9166666666666667,5.9758121887597815,0.136352857481622
401892451,2027,2026-10-06 23:00:00+00:00,11,New Jersey Devils,NJ,129764,Utah Mammoth,UTA,1,4565222,Jack Hughes,C,86,True,False,forwards,1,0,0,-2,1292,324,0,968,20,0,1,1,5,1,3,7,30.0,3,0,0,1,2,3.2,4.2,4.0,2.4,1.9,2.0,0.4,0.6,0.5,0.6,0.9,0.0,1.0,1.5,0.5,1359.0,1364.0,1404.5,222.0,185.1,341.0,1111.8,1147.1,1043.5,22.0,21.7,23.5,2.9791666666666665,1.9791666666666663,0,21.8,18.666666666666668,2.6,1.6666666666666667,0.8936272892262004,0.9218500797448166,8.8,11.333333333333334,1.0416666666666663,0,22.65,3.7,8.476821192052983,0.1633554083885209
401892451,2027,2026-10-06 23:00:00+00:00,11,New Jersey Devils,NJ,129764,Utah Mammoth,UTA,1,2562605,Dougie Hamilton,D,7,True,False,defenses,2,2,1,-1,1364,138,251,975,27,0,1,1,1,1,0,0,0.0,1,0,0,1,2,3.2,2.8,4.5,2.4,1.7,2.5,0.2,0.2,0.5,0.6,0.5,0.0,0.8,0.7,0.5,1304.4,1253.9,1314.5,117.2,91.0,186.5,1128.4,1067.6,1069.5,24.4,24.0,25.0,2.9791666666666665,1.9791666666666663,0,21.8,18.666666666666668,2.6,1.6666666666666667,0.8936272892262004,0.9218500797448166,8.8,11.333333333333334,1.0416666666666663,0,21.74,1.9533333333333331,8.831646734130635,0.0898497393437595
401892451,2027,2026-10-06 23:00:00+00:00,11,New Jersey Devils,NJ,129764,Utah Mammoth,UTA,1,4874719,Luke Hughes,D,43,True,False,defenses,0,0,1,-1,1573,325,57,1191,25,0,1,0,3,1,0,0,0.0,3,0,0,0,2,2.8,2.3,4.0,0.6,0.7,0.5,0.2,0.1,0.5,0.0,0.2,0.0,0.2,0.3,0.5,1451.6,1411.4,1379.0,228.6,186.3,318.5,1156.6,1172.3,1018.5,23.6,22.2,25.0,2.9791666666666665,1.9791666666666663,0,21.8,18.666666666666668,2.6,1.6666666666666667,0.8936272892262004,0.9218500797448166,8.8,11.333333333333334,1.0416666666666663,0,24.19333333333333,3.81,6.944061724993111,0.1574813998346652
401892451,2027,2026-10-06 23:00:00+00:00,11,New Jersey Devils,NJ,129764,Utah Mammoth,UTA,1,4233872,Jesper Boqvist,C,70,True,False,forwards,0,1,0,0,589,0,0,589,15,1,1,0,2,0,0,0,0.0,1,0,0,1,0,1.6,1.5,,1.4,1.3,,0.2,0.1,,0.2,0.2,,0.4,0.3,,947.2,909.5,,21.0,32.4,,865.2,778.5,,19.6,19.5,,174.0,10.0,0,21.8,18.666666666666668,2.6,1.6666666666666667,0.8936272892262004,0.9218500797448166,8.8,11.333333333333334,1.0416666666666663,0,15.786666666666669,0.35,6.081081081081082,0.0221706081081081
401892451,2027,2026-10-06 23:00:00+00:00,11,New Jersey Devils,NJ,129764,Utah Mammoth,UTA,1,4233555,Nico Hischier,C,13,True,False,forwards,2,0,1,0,1388,281,261,846,23,0,0,0,0,1,16,13,55.2,1,0,0,0,2,2.6,2.2,2.5,0.0,0.3,0.0,0.4,0.2,0.0,0.4,0.5,0.0,0.8,0.7,0.0,1187.0,1221.6,1147.5,220.4,180.2,337.0,874.8,920.0,725.0,21.2,22.5,21.0,2.9791666666666665,1.9791666666666663,0,21.8,18.666666666666668,2.6,1.6666666666666667,0.8936272892262004,0.9218500797448166,8.8,11.333333333333334,1.0416666666666663,0,19.78333333333333,3.673333333333333,7.88542544229149,0.1856781802864364
401892451,2027,2026-10-06 23:00:00+00:00,11,New Jersey Devils,NJ,129764,Utah Mammoth,UTA,1,4587929,Declan Chisholm,D,47,True,False,defenses,2,0,1,1,906,0,92,814,19,0,0,1,0,1,0,0,0.0,4,0,0,1,2,0.6,0.6,1.0,0.4,0.5,1.0,0.0,0.1,0.0,0.4,0.3,0.0,0.4,0.4,0.0,789.8,745.5,816.0,21.8,10.9,24.5,764.8,729.5,791.5,15.8,15.5,17.5,2.9791666666666665,1.9791666666666663,0,21.8,18.666666666666668,2.6,1.6666666666666667,0.8936272892262004,0.9218500797448166,8.8,11.333333333333334,1.0416666666666663,0,13.163333333333332,0.3633333333333333,2.7348695872372755,0.0276019245378576
401892451,2027,2026-10-06 23:00:00+00:00,11,New Jersey Devils,NJ,129764,Utah Mammoth,UTA,1,3899978,Timo Meier,RW,28,True,False,forwards,2,0,0,1,1094,232,0,862,21,0,0,1,8,1,0,1,0.0,0,2,4,1,2,3.4,3.1,5.0,1.4,1.4,1.0,0.0,0.2,0.0,0.4,0.4,0.0,0.4,0.6,0.0,1081.6,1092.0,1099.0,107.0,92.7,213.5,971.2,997.0,885.5,19.4,19.6,19.0,2.9791666666666665,1.9791666666666663,0,21.8,18.666666666666668,2.6,1.6666666666666667,0.8936272892262004,0.9218500797448166,8.8,11.333333333333334,1.0416666666666663,0,18.026666666666664,1.7833333333333334,11.31656804733728,0.0989275147928994
401892451,2027,2026-10-06 23:00:00+00:00,11,New Jersey Devils,NJ,129764,Utah Mammoth,UTA,1,4697401,Dawson Mercer,C,91,True,False,forwards,1,0,1,0,664,0,160,504,16,0,0,0,2,0,0,0,0.0,0,0,0,0,2,3.2,2.7,3.0,1.0,0.9,1.5,0.4,0.5,0.0,0.2,0.1,0.0,0.6,0.6,0.0,1049.8,1115.6,935.0,33.2,50.8,29.5,915.4,945.6,790.5,19.8,20.9,18.0,2.9791666666666665,1.9791666666666663,0,21.8,18.666666666666668,2.6,1.6666666666666667,0.8936272892262004,0.9218500797448166,8.8,11.333333333333334,1.0416666666666663,0,17.496666666666666,0.5533333333333333,10.97351876547914,0.0316250714421794
401892451,2027,2026-10-06 23:00:00+00:00,11,New Jersey Devils,NJ,129764,Utah Mammoth,UTA,1,3025535,Brett Pesce,D,22,True,False,defenses,2,0,0,0,1257,13,136,1108,25,0,0,0,1,2,0,0,0.0,0,0,0,0,2,1.0,1.0,1.0,0.8,0.5,0.5,0.0,0.0,0.0,0.2,0.1,0.0,0.2,0.1,0.0,1184.4,1167.5,1152.0,2.0,5.9,1.5,1031.2,1023.4,1025.0,23.2,23.7,24.0,2.9791666666666665,1.9791666666666663,0,21.8,18.666666666666668,2.6,1.6666666666666667,0.8936272892262004,0.9218500797448166,8.8,11.333333333333334,1.0416666666666663,0,19.74,0.0333333333333333,3.03951367781155,0.0016886187098953
401892451,2027,2026-10-06 23:00:00+00:00,11,New Jersey Devils,NJ,129764,Utah Mammoth,UTA,1,4233568,Cody Glass,C,12,True,False,forwards,0,0,0,0,743,0,165,578,18,0,0,0,0,1,11,6,64.7,0,0,0,0,2,1.8,1.5,2.0,0.8,0.7,0.5,0.2,0.4,0.0,0.0,0.0,0.0,0.2,0.4,0.0,722.8,761.5,603.0,36.2,34.2,45.5,621.6,641.7,462.5,17.4,18.3,16.0,2.9791666666666665,1.9791666666666663,0,21.8,18.666666666666668,2.6,1.6666666666666667,0.8936272892262004,0.9218500797448166,8.8,11.333333333333334,1.0416666666666663,0,12.046666666666663,0.6033333333333334,8.965135583840622,0.0500830105146652
401892451,2027,2026-10-06 23:00:00+00:00,11,New Jersey Devils,NJ,129764,Utah Mammoth,UTA,1,5173500,Amadeus Lombardi,C,93,True,False,forwards,0,1,0,0,612,13,0,599,16,0,0,0,3,0,0,1,0.0,0,0,0,0,2,0.5,0.5,0.5,0.5,0.5,0.5,0.0,0.0,0.0,0.0,0.0,0.0,0.0,0.0,0.0,488.0,488.0,488.0,37.5,37.5,37.5,450.5,450.5,450.5,12.5,12.5,12.5,2.9791666666666665,1.9791666666666663,0,21.8,18.666666666666668,2.6,1.6666666666666667,0.8936272892262004,0.9218500797448166,8.8,11.333333333333334,1.0416666666666663,0,8.133333333333333,0.625,3.688524590163935,0.0768442622950819
401892451,2027,2026-10-06 23:00:00+00:00,11,New Jersey Devils,NJ,129764,Utah Mammoth,UTA,1,3042037,Anthony Mantha,RW,39,True,False,forwards,0,0,0,-1,748,168,0,580,17,0,0,0,2,1,0,0,0.0,1,0,0,0,2,1.4,1.9,0.5,0.6,0.7,0.0,0.4,0.6,0.0,0.2,0.4,0.0,0.6,1.0,0.0,963.2,939.4,976.0,109.2,117.5,160.5,854.0,821.9,815.5,19.2,18.4,20.0,2.9791666666666665,1.9791666666666663,0,21.8,18.666666666666668,2.6,1.6666666666666667,0.8936272892262004,0.9218500797448166,8.8,11.333333333333334,1.0416666666666663,0,16.053333333333335,1.82,5.232558139534883,0.1133720930232558
401892451,2027,2026-10-06 23:00:00+00:00,11,New Jersey Devils,NJ,129764,Utah Mammoth,UTA,1,4915855,Arseny Gritsyuk,RW,81,True,False,forwards,0,1,0,0,708,137,0,571,14,0,0,0,2,0,0,0,0.0,2,0,0,0,2,2.4,2.6,2.0,1.6,1.3,3.0,0.2,0.2,0.0,0.2,0.3,0.0,0.4,0.5,0.0,992.8,933.6,1022.5,100.4,70.4,151.0,885.8,859.9,855.0,19.0,17.9,19.5,2.9791666666666665,1.9791666666666663,0,21.8,18.666666666666668,2.6,1.6666666666666667,0.8936272892262004,0.9218500797448166,8.8,11.333333333333334,1.0416666666666663,0,16.546666666666667,1.6733333333333331,8.70265914585012,0.1011281224818694
401892451,2027,2026-10-06 23:00:00+00:00,11,New Jersey Devils,NJ,129764,Utah Mammoth,UTA,1,2554903,Brenden Dillon,D,5,True,False,defenses,0,2,0,0,711,0,114,597,16,0,0,0,0,0,0,0,0.0,1,3,9,0,2,0.8,0.6,0.0,0.4,0.3,1.0,0.0,0.0,0.0,0.0,0.0,0.0,0.0,0.0,0.0,1073.6,1059.0,840.5,0.0,0.0,0.0,980.4,945.2,738.0,20.0,19.5,17.5,2.9791666666666665,1.9791666666666663,0,21.8,18.666666666666668,2.6,1.6666666666666667,0.8936272892262004,0.9218500797448166,8.8,11.333333333333334,1.0416666666666663,0,17.89333333333333,0.0,2.682563338301044,0.0
401892453,2027,2026-10-06 23:00:00+00:00,30,Minnesota Wild,MIN,2,Buffalo Sabres,BUF,0,3535,Nick Foligno,LW,71,True,False,forwards,0,0,0,0,209,0,0,209,5,0,1,0,0,0,0,0,0.0,1,0,0,0,2,1.2,1.3,1.5,0.0,0.1,0.0,0.4,0.2,0.5,0.4,0.2,0.0,0.8,0.4,0.5,841.4,791.7,791.0,47.2,23.6,0.0,670.6,678.6,716.5,14.6,14.8,14.5,2.958333333333333,1.9583333333333333,0,23.8,19.0,2.8,4.5,0.8667546583850934,0.7695652173913043,7.8,7.5,2.0,0,14.023333333333332,0.7866666666666667,5.134299976230093,0.0560969812217732
401892453,2027,2026-10-06 23:00:00+00:00,30,Minnesota Wild,MIN,2,Buffalo Sabres,BUF,0,2976850,Olli Maatta,D,3,True,False,defenses,2,0,0,-1,1158,9,80,1069,21,0,0,0,0,0,0,0,0.0,0,1,2,0,2,0.8,0.7,0.5,0.4,0.5,0.5,0.0,0.0,0.0,0.4,0.5,0.5,0.4,0.5,0.5,1374.6,1378.3,1343.5,8.6,5.3,0.0,1164.2,1161.1,1128.5,24.8,25.5,24.0,2.958333333333333,1.9583333333333333,0,23.8,19.0,2.8,4.5,0.8667546583850934,0.7695652173913043,7.8,7.5,2.0,0,22.91,0.1433333333333333,2.095154954168485,0.006256365488142
401892450,2027,2026-10-06 23:00:00+00:00,14,Ottawa Senators,OTT,5,Detroit Red Wings,DET,0,4587571,Cameron Crotty,D,5,True,False,defenses,0,0,0,1,651,0,0,651,18,0,0,0,0,0,0,0,0.0,1,0,0,0,1,1.0,0.5555555555555556,0.0,0.4,0.6666666666666666,0.0,0.0,0.0,0.0,0.2,0.1111111111111111,0.0,0.2,0.1111111111111111,0.0,870.2,770.8888888888889,656.0,0.8,0.4444444444444444,4.0,779.4,709.6666666666666,599.0,21.4,19.11111111111111,18.0,0.9791666666666666,0.0,1,26.2,24.0,4.4,2.5,0.8349206349206352,0.8968253968253967,6.4,14.0,1.25,0,14.503333333333334,0.0133333333333333,4.136980004596644,0.0009193288899103
401892450,2027,2026-10-06 23:00:00+00:00,5,Detroit Red Wings,DET,14,Ottawa Senators,OTT,1,3120307,Viktor Arvidsson,LW,33,True,False,forwards,0,0,0,0,1040,300,0,740,19,1,2,1,3,1,0,2,0.0,1,0,0,2,2,2.2,2.4,2.5,1.0,1.2,1.0,0.4,0.5,0.5,0.4,0.6,0.0,0.8,1.1,0.5,994.6,944.8,1130.5,136.2,137.5,254.5,858.4,807.3,876.0,19.2,19.1,21.0,2.25,1.25,0,24.2,24.0,1.6,1.5,0.939013914095584,0.9392014519056262,11.0,14.0,0.0,1,16.576666666666668,2.27,7.963000201085864,0.1369394731550371
401891815,2027,2026-10-06 23:00:00+00:00,10,Montreal Canadiens,MTL,7,Carolina Hurricanes,CAR,1,4565269,Jayden Struble,D,47,True,False,defenses,1,0,0,-2,545,0,49,496,13,0,0,0,0,0,0,0,0.0,0,0,0,0,2,0.6,0.7,0.0,0.2,0.4,0.0,0.0,0.1,0.0,0.0,0.0,0.0,0.0,0.1,0.0,1002.4,945.1,815.5,5.8,2.9,0.0,951.4,917.0,768.5,18.4,17.7,15.5,3.0,2.0,0,23.6,21.666666666666668,2.4,2.6666666666666665,0.8979871175523353,0.8845679012345679,10.6,15.0,2.0,0,16.706666666666667,0.0966666666666666,2.154828411811652,0.0057861133280127
401892449,2027,2026-10-06 23:00:00+00:00,27,Nashville Predators,NSH,21,Toronto Maple Leafs,TOR,0,4316979,Jack Ahcan,D,47,True,False,defenses,1,1,0,1,478,0,0,478,10,0,0,0,0,0,0,0,0.0,0,0,0,0,1,1.2,0.8,0.0,0.2,0.1,1.0,0.0,0.0,0.0,0.4,0.2,1.0,0.4,0.2,1.0,636.0,644.3,349.0,18.4,11.0,92.0,617.6,632.7,257.0,15.0,14.9,9.0,2.958333333333333,1.9583333333333333,0,30.0,26.666666666666668,3.2,2.333333333333333,0.8936134637359686,0.911504895700298,7.6,8.666666666666666,2.0,0,10.6,0.3066666666666666,6.79245283018868,0.0289308176100628
401892450,2027,2026-10-06 23:00:00+00:00,5,Detroit Red Wings,DET,14,Ottawa Senators,OTT,1,4565282,Albert Johansson,D,20,True,False,defenses,2,0,0,-1,1020,0,207,813,23,0,0,0,3,0,0,0,0.0,0,0,0,0,2,0.6,0.6,0.5,0.8,0.6,2.0,0.0,0.1,0.0,0.0,0.1,0.0,0.0,0.2,0.0,830.0,884.4,903.0,0.0,0.0,0.0,756.0,799.5,723.5,19.6,21.1,21.5,2.25,1.25,0,24.2,24.0,1.6,1.5,0.939013914095584,0.9392014519056262,11.0,14.0,0.0,1,13.833333333333334,0.0,2.602409638554217,0.0
401892450,2027,2026-10-06 23:00:00+00:00,5,Detroit Red Wings,DET,14,Ottawa Senators,OTT,1,4063433,Alex DeBrincat,RW,93,True,False,forwards,1,0,0,2,1125,354,1,770,20,2,2,1,3,0,0,0,0.0,1,2,4,3,2,2.6,2.7,2.5,1.4,1.5,1.5,0.2,0.4,0.0,0.4,0.4,0.5,0.6,0.8,0.5,1208.0,1166.0,1289.5,205.2,180.3,265.5,1000.0,983.9,1017.0,22.4,22.5,23.5,2.25,1.25,0,24.2,24.0,1.6,1.5,0.939013914095584,0.9392014519056262,11.0,14.0,0.0,1,20.133333333333333,3.42,7.748344370860928,0.1698675496688741
401892450,2027,2026-10-06 23:00:00+00:00,5,Detroit Red Wings,DET,14,Ottawa Senators,OTT,1,5188582,Anton Johansson,D,42,True,False,defenses,1,2,0,1,1033,0,206,827,20,0,0,0,0,0,0,0,0.0,1,1,2,0,2,0.0,0.0,0.0,0.5,0.5,0.5,0.0,0.0,0.0,0.0,0.0,0.0,0.0,0.0,0.0,980.0,980.0,980.0,3.5,3.5,3.5,916.0,916.0,916.0,22.5,22.5,22.5,2.25,1.25,0,24.2,24.0,1.6,1.5,0.939013914095584,0.9392014519056262,11.0,14.0,0.0,1,16.333333333333332,0.0583333333333333,0.0,0.0035714285714285
401892450,2027,2026-10-06 23:00:00+00:00,5,Detroit Red Wings,DET,14,Ottawa Senators,OTT,1,5149192,Axel Sandin-Pellikka,D,44,True,False,defenses,2,0,1,-1,687,129,0,558,15,0,0,0,1,0,0,0,0.0,2,0,0,0,2,1.6,1.4,2.5,0.8,1.0,0.0,0.0,0.1,0.0,0.0,0.2,0.0,0.0,0.3,0.0,895.2,860.0,962.0,109.6,104.0,123.0,736.4,731.4,721.5,18.6,18.0,20.5,2.25,1.25,0,24.2,24.0,1.6,1.5,0.939013914095584,0.9392014519056262,11.0,14.0,0.0,1,14.92,1.8266666666666669,6.434316353887399,0.1224307417336907
401892450,2027,2026-10-06 23:00:00+00:00,5,Detroit Red Wings,DET,14,Ottawa Senators,OTT,1,5246,Ben Chiarot,D,8,True,False,defenses,1,2,0,-1,1094,6,164,924,23,0,0,0,1,0,0,0,0.0,0,2,4,0,2,1.0,1.1,1.0,0.8,1.0,0.5,0.0,0.0,0.0,0.4,0.3,0.0,0.4,0.3,0.0,1161.0,1192.0,1077.0,4.8,8.2,1.0,1091.4,1099.7,931.0,23.4,24.7,22.0,2.25,1.25,0,24.2,24.0,1.6,1.5,0.939013914095584,0.9392014519056262,11.0,14.0,0.0,1,19.35,0.08,3.1007751937984493,0.0041343669250645
401892450,2027,2026-10-06 23:00:00+00:00,5,Detroit Red Wings,DET,14,Ottawa Senators,OTT,1,4997026,Carter Mazur,LW,34,True,False,forwards,0,1,0,1,445,0,0,445,12,0,0,1,1,0,0,0,0.0,0,0,0,1,0,0.4,0.3333333333333333,,0.2,0.1111111111111111,,0.0,0.0,,0.0,0.0,,0.0,0.0,,701.8,578.3333333333334,,3.6,4.333333333333333,,698.2,574.0,,16.8,14.11111111111111,,174.0,10.0,0,24.2,24.0,1.6,1.5,0.939013914095584,0.9392014519056262,11.0,14.0,0.0,1,11.696666666666664,0.06,2.051866628669137,0.0051296665716728
401892450,2027,2026-10-06 23:00:00+00:00,5,Detroit Red Wings,DET,14,Ottawa Senators,OTT,1,3114755,Dylan Larkin,C,71,True,False,forwards,1,0,0,0,1241,361,158,722,26,1,1,1,4,3,11,6,64.7,4,1,2,2,0,3.0,3.3,,0.6,0.9,,0.8,0.5,,1.0,0.6,,1.8,1.1,,1182.0,1170.1,,118.2,154.4,,961.8,925.9,,23.8,22.4,,176.0,10.0,0,24.2,24.0,1.6,1.5,0.939013914095584,0.9392014519056262,11.0,14.0,0.0,1,19.7,1.97,9.137055837563452,0.1
401892450,2027,2026-10-06 23:00:00+00:00,5,Detroit Red Wings,DET,14,Ottawa Senators,OTT,1,5188599,Emmitt Finnie,C,58,True,False,forwards,1,1,0,0,1097,124,166,807,23,0,1,0,2,0,1,9,10.0,0,0,0,0,2,1.4,0.9,1.5,0.8,0.9,0.0,0.4,0.2,0.5,0.2,0.2,0.0,0.6,0.4,0.5,970.2,987.2,940.0,79.8,63.4,104.0,851.8,878.0,768.0,20.4,21.4,20.0,2.25,1.25,0,24.2,24.0,1.6,1.5,0.939013914095584,0.9392014519056262,11.0,14.0,0.0,1,16.17,1.3299999999999998,5.194805194805194,0.0822510822510822
401892450,2027,2026-10-06 23:00:00+00:00,5,Detroit Red Wings,DET,14,Ottawa Senators,OTT,1,5746,Justin Faulk,D,72,True,False,defenses,0,0,1,3,1101,154,167,780,24,1,1,1,3,1,0,0,0.0,0,0,0,2,2,2.6,2.4,2.0,0.8,0.8,0.5,0.4,0.4,0.0,0.2,0.2,0.0,0.6,0.6,0.0,1247.6,1189.6,1230.5,111.6,65.2,125.5,1098.4,1062.3,1028.0,25.4,25.1,26.5,2.25,1.25,0,24.2,24.0,1.6,1.5,0.939013914095584,0.9392014519056262,11.0,14.0,0.0,1,20.793333333333333,1.86,7.50240461686438,0.0894517473549214
401892450,2027,2026-10-06 23:00:00+00:00,5,Detroit Red Wings,DET,14,Ottawa Senators,OTT,1,3941546,Keegan Kolesar,RW,55,True,False,forwards,3,6,0,0,907,0,132,775,21,0,0,0,1,0,0,0,0.0,2,1,2,0,2,0.4,0.5,0.0,0.4,0.4,0.0,0.0,0.0,0.0,0.0,0.0,0.0,0.0,0.0,0.0,658.0,683.6,636.0,3.0,8.2,3.5,600.8,636.4,600.0,15.8,16.5,15.5,2.25,1.25,0,24.2,24.0,1.6,1.5,0.939013914095584,0.9392014519056262,11.0,14.0,0.0,1,10.966666666666669,0.05,2.1884498480243164,0.0045592705167173
401892450,2027,2026-10-06 23:00:00+00:00,5,Detroit Red Wings,DET,14,Ottawa Senators,OTT,1,4697385,Lucas Raymond,LW,23,True,False,forwards,1,0,1,-1,1187,361,65,761,21,0,0,3,6,1,0,0,0.0,0,0,0,3,2,1.6,2.3,2.0,1.8,1.6,1.5,0.0,0.1,0.0,0.2,0.4,0.0,0.2,0.5,0.0,1174.2,1158.4,1318.0,212.4,174.9,282.5,949.8,965.7,1005.5,22.0,22.3,24.0,2.25,1.25,0,24.2,24.0,1.6,1.5,0.939013914095584,0.9392014519056262,11.0,14.0,0.0,1,19.57,3.54,4.905467552376086,0.1808891159938681
401892450,2027,2026-10-06 23:00:00+00:00,5,Detroit Red Wings,DET,14,Ottawa Senators,OTT,1,5216883,Michael Brandsegg-Nygard,RW,28,True,False,forwards,0,5,1,0,757,0,0,757,18,0,0,0,1,0,0,0,0.0,0,0,0,0,2,2.4,1.9,4.5,1.2,1.1,2.5,0.0,0.0,0.0,0.2,0.2,0.5,0.2,0.2,0.5,809.6,733.0,876.0,66.2,70.5,105.0,743.4,662.5,771.0,17.4,16.0,18.5,2.25,1.25,0,24.2,24.0,1.6,1.5,0.939013914095584,0.9392014519056262,11.0,14.0,0.0,1,13.493333333333334,1.1033333333333333,10.67193675889328,0.0817687747035573
401892450,2027,2026-10-06 23:00:00+00:00,5,Detroit Red Wings,DET,14,Ottawa Senators,OTT,1,4233576,Michael Rasmussen,C,27,True,False,forwards,1,7,2,0,1205,134,251,820,28,0,0,0,0,2,0,1,0.0,0,0,0,0,2,1.0,0.8,2.0,0.6,0.3,1.5,0.0,0.0,0.0,0.0,0.0,0.0,0.0,0.0,0.0,727.8,749.2,931.5,47.0,25.6,108.5,570.0,627.5,680.5,16.8,16.6,20.5,2.25,1.25,0,24.2,24.0,1.6,1.5,0.939013914095584,0.9392014519056262,11.0,14.0,0.0,1,12.13,0.7833333333333333,4.94641384995878,0.0645781808189063
401892450,2027,2026-10-06 23:00:00+00:00,5,Detroit Red Wings,DET,14,Ottawa Senators,OTT,1,4565227,Moritz Seider,D,53,True,False,defenses,0,3,0,-1,1441,385,167,889,28,0,0,0,3,1,0,0,0.0,2,1,2,0,2,2.4,2.0,2.5,1.0,1.1,1.0,0.0,0.1,0.0,0.2,0.7,0.5,0.2,0.8,0.5,1445.0,1540.9,1528.5,208.2,179.4,265.5,1147.0,1248.3,1076.0,26.4,27.9,30.0,2.25,1.25,0,24.2,24.0,1.6,1.5,0.939013914095584,0.9392014519056262,11.0,14.0,0.0,1,24.08333333333333,3.47,5.97923875432526,0.1440830449826989
401892450,2027,2026-10-06 23:00:00+00:00,5,Detroit Red Wings,DET,14,Ottawa Senators,OTT,1,5149175,Nate Danielson,C,29,True,False,forwards,0,0,0,1,482,0,0,482,13,0,0,1,1,0,4,3,57.1,0,0,0,1,2,0.2,0.7,0.5,0.4,0.5,0.5,0.0,0.0,0.0,0.0,0.0,0.0,0.0,0.0,0.0,610.8,648.7,535.0,108.4,89.3,29.5,496.8,556.6,491.5,14.6,15.4,14.0,2.25,1.25,0,24.2,24.0,1.6,1.5,0.939013914095584,0.9392014519056262,11.0,14.0,0.0,1,10.18,1.8066666666666669,1.1787819253438117,0.1774721676489849
401892450,2027,2026-10-06 23:00:00+00:00,5,Detroit Red Wings,DET,14,Ottawa Senators,OTT,1,3042114,Andrew Copp,C,18,True,False,forwards,1,1,0,0,1104,122,211,771,29,0,0,0,3,0,13,11,54.2,3,1,2,0,2,1.4,1.4,1.0,1.2,1.3,1.5,0.0,0.0,0.0,0.2,0.5,0.5,0.2,0.5,0.5,1147.2,1128.5,1380.5,142.0,97.7,258.5,921.0,927.7,945.0,23.8,24.1,26.0,2.25,1.25,0,24.2,24.0,1.6,1.5,0.939013914095584,0.9392014519056262,11.0,14.0,0.0,1,19.12,2.3666666666666667,4.393305439330543,0.1237796373779637
401892450,2027,2026-10-06 23:00:00+00:00,5,Detroit Red Wings,DET,14,Ottawa Senators,OTT,1,4697436,William Wallinder,D,54,True,False,defenses,1,0,0,2,547,0,77,470,15,0,0,1,0,0,0,0,0.0,1,0,0,1,0,,,,,,,,,,,,,,,,,,,,,,,,,,,,,,0,24.2,24.0,1.6,1.5,0.939013914095584,0.9392014519056262,11.0,14.0,0.0,1,,,,
401892452,2027,2026-10-06 23:30:00+00:00,13,New York Rangers,NYR,12,New York Islanders,NYI,1,4697468,Will Cuylle,LW,50,True,False,forwards,0,6,0,-1,1064,103,156,805,22,0,0,1,4,2,3,2,60.0,0,0,0,1,4,2.2,2.1,2.5,1.6,1.6,1.25,0.0,0.3,0.0,0.6,0.3,0.5,0.6,0.6,0.5,872.6,860.7,871.0,67.2,66.3,75.25,728.6,719.7,719.5,21.2,19.8,21.25,2.0625,1.0625,0,24.4,31.5,2.2,1.0,0.8917041292041296,0.9615384615384616,8.2,9.0,2.0,0,14.543333333333331,1.12,9.076323630529451,0.0770112308044923
401892452,2027,2026-10-06 23:30:00+00:00,13,New York Rangers,NYR,12,New York Islanders,NYI,1,5334662,Alberts Smits,D,12,True,False,defenses,1,0,1,1,927,13,0,914,21,0,0,0,0,3,0,0,0.0,1,1,2,0,4,0.25,0.25,0.25,0.0,0.0,0.0,0.0,0.0,0.0,0.0,0.0,0.0,0.0,0.0,0.0,880.25,880.25,880.25,3.0,3.0,3.0,877.25,877.25,877.25,19.5,19.5,19.5,2.0625,1.0625,0,24.4,31.5,2.2,1.0,0.8917041292041296,0.9615384615384616,8.2,9.0,2.0,0,14.670833333333333,0.05,1.0224368077250785,0.0034081226924169
401892452,2027,2026-10-06 23:30:00+00:00,13,New York Rangers,NYR,12,New York Islanders,NYI,1,4697382,Alexis Lafreniere,LW,13,True,False,forwards,1,0,1,4,1134,155,0,979,24,3,3,1,3,1,0,1,0.0,1,1,2,4,4,1.8,1.7,2.0,0.6,0.5,0.75,0.0,0.2,0.0,0.4,0.4,0.25,0.4,0.6,0.25,1139.8,1130.0,1151.5,191.6,214.4,196.25,948.2,913.7,955.25,21.8,20.8,21.75,2.0625,1.0625,0,24.4,31.5,2.2,1.0,0.8917041292041296,0.9615384615384616,8.2,9.0,2.0,0,18.996666666666663,3.1933333333333334,5.685207931216003,0.1680996666081768
401892452,2027,2026-10-06 23:30:00+00:00,13,New York Rangers,NYR,12,New York Islanders,NYI,1,4697402,Braden Schneider,D,4,True,False,defenses,1,0,0,1,1059,13,235,811,21,0,0,0,2,1,0,0,0.0,0,0,0,0,4,1.4,1.4,1.5,0.4,0.6,0.5,0.0,0.0,0.0,0.0,0.1,0.0,0.0,0.1,0.0,1068.2,1124.5,1040.0,5.4,10.3,6.75,915.6,953.7,904.5,22.8,23.2,23.0,2.0625,1.0625,0,24.4,31.5,2.2,1.0,0.8917041292041296,0.9615384615384616,8.2,9.0,2.0,0,17.803333333333335,0.09,4.718217562254258,0.0050552331024152
401892452,2027,2026-10-06 23:30:00+00:00,13,New York Rangers,NYR,12,New York Islanders,NYI,1,5216892,Cole Beaudoin,C,53,True,False,forwards,1,3,1,1,597,13,26,558,17,0,0,0,0,0,6,5,54.5,1,1,2,0,0,,,,,,,,,,,,,,,,,,,,,,,,,,,,,,0,24.4,31.5,2.2,1.0,0.8917041292041296,0.9615384615384616,8.2,9.0,2.0,0,,,,
401892452,2027,2026-10-06 23:30:00+00:00,13,New York Rangers,NYR,12,New York Islanders,NYI,1,4233720,Eeli Tolvanen,RW,17,True,False,forwards,4,3,0,0,837,77,131,629,21,0,3,0,0,0,0,0,0.0,1,1,2,0,4,1.6,2.0,1.5,0.4,1.0,0.5,0.6,0.3,0.75,0.0,0.0,0.0,0.6,0.3,0.75,825.8,849.2,808.75,58.6,29.5,73.25,680.2,749.5,669.75,21.0,20.7,20.75,2.0625,1.0625,0,24.4,31.5,2.2,1.0,0.8917041292041296,0.9615384615384616,8.2,9.0,2.0,0,13.763333333333332,0.9766666666666668,6.975054492613225,0.0709614918866553
401892452,2027,2026-10-06 23:30:00+00:00,13,New York Rangers,NYR,12,New York Islanders,NYI,1,5149204,Gabe Perreault,RW,94,True,False,forwards,0,1,0,1,825,65,0,760,21,0,2,1,1,2,0,0,0.0,0,0,0,1,4,1.4,1.8,1.0,1.0,1.0,1.0,0.6,0.7,0.5,0.2,0.1,0.25,0.8,0.8,0.75,935.6,931.5,912.0,67.6,82.6,75.0,868.0,848.9,837.0,20.2,19.6,20.25,2.0625,1.0625,0,24.4,31.5,2.2,1.0,0.8917041292041296,0.9615384615384616,8.2,9.0,2.0,0,15.593333333333334,1.1266666666666665,5.3869174861051725,0.0722530996152201
401892452,2027,2026-10-06 23:30:00+00:00,13,New York Rangers,NYR,12,New York Islanders,NYI,1,2590852,J.T. Miller,LW,10,True,False,forwards,1,3,0,1,989,75,129,785,23,0,1,1,3,3,8,9,47.1,2,1,5,1,4,1.6,1.9,1.5,0.6,0.8,0.75,0.2,0.2,0.25,0.4,0.5,0.0,0.6,0.7,0.25,1032.6,1056.2,1045.0,172.0,188.6,174.0,821.0,789.0,844.25,23.2,23.0,23.5,2.0625,1.0625,0,24.4,31.5,2.2,1.0,0.8917041292041296,0.9615384615384616,8.2,9.0,2.0,0,17.209999999999997,2.8666666666666667,5.578152237071471,0.1665698237458842
401892452,2027,2026-10-06 23:30:00+00:00,13,New York Rangers,NYR,12,New York Islanders,NYI,1,2562637,Mika Zibanejad,C,93,True,False,forwards,1,1,0,3,1205,151,98,956,24,0,1,2,3,0,9,8,52.9,1,0,0,2,4,1.8,1.7,1.5,1.2,1.4,1.25,0.4,0.2,0.25,0.6,0.8,0.5,1.0,1.0,0.75,1259.8,1243.6,1249.25,194.0,217.7,199.75,961.4,921.8,964.5,25.2,23.9,25.25,2.0625,1.0625,0,24.4,31.5,2.2,1.0,0.8917041292041296,0.9615384615384616,8.2,9.0,2.0,0,20.996666666666663,3.2333333333333334,5.143673598983966,0.1539926972535323
401892452,2027,2026-10-06 23:30:00+00:00,13,New York Rangers,NYR,12,New York Islanders,NYI,1,3114995,Marcus Pettersson,D,26,True,False,defenses,0,1,0,-1,1067,0,144,923,21,0,0,0,1,1,0,0,0.0,0,0,0,0,4,0.6,0.6,0.75,0.6,0.7,0.75,0.0,0.1,0.0,0.0,0.0,0.0,0.0,0.1,0.0,1241.2,1258.5,1265.0,7.6,3.8,9.5,1069.0,1114.7,1098.0,24.2,24.5,24.5,2.0625,1.0625,0,24.4,31.5,2.2,1.0,0.8917041292041296,0.9615384615384616,8.2,9.0,2.0,0,20.686666666666667,0.1266666666666666,1.7402513696422814,0.0061231066709635
401892452,2027,2026-10-06 23:30:00+00:00,13,New York Rangers,NYR,12,New York Islanders,NYI,1,5188370,Noah Laba,C,42,True,False,forwards,2,1,1,0,887,19,162,706,21,0,0,0,0,0,7,6,53.8,0,0,0,0,4,0.6,0.9,0.75,0.0,0.2,0.0,0.0,0.0,0.0,0.2,0.3,0.25,0.2,0.3,0.25,843.8,854.6,883.0,6.0,6.9,7.5,766.0,738.9,797.5,20.6,19.9,21.5,2.0625,1.0625,0,24.4,31.5,2.2,1.0,0.8917041292041296,0.9615384615384616,8.2,9.0,2.0,0,14.063333333333333,0.1,2.5598483052856125,0.0071106897369044
401892452,2027,2026-10-06 23:30:00+00:00,13,New York Rangers,NYR,12,New York Islanders,NYI,1,3042095,Oliver Bjorkstrand,RW,28,True,False,forwards,1,1,0,1,538,65,0,473,14,2,2,0,3,0,0,1,0.0,0,1,5,2,4,1.4,1.1,1.25,0.4,0.4,0.5,0.2,0.1,0.0,0.2,0.2,0.25,0.4,0.3,0.25,809.0,779.2,722.25,94.4,110.6,60.0,714.6,668.6,662.25,17.2,15.9,17.0,2.0625,1.0625,0,24.4,31.5,2.2,1.0,0.8917041292041296,0.9615384615384616,8.2,9.0,2.0,0,13.483333333333333,1.5733333333333337,6.22991347342398,0.1166872682323856
401892452,2027,2026-10-06 23:30:00+00:00,13,New York Rangers,NYR,12,New York Islanders,NYI,1,4378683,Sean Durzi,D,5,True,False,defenses,1,0,0,-1,1054,68,128,858,22,0,1,1,0,0,0,0,0.0,1,0,0,1,4,0.8,1.4,0.75,0.4,1.5,0.25,0.2,0.1,0.25,0.0,0.2,0.0,0.2,0.3,0.25,1154.2,1088.5,1296.25,63.6,37.8,79.5,959.2,974.9,1055.75,22.0,22.9,24.75,2.0625,1.0625,0,24.4,31.5,2.2,1.0,0.8917041292041296,0.9615384615384616,8.2,9.0,2.0,0,19.236666666666668,1.06,2.49523479466297,0.0551031017154739
401892452,2027,2026-10-06 23:30:00+00:00,13,New York Rangers,NYR,12,New York Islanders,NYI,1,4588750,Tye Kartye,LW,24,True,False,forwards,0,3,0,0,911,0,125,786,22,0,0,0,1,0,0,1,0.0,1,1,2,0,4,1.2,0.8,0.75,0.4,0.4,0.25,0.4,0.2,0.0,0.6,0.4,0.5,1.0,0.6,0.5,884.4,825.2,879.25,8.4,4.2,2.0,748.0,712.5,729.5,20.4,19.6,20.5,2.0625,1.0625,0,24.4,31.5,2.2,1.0,0.8917041292041296,0.9615384615384616,8.2,9.0,2.0,0,14.74,0.14,4.884667571234735,0.0094979647218453
401892452,2027,2026-10-06 23:30:00+00:00,13,New York Rangers,NYR,12,New York Islanders,NYI,1,3942292,Vladislav Gavrikov,D,44,True,False,defenses,0,1,0,3,1450,0,275,1175,28,0,1,2,3,0,0,0,0.0,0,0,0,2,4,1.0,1.4,1.0,0.4,0.6,0.0,0.2,0.1,0.25,0.4,0.4,0.25,0.6,0.5,0.5,1319.4,1346.2,1253.5,12.6,42.5,4.0,1134.6,1126.3,1099.5,25.8,26.3,25.75,2.0625,1.0625,0,24.4,31.5,2.2,1.0,0.8917041292041296,0.9615384615384616,8.2,9.0,2.0,0,21.99,0.21,2.728512960436562,0.0095497953615279
401892452,2027,2026-10-06 23:30:00+00:00,13,New York Rangers,NYR,12,New York Islanders,NYI,1,4197146,Adam Fox,D,23,True,False,defenses,0,0,1,3,1429,154,47,1228,24,0,0,1,0,2,0,0,0.0,2,0,0,1,4,0.8,1.5,0.75,1.0,0.8,0.75,0.0,0.2,0.0,0.8,1.0,1.0,0.8,1.2,1.0,1241.2,1336.1,1228.5,190.6,215.8,198.75,1013.2,1082.7,985.75,25.6,25.4,26.0,2.0625,1.0625,0,24.4,31.5,2.2,1.0,0.8917041292041296,0.9615384615384616,8.2,9.0,2.0,0,20.686666666666667,3.1766666666666667,2.3203351595230424,0.1535610699323235
401892452,2027,2026-10-06 23:30:00+00:00,13,New York Rangers,NYR,12,New York Islanders,NYI,1,5188348,Jaroslav Chmelar,RW,49,True,False,forwards,0,2,0,0,508,35,0,473,14,0,0,0,0,0,0,0,0.0,0,0,0,0,3,0.6,0.8,0.6666666666666666,0.2,0.1,0.3333333333333333,0.0,0.1,0.0,0.0,0.1,0.0,0.0,0.2,0.0,546.6,614.3,431.3333333333333,1.2,5.0,2.0,545.4,609.3,429.3333333333333,12.8,13.6,10.666666666666666,2.0625,1.0625,0,24.4,31.5,2.2,1.0,0.8917041292041296,0.9615384615384616,8.2,9.0,2.0,0,9.11,0.02,3.951701427003292,0.0021953896816684
401892452,2027,2026-10-06 23:30:00+00:00,13,New York Rangers,NYR,12,New York Islanders,NYI,1,4587588,Pavel Dorofeyev,RW,16,True,False,forwards,0,1,1,-1,985,154,0,831,19,0,1,0,0,1,0,0,0.0,2,0,0,0,4,3.6,3.1,3.75,1.4,1.1,1.25,0.2,0.3,0.25,0.2,0.2,0.25,0.4,0.5,0.5,1021.4,1004.1,975.0,201.8,195.3,197.75,819.6,808.8,777.25,20.6,21.0,20.5,2.0625,1.0625,0,24.4,31.5,2.2,1.0,0.8917041292041296,0.9615384615384616,8.2,9.0,2.0,0,17.023333333333333,3.3633333333333337,12.688466810260426,0.1975719600548267
401892452,2027,2026-10-06 23:30:00+00:00,12,New York Islanders,NYI,13,New York Rangers,NYR,0,4587854,Alexander Romanov,D,28,True,False,defenses,2,1,0,-1,800,13,82,705,15,0,0,0,1,0,0,0,0.0,0,0,0,0,2,1.6,1.1,1.0,0.2,0.3,0.0,0.0,0.0,0.0,0.2,0.1,0.0,0.2,0.1,0.0,1196.8,1165.3,1091.0,3.6,2.3,0.0,990.6,999.2,842.5,24.8,23.9,22.0,3.0,2.0,0,26.0,24.75,1.6,1.5,0.9393431510051428,0.9403079710144928,10.4,10.5,1.0625,0,19.946666666666665,0.06,4.812834224598931,0.0030080213903743
401891779,2027,2026-10-07 00:00:00+00:00,19,St. Louis Blues,STL,4,Chicago Blackhawks,CHI,0,5149212,Theo Lindstein,D,4,True,False,defenses,0,1,1,0,889,0,0,889,21,0,0,0,1,0,0,0,0.0,2,0,0,0,2,1.4,1.2,0.5,0.8,0.5,0.5,0.2,0.2,0.0,0.2,0.2,0.5,0.4,0.4,0.5,985.4,973.9,889.5,9.6,4.8,2.0,916.8,934.6,854.0,22.2,21.8,21.5,2.958333333333333,1.9583333333333333,0,28.0,32.333333333333336,4.4,5.0,0.8449105941753002,0.8448359073359074,7.4,8.333333333333334,2.0416666666666665,0,16.423333333333332,0.16,5.114674243961843,0.0097422366551654
401891779,2027,2026-10-07 00:00:00+00:00,4,Chicago Blackhawks,CHI,19,St. Louis Blues,STL,1,2592095,Teuvo Teravainen,C,86,True,False,forwards,0,1,0,1,571,0,49,522,14,0,0,1,0,0,0,0,0.0,1,0,0,1,2,1.0,1.3,1.0,1.0,0.8,1.0,0.0,0.1,0.0,0.2,0.3,0.5,0.2,0.4,0.5,928.6,1006.5,821.0,137.0,168.6,0.0,675.4,727.4,727.0,19.8,19.8,20.5,3.0416666666666665,2.0416666666666665,0,27.6,30.5,3.4,3.0,0.8777466105656853,0.9166666666666669,11.0,17.0,1.9583333333333333,0,15.476666666666668,2.283333333333333,3.876803790652596,0.1475339220331682
401892454,2027,2026-10-07 01:40:00+00:00,37,Vegas Golden Knights,VGK,124292,Seattle Kraken,SEA,0,3151096,Victor Olofsson,LW,95,True,False,forwards,0,0,0,1,648,116,0,532,15,2,4,0,2,1,0,1,0.0,1,0,0,2,3,2.2,1.8,2.333333333333333,0.6,0.6,0.3333333333333333,0.4,0.2,0.6666666666666666,0.2,0.3,0.3333333333333333,0.6,0.5,1.0,787.2,805.9,835.0,96.8,101.9,124.33333333333331,688.0,702.8,709.0,18.4,18.6,18.33333333333333,2.0277777777777777,1.0277777777777777,0,29.0,28.0,2.2,1.6666666666666667,0.9206646686646688,0.938104118104118,9.8,11.666666666666666,1.0694444444444446,0,13.12,1.6133333333333333,10.0609756097561,0.1229674796747967
401892454,2027,2026-10-07 01:40:00+00:00,124292,Seattle Kraken,SEA,37,Vegas Golden Knights,VGK,1,3904189,Vince Dunn,D,29,True,False,defenses,2,0,0,-2,1441,194,80,1167,26,0,1,0,1,0,0,0,0.0,1,1,2,0,3,1.6,1.9,1.0,0.6,0.9,0.3333333333333333,0.2,0.1,0.3333333333333333,0.6,0.6,1.0,0.8,0.7,1.3333333333333333,1239.6,1213.5,1260.3333333333333,86.4,94.1,113.0,1141.0,1113.3,1127.3333333333333,24.6,23.6,24.666666666666668,2.0694444444444446,1.0694444444444446,0,22.4,22.0,2.2,2.6666666666666665,0.8985284280936459,0.8743589743589744,5.6,4.666666666666667,1.0277777777777777,0,20.66,1.4400000000000002,4.646660212971927,0.0696999031945789
401892454,2027,2026-10-07 01:40:00+00:00,124292,Seattle Kraken,SEA,37,Vegas Golden Knights,VGK,1,4874864,Ryker Evans,D,41,True,False,defenses,1,3,0,-1,1456,51,173,1232,23,0,0,0,0,0,0,0,0.0,0,0,0,0,3,1.0,0.7,1.3333333333333333,0.8,0.9,0.6666666666666666,0.0,0.0,0.0,0.4,0.4,0.6666666666666666,0.4,0.4,0.6666666666666666,1197.8,1233.4,1244.0,6.0,3.0,6.666666666666667,1122.8,1184.6,1191.6666666666667,21.8,22.0,22.0,2.0694444444444446,1.0694444444444446,0,22.4,22.0,2.2,2.6666666666666665,0.8985284280936459,0.8743589743589744,5.6,4.666666666666667,1.0277777777777777,0,19.96333333333333,0.1,3.0055101018533983,0.0050091835030889
401892454,2027,2026-10-07 01:40:00+00:00,124292,Seattle Kraken,SEA,37,Vegas Golden Knights,VGK,1,5080144,Shane Wright,C,51,True,False,forwards,1,0,0,0,883,155,5,723,19,1,2,0,4,1,0,3,0.0,2,0,0,1,3,0.8,0.6,1.0,0.8,1.2,1.0,0.4,0.2,0.3333333333333333,0.2,0.2,0.3333333333333333,0.6,0.4,0.6666666666666666,866.8,782.5,907.3333333333334,81.6,67.8,98.0,783.8,714.0,807.0,18.6,17.5,19.666666666666668,2.0694444444444446,1.0694444444444446,0,22.4,22.0,2.2,2.6666666666666665,0.8985284280936459,0.8743589743589744,5.6,4.666666666666667,1.0277777777777777,0,14.446666666666664,1.36,3.3225657591139828,0.0941393631748961
401892454,2027,2026-10-07 01:40:00+00:00,124292,Seattle Kraken,SEA,37,Vegas Golden Knights,VGK,1,2562610,Adam Larsson,D,6,True,False,defenses,3,2,1,0,1358,3,282,1073,22,0,0,0,2,0,0,0,0.0,1,0,0,0,3,1.4,1.8,0.6666666666666666,0.2,0.8,0.0,0.0,0.2,0.0,0.0,0.1,0.0,0.0,0.3,0.0,1299.4,1247.4,1283.6666666666667,0.0,0.0,0.0,1104.4,1104.8,1115.3333333333333,24.0,23.6,24.0,2.0694444444444446,1.0694444444444446,0,22.4,22.0,2.2,2.6666666666666665,0.8985284280936459,0.8743589743589744,5.6,4.666666666666667,1.0277777777777777,0,21.65666666666667,0.0,3.878713252270277,0.0
401892454,2027,2026-10-07 01:40:00+00:00,124292,Seattle Kraken,SEA,37,Vegas Golden Knights,VGK,1,4755729,Ben Meyers,C,59,True,False,forwards,2,2,0,-1,648,0,89,559,15,0,0,0,0,0,1,1,50.0,0,2,15,0,1,0.6,0.7,0.0,0.2,0.2,0.0,0.0,0.0,0.0,0.0,0.0,0.0,0.0,0.0,0.0,744.0,701.8,659.0,0.0,1.0,0.0,602.8,576.8,462.0,17.0,16.5,18.0,3.111111111111111,2.111111111111111,0,22.4,22.0,2.2,2.6666666666666665,0.8985284280936459,0.8743589743589744,5.6,4.666666666666667,1.0277777777777777,0,12.4,0.0,2.903225806451613,0.0
401892454,2027,2026-10-07 01:40:00+00:00,124292,Seattle Kraken,SEA,37,Vegas Golden Knights,VGK,1,5216877,Berkly Catton,C,27,True,False,forwards,0,0,0,-1,935,214,0,721,19,0,1,0,3,2,4,2,66.7,0,0,0,0,3,1.0,1.0,1.3333333333333333,0.4,0.8,0.6666666666666666,0.2,0.2,0.3333333333333333,0.2,0.1,0.3333333333333333,0.4,0.3,0.6666666666666666,913.4,819.9,947.0,96.6,73.4,128.0,816.4,746.3,818.3333333333334,19.0,18.2,19.33333333333333,2.0694444444444446,1.0694444444444446,0,22.4,22.0,2.2,2.6666666666666665,0.8985284280936459,0.8743589743589744,5.6,4.666666666666667,1.0277777777777777,0,15.223333333333333,1.61,3.941318151959712,0.1057587037442522
401892454,2027,2026-10-07 01:40:00+00:00,124292,Seattle Kraken,SEA,37,Vegas Golden Knights,VGK,1,5048894,Bobby McMann,C,74,True,False,forwards,0,2,0,-1,1011,230,69,712,20,0,2,0,3,2,1,0,100.0,0,0,0,0,3,3.4,3.7,4.0,1.2,2.1,2.0,0.4,0.4,0.6666666666666666,0.0,0.0,0.0,0.4,0.4,0.6666666666666666,969.4,1037.9,990.0,81.0,66.3,95.33333333333331,887.6,967.0,893.3333333333334,19.6,21.3,21.0,2.0694444444444446,1.0694444444444446,0,22.4,22.0,2.2,2.6666666666666665,0.8985284280936459,0.8743589743589744,5.6,4.666666666666667,1.0277777777777777,0,16.156666666666666,1.35,12.626366824840106,0.0835568392820301
401892454,2027,2026-10-07 01:40:00+00:00,124292,Seattle Kraken,SEA,37,Vegas Golden Knights,VGK,1,4393055,Cale Fleury,D,8,True,False,defenses,2,0,0,-1,963,0,195,768,21,0,0,1,1,0,0,0,0.0,0,0,0,1,1,0.4,0.6,2.0,0.6,0.6,0.0,0.0,0.0,0.0,0.0,0.1,0.0,0.0,0.1,0.0,758.2,833.6,827.0,0.0,0.0,0.0,698.2,779.4,776.0,15.8,17.6,19.0,3.111111111111111,2.111111111111111,0,22.4,22.0,2.2,2.6666666666666665,0.8985284280936459,0.8743589743589744,5.6,4.666666666666667,1.0277777777777777,0,12.636666666666668,0.0,1.899235030335004,0.0
401892454,2027,2026-10-07 01:40:00+00:00,124292,Seattle Kraken,SEA,37,Vegas Golden Knights,VGK,1,3067858,Chandler Stephenson,C,9,True,False,forwards,0,0,3,-1,1051,263,98,690,23,0,1,0,0,0,12,7,63.2,3,1,2,0,3,1.0,0.8,1.3333333333333333,0.4,0.6,0.0,0.2,0.2,0.3333333333333333,0.6,0.6,1.0,0.8,0.8,1.3333333333333333,1061.0,1056.2,1017.3333333333334,85.4,95.0,108.0,882.4,887.3,870.3333333333334,23.2,22.6,23.33333333333333,2.0694444444444446,1.0694444444444446,0,22.4,22.0,2.2,2.6666666666666665,0.8985284280936459,0.8743589743589744,5.6,4.666666666666667,1.0277777777777777,0,17.683333333333334,1.4233333333333331,3.393025447690857,0.0804901036757775
401892454,2027,2026-10-07 01:40:00+00:00,124292,Seattle Kraken,SEA,37,Vegas Golden Knights,VGK,1,3115032,Brandon Montour,D,62,True,False,defenses,2,1,2,-1,1205,167,69,969,21,0,0,0,0,1,0,0,0.0,1,3,17,0,3,2.8,2.7,2.333333333333333,1.0,1.0,1.6666666666666667,0.0,0.1,0.0,0.4,0.2,0.6666666666666666,0.4,0.3,0.6666666666666666,1368.0,1341.9,1414.6666666666667,101.6,77.8,127.66666666666669,1217.8,1227.8,1217.6666666666667,22.8,23.4,23.33333333333333,2.0694444444444446,1.0694444444444446,0,22.4,22.0,2.2,2.6666666666666665,0.8985284280936459,0.8743589743589744,5.6,4.666666666666667,1.0277777777777777,0,22.8,1.6933333333333331,7.368421052631579,0.0742690058479532
401892454,2027,2026-10-07 01:40:00+00:00,124292,Seattle Kraken,SEA,37,Vegas Golden Knights,VGK,1,3114777,Jared McCann,LW,19,True,False,forwards,0,0,0,0,907,261,23,623,20,1,1,0,7,0,0,1,0.0,1,0,0,1,3,2.4,2.0,2.6666666666666665,0.8,0.7,1.0,0.2,0.2,0.0,1.0,0.6,1.3333333333333333,1.2,0.8,1.3333333333333333,927.6,952.8,961.6666666666666,145.8,145.0,131.66666666666666,766.0,798.7,803.6666666666666,20.6,20.8,21.0,2.0694444444444446,1.0694444444444446,0,22.4,22.0,2.2,2.6666666666666665,0.8985284280936459,0.8743589743589744,5.6,4.666666666666667,1.0277777777777777,0,15.46,2.43,9.314359637774904,0.1571798188874515
401892454,2027,2026-10-07 01:40:00+00:00,124292,Seattle Kraken,SEA,37,Vegas Golden Knights,VGK,1,5032,Jordan Eberle,RW,7,True,False,forwards,1,0,0,-1,946,263,0,683,19,0,2,1,0,0,0,0,0.0,1,0,0,1,3,1.4,1.7,2.333333333333333,1.6,1.3,2.333333333333333,0.4,0.4,0.6666666666666666,0.2,0.2,0.3333333333333333,0.6,0.6,1.0,951.8,1034.4,981.6666666666666,94.6,99.4,117.66666666666669,837.6,922.2,850.6666666666666,20.4,21.3,22.33333333333333,2.0694444444444446,1.0694444444444446,0,22.4,22.0,2.2,2.6666666666666665,0.8985284280936459,0.8743589743589744,5.6,4.666666666666667,1.0277777777777777,0,15.863333333333332,1.5766666666666669,5.295230090355116,0.0993906282832527
401892454,2027,2026-10-07 01:40:00+00:00,124292,Seattle Kraken,SEA,37,Vegas Golden Knights,VGK,1,4565223,Kaapo Kakko,RW,84,True,False,forwards,0,0,0,-1,897,247,0,650,20,0,1,2,2,0,0,0,0.0,1,0,0,2,3,1.0,0.5,0.3333333333333333,0.0,0.2,0.0,0.2,0.1,0.3333333333333333,0.2,0.5,0.3333333333333333,0.4,0.6,0.6666666666666666,835.0,853.0,865.0,85.6,68.3,112.66666666666669,749.4,784.7,752.3333333333334,18.4,19.0,19.33333333333333,2.0694444444444446,1.0694444444444446,0,22.4,22.0,2.2,2.6666666666666665,0.8985284280936459,0.8743589743589744,5.6,4.666666666666667,1.0277777777777777,0,13.916666666666666,1.4266666666666663,4.311377245508982,0.1025149700598802
401892454,2027,2026-10-07 01:40:00+00:00,124292,Seattle Kraken,SEA,37,Vegas Golden Knights,VGK,1,4874741,Mackie Samoskevich,RW,11,True,False,forwards,0,1,0,-1,831,125,0,706,17,0,2,0,3,1,0,0,0.0,0,0,0,0,2,1.4,2.1,1.5,0.8,1.1,0.5,0.8,0.6,1.0,0.6,0.3,0.0,1.4,0.9,1.0,840.2,942.3,921.5,21.0,109.0,0.0,819.2,832.3,921.5,18.0,18.9,20.5,2.0694444444444446,1.0694444444444446,0,22.4,22.0,2.2,2.6666666666666665,0.8985284280936459,0.8743589743589744,5.6,4.666666666666667,1.0277777777777777,0,14.003333333333334,0.35,5.998571768626517,0.0249940490359438
401892454,2027,2026-10-07 01:40:00+00:00,124292,Seattle Kraken,SEA,37,Vegas Golden Knights,VGK,1,4781552,Matty Beniers,C,10,True,False,forwards,0,1,1,-1,981,212,74,695,21,0,1,0,0,1,11,7,61.1,1,0,0,0,3,0.4,0.9,0.6666666666666666,0.0,0.9,0.0,0.2,0.2,0.3333333333333333,0.4,0.5,0.6666666666666666,0.6,0.7,1.0,960.6,1049.9,980.6666666666666,91.4,97.0,113.66666666666669,844.2,934.9,850.6666666666666,19.4,21.0,20.0,2.0694444444444446,1.0694444444444446,0,22.4,22.0,2.2,2.6666666666666665,0.8985284280936459,0.8743589743589744,5.6,4.666666666666667,1.0277777777777777,0,16.01,1.5233333333333334,1.4990630855715177,0.0951488652925255
401892454,2027,2026-10-07 01:40:00+00:00,124292,Seattle Kraken,SEA,37,Vegas Golden Knights,VGK,1,4271998,Ryan Lindgren,D,55,True,False,defenses,0,0,0,0,237,0,91,146,6,0,0,0,0,0,0,0,0.0,0,0,0,0,3,0.8,0.7,1.0,0.2,0.4,0.3333333333333333,0.0,0.0,0.0,0.0,0.0,0.0,0.0,0.0,0.0,992.4,1022.8,940.6666666666666,3.6,2.0,6.0,829.8,872.2,803.6666666666666,21.4,21.6,20.666666666666668,2.0694444444444446,1.0694444444444446,0,22.4,22.0,2.2,2.6666666666666665,0.8985284280936459,0.8743589743589744,5.6,4.666666666666667,1.0277777777777777,0,16.54,0.06,2.9020556227327696,0.0036275695284159
401892454,2027,2026-10-07 01:40:00+00:00,124292,Seattle Kraken,SEA,37,Vegas Golden Knights,VGK,1,4894928,Ryan Winterton,C,26,True,False,forwards,0,3,0,-1,753,0,187,566,18,0,0,0,1,0,0,0,0.0,0,1,5,0,3,2.2,2.2,2.333333333333333,0.8,0.9,1.3333333333333333,0.0,0.0,0.0,0.2,0.1,0.3333333333333333,0.2,0.1,0.3333333333333333,842.4,848.3,867.3333333333334,1.6,1.2,0.0,767.2,768.2,780.0,18.0,19.0,18.666666666666668,2.0694444444444446,1.0694444444444446,0,22.4,22.0,2.2,2.6666666666666665,0.8985284280936459,0.8743589743589744,5.6,4.666666666666667,1.0277777777777777,0,14.04,0.0266666666666666,9.401709401709402,0.0018993352326685
401892454,2027,2026-10-07 01:40:00+00:00,124292,Seattle Kraken,SEA,37,Vegas Golden Knights,VGK,1,3149649,Frederick Gaudreau,C,89,True,False,forwards,0,2,0,-1,955,0,250,705,21,0,1,0,0,0,5,11,31.3,0,0,0,0,3,1.0,1.2,1.6666666666666667,0.8,0.7,1.0,0.2,0.3,0.3333333333333333,0.0,0.0,0.0,0.2,0.3,0.3333333333333333,866.4,913.6,848.3333333333334,0.0,0.3,0.0,726.8,809.1,710.3333333333334,20.0,20.6,20.0,2.0694444444444446,1.0694444444444446,0,22.4,22.0,2.2,2.6666666666666665,0.8985284280936459,0.8743589743589744,5.6,4.666666666666667,1.0277777777777777,0,14.44,0.0,4.1551246537396125,0.0
401891806,2027,2026-10-07 02:20:00+00:00,8,Los Angeles Kings,LA,26,Florida Panthers,FLA,1,2273,Corey Perry,RW,90,True,False,forwards,0,0,0,1,702,133,0,569,12,0,0,0,0,0,0,0,0.0,1,0,0,0,1,2.0,1.5,3.0,1.0,0.6,0.0,0.2,0.2,0.0,0.0,0.1,0.0,0.2,0.3,0.0,745.0,750.8,597.0,103.6,105.6,0.0,641.4,645.2,597.0,14.0,14.4,13.0,3.013888888888889,2.013888888888889,0,24.0,22.33333333333333,2.0,2.333333333333333,0.922492877492878,0.9083333333333332,11.4,14.333333333333334,1.0972222222222223,0,12.416666666666666,1.7266666666666666,9.664429530201344,0.1390604026845637
401891806,2027,2026-10-07 02:20:00+00:00,8,Los Angeles Kings,LA,26,Florida Panthers,FLA,1,4565226,Alex Turcotte,C,15,True,False,forwards,1,0,0,0,689,89,100,500,15,0,0,0,0,0,1,5,16.7,0,1,2,0,2,0.8,0.6,0.5,1.0,0.7,1.0,0.0,0.0,0.0,0.2,0.3,0.5,0.2,0.3,0.5,665.4,652.3,925.0,39.6,23.7,99.0,615.8,623.6,801.0,15.4,15.8,21.0,3.013888888888889,2.013888888888889,0,24.0,22.33333333333333,2.0,2.333333333333333,0.922492877492878,0.9083333333333332,11.4,14.333333333333334,1.0972222222222223,0,11.09,0.66,4.328223624887285,0.0595130748422001
401891806,2027,2026-10-07 02:20:00+00:00,8,Los Angeles Kings,LA,26,Florida Panthers,FLA,1,3891952,Artemi Panarin,LW,10,True,False,forwards,0,1,0,-2,1225,382,0,843,19,0,2,0,4,0,0,0,0.0,0,1,2,0,2,1.8,2.3,3.0,2.0,2.1,3.5,0.4,0.4,1.0,0.4,0.7,0.5,0.8,1.1,1.5,1230.2,1226.1,1278.5,217.8,198.4,286.5,1012.4,1027.5,992.0,22.4,22.9,23.0,3.013888888888889,2.013888888888889,0,24.0,22.33333333333333,2.0,2.333333333333333,0.922492877492878,0.9083333333333332,11.4,14.333333333333334,1.0972222222222223,0,20.50333333333333,3.63,5.267436189237522,0.17704438302715
401891806,2027,2026-10-07 02:20:00+00:00,8,Los Angeles Kings,LA,26,Florida Panthers,FLA,1,4874722,Brandt Clarke,D,92,True,False,defenses,2,0,1,-2,1155,161,8,986,19,0,0,0,0,3,0,0,0.0,4,2,6,0,2,2.0,1.8,3.0,0.2,0.8,0.0,0.0,0.0,0.0,0.4,0.4,1.0,0.4,0.4,1.0,1210.4,1201.4,1190.5,184.8,161.1,237.5,1008.2,1031.6,909.5,22.2,23.5,22.5,3.013888888888889,2.013888888888889,0,24.0,22.33333333333333,2.0,2.333333333333333,0.922492877492878,0.9083333333333332,11.4,14.333333333333334,1.0972222222222223,0,20.173333333333336,3.08,5.948446794448116,0.1526768010575016
401891806,2027,2026-10-07 02:20:00+00:00,8,Los Angeles Kings,LA,26,Florida Panthers,FLA,1,5738,Brian Dumoulin,D,2,True,False,defenses,0,1,0,0,869,6,206,657,20,0,1,0,1,0,0,0,0.0,4,0,0,0,2,0.4,0.3,1.0,0.4,0.3,0.5,0.2,0.1,0.5,0.0,0.1,0.0,0.2,0.2,0.5,998.8,982.0,943.0,3.0,5.7,6.0,952.8,942.2,856.5,22.0,21.3,20.5,3.013888888888889,2.013888888888889,0,24.0,22.33333333333333,2.0,2.333333333333333,0.922492877492878,0.9083333333333332,11.4,14.333333333333334,1.0972222222222223,0,16.646666666666665,0.05,1.44173007609131,0.0030036043251902
401891806,2027,2026-10-07 02:20:00+00:00,8,Los Angeles Kings,LA,26,Florida Panthers,FLA,1,2976843,Cody Ceci,D,5,True,False,defenses,1,0,0,1,971,0,297,674,20,0,0,0,0,0,0,0,0.0,3,0,0,0,2,1.0,0.7,1.5,1.0,0.5,0.5,0.0,0.0,0.0,0.2,0.2,0.5,0.2,0.2,0.5,1123.6,1067.1,1111.0,4.0,2.0,2.0,987.0,947.4,936.0,24.0,22.9,24.0,3.013888888888889,2.013888888888889,0,24.0,22.33333333333333,2.0,2.333333333333333,0.922492877492878,0.9083333333333332,11.4,14.333333333333334,1.0972222222222223,0,18.726666666666667,0.0666666666666666,3.203987184051264,0.0035599857600569
401891806,2027,2026-10-07 02:20:00+00:00,8,Los Angeles Kings,LA,26,Florida Panthers,FLA,1,3995,Drew Doughty,D,8,True,False,defenses,2,0,1,0,1006,47,271,688,22,0,0,0,0,0,0,0,0.0,2,0,0,0,2,0.8,1.1,0.5,1.0,0.7,1.0,0.0,0.0,0.0,0.4,0.2,0.5,0.4,0.2,0.5,1312.6,1414.2,1286.5,80.4,80.8,92.5,1165.6,1263.4,1119.5,28.6,29.5,29.0,3.013888888888889,2.013888888888889,0,24.0,22.33333333333333,2.0,2.333333333333333,0.922492877492878,0.9083333333333332,11.4,14.333333333333334,1.0972222222222223,0,21.876666666666665,1.34,2.194118543349078,0.0612524760018284
401891806,2027,2026-10-07 02:20:00+00:00,8,Los Angeles Kings,LA,26,Florida Panthers,FLA,1,4697725,Alex Laferriere,RW,14,True,False,forwards,0,3,0,0,1030,144,60,826,22,1,1,0,3,0,1,0,100.0,0,0,0,1,2,2.4,3.1,1.0,2.6,2.6,3.0,0.4,0.3,0.0,1.0,0.6,1.0,1.4,0.9,1.0,1128.4,1222.2,968.0,122.6,143.3,106.5,945.2,1018.9,835.5,23.0,25.0,21.5,3.013888888888889,2.013888888888889,0,24.0,22.33333333333333,2.0,2.333333333333333,0.922492877492878,0.9083333333333332,11.4,14.333333333333334,1.0972222222222223,0,18.80666666666667,2.043333333333333,7.656859269762494,0.1086494151010279
401891806,2027,2026-10-07 02:20:00+00:00,8,Los Angeles Kings,LA,26,Florida Panthers,FLA,1,2593311,Erik Haula,LW,56,True,False,forwards,1,1,1,1,968,55,228,685,26,0,1,1,3,2,13,10,56.5,2,0,0,1,2,2.0,1.9,2.5,0.8,0.7,0.5,0.4,0.4,0.5,0.2,0.4,0.5,0.6,0.8,1.0,933.6,938.3,905.5,63.0,74.2,89.0,750.2,740.8,670.0,24.0,23.9,26.5,3.013888888888889,2.013888888888889,0,24.0,22.33333333333333,2.0,2.333333333333333,0.922492877492878,0.9083333333333332,11.4,14.333333333333334,1.0972222222222223,0,15.56,1.05,7.712082262210797,0.0674807197943444
401891806,2027,2026-10-07 02:20:00+00:00,8,Los Angeles Kings,LA,26,Florida Panthers,FLA,1,2562596,Joel Armia,RW,40,True,False,forwards,0,0,1,0,749,2,260,487,18,0,1,0,0,1,0,1,0.0,0,0,0,0,2,1.8,2.0,2.0,0.4,0.9,0.5,0.2,0.4,0.5,0.0,0.1,0.0,0.2,0.5,0.5,811.6,811.0,791.0,30.6,26.3,47.0,702.6,725.5,611.5,19.8,19.7,21.0,3.013888888888889,2.013888888888889,0,24.0,22.33333333333333,2.0,2.333333333333333,0.922492877492878,0.9083333333333332,11.4,14.333333333333334,1.0972222222222223,0,13.526666666666667,0.51,7.984228684080828,0.0377033021192705
401891806,2027,2026-10-07 02:20:00+00:00,8,Los Angeles Kings,LA,26,Florida Panthers,FLA,1,2563034,Joel Edmundson,D,6,True,False,defenses,1,1,0,0,798,0,204,594,19,0,0,0,2,2,0,0,0.0,0,1,5,0,2,1.4,1.9,1.0,0.6,0.6,0.0,0.0,0.0,0.0,0.2,0.4,0.0,0.2,0.4,0.0,972.4,1047.1,865.5,9.0,6.5,0.0,869.4,948.2,786.0,22.2,23.5,20.5,3.013888888888889,2.013888888888889,0,24.0,22.33333333333333,2.0,2.333333333333333,0.922492877492878,0.9083333333333332,11.4,14.333333333333334,1.0972222222222223,0,16.206666666666667,0.15,5.183052241875771,0.009255450431921
401891806,2027,2026-10-07 02:20:00+00:00,8,Los Angeles Kings,LA,26,Florida Panthers,FLA,1,5560,Mats Zuccarello,RW,36,True,False,forwards,0,0,0,0,1036,275,0,761,20,0,0,0,0,1,0,0,0.0,2,0,0,0,2,0.6,1.5,0.5,0.2,0.8,0.0,0.0,0.2,0.0,1.2,1.1,0.5,1.2,1.3,0.5,1105.6,1066.8,1118.5,209.8,172.4,242.5,895.8,889.6,876.0,18.4,17.2,20.5,3.013888888888889,2.013888888888889,0,24.0,22.33333333333333,2.0,2.333333333333333,0.922492877492878,0.9083333333333332,11.4,14.333333333333334,1.0972222222222223,0,18.426666666666662,3.496666666666667,1.9536903039073803,0.1897612156295224
401891806,2027,2026-10-07 02:20:00+00:00,8,Los Angeles Kings,LA,26,Florida Panthers,FLA,1,4588178,Mikey Anderson,D,44,True,False,defenses,5,1,0,0,965,4,213,748,19,0,0,0,0,0,0,0,0.0,3,1,2,0,2,0.8,0.8,1.5,0.2,0.1,0.0,0.0,0.0,0.0,0.2,0.4,0.5,0.2,0.4,0.5,1193.2,1275.0,1073.0,17.6,13.4,6.0,1059.4,1175.3,894.0,24.8,26.0,23.0,3.013888888888889,2.013888888888889,0,24.0,22.33333333333333,2.0,2.333333333333333,0.922492877492878,0.9083333333333332,11.4,14.333333333333334,1.0972222222222223,0,19.886666666666667,0.2933333333333333,2.4136775058665774,0.0147502514247401
401891806,2027,2026-10-07 02:20:00+00:00,8,Los Angeles Kings,LA,26,Florida Panthers,FLA,1,4697383,Quinton Byfield,RW,55,True,False,forwards,0,1,1,-1,1270,301,74,895,23,0,1,0,0,0,10,8,55.6,2,0,0,0,2,4.0,2.9,3.5,2.0,1.8,2.0,1.0,0.7,0.5,0.4,0.2,0.5,1.4,0.9,1.0,1237.2,1241.5,1249.5,168.4,107.3,251.0,1014.6,1073.5,997.5,23.8,25.5,22.0,3.013888888888889,2.013888888888889,0,24.0,22.33333333333333,2.0,2.333333333333333,0.922492877492878,0.9083333333333332,11.4,14.333333333333334,1.0972222222222223,0,20.62,2.806666666666666,11.639185257032008,0.1361138053669576
401891806,2027,2026-10-07 02:20:00+00:00,8,Los Angeles Kings,LA,26,Florida Panthers,FLA,1,2976848,Scott Laughton,C,21,True,False,forwards,2,3,0,-1,798,6,209,583,18,0,0,0,2,1,7,2,77.8,0,0,0,0,2,2.0,1.8,1.5,1.0,0.7,1.0,0.0,0.2,0.0,0.0,0.1,0.0,0.0,0.3,0.0,889.6,899.1,858.5,31.4,33.4,4.0,772.4,794.0,716.5,22.4,22.9,22.0,3.013888888888889,2.013888888888889,0,24.0,22.33333333333333,2.0,2.333333333333333,0.922492877492878,0.9083333333333332,11.4,14.333333333333334,1.0972222222222223,0,14.826666666666666,0.5233333333333333,8.093525179856115,0.035296762589928
401891806,2027,2026-10-07 02:20:00+00:00,8,Los Angeles Kings,LA,26,Florida Panthers,FLA,1,3096186,Trevor Moore,LW,12,True,False,forwards,2,0,0,0,972,2,206,764,22,0,1,0,2,1,0,0,0.0,3,0,0,0,2,2.8,2.5,2.0,0.2,0.5,0.0,0.4,0.3,0.5,0.6,0.5,0.0,1.0,0.8,0.5,1034.4,1086.3,931.5,27.4,37.4,2.5,913.8,966.5,794.0,24.4,25.4,25.0,3.013888888888889,2.013888888888889,0,24.0,22.33333333333333,2.0,2.333333333333333,0.922492877492878,0.9083333333333332,11.4,14.333333333333334,1.0972222222222223,0,17.240000000000002,0.4566666666666666,9.744779582366586,0.0264887857695282
401891806,2027,2026-10-07 02:20:00+00:00,8,Los Angeles Kings,LA,26,Florida Panthers,FLA,1,3114802,Adrian Kempe,RW,9,True,False,forwards,0,1,0,-1,1302,280,72,950,23,0,1,0,3,1,0,1,0.0,1,0,0,0,2,4.2,3.7,4.5,2.0,1.9,3.5,0.6,0.9,0.5,0.2,0.3,0.5,0.8,1.2,1.0,1194.8,1174.9,1241.5,205.0,184.3,242.0,985.8,985.7,997.0,22.8,23.2,23.5,3.013888888888889,2.013888888888889,0,24.0,22.33333333333333,2.0,2.333333333333333,0.922492877492878,0.9083333333333332,11.4,14.333333333333334,1.0972222222222223,0,19.91333333333333,3.4166666666666665,12.654837629728824,0.1715768329427519
401891806,2027,2026-10-07 02:20:00+00:00,8,Los Angeles Kings,LA,26,Florida Panthers,FLA,1,3891922,Erik Gustafsson,D,64,True,False,defenses,0,0,1,-1,899,128,8,763,19,0,0,0,0,0,0,0,0.0,0,0,0,0,1,1.4,1.1,2.0,0.8,0.9,1.0,0.0,0.0,0.0,0.4,0.2,1.0,0.4,0.2,1.0,1012.2,1057.2,1035.0,51.0,87.4,27.0,961.2,966.1,1008.0,20.8,21.9,20.0,3.013888888888889,2.013888888888889,0,24.0,22.33333333333333,2.0,2.333333333333333,0.922492877492878,0.9083333333333332,11.4,14.333333333333334,1.0972222222222223,0,16.87,0.85,4.979253112033195,0.0503852993479549
401891806,2027,2026-10-07 02:20:00+00:00,26,Florida Panthers,FLA,8,Los Angeles Kings,LA,0,3041992,Seth Jones,D,3,True,False,defenses,1,2,0,0,1533,324,177,1032,30,1,1,0,2,1,0,0,0.0,1,0,0,1,3,1.8,1.3,2.333333333333333,1.2,1.3,1.6666666666666667,0.0,0.1,0.0,0.4,0.6,0.0,0.4,0.7,0.0,1674.8,1581.7,1705.6666666666667,399.6,261.7,428.6666666666667,1063.0,1117.6,1118.3333333333333,28.0,27.1,28.33333333333333,2.0972222222222223,1.0972222222222223,0,26.4,27.0,4.6,6.5,0.8246457680250787,0.7620689655172415,9.0,9.5,2.013888888888889,0,27.91333333333333,6.66,3.869118700740387,0.2385956532123238
401891806,2027,2026-10-07 02:20:00+00:00,26,Florida Panthers,FLA,8,Los Angeles Kings,LA,0,4697395,Anton Lundell,C,15,True,False,forwards,1,1,0,0,1120,219,102,799,23,0,0,0,3,0,5,8,38.5,2,0,0,0,3,2.2,1.8,2.333333333333333,1.8,1.7,1.3333333333333333,0.2,0.2,0.0,0.2,0.1,0.3333333333333333,0.4,0.3,0.3333333333333333,1137.6,1142.2,1146.0,219.8,177.3,253.33333333333331,775.0,856.9,732.3333333333334,23.8,22.8,25.0,2.0972222222222223,1.0972222222222223,0,26.4,27.0,4.6,6.5,0.8246457680250787,0.7620689655172415,9.0,9.5,2.013888888888889,0,18.96,3.6633333333333336,6.962025316455698,0.1932137834036568
401891806,2027,2026-10-07 02:20:00+00:00,26,Florida Panthers,FLA,8,Los Angeles Kings,LA,0,3939856,Bokondji Imama,LW,14,True,False,forwards,0,4,0,0,378,0,0,378,9,0,0,0,1,0,0,0,0.0,0,0,0,0,3,0.4,0.8,0.0,0.2,0.1,0.0,0.0,0.1,0.0,0.0,0.0,0.0,0.0,0.1,0.0,412.2,398.7,381.3333333333333,0.0,0.0,0.0,412.2,398.7,381.3333333333333,9.6,9.9,9.333333333333334,2.0972222222222223,1.0972222222222223,0,26.4,27.0,4.6,6.5,0.8246457680250787,0.7620689655172415,9.0,9.5,2.013888888888889,0,6.87,0.0,3.493449781659389,0.0
401891806,2027,2026-10-07 02:20:00+00:00,26,Florida Panthers,FLA,8,Los Angeles Kings,LA,0,3852,Brad Marchand,LW,63,True,False,forwards,0,1,0,-1,576,99,55,422,12,0,1,0,2,1,0,0,0.0,0,0,0,0,1,1.4,1.9,3.0,0.6,1.0,1.0,0.2,0.3,1.0,0.2,0.3,0.0,0.4,0.6,1.0,817.6,837.1,790.0,135.2,182.6,53.0,679.6,644.5,723.0,17.8,17.4,18.0,2.0972222222222223,1.0972222222222223,0,26.4,27.0,4.6,6.5,0.8246457680250787,0.7620689655172415,9.0,9.5,2.013888888888889,0,13.626666666666669,2.253333333333333,6.164383561643835,0.1653620352250489
401891806,2027,2026-10-07 02:20:00+00:00,26,Florida Panthers,FLA,8,Los Angeles Kings,LA,0,4319858,Brady Tkachuk,LW,8,True,False,forwards,0,4,0,-1,1032,387,0,645,20,0,0,0,2,1,4,4,50.0,1,0,0,0,3,2.2,3.0,3.0,1.2,1.5,1.6666666666666667,0.0,0.2,0.0,0.2,0.6,0.0,0.2,0.8,0.0,958.0,991.9,1044.0,249.4,230.3,369.6666666666667,703.6,759.1,666.0,20.8,21.8,22.0,2.0972222222222223,1.0972222222222223,0,26.4,27.0,4.6,6.5,0.8246457680250787,0.7620689655172415,9.0,9.5,2.013888888888889,0,15.966666666666669,4.156666666666667,8.26722338204593,0.2603340292275574
401891806,2027,2026-10-07 02:20:00+00:00,26,Florida Panthers,FLA,8,Los Angeles Kings,LA,0,3042088,Carter Verhaeghe,C,23,True,False,forwards,0,0,0,2,1090,242,4,844,20,0,1,0,3,3,1,0,100.0,1,0,0,0,3,1.6,2.4,1.3333333333333333,0.8,1.1,1.3333333333333333,0.4,0.5,0.3333333333333333,0.2,0.2,0.3333333333333333,0.6,0.7,0.6666666666666666,1147.8,1141.6,1110.0,179.2,203.7,183.66666666666663,957.4,924.3,926.3333333333334,22.8,21.1,23.33333333333333,2.0972222222222223,1.0972222222222223,0,26.4,27.0,4.6,6.5,0.8246457680250787,0.7620689655172415,9.0,9.5,2.013888888888889,0,19.13,2.9866666666666664,5.018295870360691,0.1561247604112214
401891806,2027,2026-10-07 02:20:00+00:00,26,Florida Panthers,FLA,8,Los Angeles Kings,LA,0,5328,Dmitry Kulikov,D,7,True,False,defenses,1,2,0,1,1103,0,117,986,24,0,0,0,1,1,0,0,0.0,1,1,4,0,3,0.6,0.8,0.0,0.2,0.5,0.3333333333333333,0.0,0.0,0.0,0.2,0.1,0.3333333333333333,0.2,0.1,0.3333333333333333,1019.0,1066.6,941.0,3.6,2.3,1.0,874.4,960.4,864.0,21.8,22.5,21.0,2.0972222222222223,1.0972222222222223,0,26.4,27.0,4.6,6.5,0.8246457680250787,0.7620689655172415,9.0,9.5,2.013888888888889,0,16.983333333333334,0.06,2.1197252208047104,0.0035328753680078
401891806,2027,2026-10-07 02:20:00+00:00,26,Florida Panthers,FLA,8,Los Angeles Kings,LA,0,4233877,Eetu Luostarinen,C,27,True,False,forwards,2,3,0,0,943,187,31,725,19,0,2,0,2,0,1,0,100.0,0,2,4,0,3,1.0,1.3,1.3333333333333333,0.6,0.7,0.6666666666666666,0.4,0.4,0.6666666666666666,0.2,0.4,0.0,0.6,0.8,0.6666666666666666,865.0,959.1,932.6666666666666,58.2,68.2,81.33333333333333,725.8,796.5,724.3333333333334,19.4,20.2,22.0,2.0972222222222223,1.0972222222222223,0,26.4,27.0,4.6,6.5,0.8246457680250787,0.7620689655172415,9.0,9.5,2.013888888888889,0,14.416666666666666,0.97,4.16184971098266,0.0672832369942196
401891806,2027,2026-10-07 02:20:00+00:00,26,Florida Panthers,FLA,8,Los Angeles Kings,LA,0,3149633,Garnet Hathaway,RW,21,True,False,forwards,1,5,0,1,472,0,183,289,14,0,0,0,0,0,0,0,0.0,0,1,5,0,3,0.2,0.3,0.3333333333333333,0.6,0.7,0.6666666666666666,0.0,0.0,0.0,0.0,0.0,0.0,0.0,0.0,0.0,580.2,620.5,503.3333333333333,1.6,7.6,2.6666666666666665,473.0,547.1,371.3333333333333,15.6,16.4,14.666666666666666,2.0972222222222223,1.0972222222222223,0,26.4,27.0,4.6,6.5,0.8246457680250787,0.7620689655172415,9.0,9.5,2.013888888888889,0,9.67,0.0266666666666666,1.2409513960703205,0.0027576697690451
401891806,2027,2026-10-07 02:20:00+00:00,26,Florida Panthers,FLA,8,Los Angeles Kings,LA,0,5142461,Uvis Balinskis,D,26,True,False,defenses,0,0,0,0,853,260,2,591,16,0,0,0,1,1,0,0,0.0,2,0,0,0,2,1.0,1.6,0.5,0.4,0.4,0.0,0.0,0.1,0.0,0.0,0.2,0.0,0.0,0.3,0.0,933.4,1025.7,826.0,66.2,118.7,35.0,863.6,878.8,783.5,20.6,21.4,19.0,2.0972222222222223,1.0972222222222223,0,26.4,27.0,4.6,6.5,0.8246457680250787,0.7620689655172415,9.0,9.5,2.013888888888889,0,15.556666666666668,1.1033333333333333,3.85686736661667,0.0709235054638954
401891806,2027,2026-10-07 02:20:00+00:00,26,Florida Panthers,FLA,8,Los Angeles Kings,LA,0,3946,Lars Eller,C,20,True,False,forwards,2,0,0,1,776,0,255,521,21,0,0,1,0,2,5,7,41.7,1,0,0,1,3,1.0,0.7,1.6666666666666667,0.6,0.3,0.0,0.0,0.0,0.0,0.4,0.3,0.6666666666666666,0.4,0.3,0.6666666666666666,822.4,743.4,761.0,10.4,5.2,10.0,681.6,657.0,612.6666666666666,20.4,18.8,18.33333333333333,2.0972222222222223,1.0972222222222223,0,26.4,27.0,4.6,6.5,0.8246457680250787,0.7620689655172415,9.0,9.5,2.013888888888889,0,13.706666666666669,0.1733333333333333,4.377431906614786,0.0126459143968871
401891806,2027,2026-10-07 02:20:00+00:00,26,Florida Panthers,FLA,8,Los Angeles Kings,LA,0,4024854,Matthew Tkachuk,LW,19,True,False,forwards,0,4,0,1,1285,420,2,863,23,1,2,0,2,0,0,0,0.0,0,0,0,1,3,1.6,2.2,1.6666666666666667,3.0,2.3,2.333333333333333,0.2,0.4,0.3333333333333333,0.6,0.7,0.3333333333333333,0.8,1.1,0.6666666666666666,1196.8,1162.1,1305.3333333333333,410.4,275.9,491.0,768.6,845.2,814.3333333333334,20.0,20.7,22.0,2.0972222222222223,1.0972222222222223,0,26.4,27.0,4.6,6.5,0.8246457680250787,0.7620689655172415,9.0,9.5,2.013888888888889,0,19.946666666666665,6.84,4.812834224598931,0.3429144385026738
401891806,2027,2026-10-07 02:20:00+00:00,26,Florida Panthers,FLA,8,Los Angeles Kings,LA,0,3942354,Niko Mikkola,D,77,True,False,defenses,2,1,0,-1,1090,16,146,928,25,0,0,0,2,0,0,0,0.0,0,0,0,0,3,1.8,1.7,2.333333333333333,1.8,1.0,1.6666666666666667,0.0,0.2,0.0,0.0,0.0,0.0,0.0,0.2,0.0,1248.6,1210.3,1290.3333333333333,4.2,4.4,6.333333333333333,1057.6,1059.6,1086.3333333333333,26.4,26.2,27.0,2.0972222222222223,1.0972222222222223,0,26.4,27.0,4.6,6.5,0.8246457680250787,0.7620689655172415,9.0,9.5,2.013888888888889,0,20.81,0.07,5.189812590100914,0.0033637674195098
401891806,2027,2026-10-07 02:20:00+00:00,26,Florida Panthers,FLA,8,Los Angeles Kings,LA,0,5502,Radko Gudas,D,6,True,False,defenses,3,2,0,0,728,0,100,628,16,0,0,0,1,1,0,0,0.0,1,0,0,0,3,0.2,0.7,0.3333333333333333,0.6,0.6,1.0,0.0,0.0,0.0,0.0,0.1,0.0,0.0,0.1,0.0,686.6,719.3,801.0,0.0,0.1,0.0,634.4,663.9,758.3333333333334,17.8,16.9,20.0,2.0972222222222223,1.0972222222222223,0,26.4,27.0,4.6,6.5,0.8246457680250787,0.7620689655172415,9.0,9.5,2.013888888888889,0,11.443333333333332,0.0,1.0486454995630643,0.0
401891806,2027,2026-10-07 02:20:00+00:00,26,Florida Panthers,FLA,8,Los Angeles Kings,LA,0,3114732,Sam Bennett,C,9,True,False,forwards,0,1,0,1,1169,346,18,805,24,0,0,1,1,1,4,11,26.7,1,1,2,1,3,2.6,2.7,2.0,0.8,1.2,0.6666666666666666,0.0,0.1,0.0,0.4,0.6,0.6666666666666666,0.4,0.7,0.6666666666666666,1204.2,1156.5,1236.3333333333333,253.4,224.8,307.3333333333333,939.8,895.8,929.0,23.2,21.7,23.33333333333333,2.0972222222222223,1.0972222222222223,0,26.4,27.0,4.6,6.5,0.8246457680250787,0.7620689655172415,9.0,9.5,2.013888888888889,0,20.07,4.223333333333334,7.772795216741406,0.2104301611028068
401891806,2027,2026-10-07 02:20:00+00:00,26,Florida Panthers,FLA,8,Los Angeles Kings,LA,0,3114722,Sam Reinhart,C,13,True,False,forwards,0,0,0,-1,1261,387,73,801,22,0,0,0,3,2,7,2,77.8,1,0,0,0,3,2.2,2.5,2.333333333333333,1.8,1.8,2.0,0.2,0.2,0.0,0.4,0.4,0.0,0.6,0.6,0.0,1250.6,1249.9,1336.3333333333333,339.4,278.9,428.0,860.0,914.5,841.3333333333334,23.4,23.3,24.666666666666668,2.0972222222222223,1.0972222222222223,0,26.4,27.0,4.6,6.5,0.8246457680250787,0.7620689655172415,9.0,9.5,2.013888888888889,0,20.84333333333333,5.656666666666666,6.332960179114027,0.2713897329281944
401891806,2027,2026-10-07 02:20:00+00:00,26,Florida Panthers,FLA,8,Los Angeles Kings,LA,0,5103599,Sandis Vilmanis,LW,95,True,False,forwards,0,3,1,0,709,113,0,596,15,0,0,0,1,2,0,0,0.0,1,0,0,0,3,1.6,1.1,2.0,1.0,1.0,1.3333333333333333,0.0,0.1,0.0,0.0,0.0,0.0,0.0,0.1,0.0,739.8,636.1,746.6666666666666,2.4,21.1,3.6666666666666665,728.8,610.7,743.0,15.8,14.1,17.0,2.0972222222222223,1.0972222222222223,0,26.4,27.0,4.6,6.5,0.8246457680250787,0.7620689655172415,9.0,9.5,2.013888888888889,0,12.33,0.04,7.785888077858882,0.0032441200324412
401891806,2027,2026-10-07 02:20:00+00:00,26,Florida Panthers,FLA,8,Los Angeles Kings,LA,0,3151784,Gustav Forsling,D,42,True,False,defenses,1,0,1,2,1282,20,266,996,26,0,1,0,2,0,0,0,0.0,2,0,0,0,2,1.2,1.7,1.0,1.2,1.1,0.5,0.2,0.1,0.5,0.0,0.3,0.0,0.2,0.4,0.5,1272.4,1378.3,1292.5,54.2,40.3,77.0,1120.6,1151.4,1017.5,23.8,25.8,26.5,2.0972222222222223,1.0972222222222223,0,26.4,27.0,4.6,6.5,0.8246457680250787,0.7620689655172415,9.0,9.5,2.013888888888889,0,21.206666666666667,0.9033333333333334,3.395158755108456,0.0425966677145551
401892455,2027,2026-10-07 23:30:00+00:00,17,Colorado Avalanche,COL,28,Winnipeg Jets,WPG,0,5136735,Sam Malinski,D,70,True,False,defenses,0,0,1,0,1117,0,7,1110,24,0,0,0,1,1,0,0,0.0,0,0,0,0,2,2.6,2.5,1.5,1.0,1.4,0.5,0.2,0.1,0.0,0.2,0.2,0.0,0.4,0.3,0.0,1134.4,1196.3,902.0,59.4,35.7,5.0,1024.2,1098.5,871.0,23.2,24.0,18.5,3.9375,2.9375,0,33.2,32.333333333333336,3.8,2.6666666666666665,0.8851775822743567,0.915531660692951,9.6,10.0,1.0,0,18.90666666666667,0.99,8.251057827926656,0.0523624823695345
401892455,2027,2026-10-07 23:30:00+00:00,28,Winnipeg Jets,WPG,17,Colorado Avalanche,COL,1,2563066,Adam Lowry,C,17,True,False,forwards,0,0,0,0,889,0,43,846,22,0,1,0,2,1,14,9,60.9,2,0,0,0,3,1.2,0.9,1.0,0.4,0.6,0.3333333333333333,0.2,0.1,0.3333333333333333,0.4,0.3,0.6666666666666666,0.6,0.4,1.0,933.8,924.2,944.3333333333334,1.4,1.4,2.333333333333333,809.0,790.5,798.6666666666666,22.2,21.4,24.0,2.0,1.0,0,28.2,28.5,1.4,2.5,0.9535980148883378,0.9162531017369728,6.6,8.5,2.9375,0,15.563333333333333,0.0233333333333333,4.626258299421718,0.0014992503748125
401892455,2027,2026-10-07 23:30:00+00:00,28,Winnipeg Jets,WPG,17,Colorado Avalanche,COL,1,4755690,Jack St. Ivany,D,6,True,False,defenses,1,0,0,0,856,0,0,856,18,0,0,0,0,1,0,0,0.0,0,0,0,0,1,0.2,0.2,0.0,0.8,0.5,0.0,0.0,0.0,0.0,0.0,0.4,0.0,0.0,0.4,0.0,930.6,996.3,850.0,0.0,0.5,0.0,896.6,918.6,850.0,17.0,18.4,20.0,2.0,1.0,0,28.2,28.5,1.4,2.5,0.9535980148883378,0.9162531017369728,6.6,8.5,2.9375,0,15.51,0.0,0.7736943907156674,0.0
401892455,2027,2026-10-07 23:30:00+00:00,28,Winnipeg Jets,WPG,17,Colorado Avalanche,COL,1,5080178,Brad Lambert,C,93,True,False,forwards,0,0,0,0,576,0,0,576,12,0,0,0,0,1,1,2,33.3,1,0,0,0,3,1.0,1.4,1.0,0.4,0.6,0.3333333333333333,0.0,0.1,0.0,0.0,0.0,0.0,0.0,0.1,0.0,757.4,720.2,699.0,40.2,57.1,0.0,717.2,663.1,699.0,16.8,16.3,16.666666666666668,2.0,1.0,0,28.2,28.5,1.4,2.5,0.9535980148883378,0.9162531017369728,6.6,8.5,2.9375,0,12.623333333333331,0.67,4.753102719831,0.0530763137047795
401892455,2027,2026-10-07 23:30:00+00:00,28,Winnipeg Jets,WPG,17,Colorado Avalanche,COL,1,2562622,Vladislav Namestnikov,C,7,True,False,forwards,1,1,0,0,712,89,0,623,15,0,0,0,0,0,0,3,0.0,2,0,0,0,3,2.2,1.6,2.0,0.4,0.5,0.3333333333333333,0.0,0.1,0.0,0.0,0.0,0.0,0.0,0.1,0.0,736.0,695.3,719.3333333333334,73.8,65.4,66.0,576.8,586.1,576.3333333333334,18.4,16.8,17.333333333333332,2.0,1.0,0,28.2,28.5,1.4,2.5,0.9535980148883378,0.9162531017369728,6.6,8.5,2.9375,0,12.266666666666667,1.23,10.76086956521739,0.1002717391304347
401892455,2027,2026-10-07 23:30:00+00:00,28,Winnipeg Jets,WPG,17,Colorado Avalanche,COL,1,5361711,Viggo Bjorck,C,61,True,False,forwards,0,0,0,-1,820,86,52,682,17,0,0,0,1,0,2,4,33.3,1,0,0,0,3,1.3333333333333333,1.3333333333333333,1.3333333333333333,0.3333333333333333,0.3333333333333333,0.3333333333333333,0.0,0.0,0.0,0.0,0.0,0.0,0.0,0.0,0.0,851.0,851.0,851.0,64.33333333333333,64.33333333333333,64.33333333333333,726.3333333333334,726.3333333333334,726.3333333333334,17.666666666666668,17.666666666666668,17.666666666666668,2.0,1.0,0,28.2,28.5,1.4,2.5,0.9535980148883378,0.9162531017369728,6.6,8.5,2.9375,0,14.183333333333334,1.0722222222222222,5.640423031727379,0.0755973364669016
401892455,2027,2026-10-07 23:30:00+00:00,28,Winnipeg Jets,WPG,17,Colorado Avalanche,COL,1,3988847,Neal Pionk,D,4,True,False,defenses,2,3,0,1,1390,122,54,1214,28,0,0,1,1,2,0,0,0.0,0,0,0,1,3,2.4,1.8,2.333333333333333,1.6,1.5,1.6666666666666667,0.0,0.0,0.0,0.0,0.3,0.0,0.0,0.3,0.0,1351.6,1353.8,1371.3333333333333,81.0,71.3,67.66666666666667,1085.6,1180.8,1122.6666666666667,29.2,28.7,29.666666666666668,2.0,1.0,0,28.2,28.5,1.4,2.5,0.9535980148883378,0.9162531017369728,6.6,8.5,2.9375,0,22.526666666666664,1.35,6.392423794021901,0.0599289730689553
401892455,2027,2026-10-07 23:30:00+00:00,28,Winnipeg Jets,WPG,17,Colorado Avalanche,COL,1,4316970,Morgan Barron,C,36,True,False,forwards,2,2,0,0,1045,0,42,1003,26,0,0,0,0,1,2,2,50.0,1,0,0,0,3,1.2,1.0,1.3333333333333333,1.2,0.7,1.3333333333333333,0.0,0.1,0.0,0.2,0.1,0.3333333333333333,0.2,0.2,0.3333333333333333,919.6,855.3,991.3333333333334,1.2,0.6,1.0,800.4,730.3,819.0,21.8,20.2,24.666666666666668,2.0,1.0,0,28.2,28.5,1.4,2.5,0.9535980148883378,0.9162531017369728,6.6,8.5,2.9375,0,15.326666666666666,0.02,4.69769464984776,0.0013049151805132
401892455,2027,2026-10-07 23:30:00+00:00,28,Winnipeg Jets,WPG,17,Colorado Avalanche,COL,1,2562632,Mark Scheifele,C,55,True,False,forwards,0,1,0,2,1338,152,0,1186,23,0,0,2,1,3,7,11,38.9,0,0,0,2,3,1.4,1.8,1.6666666666666667,0.8,0.6,1.0,0.2,0.2,0.0,0.2,0.9,0.0,0.4,1.1,0.0,1220.2,1252.9,1237.6666666666667,193.2,188.3,161.33333333333334,990.0,1024.9,1068.0,21.0,21.1,22.0,2.0,1.0,0,28.2,28.5,1.4,2.5,0.9535980148883378,0.9162531017369728,6.6,8.5,2.9375,0,20.336666666666662,3.22,4.130470414686116,0.1583346992296344
401892455,2027,2026-10-07 23:30:00+00:00,28,Winnipeg Jets,WPG,17,Colorado Avalanche,COL,1,4233884,Mario Ferraro,D,38,True,False,defenses,0,2,2,0,1416,2,68,1346,26,0,1,0,0,1,0,0,0.0,0,0,0,0,3,1.8,1.6,1.6666666666666667,0.6,0.5,0.0,0.4,0.2,0.3333333333333333,0.2,0.1,0.0,0.6,0.3,0.3333333333333333,1143.0,1268.9,1102.6666666666667,0.6,1.1,0.0,938.2,1068.9,946.6666666666666,20.6,20.6,22.0,2.0,1.0,0,28.2,28.5,1.4,2.5,0.9535980148883378,0.9162531017369728,6.6,8.5,2.9375,0,19.05,0.01,5.669291338582677,0.000524934383202
401892455,2027,2026-10-07 23:30:00+00:00,28,Winnipeg Jets,WPG,17,Colorado Avalanche,COL,1,3899952,Kyle Connor,LW,81,True,False,forwards,0,0,1,2,1195,153,25,1017,23,2,5,0,4,2,0,0,0.0,0,0,0,2,3,6.6,4.9,6.666666666666667,2.2,1.8,2.0,0.8,0.8,1.0,0.6,0.4,0.6666666666666666,1.4,1.2,1.6666666666666667,1226.0,1241.9,1260.0,192.2,185.6,160.0,924.6,960.2,1002.3333333333334,22.6,22.6,24.0,2.0,1.0,0,28.2,28.5,1.4,2.5,0.9535980148883378,0.9162531017369728,6.6,8.5,2.9375,0,20.433333333333334,3.203333333333333,19.380097879282214,0.1567699836867863
401892455,2027,2026-10-07 23:30:00+00:00,28,Winnipeg Jets,WPG,17,Colorado Avalanche,COL,1,3042016,Josh Morrissey,D,44,True,False,defenses,1,0,0,0,572,77,55,440,11,0,0,0,1,0,0,0,0.0,1,0,0,0,3,2.8,2.8,3.6666666666666665,1.0,1.3,0.6666666666666666,0.0,0.1,0.0,0.6,0.5,1.0,0.6,0.6,1.0,1418.2,1434.8,1415.0,191.8,183.6,160.66666666666666,1174.4,1190.8,1235.3333333333333,28.0,29.0,29.33333333333333,2.0,1.0,0,28.2,28.5,1.4,2.5,0.9535980148883378,0.9162531017369728,6.6,8.5,2.9375,0,23.636666666666667,3.1966666666666668,7.107601184600197,0.1352418558736426
401892455,2027,2026-10-07 23:30:00+00:00,28,Winnipeg Jets,WPG,17,Colorado Avalanche,COL,1,4874731,Isak Rosen,RW,27,True,False,forwards,1,1,0,-1,615,84,0,531,13,0,0,0,1,0,0,0,0.0,1,0,0,0,3,1.0,1.0,0.6666666666666666,1.0,1.1,0.3333333333333333,0.2,0.1,0.0,0.0,0.0,0.0,0.2,0.1,0.0,732.4,699.3,716.3333333333334,67.8,50.6,63.66666666666666,664.6,648.7,652.6666666666666,14.8,14.5,14.666666666666666,2.0,1.0,0,28.2,28.5,1.4,2.5,0.9535980148883378,0.9162531017369728,6.6,8.5,2.9375,0,12.206666666666669,1.13,4.915346805024576,0.0925723648279628
401892455,2027,2026-10-07 23:30:00+00:00,28,Winnipeg Jets,WPG,17,Colorado Avalanche,COL,1,4233583,Gabriel Vilardi,C,13,True,False,forwards,0,0,0,-1,861,153,0,708,16,0,0,0,2,1,4,0,100.0,0,0,0,0,3,1.4,1.7,2.0,1.4,1.2,2.0,0.0,0.2,0.0,0.8,0.7,0.6666666666666666,0.8,0.9,0.6666666666666666,1002.8,1017.8,969.0,190.6,180.5,159.33333333333334,809.8,836.1,809.6666666666666,17.0,18.1,17.0,2.0,1.0,0,28.2,28.5,1.4,2.5,0.9535980148883378,0.9162531017369728,6.6,8.5,2.9375,0,16.71333333333333,3.1766666666666667,5.025927403270842,0.1900678101316314
401892455,2027,2026-10-07 23:30:00+00:00,28,Winnipeg Jets,WPG,17,Colorado Avalanche,COL,1,4233878,Dylan Samberg,D,54,True,False,defenses,1,5,0,1,1525,48,0,1477,29,0,0,2,2,0,0,0,0.0,2,1,2,2,3,1.2,1.2,0.6666666666666666,1.0,0.9,1.3333333333333333,0.0,0.0,0.0,0.0,0.0,0.0,0.0,0.0,0.0,1274.8,1320.5,1273.0,1.8,1.6,2.6666666666666665,1090.6,1150.9,1091.6666666666667,27.0,27.9,27.33333333333333,2.0,1.0,0,28.2,28.5,1.4,2.5,0.9535980148883378,0.9162531017369728,6.6,8.5,2.9375,0,21.246666666666663,0.03,3.3887668653906493,0.0014119861939127
401892455,2027,2026-10-07 23:30:00+00:00,28,Winnipeg Jets,WPG,17,Colorado Avalanche,COL,1,2590861,Dylan DeMelo,D,2,True,False,defenses,1,1,0,0,1238,0,65,1173,25,0,1,0,0,1,0,0,0.0,0,0,0,0,3,0.6,0.7,0.6666666666666666,0.4,0.9,0.3333333333333333,0.2,0.1,0.3333333333333333,0.2,0.1,0.3333333333333333,0.4,0.2,0.6666666666666666,1246.4,1288.1,1323.3333333333333,0.0,2.7,0.0,1091.6,1138.5,1174.0,27.6,28.7,29.0,2.0,1.0,0,28.2,28.5,1.4,2.5,0.9535980148883378,0.9162531017369728,6.6,8.5,2.9375,0,20.773333333333333,0.0,1.7329910141206677,0.0
401892455,2027,2026-10-07 23:30:00+00:00,28,Winnipeg Jets,WPG,17,Colorado Avalanche,COL,1,4697392,Cole Perfetti,C,91,True,False,forwards,0,1,1,2,1142,153,0,989,23,1,3,0,2,2,0,0,0.0,2,0,0,1,3,2.6,1.8,3.333333333333333,2.2,1.3,3.0,0.4,0.2,0.6666666666666666,0.6,0.4,1.0,1.0,0.6,1.6666666666666667,1061.4,968.0,1085.0,125.4,98.6,158.66666666666666,934.8,868.8,926.3333333333334,19.6,18.9,20.666666666666668,2.0,1.0,0,28.2,28.5,1.4,2.5,0.9535980148883378,0.9162531017369728,6.6,8.5,2.9375,0,17.69,2.0900000000000003,8.818541548897683,0.1181458451102317
401892455,2027,2026-10-07 23:30:00+00:00,28,Winnipeg Jets,WPG,17,Colorado Avalanche,COL,1,4419679,Cole Koepke,LW,45,True,False,forwards,1,3,0,0,766,0,53,713,16,0,0,0,0,1,0,0,0.0,2,0,0,0,1,1.4,1.7,1.0,0.8,0.5,2.0,0.2,0.1,0.0,0.2,0.1,0.0,0.4,0.2,0.0,754.0,745.1,509.0,1.4,1.0,0.0,558.8,612.0,439.0,18.4,17.3,15.0,2.0,1.0,0,28.2,28.5,1.4,2.5,0.9535980148883378,0.9162531017369728,6.6,8.5,2.9375,0,12.566666666666666,0.0233333333333333,6.684350132625994,0.0018567639257294
401892455,2027,2026-10-07 23:30:00+00:00,28,Winnipeg Jets,WPG,17,Colorado Avalanche,COL,1,3652598,Alex Iafallo,LW,9,True,False,forwards,1,0,0,0,924,81,23,820,23,0,1,0,2,0,0,0,0.0,1,0,0,0,3,2.0,1.9,1.3333333333333333,0.4,0.5,0.6666666666666666,0.4,0.2,0.3333333333333333,0.2,0.3,0.3333333333333333,0.6,0.5,0.6666666666666666,826.2,960.2,686.6666666666666,14.0,31.1,14.0,677.0,857.2,572.6666666666666,19.0,20.6,17.0,2.0,1.0,0,28.2,28.5,1.4,2.5,0.9535980148883378,0.9162531017369728,6.6,8.5,2.9375,0,13.77,0.2333333333333333,8.714596949891066,0.0169450496247881
401891830,2027,2026-10-07 23:30:00+00:00,23,Washington Capitals,WSH,16,Pittsburgh Penguins,PIT,1,4392260,Vincent Desharnais,D,73,True,False,defenses,2,1,0,2,1263,0,267,996,26,0,0,0,0,0,0,0,0.0,2,0,0,0,2,0.2,0.6,0.5,0.4,0.5,0.0,0.0,0.0,0.0,0.0,0.0,0.0,0.0,0.0,0.0,1200.8,1222.4,1100.0,0.0,1.0,0.0,971.0,1040.2,831.5,21.0,21.9,21.5,4.020833333333333,3.020833333333333,0,27.4,26.33333333333333,3.6,2.6666666666666665,0.8754736303123403,0.9047619047619048,5.2,6.0,1.0,0,20.01333333333333,0.0,0.5996002664890074,0.0
401891830,2027,2026-10-07 23:30:00+00:00,23,Washington Capitals,WSH,16,Pittsburgh Penguins,PIT,1,2970615,Tom Wilson,RW,43,True,False,forwards,2,2,1,3,1189,216,186,787,24,1,1,2,2,0,0,0,0.0,0,0,0,3,2,2.0,1.8,1.0,0.8,1.1,0.5,0.2,0.5,0.0,0.6,0.6,0.5,0.8,1.1,0.5,1032.6,1094.9,1033.0,80.6,115.0,121.5,806.2,806.4,644.5,20.8,22.6,22.5,4.020833333333333,3.020833333333333,0,27.4,26.33333333333333,3.6,2.6666666666666665,0.8754736303123403,0.9047619047619048,5.2,6.0,1.0,0,17.209999999999997,1.3433333333333333,6.972690296339339,0.0780553941506875
401891830,2027,2026-10-07 23:30:00+00:00,16,Pittsburgh Penguins,PIT,23,Washington Capitals,WSH,0,3114,Sidney Crosby,C,87,True,False,forwards,0,0,0,-4,1147,267,0,880,21,0,0,0,2,1,10,9,52.6,0,0,0,0,3,3.2,2.4,3.333333333333333,2.2,1.4,1.6666666666666667,0.0,0.1,0.0,0.8,1.1,0.6666666666666666,0.8,1.2,0.6666666666666666,1099.6,1088.5,1139.6666666666667,172.6,207.3,199.33333333333331,927.0,881.2,940.3333333333334,22.4,22.0,23.33333333333333,2.0,1.0,0,25.2,31.5,1.8,2.5,0.9061904761904764,0.9196969696969696,9.4,20.5,3.020833333333333,0,18.326666666666664,2.8766666666666665,10.47653692251728,0.1569661695161877
401891830,2027,2026-10-07 23:30:00+00:00,16,Pittsburgh Penguins,PIT,23,Washington Capitals,WSH,0,4063401,Samuel Girard,D,49,True,False,defenses,0,0,0,1,1140,8,210,922,21,0,1,1,1,1,0,0,0.0,1,0,0,1,3,1.2,1.0,2.0,0.8,0.7,1.3333333333333333,0.2,0.1,0.3333333333333333,0.6,0.6,0.6666666666666666,0.8,0.7,1.0,1165.6,1129.4,1188.3333333333333,22.6,16.0,36.66666666666666,1093.2,1072.6,1068.6666666666667,21.4,20.4,21.33333333333333,2.0,1.0,0,25.2,31.5,1.8,2.5,0.9061904761904764,0.9196969696969696,9.4,20.5,3.020833333333333,0,19.426666666666662,0.3766666666666667,3.706245710363761,0.0193891557995881
401891830,2027,2026-10-07 23:30:00+00:00,16,Pittsburgh Penguins,PIT,23,Washington Capitals,WSH,0,2562629,Rickard Rakell,RW,67,True,False,forwards,2,1,0,-3,1162,223,111,828,22,0,0,0,3,0,0,0,0.0,0,0,0,0,3,2.0,3.1,2.0,1.6,1.5,1.6666666666666667,0.0,0.5,0.0,0.4,0.3,0.6666666666666666,0.4,0.8,0.6666666666666666,1119.8,1100.6,1151.6666666666667,160.0,192.4,204.66666666666663,925.8,864.2,893.3333333333334,22.0,21.4,23.33333333333333,2.0,1.0,0,25.2,31.5,1.8,2.5,0.9061904761904764,0.9196969696969696,9.4,20.5,3.020833333333333,0,18.66333333333333,2.6666666666666665,6.4297195927844255,0.1428826576174316
401891830,2027,2026-10-07 23:30:00+00:00,16,Pittsburgh Penguins,PIT,23,Washington Capitals,WSH,0,4565275,Nick Robertson,LW,14,True,False,forwards,0,0,0,1,512,0,36,476,14,1,3,0,1,0,0,0,0.0,0,1,2,1,3,2.4,1.9,2.0,0.6,0.8,0.6666666666666666,0.6,0.4,0.6666666666666666,0.0,0.0,0.0,0.6,0.4,0.6666666666666666,857.2,801.6,877.0,23.4,32.4,0.0,796.4,750.5,843.3333333333334,19.6,17.8,20.33333333333333,2.0,1.0,0,25.2,31.5,1.8,2.5,0.9061904761904764,0.9196969696969696,9.4,20.5,3.020833333333333,0,14.286666666666669,0.3899999999999999,10.079328044797013,0.0272981801213252
401891830,2027,2026-10-07 23:30:00+00:00,16,Pittsburgh Penguins,PIT,23,Washington Capitals,WSH,0,3539,Kris Letang,D,58,True,False,defenses,1,2,0,-1,1036,78,0,958,21,0,0,0,3,1,0,0,0.0,4,0,0,0,3,1.8,1.1,3.0,0.4,0.4,0.3333333333333333,0.0,0.0,0.0,0.8,0.9,1.0,0.8,0.9,1.0,1194.2,1172.0,1232.3333333333333,86.0,92.1,101.0,1098.6,1070.4,1122.3333333333333,21.6,21.2,23.0,2.0,1.0,0,25.2,31.5,1.8,2.5,0.9061904761904764,0.9196969696969696,9.4,20.5,3.020833333333333,0,19.90333333333333,1.4333333333333331,5.426226762686317,0.0720147378998492
401891830,2027,2026-10-07 23:30:00+00:00,16,Pittsburgh Penguins,PIT,23,Washington Capitals,WSH,0,4697405,Hendrix Lapierre,C,22,True,False,forwards,0,1,0,-3,782,58,0,724,17,0,1,0,1,1,0,0,0.0,0,0,0,0,3,0.4,0.4,0.3333333333333333,0.4,0.3,0.6666666666666666,0.2,0.2,0.3333333333333333,0.4,0.4,0.6666666666666666,0.6,0.6,1.0,710.6,674.2,707.3333333333334,62.6,33.2,101.33333333333331,648.0,640.7,606.0,16.4,16.1,17.333333333333332,2.0,1.0,0,25.2,31.5,1.8,2.5,0.9061904761904764,0.9196969696969696,9.4,20.5,3.020833333333333,0,11.843333333333334,1.0433333333333334,2.0264565156206023,0.0880945679707289
401891830,2027,2026-10-07 23:30:00+00:00,16,Pittsburgh Penguins,PIT,23,Washington Capitals,WSH,0,3942061,Tommy Novak,C,18,True,False,forwards,2,0,0,1,917,191,0,726,19,1,3,0,3,1,6,7,46.2,1,0,0,1,3,2.2,2.0,1.6666666666666667,0.4,0.5,0.3333333333333333,0.4,0.3,0.6666666666666666,0.4,0.5,0.6666666666666666,0.8,0.8,1.3333333333333333,988.6,956.1,919.3333333333334,156.8,118.3,186.33333333333331,831.2,837.5,732.0,19.4,19.2,20.0,2.0,1.0,0,25.2,31.5,1.8,2.5,0.9061904761904764,0.9196969696969696,9.4,20.5,3.020833333333333,0,16.476666666666667,2.6133333333333337,8.01132915233664,0.1586081327129273
401891830,2027,2026-10-07 23:30:00+00:00,16,Pittsburgh Penguins,PIT,23,Washington Capitals,WSH,0,3124,Evgeni Malkin,C,71,True,False,forwards,0,0,1,0,1042,132,0,910,18,0,2,0,1,2,1,0,100.0,2,0,0,0,3,2.2,2.6,2.333333333333333,1.2,1.3,0.6666666666666666,0.6,0.6,0.6666666666666666,0.6,0.7,0.6666666666666666,1.2,1.3,1.3333333333333333,1066.0,1061.1,1065.0,125.6,188.4,120.66666666666669,940.4,872.7,944.3333333333334,20.0,19.2,20.0,2.0,1.0,0,25.2,31.5,1.8,2.5,0.9061904761904764,0.9196969696969696,9.4,20.5,3.020833333333333,0,17.766666666666666,2.0933333333333333,7.429643527204504,0.1178236397748592
401891830,2027,2026-10-07 23:30:00+00:00,16,Pittsburgh Penguins,PIT,23,Washington Capitals,WSH,0,4697404,Egor Chinakhov,RW,59,True,False,forwards,0,0,0,1,929,146,0,783,19,0,1,0,2,3,0,0,0.0,1,0,0,0,3,2.0,1.9,1.6666666666666667,1.2,1.6,1.0,0.2,0.5,0.3333333333333333,0.2,0.7,0.3333333333333333,0.4,1.2,0.6666666666666666,985.0,975.9,979.0,115.6,111.7,177.66666666666666,862.8,860.9,790.3333333333334,21.4,21.0,21.33333333333333,2.0,1.0,0,25.2,31.5,1.8,2.5,0.9061904761904764,0.9196969696969696,9.4,20.5,3.020833333333333,0,16.416666666666668,1.9266666666666663,7.309644670050761,0.1173604060913705
401891830,2027,2026-10-07 23:30:00+00:00,16,Pittsburgh Penguins,PIT,23,Washington Capitals,WSH,0,5103825,Declan Carlile,D,72,True,False,defenses,3,0,0,-2,1084,0,222,862,22,0,2,0,0,0,0,0,0.0,2,0,0,0,3,2.0,1.2,2.6666666666666665,1.4,0.8,1.0,0.4,0.2,0.6666666666666666,0.4,0.2,0.6666666666666666,0.8,0.4,1.3333333333333333,1134.6,1040.4,1108.3333333333333,0.8,0.4,1.3333333333333333,1037.8,966.0,1003.3333333333334,23.2,21.4,23.33333333333333,2.0,1.0,0,25.2,31.5,1.8,2.5,0.9061904761904764,0.9196969696969696,9.4,20.5,3.020833333333333,0,18.91,0.0133333333333333,6.345848757271285,0.0007050943063634
401891830,2027,2026-10-07 23:30:00+00:00,16,Pittsburgh Penguins,PIT,23,Washington Capitals,WSH,0,4588004,Connor Dewar,C,19,True,False,forwards,0,0,0,1,671,0,204,467,15,0,0,0,0,0,0,0,0.0,1,0,0,0,3,1.4,1.2,1.6666666666666667,0.4,1.1,0.6666666666666666,0.0,0.0,0.0,0.2,0.3,0.0,0.2,0.3,0.0,916.6,914.8,870.3333333333334,0.0,2.6,0.0,759.0,776.0,746.6666666666666,20.8,20.5,21.33333333333333,2.0,1.0,0,25.2,31.5,1.8,2.5,0.9061904761904764,0.9196969696969696,9.4,20.5,3.020833333333333,0,15.276666666666667,0.0,5.49858171503382,0.0
401891830,2027,2026-10-07 23:30:00+00:00,16,Pittsburgh Penguins,PIT,23,Washington Capitals,WSH,0,2591155,Bryan Rust,RW,17,True,False,forwards,2,0,1,0,1149,162,142,845,20,1,1,0,3,0,0,0,0.0,2,0,0,1,0,1.4,2.1,,0.6,1.0,,0.4,0.3,,0.4,0.6,,0.8,0.9,,1066.6,1142.6,,219.0,199.7,,781.6,875.8,,22.2,23.6,,178.1875,10.0,0,25.2,31.5,1.8,2.5,0.9061904761904764,0.9196969696969696,9.4,20.5,3.020833333333333,0,17.776666666666664,3.65,4.725295330958185,0.2053253328333021
401891830,2027,2026-10-07 23:30:00+00:00,16,Pittsburgh Penguins,PIT,23,Washington Capitals,WSH,0,4316983,Blake Lizotte,C,46,True,False,forwards,1,2,0,1,653,0,155,498,16,0,0,1,1,0,1,10,9.1,0,1,2,1,3,1.4,1.1,2.0,0.2,0.3,0.3333333333333333,0.0,0.0,0.0,0.0,0.0,0.0,0.0,0.0,0.0,796.6,854.1,804.6666666666666,0.6,7.0,0.0,684.6,706.0,697.6666666666666,20.4,19.9,21.0,2.0,1.0,0,25.2,31.5,1.8,2.5,0.9061904761904764,0.9196969696969696,9.4,20.5,3.020833333333333,0,13.276666666666667,0.01,6.3268892794376095,0.0007532011046949
401891830,2027,2026-10-07 23:30:00+00:00,16,Pittsburgh Penguins,PIT,23,Washington Capitals,WSH,0,5291947,Ben Kindel,C,81,True,False,forwards,1,0,1,1,1176,228,150,798,21,0,2,1,2,1,4,5,44.4,0,0,0,1,2,2.0,1.5,3.5,1.4,1.3,0.0,0.4,0.2,1.0,0.4,0.3,0.5,0.8,0.5,1.5,928.4,864.5,987.5,146.2,105.1,156.0,710.8,710.5,769.0,18.8,18.3,19.5,2.0,1.0,0,25.2,31.5,1.8,2.5,0.9061904761904764,0.9196969696969696,9.4,20.5,3.020833333333333,0,15.473333333333333,2.4366666666666665,7.755277897457992,0.1574752261956053
401891830,2027,2026-10-07 23:30:00+00:00,16,Pittsburgh Penguins,PIT,23,Washington Capitals,WSH,0,5164,Erik Karlsson,D,65,True,False,defenses,1,0,0,-1,1484,282,103,1099,21,0,0,0,4,0,0,0,0.0,3,0,0,0,3,1.2,1.9,1.3333333333333333,1.6,1.5,2.0,0.2,0.2,0.0,1.0,0.8,1.3333333333333333,1.2,1.0,1.3333333333333333,1272.6,1285.7,1272.3333333333333,176.8,210.8,216.66666666666663,1056.6,1023.6,1009.3333333333334,23.0,22.7,24.33333333333333,2.0,1.0,0,25.2,31.5,1.8,2.5,0.9061904761904764,0.9196969696969696,9.4,20.5,3.020833333333333,0,21.21,2.9466666666666668,3.394625176803395,0.1389281785321389
401891830,2027,2026-10-07 23:30:00+00:00,16,Pittsburgh Penguins,PIT,23,Washington Capitals,WSH,0,3025524,Trevor van Riemsdyk,D,57,True,False,defenses,1,0,0,-1,984,0,160,824,20,0,0,0,1,0,0,0,0.0,2,1,2,0,3,1.2,0.7,0.3333333333333333,0.0,0.1,0.0,0.2,0.1,0.0,0.2,0.1,0.0,0.4,0.2,0.0,1170.4,1149.4,1170.0,0.2,0.9,0.3333333333333333,1031.4,1035.8,1010.3333333333334,21.8,21.3,22.33333333333333,2.0,1.0,0,25.2,31.5,1.8,2.5,0.9061904761904764,0.9196969696969696,9.4,20.5,3.020833333333333,0,19.506666666666668,0.0033333333333333,3.691045796308954,0.0001708817498291
401891830,2027,2026-10-07 23:30:00+00:00,16,Pittsburgh Penguins,PIT,23,Washington Capitals,WSH,0,4565264,Kaedan Korczak,D,6,True,False,defenses,3,1,0,2,1043,0,174,869,19,0,0,1,1,1,0,0,0.0,2,0,0,1,3,1.2,0.8,1.3333333333333333,0.6,0.3,0.3333333333333333,0.0,0.0,0.0,0.8,0.5,1.0,0.8,0.5,1.0,904.4,810.9,990.6666666666666,0.0,0.6,0.0,856.6,786.4,911.0,20.0,19.3,20.666666666666668,2.0,1.0,0,25.2,31.5,1.8,2.5,0.9061904761904764,0.9196969696969696,9.4,20.5,3.020833333333333,0,15.073333333333332,0.0,4.776647501105706,0.0
401891830,2027,2026-10-07 23:30:00+00:00,23,Washington Capitals,WSH,16,Pittsburgh Penguins,PIT,1,3101,Alex Ovechkin,LW,8,True,False,forwards,0,1,0,1,845,311,0,534,15,0,0,0,2,4,0,0,0.0,0,0,0,0,2,3.0,3.2,0.5,1.0,1.7,0.5,0.2,0.3,0.0,0.6,0.5,0.5,0.8,0.8,0.5,915.6,967.0,790.0,179.0,221.8,135.5,736.6,745.2,654.5,18.8,19.3,18.5,4.020833333333333,3.020833333333333,0,27.4,26.33333333333333,3.6,2.6666666666666665,0.8754736303123403,0.9047619047619048,5.2,6.0,1.0,0,15.26,2.9833333333333334,11.795543905635649,0.1955002184359982
401891830,2027,2026-10-07 23:30:00+00:00,16,Pittsburgh Penguins,PIT,23,Washington Capitals,WSH,0,4874911,Ville Koivunen,RW,41,True,False,forwards,1,0,0,1,848,25,21,802,17,0,1,0,1,0,0,0,0.0,0,1,2,0,2,1.2,0.8,1.5,0.0,0.2,0.0,0.2,0.1,0.5,0.2,0.1,0.5,0.4,0.2,1.0,899.4,777.4,820.0,77.6,57.6,102.5,821.8,719.8,717.5,18.2,16.8,16.0,2.0,1.0,0,25.2,31.5,1.8,2.5,0.9061904761904764,0.9196969696969696,9.4,20.5,3.020833333333333,0,14.99,1.2933333333333332,4.803202134756504,0.0862797420502557
401891830,2027,2026-10-07 23:30:00+00:00,23,Washington Capitals,WSH,16,Pittsburgh Penguins,PIT,1,5149172,Ryan Leonard,RW,9,True,False,forwards,0,4,0,0,833,192,0,641,15,1,2,0,2,2,0,0,0.0,0,1,2,1,2,2.6,2.7,3.0,1.4,1.2,1.0,0.6,0.6,0.5,0.2,0.3,0.0,0.8,0.9,0.5,864.6,837.3,789.0,62.2,101.2,57.0,802.4,736.1,732.0,18.4,18.4,17.0,4.020833333333333,3.020833333333333,0,27.4,26.33333333333333,3.6,2.6666666666666665,0.8754736303123403,0.9047619047619048,5.2,6.0,1.0,0,14.41,1.0366666666666666,10.82581540596808,0.0719407818644459
401891830,2027,2026-10-07 23:30:00+00:00,23,Washington Capitals,WSH,16,Pittsburgh Penguins,PIT,1,4024833,Pierre-Luc Dubois,LW,80,True,False,forwards,0,0,0,3,1061,240,0,821,23,1,1,1,3,3,7,5,58.3,0,1,2,2,2,1.0,1.2,1.0,0.6,0.5,0.5,0.0,0.1,0.0,0.8,1.1,1.0,0.8,1.2,1.0,817.4,914.6,921.0,82.6,122.7,125.5,733.8,791.0,794.0,18.2,19.9,20.5,4.020833333333333,3.020833333333333,0,27.4,26.33333333333333,3.6,2.6666666666666665,0.8754736303123403,0.9047619047619048,5.2,6.0,1.0,0,13.623333333333331,1.3766666666666665,4.404208465867384,0.101052116466846
401891830,2027,2026-10-07 23:30:00+00:00,23,Washington Capitals,WSH,16,Pittsburgh Penguins,PIT,1,4378677,Martin Fehervary,D,42,True,False,defenses,1,1,0,2,1436,9,269,1158,24,0,0,0,0,1,0,0,0.0,0,0,0,0,2,0.6,0.6,0.5,0.4,0.3,0.5,0.0,0.1,0.0,0.4,0.4,0.0,0.4,0.5,0.0,1132.8,1147.3,1130.0,1.6,0.8,1.0,1032.8,992.0,908.0,23.4,22.9,24.5,4.020833333333333,3.020833333333333,0,27.4,26.33333333333333,3.6,2.6666666666666665,0.8754736303123403,0.9047619047619048,5.2,6.0,1.0,0,18.88,0.0266666666666666,1.906779661016949,0.001412429378531
401891830,2027,2026-10-07 23:30:00+00:00,23,Washington Capitals,WSH,16,Pittsburgh Penguins,PIT,1,4697783,Justin Sourdif,RW,34,True,False,forwards,1,4,0,0,908,0,48,860,17,0,1,0,0,2,4,2,66.7,0,0,0,0,2,0.4,0.6,0.5,0.6,0.7,0.5,0.2,0.1,0.5,0.2,0.3,0.0,0.4,0.4,0.5,869.8,905.5,762.0,86.0,105.2,0.0,764.2,790.2,713.5,18.8,19.0,17.5,4.020833333333333,3.020833333333333,0,27.4,26.33333333333333,3.6,2.6666666666666665,0.8754736303123403,0.9047619047619048,5.2,6.0,1.0,0,14.496666666666666,1.4333333333333331,1.6555530006898138,0.0988733042078638
401891830,2027,2026-10-07 23:30:00+00:00,23,Washington Capitals,WSH,16,Pittsburgh Penguins,PIT,1,4062251,Jordan Kyrou,RW,25,True,False,forwards,0,0,1,-3,718,191,0,527,14,0,0,1,1,0,0,1,0.0,1,0,0,1,2,1.8,2.0,1.5,0.6,0.8,1.0,0.0,0.1,0.0,0.6,0.5,0.0,0.6,0.6,0.0,844.2,855.8,810.5,100.4,107.9,71.0,743.8,747.9,739.5,17.0,18.2,16.5,4.020833333333333,3.020833333333333,0,27.4,26.33333333333333,3.6,2.6666666666666665,0.8754736303123403,0.9047619047619048,5.2,6.0,1.0,0,14.07,1.6733333333333331,7.67590618336887,0.1189291637052831
401891830,2027,2026-10-07 23:30:00+00:00,23,Washington Capitals,WSH,16,Pittsburgh Penguins,PIT,1,4024950,Jakob Chychrun,D,6,True,False,defenses,1,1,0,0,1522,279,95,1148,25,0,1,0,1,2,0,0,0.0,1,2,4,0,2,1.4,1.8,2.5,1.8,1.3,2.0,0.4,0.4,0.5,0.4,0.6,1.0,0.8,1.0,1.5,1375.4,1308.8,1381.0,86.8,117.7,120.0,1241.6,1152.6,1202.5,23.2,22.4,25.0,4.020833333333333,3.020833333333333,0,27.4,26.33333333333333,3.6,2.6666666666666665,0.8754736303123403,0.9047619047619048,5.2,6.0,1.0,0,22.923333333333336,1.4466666666666663,3.664388541515194,0.0631089137705394
401891830,2027,2026-10-07 23:30:00+00:00,23,Washington Capitals,WSH,16,Pittsburgh Penguins,PIT,1,5229146,Ilya Protas,LW,62,True,False,forwards,0,0,1,-3,704,123,0,581,15,0,0,0,1,0,6,5,54.5,0,0,0,0,2,1.4,1.1666666666666667,0.0,0.6,0.5,0.5,0.2,0.1666666666666666,0.0,0.6,0.6666666666666666,0.5,0.8,0.8333333333333334,0.5,832.8,850.1666666666666,643.5,118.0,119.83333333333331,68.0,714.8,730.3333333333334,575.5,16.8,17.166666666666668,13.0,4.020833333333333,3.020833333333333,0,27.4,26.33333333333333,3.6,2.6666666666666665,0.8754736303123403,0.9047619047619048,5.2,6.0,1.0,0,13.88,1.9666666666666663,6.051873198847263,0.1416906820365033
401891830,2027,2026-10-07 23:30:00+00:00,23,Washington Capitals,WSH,16,Pittsburgh Penguins,PIT,1,4233618,Timothy Liljegren,D,27,True,False,defenses,2,0,1,0,1023,0,91,932,21,0,0,0,1,0,0,0,0.0,0,0,0,0,2,1.0,1.2,0.5,1.4,0.9,1.0,0.0,0.1,0.0,0.0,0.1,0.0,0.0,0.2,0.0,1066.0,1102.3,1079.5,0.4,21.4,1.0,976.0,1008.7,894.5,20.4,21.3,21.0,4.020833333333333,3.020833333333333,0,27.4,26.33333333333333,3.6,2.6666666666666665,0.8754736303123403,0.9047619047619048,5.2,6.0,1.0,0,17.766666666666666,0.0066666666666666,3.377110694183865,0.0003752345215759
401891830,2027,2026-10-07 23:30:00+00:00,23,Washington Capitals,WSH,16,Pittsburgh Penguins,PIT,1,2529256,Dylan McIlrath,D,52,True,False,defenses,0,1,0,-1,541,0,0,541,12,0,0,0,0,1,0,0,0.0,0,0,0,0,0,0.6,0.4,,0.4,0.4,,0.0,0.0,,0.0,0.0,,0.0,0.0,,566.4,517.9,,0.0,0.0,,550.4,509.5,,13.2,12.0,,176.02083333333334,10.0,0,27.4,26.33333333333333,3.6,2.6666666666666665,0.8754736303123403,0.9047619047619048,5.2,6.0,1.0,0,9.44,0.0,3.813559322033898,0.0
401891830,2027,2026-10-07 23:30:00+00:00,23,Washington Capitals,WSH,16,Pittsburgh Penguins,PIT,1,5216918,Cole Hutson,D,44,True,False,defenses,2,0,0,-1,989,154,0,835,21,0,1,1,3,0,0,0,0.0,1,0,0,1,2,1.4,1.8,2.0,1.0,1.2,0.5,0.2,0.3,0.5,0.4,0.3,0.0,0.6,0.6,0.5,1133.2,1079.3,1145.5,115.0,117.1,73.5,1006.4,956.3,1055.0,22.2,21.1,24.5,4.020833333333333,3.020833333333333,0,27.4,26.33333333333333,3.6,2.6666666666666665,0.8754736303123403,0.9047619047619048,5.2,6.0,1.0,0,18.886666666666667,1.9166666666666667,4.447582068478645,0.1014825273561595
401891830,2027,2026-10-07 23:30:00+00:00,23,Washington Capitals,WSH,16,Pittsburgh Penguins,PIT,1,2563054,Boone Jenner,C,22,True,False,forwards,2,2,0,0,1072,0,173,899,19,0,0,0,2,0,6,4,60.0,0,0,0,0,2,2.8,2.4,3.0,0.6,1.7,0.5,0.4,0.2,0.0,0.4,0.3,0.5,0.8,0.5,0.5,946.2,960.0,937.5,6.2,8.9,0.0,780.8,824.8,709.5,21.2,20.8,20.5,4.020833333333333,3.020833333333333,0,27.4,26.33333333333333,3.6,2.6666666666666665,0.8754736303123403,0.9047619047619048,5.2,6.0,1.0,0,15.77,0.1033333333333333,10.653138871274573,0.0065525258930458
401891830,2027,2026-10-07 23:30:00+00:00,23,Washington Capitals,WSH,16,Pittsburgh Penguins,PIT,1,3904107,Anthony Beauvillier,LW,72,True,False,forwards,0,4,0,2,646,0,50,596,15,1,1,0,1,0,0,0,0.0,1,0,0,1,2,2.0,1.4,2.5,0.8,0.6,1.0,0.2,0.1,0.0,0.0,0.1,0.0,0.2,0.2,0.0,909.0,947.6,766.0,0.6,0.3,0.0,842.0,837.7,683.0,18.4,19.5,17.5,4.020833333333333,3.020833333333333,0,27.4,26.33333333333333,3.6,2.6666666666666665,0.8754736303123403,0.9047619047619048,5.2,6.0,1.0,0,15.15,0.01,7.92079207920792,0.0006600660066006
401891830,2027,2026-10-07 23:30:00+00:00,23,Washington Capitals,WSH,16,Pittsburgh Penguins,PIT,1,4587943,Aliaksei Protas,C,21,True,False,forwards,0,0,0,-3,964,0,135,829,19,0,0,0,1,0,0,0,0.0,0,0,0,0,2,1.4,1.7,1.0,1.8,1.5,1.0,0.2,0.2,0.0,0.4,0.4,0.5,0.6,0.6,0.5,1021.8,975.7,988.5,0.0,0.0,0.0,899.0,850.4,782.5,20.2,20.2,20.0,4.020833333333333,3.020833333333333,0,27.4,26.33333333333333,3.6,2.6666666666666665,0.8754736303123403,0.9047619047619048,5.2,6.0,1.0,0,17.029999999999998,0.0,4.932472108044628,0.0
401891830,2027,2026-10-07 23:30:00+00:00,23,Washington Capitals,WSH,16,Pittsburgh Penguins,PIT,1,3114766,Alex Tuch,RW,89,True,False,forwards,2,1,2,2,1115,205,123,787,21,1,3,0,6,2,0,0,0.0,2,0,0,1,2,2.2,2.4,2.5,1.0,1.3,1.5,0.8,0.6,1.0,0.2,0.3,0.0,1.0,0.9,1.0,1173.2,1143.2,1035.5,118.8,106.0,71.5,820.2,857.0,764.5,23.8,24.5,22.5,4.020833333333333,3.020833333333333,0,27.4,26.33333333333333,3.6,2.6666666666666665,0.8754736303123403,0.9047619047619048,5.2,6.0,1.0,0,19.55333333333333,1.98,6.750767132628709,0.1012615069894306
401891830,2027,2026-10-07 23:30:00+00:00,23,Washington Capitals,WSH,16,Pittsburgh Penguins,PIT,1,3899933,Dylan Strome,C,17,True,False,forwards,0,0,0,1,811,245,3,563,16,0,0,1,1,1,8,5,61.5,2,0,0,1,2,1.4,1.2,1.5,0.2,0.9,0.5,0.0,0.2,0.0,0.6,0.4,1.0,0.6,0.6,1.0,989.6,976.4,936.5,141.8,129.2,122.0,846.6,845.5,811.5,19.2,19.9,18.0,4.020833333333333,3.020833333333333,0,27.4,26.33333333333333,3.6,2.6666666666666665,0.8754736303123403,0.9047619047619048,5.2,6.0,1.0,0,16.493333333333332,2.3633333333333337,5.092966855295069,0.1432902182700081
401892456,2027,2026-10-08 02:00:00+00:00,6,Edmonton Oilers,EDM,25,Anaheim Ducks,ANA,0,3895074,Connor McDavid,C,97,True,False,forwards,1,2,0,4,1471,257,236,978,28,1,3,2,1,3,9,5,64.3,2,0,0,3,3,3.0,4.1,2.333333333333333,0.8,1.0,0.6666666666666666,0.6,0.7,0.6666666666666666,2.2,1.5,2.333333333333333,2.8,2.2,3.0,1408.4,1395.7,1423.6666666666667,250.8,239.5,289.6666666666667,1084.6,1112.8,1060.3333333333333,26.6,25.2,27.666666666666668,4.125,3.125,0,25.6,30.5,3.2,2.5,0.8682323053290796,0.917741935483871,8.0,7.0,2.083333333333333,0,23.473333333333336,4.180000000000001,7.668276057938085,0.1780744106787844
401892456,2027,2026-10-08 02:00:00+00:00,6,Edmonton Oilers,EDM,25,Anaheim Ducks,ANA,0,2562618,Connor Murphy,D,5,True,False,defenses,3,0,0,0,1161,4,189,968,32,0,0,0,0,0,0,0,0.0,2,4,8,0,3,1.4,0.9,1.0,0.2,0.2,0.3333333333333333,0.0,0.0,0.0,0.2,0.2,0.0,0.2,0.2,0.0,1215.6,1238.0,1252.3333333333333,0.4,0.5,0.6666666666666666,1085.4,1124.2,1135.6666666666667,26.2,26.6,27.666666666666668,4.125,3.125,0,25.6,30.5,3.2,2.5,0.8682323053290796,0.917741935483871,8.0,7.0,2.083333333333333,0,20.26,0.0066666666666666,4.146100691016781,0.0003290556103981
401892456,2027,2026-10-08 02:00:00+00:00,6,Edmonton Oilers,EDM,25,Anaheim Ducks,ANA,0,4352722,Evan Bouchard,D,2,True,False,defenses,0,0,1,4,1389,250,222,917,31,2,6,1,4,0,0,0,0.0,1,0,0,3,3,3.4,2.4,4.0,1.8,1.8,1.6666666666666667,0.8,0.5,1.3333333333333333,1.6,1.2,1.3333333333333333,2.4,1.7,2.6666666666666665,1553.2,1496.7,1541.0,269.4,250.1,282.0,1213.6,1177.4,1209.3333333333333,28.8,28.2,29.33333333333333,4.125,3.125,0,25.6,30.5,3.2,2.5,0.8682323053290796,0.917741935483871,8.0,7.0,2.083333333333333,0,25.886666666666667,4.489999999999999,7.880504764357455,0.1734483646664949
401892456,2027,2026-10-08 02:00:00+00:00,6,Edmonton Oilers,EDM,25,Anaheim Ducks,ANA,0,5080179,Isaac Howard,LW,53,True,False,forwards,0,0,0,0,605,137,3,465,14,0,0,0,0,0,0,0,0.0,0,1,2,0,3,1.8,1.5,1.6666666666666667,0.4,0.6,0.0,0.0,0.0,0.0,0.2,0.3,0.3333333333333333,0.2,0.3,0.3333333333333333,594.8,686.8,608.6666666666666,75.0,59.5,114.0,519.8,627.3,494.6666666666667,15.2,15.1,16.666666666666668,4.125,3.125,0,25.6,30.5,3.2,2.5,0.8682323053290796,0.917741935483871,8.0,7.0,2.083333333333333,0,9.913333333333332,1.25,10.894418291862811,0.1260928043039677
401892456,2027,2026-10-08 02:00:00+00:00,6,Edmonton Oilers,EDM,25,Anaheim Ducks,ANA,0,3151136,Jake Walman,D,96,True,False,defenses,3,0,0,0,950,159,143,648,22,0,0,0,1,1,0,0,0.0,2,1,2,0,3,1.4,1.5,1.3333333333333333,0.6,0.9,0.0,0.0,0.0,0.0,0.0,0.0,0.0,0.0,0.0,0.0,917.6,965.5,866.3333333333334,69.6,45.0,112.33333333333331,817.2,894.5,719.0,22.6,22.3,22.33333333333333,4.125,3.125,0,25.6,30.5,3.2,2.5,0.8682323053290796,0.917741935483871,8.0,7.0,2.083333333333333,0,15.293333333333331,1.16,5.492589363557105,0.075850043591979
401892456,2027,2026-10-08 02:00:00+00:00,6,Edmonton Oilers,EDM,25,Anaheim Ducks,ANA,0,3042062,Jason Dickinson,C,16,True,False,forwards,1,1,1,0,573,0,60,513,17,0,0,0,1,0,4,7,36.4,2,0,0,0,0,1.2,1.2,,1.2,0.9,,0.0,0.0,,0.4,0.2,,0.4,0.2,,855.2,888.9,,0.4,2.0,,740.6,788.1,,19.2,20.6,,182.0,10.0,0,25.6,30.5,3.2,2.5,0.8682323053290796,0.917741935483871,8.0,7.0,2.083333333333333,0,14.253333333333334,0.0066666666666666,5.051449953227315,0.000467726847521
401892456,2027,2026-10-08 02:00:00+00:00,6,Edmonton Oilers,EDM,25,Anaheim Ducks,ANA,0,5278080,Josh Samanski,C,81,True,False,forwards,0,1,0,0,590,127,0,463,14,0,0,0,0,0,5,2,71.4,0,2,4,0,2,0.6,0.7,0.0,0.4,0.5,0.5,0.2,0.1,0.0,0.0,0.0,0.0,0.2,0.1,0.0,643.2,641.3,449.5,0.0,0.0,0.0,585.0,593.4,449.5,17.0,16.9,14.0,4.125,3.125,0,25.6,30.5,3.2,2.5,0.8682323053290796,0.917741935483871,8.0,7.0,2.083333333333333,0,10.72,0.0,3.3582089552238803,0.0
401892456,2027,2026-10-08 02:00:00+00:00,6,Edmonton Oilers,EDM,25,Anaheim Ducks,ANA,0,3114727,Leon Draisaitl,C,29,True,False,forwards,1,2,0,4,1158,261,0,897,23,0,3,4,2,2,8,5,61.5,3,0,0,4,3,4.2,3.2,5.333333333333333,1.2,1.3,1.6666666666666667,0.8,0.7,1.0,0.6,1.0,0.6666666666666666,1.4,1.7,1.6666666666666667,1080.0,1176.1,1314.0,240.4,237.2,290.0,839.0,938.6,1023.0,20.6,21.6,24.666666666666668,4.125,3.125,0,25.6,30.5,3.2,2.5,0.8682323053290796,0.917741935483871,8.0,7.0,2.083333333333333,0,18.0,4.006666666666667,14.0,0.2225925925925926
401892456,2027,2026-10-08 02:00:00+00:00,6,Edmonton Oilers,EDM,25,Anaheim Ducks,ANA,0,5206840,Owen Michaels,C,43,True,False,forwards,0,0,0,0,821,18,157,646,24,0,2,0,1,0,11,6,64.7,0,0,0,0,3,1.3333333333333333,1.3333333333333333,1.3333333333333333,0.3333333333333333,0.3333333333333333,0.3333333333333333,0.6666666666666666,0.6666666666666666,0.6666666666666666,0.0,0.0,0.0,0.6666666666666666,0.6666666666666666,0.6666666666666666,714.3333333333334,714.3333333333334,714.3333333333334,2.333333333333333,2.333333333333333,2.333333333333333,656.6666666666666,656.6666666666666,656.6666666666666,22.0,22.0,22.0,4.125,3.125,0,25.6,30.5,3.2,2.5,0.8682323053290796,0.917741935483871,8.0,7.0,2.083333333333333,0,11.905555555555557,0.0388888888888888,6.7195520298646745,0.0032664489034064
401892456,2027,2026-10-08 02:00:00+00:00,6,Edmonton Oilers,EDM,25,Anaheim Ducks,ANA,0,2558631,Mattias Ekholm,D,14,True,False,defenses,0,0,0,4,1316,0,365,951,31,0,0,1,1,2,0,0,0.0,0,0,0,1,3,0.6,0.6,0.6666666666666666,0.8,0.5,0.3333333333333333,0.0,0.0,0.0,0.0,0.2,0.0,0.0,0.2,0.0,1268.2,1207.5,1286.3333333333333,5.2,18.9,6.333333333333333,1126.0,1087.4,1137.0,27.2,26.2,26.33333333333333,4.125,3.125,0,25.6,30.5,3.2,2.5,0.8682323053290796,0.917741935483871,8.0,7.0,2.083333333333333,0,21.136666666666667,0.0866666666666666,1.703201387793723,0.0041002996372811
401892456,2027,2026-10-08 02:00:00+00:00,6,Edmonton Oilers,EDM,25,Anaheim Ducks,ANA,0,4024980,Max Jones,LW,46,True,False,forwards,1,1,0,0,441,0,0,441,11,0,0,0,0,0,0,0,0.0,1,0,0,0,3,0.8,1.0,1.3333333333333333,0.8,0.6,1.3333333333333333,0.0,0.1,0.0,0.0,0.1,0.0,0.0,0.2,0.0,554.0,567.7,673.6666666666666,13.6,6.8,22.666666666666668,540.4,560.9,651.0,15.6,15.2,19.33333333333333,4.125,3.125,0,25.6,30.5,3.2,2.5,0.8682323053290796,0.917741935483871,8.0,7.0,2.083333333333333,0,9.233333333333333,0.2266666666666666,5.198555956678701,0.0245487364620938
401892456,2027,2026-10-08 02:00:00+00:00,6,Edmonton Oilers,EDM,25,Anaheim Ducks,ANA,0,3942033,Ryan Shea,D,6,True,False,defenses,1,2,0,0,1470,151,245,1074,35,0,1,0,2,0,0,0,0.0,1,0,0,0,3,0.4,0.6,0.3333333333333333,1.0,0.9,1.0,0.2,0.2,0.3333333333333333,1.0,0.7,0.6666666666666666,1.2,0.9,1.0,1373.4,1225.2,1345.6666666666667,82.0,41.9,114.33333333333331,1185.0,1076.4,1138.6666666666667,27.4,22.6,30.666666666666668,4.125,3.125,0,25.6,30.5,3.2,2.5,0.8682323053290796,0.917741935483871,8.0,7.0,2.083333333333333,0,22.89,1.3666666666666667,1.0484927916120577,0.0597058395223532
401892456,2027,2026-10-08 02:00:00+00:00,6,Edmonton Oilers,EDM,25,Anaheim Ducks,ANA,0,4024997,Trent Frederic,C,10,True,False,forwards,1,6,0,0,693,142,0,551,14,0,1,0,0,0,0,0,0.0,0,0,0,0,3,1.4,1.5,1.0,0.4,0.4,0.0,0.2,0.1,0.3333333333333333,0.0,0.1,0.0,0.2,0.2,0.3333333333333333,678.2,753.0,570.3333333333334,64.6,32.3,107.66666666666669,613.6,720.7,462.6666666666667,17.0,17.7,16.666666666666668,4.125,3.125,0,25.6,30.5,3.2,2.5,0.8682323053290796,0.917741935483871,8.0,7.0,2.083333333333333,0,11.303333333333336,1.0766666666666669,7.431436154526687,0.0952521380123857
401892456,2027,2026-10-08 02:00:00+00:00,6,Edmonton Oilers,EDM,25,Anaheim Ducks,ANA,0,4587566,Ty Emberson,D,49,True,False,defenses,1,2,0,0,670,0,11,659,17,0,0,0,0,1,0,0,0.0,1,0,0,0,1,0.8,0.6,0.0,0.2,0.2,1.0,0.0,0.0,0.0,0.0,0.0,0.0,0.0,0.0,0.0,822.6,819.4,682.0,0.0,0.0,0.0,813.6,794.5,682.0,18.6,19.0,16.0,4.125,3.125,0,25.6,30.5,3.2,2.5,0.8682323053290796,0.917741935483871,8.0,7.0,2.083333333333333,0,13.71,0.0,3.50109409190372,0.0
401892456,2027,2026-10-08 02:00:00+00:00,6,Edmonton Oilers,EDM,25,Anaheim Ducks,ANA,0,4565231,Vasily Podkolzin,RW,92,True,False,forwards,1,5,0,3,1093,258,0,835,23,1,4,0,3,2,1,0,100.0,0,0,0,1,3,3.6,3.0,4.333333333333333,1.0,0.8,1.3333333333333333,0.6,0.6,1.0,0.4,0.3,0.6666666666666666,1.0,0.9,1.6666666666666667,1116.6,1034.8,1135.3333333333333,249.0,168.9,262.6666666666667,866.0,864.6,872.6666666666666,23.6,22.1,24.666666666666668,4.125,3.125,0,25.6,30.5,3.2,2.5,0.8682323053290796,0.917741935483871,8.0,7.0,2.083333333333333,0,18.61,4.15,11.606663084363246,0.2229983879634605
401892456,2027,2026-10-08 02:00:00+00:00,6,Edmonton Oilers,EDM,25,Anaheim Ducks,ANA,0,3941965,Mathieu Joseph,RW,21,True,False,forwards,1,5,0,0,883,17,180,686,24,0,0,0,0,0,0,2,0.0,0,0,0,0,3,1.0,0.6,1.0,0.8,0.8,1.0,0.0,0.0,0.0,0.2,0.1,0.3333333333333333,0.2,0.1,0.3333333333333333,720.6,601.2,902.6666666666666,3.0,2.1,4.0,652.4,563.7,801.0,19.4,16.3,24.33333333333333,4.125,3.125,0,25.6,30.5,3.2,2.5,0.8682323053290796,0.917741935483871,8.0,7.0,2.083333333333333,0,12.01,0.05,4.995836802664447,0.0041631973355537
401892456,2027,2026-10-08 02:00:00+00:00,6,Edmonton Oilers,EDM,25,Anaheim Ducks,ANA,0,4233882,Alex Formenton,LW,26,True,False,forwards,1,1,0,0,917,7,225,685,24,0,0,0,0,1,0,0,0.0,0,0,0,0,3,2.0,2.1,1.3333333333333333,0.2,0.4,0.3333333333333333,0.0,0.3,0.0,0.6,0.3,0.6666666666666666,0.6,0.6,0.6666666666666666,939.2,997.9,909.0,42.8,43.3,0.0,775.4,815.9,805.6666666666666,22.2,22.9,23.666666666666668,4.125,3.125,0,25.6,30.5,3.2,2.5,0.8682323053290796,0.917741935483871,8.0,7.0,2.083333333333333,0,15.653333333333334,0.7133333333333333,7.66609880749574,0.0455706984667802
401892456,2027,2026-10-08 02:00:00+00:00,6,Edmonton Oilers,EDM,25,Anaheim Ducks,ANA,0,3114775,Kasperi Kapanen,RW,42,True,False,forwards,2,0,0,0,982,262,241,479,23,1,2,0,3,3,0,0,0.0,0,0,0,1,3,1.4,1.5,1.6666666666666667,0.6,0.8,0.6666666666666666,0.2,0.1,0.3333333333333333,0.2,0.2,0.3333333333333333,0.4,0.3,0.6666666666666666,955.8,969.3,1090.3333333333333,114.8,73.2,189.0,757.4,811.0,839.3333333333334,22.4,21.5,25.0,4.125,3.125,0,25.6,30.5,3.2,2.5,0.8682323053290796,0.917741935483871,8.0,7.0,2.083333333333333,0,15.93,1.913333333333333,5.273069679849341,0.1201088093743461
401892456,2027,2026-10-08 02:00:00+00:00,25,Anaheim Ducks,ANA,6,Edmonton Oilers,EDM,1,5080220,Tristan Luneau,D,67,True,False,defenses,0,0,0,-3,1293,49,218,1026,25,0,0,0,0,1,0,0,0.0,2,0,0,0,2,0.6,1.0,0.5,1.0,0.7,1.5,0.2,0.1,0.0,0.2,0.1,0.5,0.4,0.2,0.5,1200.8,1123.1,1607.0,25.4,22.7,37.5,1115.2,1069.3,1419.0,23.6,21.7,32.0,3.083333333333333,2.083333333333333,0,21.8,21.666666666666668,3.4,4.666666666666667,0.8450230566534916,0.7903162055335967,11.0,11.0,3.125,0,20.01333333333333,0.4233333333333333,1.798800799467022,0.0211525649566955
401892456,2027,2026-10-08 02:00:00+00:00,25,Anaheim Ducks,ANA,6,Edmonton Oilers,EDM,1,5103702,Tyson Hinds,D,55,True,False,defenses,1,0,1,0,713,0,0,713,17,0,0,0,2,1,0,0,0.0,0,0,0,0,2,1.4,1.625,2.0,0.4,0.375,0.0,0.0,0.0,0.0,0.0,0.0,0.0,0.0,0.0,0.0,772.4,882.625,719.5,0.0,0.0,0.0,737.6,848.25,712.0,18.2,18.875,17.0,3.083333333333333,2.083333333333333,0,21.8,21.666666666666668,3.4,4.666666666666667,0.8450230566534916,0.7903162055335967,11.0,11.0,3.125,0,12.873333333333331,0.0,6.525116519937856,0.0
401892456,2027,2026-10-08 02:00:00+00:00,25,Anaheim Ducks,ANA,6,Edmonton Oilers,EDM,1,3648015,A.J. Greer,LW,18,True,False,forwards,0,0,0,-1,558,32,0,526,14,0,0,0,1,0,0,0,0.0,0,0,0,0,2,2.0,1.9,3.0,1.0,1.2,0.5,0.4,0.3,0.0,0.4,0.5,0.5,0.8,0.8,0.5,857.6,915.6,853.0,42.6,29.1,27.5,800.2,837.7,825.5,19.0,19.6,22.0,3.083333333333333,2.083333333333333,0,21.8,21.666666666666668,3.4,4.666666666666667,0.8450230566534916,0.7903162055335967,11.0,11.0,3.125,0,14.293333333333331,0.7100000000000001,8.395522388059703,0.0496735074626865
401892456,2027,2026-10-08 02:00:00+00:00,25,Anaheim Ducks,ANA,6,Edmonton Oilers,EDM,1,4968,Alex Killorn,LW,17,True,False,forwards,0,0,0,0,570,3,134,433,12,0,1,0,2,1,0,0,0.0,0,0,0,0,2,2.0,1.7,1.0,1.2,0.7,0.0,0.4,0.4,0.5,0.2,0.2,0.0,0.6,0.6,0.5,1099.6,1049.0,953.0,109.4,118.1,24.5,853.4,820.4,746.5,22.2,21.1,21.0,3.083333333333333,2.083333333333333,0,21.8,21.666666666666668,3.4,4.666666666666667,0.8450230566534916,0.7903162055335967,11.0,11.0,3.125,0,18.326666666666664,1.8233333333333333,6.5478355765733,0.0994907238995998
401892456,2027,2026-10-08 02:00:00+00:00,25,Anaheim Ducks,ANA,6,Edmonton Oilers,EDM,1,5216858,Beckett Sennecke,RW,45,True,False,forwards,0,4,0,-1,1498,539,2,957,21,2,3,0,7,1,0,0,0.0,2,1,2,2,2,2.0,2.4,2.0,1.0,0.9,0.5,0.2,0.2,0.5,0.2,0.3,0.5,0.4,0.5,1.0,1084.2,1076.0,1194.0,165.0,173.3,224.0,914.8,900.5,959.0,21.4,20.9,22.5,3.083333333333333,2.083333333333333,0,21.8,21.666666666666668,3.4,4.666666666666667,0.8450230566534916,0.7903162055335967,11.0,11.0,3.125,0,18.07,2.75,6.640841173215274,0.15218594355285
401892456,2027,2026-10-08 02:00:00+00:00,25,Anaheim Ducks,ANA,6,Edmonton Oilers,EDM,1,4565262,Jackson LaCombe,D,2,True,False,defenses,2,1,0,-3,1758,537,270,951,26,0,0,1,0,2,0,0,0.0,1,0,0,1,2,2.6,1.6,1.0,0.8,1.0,1.0,0.2,0.1,0.0,0.8,0.6,1.0,1.0,0.7,1.0,1621.0,1484.4,1749.0,199.6,180.3,163.0,1356.8,1265.6,1424.5,30.2,27.9,34.0,3.083333333333333,2.083333333333333,0,21.8,21.666666666666668,3.4,4.666666666666667,0.8450230566534916,0.7903162055335967,11.0,11.0,3.125,0,27.016666666666666,3.3266666666666667,5.774213448488588,0.1231338679827267
401892456,2027,2026-10-08 02:00:00+00:00,25,Anaheim Ducks,ANA,6,Edmonton Oilers,EDM,1,4895214,Jeff Malott,LW,39,True,False,forwards,0,3,0,-1,540,0,0,540,11,0,1,0,2,1,0,1,0.0,0,0,0,0,2,1.0,0.8,1.0,0.8,0.8,0.0,0.2,0.1,0.5,0.0,0.0,0.0,0.2,0.1,0.5,477.6,487.1,557.5,0.0,0.2,0.0,477.6,486.9,557.5,12.2,12.2,14.5,3.083333333333333,2.083333333333333,0,21.8,21.666666666666668,3.4,4.666666666666667,0.8450230566534916,0.7903162055335967,11.0,11.0,3.125,0,7.96,0.0,7.537688442211055,0.0
401892456,2027,2026-10-08 02:00:00+00:00,25,Anaheim Ducks,ANA,6,Edmonton Oilers,EDM,1,4755684,Judd Caulfield,RW,28,True,False,forwards,0,3,0,-1,606,0,62,544,12,0,0,0,1,0,0,0,0.0,1,0,0,0,2,0.0,0.0,0.0,0.0,0.0,0.0,0.0,0.0,0.0,0.0,0.0,0.0,0.0,0.0,0.0,693.0,693.0,693.0,0.0,0.0,0.0,693.0,693.0,693.0,15.0,15.0,15.0,3.083333333333333,2.083333333333333,0,21.8,21.666666666666668,3.4,4.666666666666667,0.8450230566534916,0.7903162055335967,11.0,11.0,3.125,0,11.55,0.0,0.0,0.0
401892456,2027,2026-10-08 02:00:00+00:00,25,Anaheim Ducks,ANA,6,Edmonton Oilers,EDM,1,5149153,Leo Carlsson,C,91,True,False,forwards,0,0,0,-2,1416,538,21,857,21,0,1,2,0,2,5,7,41.7,1,1,2,2,2,3.4,3.5,0.5,0.8,1.1,0.5,0.4,0.4,0.5,1.0,0.5,2.0,1.4,0.9,2.5,1147.8,1144.9,1144.5,204.8,213.1,224.0,927.4,917.6,892.5,22.6,21.8,23.0,3.083333333333333,2.083333333333333,0,21.8,21.666666666666668,3.4,4.666666666666667,0.8450230566534916,0.7903162055335967,11.0,11.0,3.125,0,19.13,3.4133333333333336,10.663878724516469,0.1784282976128245
401892456,2027,2026-10-08 02:00:00+00:00,25,Anaheim Ducks,ANA,6,Edmonton Oilers,EDM,1,5080145,Cutter Gauthier,LW,61,True,False,forwards,0,0,0,-2,1450,542,5,903,22,0,2,0,7,5,2,3,40.0,2,1,2,0,2,4.6,3.9,4.5,3.4,2.5,3.5,1.0,0.7,1.0,0.6,0.4,1.0,1.6,1.1,2.0,1068.2,975.8,1160.5,207.8,195.6,224.0,856.2,775.3,926.0,21.2,19.0,23.5,3.083333333333333,2.083333333333333,0,21.8,21.666666666666668,3.4,4.666666666666667,0.8450230566534916,0.7903162055335967,11.0,11.0,3.125,0,17.803333333333335,3.4633333333333334,15.50271484740685,0.1945328590151657
401892456,2027,2026-10-08 02:00:00+00:00,25,Anaheim Ducks,ANA,6,Edmonton Oilers,EDM,1,5361658,Nikita Klepov,RW,40,True,False,forwards,0,5,0,0,603,48,0,555,16,0,0,0,0,0,0,1,0.0,0,0,0,0,0,,,,,,,,,,,,,,,,,,,,,,,,,,,,,,0,21.8,21.666666666666668,3.4,4.666666666666667,0.8450230566534916,0.7903162055335967,11.0,11.0,3.125,0,,,,
401892456,2027,2026-10-08 02:00:00+00:00,25,Anaheim Ducks,ANA,6,Edmonton Oilers,EDM,1,4755696,Nikita Nesterenko,C,13,True,False,forwards,0,7,0,0,668,15,44,609,16,0,0,0,1,0,0,2,0.0,0,1,2,0,2,1.0,1.0,0.0,0.2,0.7,0.5,0.0,0.0,0.0,0.0,0.1,0.0,0.0,0.1,0.0,682.4,729.3,666.5,0.0,0.0,0.0,675.4,721.9,666.5,16.8,16.9,17.0,3.083333333333333,2.083333333333333,0,21.8,21.666666666666668,3.4,4.666666666666667,0.8450230566534916,0.7903162055335967,11.0,11.0,3.125,0,11.373333333333331,0.0,5.275498241500586,0.0
401892456,2027,2026-10-08 02:00:00+00:00,25,Anaheim Ducks,ANA,6,Edmonton Oilers,EDM,1,5080210,Noah Warren,D,47,True,False,defenses,2,1,0,0,1037,0,195,842,23,0,0,0,1,0,0,0,0.0,1,0,0,0,2,1.0,1.0,1.0,0.0,0.0,0.0,0.0,0.0,0.0,0.5,0.5,0.5,0.5,0.5,0.5,765.0,765.0,765.0,0.0,0.0,0.0,628.5,628.5,628.5,21.5,21.5,21.5,3.083333333333333,2.083333333333333,0,21.8,21.666666666666668,3.4,4.666666666666667,0.8450230566534916,0.7903162055335967,11.0,11.0,3.125,0,12.75,0.0,4.705882352941177,0.0
401892456,2027,2026-10-08 02:00:00+00:00,25,Anaheim Ducks,ANA,6,Edmonton Oilers,EDM,1,5080154,Pavel Mintyukov,D,98,True,False,defenses,1,0,0,-1,1065,51,137,877,24,0,0,0,2,0,0,0,0.0,1,0,0,0,2,0.4,1.1,0.5,0.4,0.6,0.0,0.0,0.0,0.0,0.0,0.2,0.0,0.0,0.2,0.0,1144.6,1141.9,1230.0,10.4,6.6,25.5,980.0,995.4,992.5,25.8,24.5,28.0,3.083333333333333,2.083333333333333,0,21.8,21.666666666666668,3.4,4.666666666666667,0.8450230566534916,0.7903162055335967,11.0,11.0,3.125,0,19.076666666666664,0.1733333333333333,1.258081425825616,0.0090861436309627
401892456,2027,2026-10-08 02:00:00+00:00,25,Anaheim Ducks,ANA,6,Edmonton Oilers,EDM,1,4233668,Ryan Poehling,C,25,True,False,forwards,0,1,1,-1,787,51,184,552,18,0,0,0,0,1,5,4,55.6,0,0,0,0,2,1.2,1.7,1.5,0.2,0.9,0.0,0.0,0.2,0.0,0.4,0.3,0.0,0.4,0.5,0.0,897.4,922.4,869.0,92.2,87.7,26.5,678.0,723.2,693.5,21.2,21.1,21.5,3.083333333333333,2.083333333333333,0,21.8,21.666666666666668,3.4,4.666666666666667,0.8450230566534916,0.7903162055335967,11.0,11.0,3.125,0,14.956666666666669,1.5366666666666666,4.813906841987965,0.1027412525072431
401892456,2027,2026-10-08 02:00:00+00:00,25,Anaheim Ducks,ANA,6,Edmonton Oilers,EDM,1,4996085,Tim Washe,C,42,True,False,forwards,2,4,0,-1,1039,160,222,657,19,0,0,0,1,2,9,10,47.4,1,0,0,0,2,0.4,0.3,0.5,0.4,0.7,0.5,0.0,0.0,0.0,0.2,0.1,0.5,0.2,0.1,0.5,772.4,803.3,973.5,0.0,0.2,0.0,641.4,692.5,767.0,19.4,19.4,24.5,3.083333333333333,2.083333333333333,0,21.8,21.666666666666668,3.4,4.666666666666667,0.8450230566534916,0.7903162055335967,11.0,11.0,3.125,0,12.873333333333331,0.0,1.8643190056965304,0.0
401892456,2027,2026-10-08 02:00:00+00:00,25,Anaheim Ducks,ANA,6,Edmonton Oilers,EDM,1,5831,Mikael Granlund,C,64,True,False,forwards,1,0,1,-1,1293,539,173,581,23,0,1,1,2,2,6,10,37.5,2,0,0,1,2,2.2,1.8,1.0,1.6,1.6,2.0,0.2,0.1,0.5,1.0,0.7,0.5,1.2,0.8,1.0,1240.8,1221.3,1235.0,190.8,209.9,226.0,932.4,913.0,832.5,23.6,22.7,25.5,3.083333333333333,2.083333333333333,0,21.8,21.666666666666668,3.4,4.666666666666667,0.8450230566534916,0.7903162055335967,11.0,11.0,3.125,0,20.68,3.18,6.382978723404256,0.1537717601547389
401892456,2027,2026-10-08 02:00:00+00:00,25,Anaheim Ducks,ANA,6,Edmonton Oilers,EDM,1,5173614,Travis Mitchell,D,34,True,False,defenses,0,0,0,-1,792,0,0,792,19,0,0,0,2,3,0,0,0.0,0,0,0,0,2,0.8,0.4,0.0,0.4,0.2,0.0,0.2,0.1,0.0,0.0,0.0,0.0,0.2,0.1,0.0,866.0,777.1,1043.0,0.0,0.0,0.0,827.2,753.3,946.5,20.0,18.2,24.5,3.083333333333333,2.083333333333333,0,21.8,21.666666666666668,3.4,4.666666666666667,0.8450230566534916,0.7903162055335967,11.0,11.0,3.125,0,14.433333333333334,0.0,3.325635103926097,0.0
401892459,2027,2026-10-08 23:00:00+00:00,27,Nashville Predators,NSH,10,Montreal Canadiens,MTL,0,5080180,Reid Schaefer,LW,49,True,False,forwards,1,1,0,0,576,0,33,543,14,0,0,0,2,1,1,0,100.0,1,0,0,0,1,0.8,0.7,1.0,0.6,0.4,2.0,0.0,0.0,0.0,0.0,0.0,0.0,0.0,0.0,0.0,536.0,507.9,695.0,0.0,0.0,0.0,536.0,504.7,695.0,10.2,10.3,13.0,6.958333333333333,5.958333333333333,0,29.8,30.33333333333333,3.8,4.666666666666667,0.8712900432900434,0.848917748917749,8.8,11.333333333333334,1.0,0,8.933333333333334,0.0,5.373134328358209,0.0
401892460,2027,2026-10-08 23:00:00+00:00,30,Minnesota Wild,MIN,20,Tampa Bay Lightning,TB,0,4697711,Daemon Hunt,D,48,True,False,defenses,0,0,0,-1,603,0,129,474,15,0,0,0,0,0,0,0,0.0,0,0,0,0,3,0.8,0.8,0.3333333333333333,0.4,0.2,0.3333333333333333,0.0,0.0,0.0,0.2,0.1,0.0,0.2,0.1,0.0,933.0,839.8,767.6666666666666,45.6,22.8,0.0,809.6,761.7,725.3333333333334,20.6,18.8,17.0,2.0,1.0,0,22.4,20.33333333333333,2.8,2.333333333333333,0.8790476190476193,0.8952380952380953,9.2,10.0,2.0,0,15.55,0.76,3.0868167202572345,0.0488745980707395
401892460,2027,2026-10-08 23:00:00+00:00,30,Minnesota Wild,MIN,20,Tampa Bay Lightning,TB,0,4565257,Bobby Brink,RW,10,True,False,forwards,1,1,0,1,721,81,0,640,15,0,0,1,1,0,0,0,0.0,0,0,0,1,3,1.8,1.2,1.6666666666666667,1.0,1.0,0.6666666666666666,0.0,0.0,0.0,0.4,0.2,0.6666666666666666,0.4,0.2,0.6666666666666666,859.4,820.8,729.3333333333334,137.0,81.6,85.66666666666667,722.4,739.2,643.6666666666666,16.0,15.1,14.666666666666666,2.0,1.0,0,22.4,20.33333333333333,2.8,2.333333333333333,0.8790476190476193,0.8952380952380953,9.2,10.0,2.0,0,14.323333333333332,2.283333333333333,7.54014428671166,0.1594135443332557
401892460,2027,2026-10-08 23:00:00+00:00,30,Minnesota Wild,MIN,20,Tampa Bay Lightning,TB,0,2563026,Blake Coleman,LW,20,True,False,forwards,0,1,0,0,860,77,122,661,17,1,2,0,6,0,0,1,0.0,1,0,0,1,3,1.8,2.2,1.6666666666666667,1.0,1.4,0.6666666666666666,0.4,0.4,0.3333333333333333,0.2,0.3,0.3333333333333333,0.6,0.7,0.6666666666666666,940.8,1066.9,900.6666666666666,52.2,91.8,65.0,763.2,814.8,722.3333333333334,21.0,22.9,20.0,2.0,1.0,0,22.4,20.33333333333333,2.8,2.333333333333333,0.8790476190476193,0.8952380952380953,9.2,10.0,2.0,0,15.68,0.87,6.887755102040816,0.055484693877551
401892459,2027,2026-10-08 23:00:00+00:00,27,Nashville Predators,NSH,10,Montreal Canadiens,MTL,0,5103808,William Trudeau,D,85,True,False,defenses,0,0,0,0,279,0,0,279,7,0,0,0,0,0,0,0,0.0,0,0,0,0,2,1.0,1.0,1.0,1.0,1.0,1.0,0.0,0.0,0.0,0.0,0.0,0.0,0.0,0.0,0.0,670.0,670.0,670.0,0.0,0.0,0.0,670.0,670.0,670.0,14.0,14.0,14.0,2.0,1.0,0,29.8,30.33333333333333,3.8,4.666666666666667,0.8712900432900434,0.848917748917749,8.8,11.333333333333334,1.0,0,11.166666666666666,0.0,5.373134328358209,0.0
401892459,2027,2026-10-08 23:00:00+00:00,27,Nashville Predators,NSH,10,Montreal Canadiens,MTL,0,4392471,Ross Colton,C,79,True,False,forwards,1,2,0,0,735,10,0,725,17,0,0,1,1,2,0,0,0.0,1,0,0,1,3,1.2,1.6,1.3333333333333333,1.6,1.6,0.6666666666666666,0.0,0.0,0.0,0.0,0.0,0.0,0.0,0.0,0.0,800.2,728.5,808.6666666666666,70.8,38.7,26.0,729.4,689.8,782.6666666666666,18.6,17.1,18.666666666666668,2.0,1.0,0,29.8,30.33333333333333,3.8,4.666666666666667,0.8712900432900434,0.848917748917749,8.8,11.333333333333334,1.0,0,13.336666666666668,1.18,5.398650337415646,0.0884778805298675
401892459,2027,2026-10-08 23:00:00+00:00,27,Nashville Predators,NSH,10,Montreal Canadiens,MTL,0,5208,Ryan O'Reilly,C,90,True,False,forwards,2,1,0,-2,1384,335,44,1005,23,1,1,0,2,0,9,10,47.4,0,1,2,1,3,2.0,1.7,2.0,0.4,0.8,0.3333333333333333,0.0,0.1,0.0,0.6,0.8,0.6666666666666666,0.6,0.9,0.6666666666666666,1316.2,1294.0,1312.3333333333333,174.8,186.0,192.66666666666663,976.8,971.7,965.3333333333334,27.0,25.4,27.33333333333333,2.0,1.0,0,29.8,30.33333333333333,3.8,4.666666666666667,0.8712900432900434,0.848917748917749,8.8,11.333333333333334,1.0,0,21.936666666666667,2.9133333333333336,5.470293268500228,0.1328065643519222
401892459,2027,2026-10-08 23:00:00+00:00,27,Nashville Predators,NSH,10,Montreal Canadiens,MTL,0,5436,Roman Josi,D,59,True,False,defenses,2,1,0,1,1669,365,112,1192,26,0,1,2,2,2,0,0,0.0,2,0,0,2,3,1.8,2.5,1.3333333333333333,1.0,1.2,0.6666666666666666,0.2,0.2,0.3333333333333333,0.6,0.8,0.6666666666666666,0.8,1.0,1.0,1555.0,1531.6,1532.3333333333333,205.4,208.7,207.0,1256.6,1225.7,1200.6666666666667,26.0,26.5,26.0,2.0,1.0,0,29.8,30.33333333333333,3.8,4.666666666666667,0.8712900432900434,0.848917748917749,8.8,11.333333333333334,1.0,0,25.916666666666668,3.4233333333333333,4.167202572347267,0.1320900321543408
401892460,2027,2026-10-08 23:00:00+00:00,30,Minnesota Wild,MIN,20,Tampa Bay Lightning,TB,0,5080172,Danila Yurov,RW,22,True,False,forwards,2,4,1,-1,683,13,0,670,15,0,1,0,0,0,4,2,66.7,1,0,0,0,3,2.0,1.1,1.3333333333333333,0.4,0.5,0.0,0.6,0.3,0.3333333333333333,0.2,0.1,0.3333333333333333,0.8,0.4,0.6666666666666666,903.6,840.5,790.3333333333334,122.4,61.6,62.0,754.4,756.7,693.3333333333334,17.4,16.2,17.333333333333332,2.0,1.0,0,22.4,20.33333333333333,2.8,2.333333333333333,0.8790476190476193,0.8952380952380953,9.2,10.0,2.0,0,15.06,2.04,7.968127490039841,0.1354581673306772
401892459,2027,2026-10-08 23:00:00+00:00,27,Nashville Predators,NSH,10,Montreal Canadiens,MTL,0,5037,Steven Stamkos,C,91,True,False,forwards,0,2,0,-1,1246,361,0,885,19,0,3,2,2,0,3,3,50.0,1,0,0,2,3,4.0,3.2,2.6666666666666665,2.0,1.4,2.0,1.0,0.8,1.0,0.4,0.3,0.3333333333333333,1.4,1.1,1.3333333333333333,1178.0,1140.0,1170.3333333333333,188.8,195.1,209.33333333333331,989.2,944.9,961.0,22.2,21.8,22.666666666666668,2.0,1.0,0,29.8,30.33333333333333,3.8,4.666666666666667,0.8712900432900434,0.848917748917749,8.8,11.333333333333334,1.0,0,19.633333333333333,3.146666666666667,12.224108658743631,0.1602716468590832
401892460,2027,2026-10-08 23:00:00+00:00,30,Minnesota Wild,MIN,20,Tampa Bay Lightning,TB,0,5103533,David Spacek,D,82,True,False,defenses,2,0,0,-1,503,0,106,397,14,0,0,0,1,0,0,0,0.0,2,0,0,0,0,0.0,0.0,,0.0,0.0,,0.0,0.0,,0.0,0.0,,0.0,0.0,,645.0,645.0,,0.0,0.0,,645.0,645.0,,14.5,14.5,,260.9583333333333,10.0,0,22.4,20.33333333333333,2.8,2.333333333333333,0.8790476190476193,0.8952380952380953,9.2,10.0,2.0,0,10.75,0.0,0.0,0.0
401892460,2027,2026-10-08 23:00:00+00:00,30,Minnesota Wild,MIN,20,Tampa Bay Lightning,TB,0,3042048,Michael McCarron,C,47,True,False,forwards,0,1,0,-1,650,0,71,579,12,0,0,0,1,1,5,3,62.5,0,1,2,0,3,2.6,2.0,2.6666666666666665,0.8,0.8,0.3333333333333333,0.2,0.2,0.0,0.6,0.3,1.0,0.8,0.5,1.0,936.4,841.0,912.6666666666666,49.2,24.6,0.0,722.4,698.6,760.3333333333334,17.6,16.5,17.0,2.0,1.0,0,22.4,20.33333333333333,2.8,2.333333333333333,0.8790476190476193,0.8952380952380953,9.2,10.0,2.0,0,15.606666666666666,0.8200000000000001,9.995728321230244,0.0525416488680051
401892460,2027,2026-10-08 23:00:00+00:00,30,Minnesota Wild,MIN,20,Tampa Bay Lightning,TB,0,3904091,Joel Eriksson Ek,C,14,True,False,forwards,0,0,0,0,1276,131,69,1076,20,0,0,0,6,0,11,10,52.4,1,0,0,0,3,2.8,2.3,1.6666666666666667,0.8,1.0,1.0,0.2,0.2,0.0,0.6,0.6,0.3333333333333333,0.8,0.8,0.3333333333333333,1078.4,1063.2,1171.0,237.2,191.2,268.6666666666667,747.6,801.5,802.3333333333334,18.4,18.4,19.666666666666668,2.0,1.0,0,22.4,20.33333333333333,2.8,2.333333333333333,0.8790476190476193,0.8952380952380953,9.2,10.0,2.0,0,17.973333333333336,3.953333333333333,9.347181008902076,0.2199554896142433
401892460,2027,2026-10-08 23:00:00+00:00,30,Minnesota Wild,MIN,20,Tampa Bay Lightning,TB,0,2562600,Jonas Brodin,D,25,True,False,defenses,2,0,1,-1,1380,5,89,1286,26,0,0,0,2,0,0,0,0.0,1,1,2,0,3,0.8,1.2,0.3333333333333333,0.0,0.1,0.0,0.0,0.1,0.0,0.2,0.1,0.0,0.2,0.2,0.0,1180.6,1114.4,1228.3333333333333,17.4,8.7,0.6666666666666666,1008.0,990.9,1017.3333333333334,23.0,22.2,24.0,2.0,1.0,0,22.4,20.33333333333333,2.8,2.333333333333333,0.8790476190476193,0.8952380952380953,9.2,10.0,2.0,0,19.676666666666662,0.29,2.439437574114857,0.0147382686769439
401892460,2027,2026-10-08 23:00:00+00:00,30,Minnesota Wild,MIN,20,Tampa Bay Lightning,TB,0,3942335,Kirill Kaprizov,LW,97,True,False,forwards,1,1,0,-1,1387,147,0,1240,19,0,3,1,0,0,0,0,0.0,1,0,0,1,3,2.6,3.3,3.0,2.8,2.7,3.0,1.0,1.0,1.0,0.0,0.2,0.0,1.0,1.2,1.0,1300.2,1241.1,1293.3333333333333,244.6,201.1,269.3333333333333,1039.2,1031.8,1024.0,19.8,18.6,20.33333333333333,2.0,1.0,0,22.4,20.33333333333333,2.8,2.333333333333333,0.8790476190476193,0.8952380952380953,9.2,10.0,2.0,0,21.67,4.076666666666666,7.198892478080295,0.1881249038609444
401892460,2027,2026-10-08 23:00:00+00:00,30,Minnesota Wild,MIN,20,Tampa Bay Lightning,TB,0,5172,Marcus Foligno,LW,17,True,False,forwards,0,3,0,1,654,0,0,654,13,0,0,0,1,1,0,0,0.0,0,0,0,0,3,1.2,1.1,1.0,0.4,0.3,0.3333333333333333,0.0,0.1,0.0,0.0,0.0,0.0,0.0,0.1,0.0,733.4,740.1,755.0,9.6,4.8,0.0,694.6,674.9,709.0,14.0,14.4,14.666666666666666,2.0,1.0,0,22.4,20.33333333333333,2.8,2.333333333333333,0.8790476190476193,0.8952380952380953,9.2,10.0,2.0,0,12.223333333333333,0.16,5.890373602399782,0.0130897191164439
401892460,2027,2026-10-08 23:00:00+00:00,30,Minnesota Wild,MIN,20,Tampa Bay Lightning,TB,0,4565233,Matt Boldy,LW,12,True,False,forwards,4,4,1,0,1334,195,72,1067,20,0,0,0,3,4,0,0,0.0,0,0,0,0,3,5.0,4.2,5.333333333333333,2.0,1.7,1.6666666666666667,0.0,0.4,0.0,0.4,0.5,0.0,0.4,0.9,0.0,1239.8,1142.0,1259.0,234.2,194.1,268.6666666666667,894.4,858.3,884.0,20.2,18.7,21.0,2.0,1.0,0,22.4,20.33333333333333,2.8,2.333333333333333,0.8790476190476193,0.8952380952380953,9.2,10.0,2.0,0,20.66333333333333,3.903333333333333,14.518470721084045,0.1889014357154379
401892460,2027,2026-10-08 23:00:00+00:00,30,Minnesota Wild,MIN,20,Tampa Bay Lightning,TB,0,5302535,Maxim Shabanov,RW,49,True,False,forwards,1,0,0,-1,996,135,0,861,15,0,1,0,3,1,0,0,0.0,0,0,0,0,3,0.8,1.3,0.6666666666666666,1.0,0.7,1.0,0.4,0.2,0.3333333333333333,0.4,0.3,0.3333333333333333,0.8,0.5,0.6666666666666666,888.0,770.1,951.3333333333334,165.6,116.8,243.33333333333331,722.4,653.3,708.0,16.4,14.9,16.333333333333332,2.0,1.0,0,22.4,20.33333333333333,2.8,2.333333333333333,0.8790476190476193,0.8952380952380953,9.2,10.0,2.0,0,14.8,2.76,3.2432432432432434,0.1864864864864864
401892459,2027,2026-10-08 23:00:00+00:00,27,Nashville Predators,NSH,10,Montreal Canadiens,MTL,0,4565263,Nils Hoglander,LW,21,True,False,forwards,1,2,0,0,768,40,0,728,15,0,3,0,1,0,0,1,0.0,0,0,0,0,3,1.2,1.1,1.3333333333333333,0.4,0.4,0.6666666666666666,0.6,0.3,1.0,0.2,0.1,0.0,0.8,0.4,1.0,725.2,721.2,655.6666666666666,39.4,20.8,46.333333333333336,685.2,700.1,609.3333333333334,14.4,15.4,12.666666666666666,2.0,1.0,0,29.8,30.33333333333333,3.8,4.666666666666667,0.8712900432900434,0.848917748917749,8.8,11.333333333333334,1.0,0,12.086666666666668,0.6566666666666666,5.9569773855488135,0.0543298400441257
401892460,2027,2026-10-08 23:00:00+00:00,30,Minnesota Wild,MIN,20,Tampa Bay Lightning,TB,0,4320625,Nico Sturm,C,78,True,False,forwards,1,2,0,-1,656,0,138,518,13,0,0,0,1,0,4,1,80.0,0,0,0,0,0,0.8,0.7,,1.4,0.7,,0.2,0.2,,0.0,0.0,,0.2,0.2,,710.2,635.1,,0.0,0.1,,601.4,537.9,,15.6,14.1,,176.95833333333334,10.0,0,22.4,20.33333333333333,2.8,2.333333333333333,0.8790476190476193,0.8952380952380953,9.2,10.0,2.0,0,11.836666666666668,0.0,4.055195719515629,0.0
401892460,2027,2026-10-08 23:00:00+00:00,30,Minnesota Wild,MIN,20,Tampa Bay Lightning,TB,0,4320548,Quinn Hughes,D,43,True,False,defenses,0,0,0,0,1956,206,8,1742,22,1,2,1,4,0,0,0,0.0,3,0,0,2,3,2.4,2.4,3.333333333333333,1.4,1.2,1.6666666666666667,0.4,0.2,0.3333333333333333,0.8,0.8,1.0,1.2,1.0,1.3333333333333333,1694.4,1640.8,1587.6666666666667,251.4,206.0,276.3333333333333,1417.4,1421.2,1301.3333333333333,24.2,23.0,24.0,2.0,1.0,0,22.4,20.33333333333333,2.8,2.333333333333333,0.8790476190476193,0.8952380952380953,9.2,10.0,2.0,0,28.24,4.19,5.099150141643059,0.148371104815864
401892460,2027,2026-10-08 23:00:00+00:00,30,Minnesota Wild,MIN,20,Tampa Bay Lightning,TB,0,3042063,Ryan Hartman,RW,38,True,False,forwards,0,1,0,1,675,67,0,608,14,0,0,0,0,1,5,5,50.0,0,0,0,0,3,0.6,1.8,0.0,1.0,1.3,0.3333333333333333,0.2,0.6,0.0,0.2,0.5,0.3333333333333333,0.4,1.1,0.3333333333333333,880.0,947.1,761.3333333333334,59.6,41.6,67.66666666666667,800.8,895.7,693.6666666666666,16.4,17.1,16.0,2.0,1.0,0,22.4,20.33333333333333,2.8,2.333333333333333,0.8790476190476193,0.8952380952380953,9.2,10.0,2.0,0,14.666666666666666,0.9933333333333334,2.4545454545454546,0.0677272727272727
401892460,2027,2026-10-08 23:00:00+00:00,30,Minnesota Wild,MIN,20,Tampa Bay Lightning,TB,0,5079,Jared Spurgeon,D,46,True,False,defenses,5,2,0,1,1494,3,182,1309,26,0,1,1,3,0,0,0,0.0,0,0,0,1,3,0.8,0.9,0.6666666666666666,0.6,0.7,0.6666666666666666,0.2,0.1,0.3333333333333333,0.6,0.5,0.6666666666666666,0.8,0.6,1.0,1164.2,1075.8,1221.3333333333333,115.0,62.4,60.333333333333336,964.0,934.6,1023.6666666666666,25.4,22.7,28.666666666666668,2.0,1.0,0,22.4,20.33333333333333,2.8,2.333333333333333,0.8790476190476193,0.8952380952380953,9.2,10.0,2.0,0,19.40333333333333,1.9166666666666667,2.473801752276241,0.0987802783026971
401892459,2027,2026-10-08 23:00:00+00:00,27,Nashville Predators,NSH,10,Montreal Canadiens,MTL,0,4233870,Nicolas Hague,D,41,True,False,defenses,1,1,1,1,1122,0,22,1100,24,0,0,0,0,2,0,0,0.0,0,1,2,0,3,0.4,1.0,0.3333333333333333,0.6,0.8,1.0,0.0,0.0,0.0,0.0,0.1,0.0,0.0,0.1,0.0,931.8,1081.1,1111.6666666666667,2.2,1.4,1.3333333333333333,872.4,971.4,1100.0,18.6,21.3,21.33333333333333,2.0,1.0,0,29.8,30.33333333333333,3.8,4.666666666666667,0.8712900432900434,0.848917748917749,8.8,11.333333333333334,1.0,0,15.53,0.0366666666666666,1.5453960077269802,0.0023610216784717
401892459,2027,2026-10-08 23:00:00+00:00,27,Nashville Predators,NSH,10,Montreal Canadiens,MTL,0,4697765,Adam Wilsby,D,2,True,False,defenses,2,1,0,0,1241,0,137,1104,23,0,0,1,0,0,0,0,0.0,4,0,0,1,3,0.6,1.0,1.0,0.4,0.8,0.3333333333333333,0.0,0.0,0.0,0.2,0.4,0.3333333333333333,0.2,0.4,0.3333333333333333,990.4,1138.6,914.3333333333334,0.0,1.9,0.0,872.2,1018.5,818.6666666666666,20.0,22.7,18.33333333333333,2.0,1.0,0,29.8,30.33333333333333,3.8,4.666666666666667,0.8712900432900434,0.848917748917749,8.8,11.333333333333334,1.0,0,16.506666666666668,0.0,2.180936995153473,0.0
401892459,2027,2026-10-08 23:00:00+00:00,27,Nashville Predators,NSH,10,Montreal Canadiens,MTL,0,4697413,Mavrik Bourque,C,22,True,False,forwards,0,0,0,0,495,41,0,454,11,0,0,0,0,1,0,3,0.0,0,0,0,0,3,3.0,2.3,2.333333333333333,0.2,0.4,0.0,0.8,0.4,0.0,0.4,0.3,0.3333333333333333,1.2,0.7,0.3333333333333333,1060.0,1089.6,1106.0,88.2,74.7,92.33333333333331,952.6,1004.7,981.6666666666666,21.0,20.7,22.33333333333333,2.0,1.0,0,29.8,30.33333333333333,3.8,4.666666666666667,0.8712900432900434,0.848917748917749,8.8,11.333333333333334,1.0,0,17.666666666666668,1.47,10.188679245283016,0.0832075471698113
401892459,2027,2026-10-08 23:00:00+00:00,10,Montreal Canadiens,MTL,27,Nashville Predators,NSH,1,3942064,Alexandre Carrier,D,45,True,False,defenses,1,2,0,0,1317,6,273,1038,26,0,1,0,1,0,0,0,0.0,0,0,0,0,3,0.8,0.4,1.3333333333333333,0.4,0.6,0.6666666666666666,0.2,0.1,0.3333333333333333,0.2,0.3,0.3333333333333333,0.4,0.4,0.6666666666666666,1043.4,1096.4,972.3333333333334,0.0,0.0,0.0,877.4,953.0,828.3333333333334,21.2,23.0,20.666666666666668,2.0,1.0,0,32.0,32.333333333333336,3.4,3.0,0.8952193497845677,0.9105105105105106,6.0,5.333333333333333,1.0,0,17.39,0.0,2.7602070155261647,0.0
401892459,2027,2026-10-08 23:00:00+00:00,10,Montreal Canadiens,MTL,27,Nashville Predators,NSH,1,4233880,Alexandre Texier,LW,85,True,False,forwards,0,1,0,0,823,74,0,749,15,0,0,0,1,0,0,0,0.0,0,0,0,0,3,0.4,0.8,0.3333333333333333,0.8,0.8,1.0,0.0,0.0,0.0,0.6,0.3,0.6666666666666666,0.6,0.3,0.6666666666666666,715.6,745.3,665.6666666666666,89.4,92.3,83.0,626.2,652.3,582.6666666666666,14.8,15.0,13.666666666666666,2.0,1.0,0,32.0,32.333333333333336,3.4,3.0,0.8952193497845677,0.9105105105105106,6.0,5.333333333333333,1.0,0,11.926666666666668,1.49,2.012297372833985,0.1249301285634432
401892459,2027,2026-10-08 23:00:00+00:00,10,Montreal Canadiens,MTL,27,Nashville Predators,NSH,1,4893969,Arber Xhekaj,D,72,True,False,defenses,1,2,0,1,719,0,67,652,15,0,0,0,2,0,0,0,0.0,0,1,10,0,3,0.4,0.4,0.0,0.6,0.5,0.0,0.0,0.0,0.0,0.2,0.2,0.0,0.2,0.2,0.0,812.4,778.5,705.0,5.6,2.8,2.6666666666666665,732.8,716.7,593.6666666666666,17.8,16.1,16.0,2.0,1.0,0,32.0,32.333333333333336,3.4,3.0,0.8952193497845677,0.9105105105105106,6.0,5.333333333333333,1.0,0,13.54,0.0933333333333333,1.7725258493353029,0.0068931560807483
401892459,2027,2026-10-08 23:00:00+00:00,10,Montreal Canadiens,MTL,27,Nashville Predators,NSH,1,5833,Chris Kreider,LW,22,True,False,forwards,1,2,0,-2,899,171,0,728,16,0,1,0,0,2,0,0,0.0,0,0,0,0,3,1.0,1.6,1.0,1.8,1.4,1.3333333333333333,0.2,0.1,0.3333333333333333,1.0,0.6,1.0,1.2,0.7,1.3333333333333333,912.6,948.7,876.0,177.4,180.2,177.66666666666666,727.0,756.2,684.6666666666666,20.6,20.4,18.33333333333333,2.0,1.0,0,32.0,32.333333333333336,3.4,3.0,0.8952193497845677,0.9105105105105106,6.0,5.333333333333333,1.0,0,15.21,2.9566666666666666,3.944773175542406,0.1943896559281174
401892459,2027,2026-10-08 23:00:00+00:00,10,Montreal Canadiens,MTL,27,Nashville Predators,NSH,1,4565236,Cole Caufield,RW,13,True,False,forwards,0,0,0,-1,1080,190,0,890,20,0,2,0,6,2,0,0,0.0,1,0,0,0,3,3.6,3.4,2.333333333333333,1.2,1.8,1.3333333333333333,0.4,0.4,0.6666666666666666,0.0,0.3,0.0,0.4,0.7,0.6666666666666666,1188.6,1180.2,1210.0,186.6,282.3,217.0,1002.0,897.9,993.0,21.0,20.6,22.33333333333333,2.0,1.0,0,32.0,32.333333333333336,3.4,3.0,0.8952193497845677,0.9105105105105106,6.0,5.333333333333333,1.0,0,19.81,3.11,10.903584048460374,0.1569914184755174
401892459,2027,2026-10-08 23:00:00+00:00,10,Montreal Canadiens,MTL,27,Nashville Predators,NSH,1,5188457,Florian Xhekaj,LW,63,True,False,forwards,1,0,0,-1,384,0,0,384,9,0,0,0,1,0,0,0,0.0,0,0,0,0,1,0.6,0.8333333333333334,1.0,0.2,0.1666666666666666,0.0,0.0,0.0,0.0,0.0,0.1666666666666666,0.0,0.0,0.1666666666666666,0.0,563.8,567.8333333333334,528.0,0.0,0.0,0.0,563.8,567.8333333333334,528.0,12.0,12.333333333333334,11.0,2.0,1.0,0,32.0,32.333333333333336,3.4,3.0,0.8952193497845677,0.9105105105105106,6.0,5.333333333333333,1.0,0,9.396666666666668,0.0,3.831145796381695,0.0
401892461,2027,2026-10-08 23:00:00+00:00,22,Vancouver Canucks,VAN,7,Carolina Hurricanes,CAR,0,5206642,Zeev Buium,D,8,True,False,defenses,1,1,0,1,1429,183,0,1246,24,0,0,1,0,0,0,0,0.0,1,0,0,1,4,1.0,1.2,1.25,0.4,0.4,0.25,0.0,0.1,0.0,0.0,0.1,0.0,0.0,0.2,0.0,1299.6,1313.7,1300.0,98.4,66.0,121.0,1199.4,1245.3,1176.75,26.0,26.4,26.5,3.9166666666666665,2.9166666666666665,0,23.0,21.25,2.6,3.0,0.8840740740740746,0.8634259259259259,13.0,15.25,1.0,0,21.66,1.64,2.7700831024930745,0.0757156048014773
401892459,2027,2026-10-08 23:00:00+00:00,10,Montreal Canadiens,MTL,27,Nashville Predators,NSH,1,3069687,Josh Anderson,RW,17,True,False,forwards,0,3,0,1,864,8,72,784,20,0,1,1,4,1,0,0,0.0,0,2,4,1,3,1.4,1.2,2.0,0.8,0.9,0.6666666666666666,0.4,0.2,0.3333333333333333,0.2,0.1,0.3333333333333333,0.6,0.3,0.6666666666666666,804.2,811.9,751.0,0.2,1.6,0.3333333333333333,677.4,690.8,627.6666666666666,18.0,16.8,19.0,2.0,1.0,0,32.0,32.333333333333336,3.4,3.0,0.8952193497845677,0.9105105105105106,6.0,5.333333333333333,1.0,0,13.403333333333334,0.0033333333333333,6.2670977368813725,0.0002486943546381
401892459,2027,2026-10-08 23:00:00+00:00,10,Montreal Canadiens,MTL,27,Nashville Predators,NSH,1,4915349,Juraj Slafkovsky,LW,20,True,False,forwards,0,0,0,-2,1044,180,0,864,18,0,1,0,5,1,0,1,0.0,2,0,0,0,3,1.6,2.4,1.6666666666666667,1.2,1.5,1.0,0.2,0.2,0.3333333333333333,0.2,0.5,0.0,0.4,0.7,0.3333333333333333,1166.0,1212.2,1116.0,191.8,286.6,216.33333333333331,974.0,922.4,899.3333333333334,20.6,20.4,21.33333333333333,2.0,1.0,0,32.0,32.333333333333336,3.4,3.0,0.8952193497845677,0.9105105105105106,6.0,5.333333333333333,1.0,0,19.433333333333334,3.1966666666666668,4.939965694682676,0.1644939965694682
401892459,2027,2026-10-08 23:00:00+00:00,10,Montreal Canadiens,MTL,27,Nashville Predators,NSH,1,4565224,Kirby Dach,C,77,True,False,forwards,0,0,0,0,462,65,0,397,11,0,0,0,0,1,0,0,0.0,1,0,0,0,3,0.4,0.7,0.3333333333333333,0.4,0.6,0.6666666666666666,0.0,0.0,0.0,0.4,0.2,0.3333333333333333,0.4,0.2,0.3333333333333333,666.4,674.7,648.3333333333334,52.0,85.6,24.0,606.0,584.9,610.3333333333334,14.8,14.1,14.0,2.0,1.0,0,32.0,32.333333333333336,3.4,3.0,0.8952193497845677,0.9105105105105106,6.0,5.333333333333333,1.0,0,11.106666666666666,0.8666666666666667,2.1608643457382954,0.078031212484994
401892459,2027,2026-10-08 23:00:00+00:00,10,Montreal Canadiens,MTL,27,Nashville Predators,NSH,1,5080230,Lane Hutson,D,48,True,False,defenses,0,0,0,-2,1483,191,0,1292,25,0,0,0,4,0,0,0,0.0,0,1,2,0,3,1.0,0.9,1.6666666666666667,1.2,0.9,1.6666666666666667,0.0,0.1,0.0,1.2,0.8,1.3333333333333333,1.2,0.9,1.3333333333333333,1578.6,1606.5,1651.3333333333333,199.8,289.7,229.66666666666663,1367.0,1260.2,1416.0,25.8,25.5,26.33333333333333,2.0,1.0,0,32.0,32.333333333333336,3.4,3.0,0.8952193497845677,0.9105105105105106,6.0,5.333333333333333,1.0,0,26.31,3.33,2.280501710376283,0.1265678449258837
401892459,2027,2026-10-08 23:00:00+00:00,27,Nashville Predators,NSH,10,Montreal Canadiens,MTL,0,4419638,Nick Perbix,D,48,True,False,defenses,2,0,0,0,1247,13,132,1102,23,0,0,0,1,0,0,0,0.0,1,0,0,0,3,0.4,0.8,0.6666666666666666,0.8,0.6,1.3333333333333333,0.0,0.0,0.0,0.2,0.3,0.0,0.2,0.3,0.0,1145.4,1157.2,1150.6666666666667,1.8,2.3,3.0,948.8,969.1,991.3333333333334,23.4,23.6,24.0,2.0,1.0,0,29.8,30.33333333333333,3.8,4.666666666666667,0.8712900432900434,0.848917748917749,8.8,11.333333333333334,1.0,0,19.09,0.03,1.2572027239392352,0.001571503404924
401892459,2027,2026-10-08 23:00:00+00:00,10,Montreal Canadiens,MTL,27,Nashville Predators,NSH,1,2976851,Mike Matheson,D,8,True,False,defenses,1,0,1,0,1422,18,287,1117,28,0,0,0,0,0,0,0,0.0,1,1,2,0,3,1.8,1.5,2.333333333333333,0.0,0.1,0.0,0.0,0.0,0.0,0.2,0.2,0.3333333333333333,0.2,0.2,0.3333333333333333,1400.6,1401.1,1481.0,19.8,22.8,14.0,1179.4,1168.5,1236.6666666666667,26.8,25.7,29.0,2.0,1.0,0,32.0,32.333333333333336,3.4,3.0,0.8952193497845677,0.9105105105105106,6.0,5.333333333333333,1.0,0,23.34333333333333,0.33,4.626588604883622,0.0141367985149221
401892459,2027,2026-10-08 23:00:00+00:00,10,Montreal Canadiens,MTL,27,Nashville Predators,NSH,1,4352732,Noah Dobson,D,53,True,False,defenses,1,0,1,0,1244,87,158,999,23,0,0,0,3,1,0,0,0.0,1,1,2,0,3,1.2,1.1,1.3333333333333333,1.2,1.1,2.0,0.0,0.0,0.0,0.2,0.2,0.3333333333333333,0.2,0.2,0.3333333333333333,1261.8,1327.6,1385.6666666666667,102.4,95.1,73.33333333333333,969.6,1056.0,1155.0,24.8,25.3,29.0,2.0,1.0,0,32.0,32.333333333333336,3.4,3.0,0.8952193497845677,0.9105105105105106,6.0,5.333333333333333,1.0,0,21.03,1.7066666666666668,3.4236804564907275,0.0811539071168172
401892459,2027,2026-10-08 23:00:00+00:00,10,Montreal Canadiens,MTL,27,Nashville Predators,NSH,1,2562602,Phillip Danault,C,24,True,False,forwards,0,1,0,0,1118,5,288,825,23,0,0,0,2,0,6,7,46.2,1,0,0,0,3,1.2,1.4,1.0,1.0,0.8,0.6666666666666666,0.0,0.1,0.0,0.2,0.1,0.3333333333333333,0.2,0.2,0.3333333333333333,855.8,831.0,817.0,18.0,11.1,23.33333333333333,690.0,681.6,636.6666666666666,19.0,17.2,19.33333333333333,2.0,1.0,0,32.0,32.333333333333336,3.4,3.0,0.8952193497845677,0.9105105105105106,6.0,5.333333333333333,1.0,0,14.263333333333332,0.3,5.047908389810704,0.0210329516242112
401892459,2027,2026-10-08 23:00:00+00:00,10,Montreal Canadiens,MTL,27,Nashville Predators,NSH,1,4874734,Zack Bolduc,RW,76,True,False,forwards,1,0,0,0,951,72,0,879,16,0,3,0,2,2,0,0,0.0,0,0,0,0,3,1.4,0.8,1.6666666666666667,0.6,0.9,0.0,0.8,0.4,1.0,0.2,0.1,0.0,1.0,0.5,1.0,766.8,790.4,734.0,79.6,84.3,81.0,687.2,706.1,653.0,15.6,15.9,14.333333333333334,2.0,1.0,0,32.0,32.333333333333336,3.4,3.0,0.8952193497845677,0.9105105105105106,6.0,5.333333333333333,1.0,0,12.78,1.3266666666666669,6.572769953051643,0.1038080333854981
401892459,2027,2026-10-08 23:00:00+00:00,27,Nashville Predators,NSH,10,Montreal Canadiens,MTL,0,4894222,Adam Edstrom,C,84,True,False,forwards,2,2,0,2,619,8,0,611,14,2,2,0,2,1,1,0,100.0,0,0,0,2,3,1.6,1.4,2.6666666666666665,0.6,0.5,0.6666666666666666,0.0,0.1,0.0,0.0,0.0,0.0,0.0,0.1,0.0,609.0,597.9,769.0,0.0,1.0,0.0,584.8,584.8,728.6666666666666,15.0,14.8,18.0,2.0,1.0,0,29.8,30.33333333333333,3.8,4.666666666666667,0.8712900432900434,0.848917748917749,8.8,11.333333333333334,1.0,0,10.15,0.0,9.458128078817737,0.0
401892460,2027,2026-10-08 23:00:00+00:00,30,Minnesota Wild,MIN,20,Tampa Bay Lightning,TB,0,3904188,Yakov Trenin,C,13,True,False,forwards,0,4,0,-1,767,4,114,649,14,0,0,0,0,3,0,0,0.0,1,0,0,0,3,1.2,1.2,1.3333333333333333,0.4,0.4,0.3333333333333333,0.0,0.0,0.0,0.2,0.2,0.0,0.2,0.2,0.0,877.6,846.6,817.0,50.2,25.1,0.0,709.8,735.3,699.6666666666666,16.6,16.1,15.333333333333334,2.0,1.0,0,22.4,20.33333333333333,2.8,2.333333333333333,0.8790476190476193,0.8952380952380953,9.2,10.0,2.0,0,14.626666666666669,0.8366666666666667,4.922515952597994,0.0572014585232452
401892459,2027,2026-10-08 23:00:00+00:00,27,Nashville Predators,NSH,10,Montreal Canadiens,MTL,0,3069394,Alexander Kerfoot,C,14,True,False,forwards,0,0,1,2,886,65,147,674,19,1,1,1,1,0,3,1,75.0,1,0,0,2,3,1.2,0.7,1.0,0.6,0.6,0.0,0.2,0.2,0.0,0.2,0.2,0.3333333333333333,0.4,0.4,0.3333333333333333,971.2,962.4,971.0,79.4,83.0,86.33333333333333,796.8,770.8,765.6666666666666,23.8,23.6,22.666666666666668,2.0,1.0,0,29.8,30.33333333333333,3.8,4.666666666666667,0.8712900432900434,0.848917748917749,8.8,11.333333333333334,1.0,0,16.186666666666667,1.3233333333333337,4.448105436573311,0.0817545304777594
401892459,2027,2026-10-08 23:00:00+00:00,27,Nashville Predators,NSH,10,Montreal Canadiens,MTL,0,2976856,Brady Skjei,D,76,True,False,defenses,0,0,1,0,1289,54,132,1103,25,0,0,1,0,1,0,0,0.0,0,0,0,1,3,0.6,1.0,0.6666666666666666,0.4,0.6,0.0,0.0,0.1,0.0,0.2,0.2,0.3333333333333333,0.2,0.3,0.3333333333333333,1266.6,1342.8,1237.0,9.2,46.4,0.0,1052.8,1130.5,1042.6666666666667,25.2,26.8,26.0,2.0,1.0,0,29.8,30.33333333333333,3.8,4.666666666666667,0.8712900432900434,0.848917748917749,8.8,11.333333333333334,1.0,0,21.11,0.1533333333333333,1.7053529133112268,0.0072635401863255
401892459,2027,2026-10-08 23:00:00+00:00,27,Nashville Predators,NSH,10,Montreal Canadiens,MTL,0,2968772,Filip Forsberg,LW,9,True,False,forwards,1,1,1,2,1188,362,4,822,23,0,0,1,3,3,0,0,0.0,5,0,0,1,3,2.6,2.2,1.6666666666666667,1.6,1.9,1.0,0.4,0.5,0.0,0.6,0.5,1.0,1.0,1.0,1.0,1217.8,1170.6,1243.0,195.6,192.6,220.0,1022.2,978.0,1023.0,22.4,21.9,23.666666666666668,2.0,1.0,0,29.8,30.33333333333333,3.8,4.666666666666667,0.8712900432900434,0.848917748917749,8.8,11.333333333333334,1.0,0,20.296666666666667,3.26,7.685991131548694,0.1606175069797996
401892459,2027,2026-10-08 23:00:00+00:00,27,Nashville Predators,NSH,10,Montreal Canadiens,MTL,0,4378671,Jack Drury,C,18,True,False,forwards,1,0,1,1,1001,10,186,805,22,0,0,1,2,1,8,9,47.1,2,0,0,1,3,1.0,1.2,0.3333333333333333,0.6,0.7,0.3333333333333333,0.0,0.0,0.0,0.0,0.0,0.0,0.0,0.0,0.0,833.4,814.2,829.6666666666666,34.2,17.1,0.0,701.0,698.5,713.6666666666666,18.4,18.0,18.33333333333333,2.0,1.0,0,29.8,30.33333333333333,3.8,4.666666666666667,0.8712900432900434,0.848917748917749,8.8,11.333333333333334,1.0,0,13.89,0.5700000000000001,4.319654427645789,0.0410367170626349
401892459,2027,2026-10-08 23:00:00+00:00,27,Nashville Predators,NSH,10,Montreal Canadiens,MTL,0,2967072,Jonathan Marchessault,RW,81,True,False,forwards,0,2,0,0,1086,274,0,812,20,0,0,0,0,1,0,0,0.0,0,0,0,0,3,1.2,1.8,1.6666666666666667,1.4,1.8,1.3333333333333333,0.0,0.1,0.0,0.0,0.2,0.0,0.0,0.3,0.0,956.2,1006.9,939.6666666666666,125.4,153.8,107.0,830.8,853.1,832.6666666666666,19.6,20.1,19.33333333333333,2.0,1.0,0,29.8,30.33333333333333,3.8,4.666666666666667,0.8712900432900434,0.848917748917749,8.8,11.333333333333334,1.0,0,15.936666666666667,2.0900000000000003,4.517883288015059,0.1311441121104371
401892459,2027,2026-10-08 23:00:00+00:00,27,Nashville Predators,NSH,10,Montreal Canadiens,MTL,0,5149189,Matthew Wood,RW,71,True,False,forwards,0,2,0,0,809,127,115,567,16,1,1,0,1,0,2,1,66.7,2,1,2,1,3,1.0,1.5,1.3333333333333333,1.4,0.9,2.333333333333333,0.0,0.1,0.0,0.2,0.2,0.3333333333333333,0.2,0.3,0.3333333333333333,891.4,838.7,1007.3333333333334,128.4,96.8,200.0,702.4,711.6,706.3333333333334,18.0,17.4,20.0,2.0,1.0,0,29.8,30.33333333333333,3.8,4.666666666666667,0.8712900432900434,0.848917748917749,8.8,11.333333333333334,1.0,0,14.856666666666666,2.14,4.038590980480143,0.1440430783037918
401892459,2027,2026-10-08 23:00:00+00:00,10,Montreal Canadiens,MTL,27,Nashville Predators,NSH,1,4233594,Nick Suzuki,C,14,True,False,forwards,1,0,0,-1,1261,192,57,1012,21,1,3,0,1,3,10,11,47.6,3,0,0,1,3,2.6,2.1,2.6666666666666665,1.6,1.5,2.0,0.6,0.4,0.6666666666666666,1.0,0.9,1.3333333333333333,1.6,1.3,2.0,1255.6,1266.0,1265.0,190.8,284.8,214.66666666666663,1030.4,957.5,1003.0,22.0,21.2,23.666666666666668,2.0,1.0,0,32.0,32.333333333333336,3.4,3.0,0.8952193497845677,0.9105105105105106,6.0,5.333333333333333,1.0,0,20.926666666666662,3.18,7.454603376871615,0.1519592226823829
401892460,2027,2026-10-08 23:00:00+00:00,30,Minnesota Wild,MIN,20,Tampa Bay Lightning,TB,0,4002,Zach Bogosian,D,24,True,False,defenses,1,0,1,0,1169,6,72,1091,26,0,0,0,4,0,0,0,0.0,3,1,2,0,3,0.4,0.4,0.3333333333333333,0.2,0.4,0.0,0.0,0.0,0.0,0.0,0.0,0.0,0.0,0.0,0.0,900.6,820.3,892.6666666666666,0.0,0.0,0.0,811.4,755.0,744.0,17.8,16.6,19.0,2.0,1.0,0,22.4,20.33333333333333,2.8,2.333333333333333,0.8790476190476193,0.8952380952380953,9.2,10.0,2.0,0,15.01,0.0,1.5989340439706865,0.0
401892460,2027,2026-10-08 23:00:00+00:00,20,Tampa Bay Lightning,TB,30,Minnesota Wild,MIN,1,4874929,J.J. Moser,D,90,True,False,defenses,2,0,1,0,801,0,104,697,17,0,0,0,0,1,0,0,0.0,0,0,0,0,3,1.0,1.0,1.0,1.6,1.2,2.6666666666666665,0.0,0.0,0.0,0.2,0.2,0.0,0.2,0.2,0.0,1151.8,1187.2,1026.6666666666667,3.4,7.1,3.333333333333333,1076.0,1049.5,944.3333333333334,23.0,23.5,20.0,3.0,2.0,0,26.8,25.0,2.6,1.6666666666666667,0.8958077558077562,0.935273368606702,7.8,6.0,1.0,0,19.196666666666665,0.0566666666666666,3.125542628928634,0.0029519013717659
401892460,2027,2026-10-08 23:00:00+00:00,20,Tampa Bay Lightning,TB,30,Minnesota Wild,MIN,1,4065019,Brandon Hagel,LW,38,True,False,forwards,1,0,0,0,1375,209,76,1090,21,0,1,1,3,3,0,0,0.0,0,0,0,1,3,5.2,4.6,5.666666666666667,1.8,2.4,2.0,0.4,0.5,0.3333333333333333,0.4,0.5,0.6666666666666666,0.8,1.0,1.0,1260.0,1277.6,1319.3333333333333,288.0,261.2,379.3333333333333,902.2,931.8,823.6666666666666,21.4,22.8,23.0,3.0,2.0,0,26.8,25.0,2.6,1.6666666666666667,0.8958077558077562,0.935273368606702,7.8,6.0,1.0,0,21.0,4.8,14.857142857142858,0.2285714285714285
401892461,2027,2026-10-08 23:00:00+00:00,7,Carolina Hurricanes,CAR,22,Vancouver Canucks,VAN,1,4272905,Sean Walker,D,26,True,False,defenses,1,0,1,2,1283,38,202,1043,26,0,0,4,0,0,0,0,0.0,2,0,0,4,4,1.8,1.9,2.0,0.6,0.9,0.75,0.0,0.2,0.0,0.2,0.5,0.0,0.2,0.7,0.0,1283.6,1274.6,1241.25,40.6,34.1,50.75,1072.6,1080.7,992.75,27.2,27.2,26.75,2.0,1.0,0,31.0,30.0,4.8,4.5,0.8508608377963217,0.856433190102545,13.4,12.25,2.9166666666666665,0,21.39333333333333,0.6766666666666666,5.048301651604862,0.0316297912122156
401892461,2027,2026-10-08 23:00:00+00:00,7,Carolina Hurricanes,CAR,22,Vancouver Canucks,VAN,1,3904173,Sebastian Aho,C,20,True,False,forwards,1,0,0,2,1061,160,102,799,22,0,4,1,1,2,2,5,28.6,1,0,0,1,4,4.0,3.5,3.75,1.4,1.1,1.5,1.0,0.6,1.0,0.6,0.7,0.75,1.6,1.3,1.75,1182.8,1130.8,1200.25,324.6,253.7,347.75,742.2,781.5,747.5,23.8,22.6,24.0,2.0,1.0,0,31.0,30.0,4.8,4.5,0.8508608377963217,0.856433190102545,13.4,12.25,2.9166666666666665,0,19.71333333333333,5.41,12.17450118363206,0.2744335475143727
401892461,2027,2026-10-08 23:00:00+00:00,7,Carolina Hurricanes,CAR,22,Vancouver Canucks,VAN,1,3025662,Shayne Gostisbehere,D,4,True,False,defenses,0,0,1,2,1169,171,0,998,21,0,1,2,2,3,0,0,0.0,4,0,0,2,4,1.2,1.6,1.5,1.2,1.2,1.5,0.2,0.1,0.25,0.2,0.4,0.25,0.4,0.5,0.5,1132.8,1135.9,1126.75,281.2,216.8,339.0,851.6,919.1,787.75,20.2,20.7,19.75,2.0,1.0,0,31.0,30.0,4.8,4.5,0.8508608377963217,0.856433190102545,13.4,12.25,2.9166666666666665,0,18.88,4.6866666666666665,3.813559322033898,0.2482344632768361
401892461,2027,2026-10-08 23:00:00+00:00,7,Carolina Hurricanes,CAR,22,Vancouver Canucks,VAN,1,5428,Taylor Hall,LW,71,True,False,forwards,0,0,0,1,823,30,0,793,16,0,2,2,2,1,0,0,0.0,2,0,0,2,4,1.8,1.9,2.0,0.4,0.8,0.25,0.4,0.5,0.5,0.0,0.5,0.0,0.4,1.0,0.5,904.2,929.5,849.5,109.4,107.5,130.5,792.4,820.8,716.0,19.4,18.7,18.5,2.0,1.0,0,31.0,30.0,4.8,4.5,0.8508608377963217,0.856433190102545,13.4,12.25,2.9166666666666665,0,15.07,1.8233333333333333,7.1665560716655605,0.1209909312099093
401892461,2027,2026-10-08 23:00:00+00:00,7,Carolina Hurricanes,CAR,22,Vancouver Canucks,VAN,1,3042054,William Carrier,LW,28,True,False,forwards,0,3,0,0,768,0,0,768,17,0,0,1,1,1,0,0,0.0,1,0,0,1,4,1.0,1.1,1.0,0.8,0.6,1.0,0.0,0.1,0.0,0.4,0.5,0.5,0.4,0.6,0.5,647.0,634.6,648.75,0.0,0.0,0.0,647.0,628.6,648.75,14.8,14.5,15.0,2.0,1.0,0,31.0,30.0,4.8,4.5,0.8508608377963217,0.856433190102545,13.4,12.25,2.9166666666666665,0,10.783333333333331,0.0,5.564142194744977,0.0
401892461,2027,2026-10-08 23:00:00+00:00,22,Vancouver Canucks,VAN,7,Carolina Hurricanes,CAR,0,4874912,Aatu Raty,C,54,True,False,forwards,0,1,0,-2,516,13,33,470,12,0,1,0,0,1,4,3,57.1,0,0,0,0,2,1.6,1.5,1.5,0.2,0.5,0.0,0.2,0.1,0.5,0.2,0.1,0.0,0.4,0.2,0.5,667.8,705.5,583.0,3.4,7.7,8.5,622.2,651.5,551.5,21.2,21.0,19.5,3.9166666666666665,2.9166666666666665,0,23.0,21.25,2.6,3.0,0.8840740740740746,0.8634259259259259,13.0,15.25,1.0,0,11.13,0.0566666666666666,8.62533692722372,0.0050913447139862
401892461,2027,2026-10-08 23:00:00+00:00,22,Vancouver Canucks,VAN,7,Carolina Hurricanes,CAR,0,5103536,Arshdeep Bains,LW,13,True,False,forwards,0,1,0,-2,578,13,80,485,13,0,1,0,0,0,0,0,0.0,0,0,0,0,4,1.0,0.8,0.75,0.4,0.4,0.5,0.2,0.2,0.25,0.2,0.1,0.25,0.4,0.3,0.5,690.0,621.6,712.25,3.6,6.4,4.5,620.6,582.3,625.5,16.4,14.5,17.0,3.9166666666666665,2.9166666666666665,0,23.0,21.25,2.6,3.0,0.8840740740740746,0.8634259259259259,13.0,15.25,1.0,0,11.5,0.06,5.217391304347826,0.0052173913043478
401892461,2027,2026-10-08 23:00:00+00:00,22,Vancouver Canucks,VAN,7,Carolina Hurricanes,CAR,0,3899979,Brock Boeser,RW,6,True,False,forwards,0,0,0,-2,1095,298,0,797,22,0,1,0,1,0,0,0,0.0,1,0,0,0,4,1.4,1.6,1.5,0.6,0.5,0.75,0.2,0.2,0.25,0.4,0.5,0.5,0.6,0.7,0.75,1051.8,1161.0,1041.0,197.6,196.6,221.0,828.0,922.2,818.75,20.4,21.5,20.75,3.9166666666666665,2.9166666666666665,0,23.0,21.25,2.6,3.0,0.8840740740740746,0.8634259259259259,13.0,15.25,1.0,0,17.529999999999998,3.293333333333333,4.791785510553337,0.1878684160486784
401892461,2027,2026-10-08 23:00:00+00:00,22,Vancouver Canucks,VAN,7,Carolina Hurricanes,CAR,0,4712146,Drew O'Connor,LW,18,True,False,forwards,0,2,0,-1,768,5,56,707,16,0,1,0,0,0,0,0,0.0,2,1,2,0,4,1.6,1.8,2.0,0.8,0.8,1.0,0.2,0.1,0.25,0.2,0.1,0.25,0.4,0.2,0.5,919.6,966.8,980.75,91.8,64.6,114.75,712.6,835.4,730.0,20.6,21.5,22.0,3.9166666666666665,2.9166666666666665,0,23.0,21.25,2.6,3.0,0.8840740740740746,0.8634259259259259,13.0,15.25,1.0,0,15.326666666666666,1.53,6.26359286646368,0.0998260113092649
401892461,2027,2026-10-08 23:00:00+00:00,22,Vancouver Canucks,VAN,7,Carolina Hurricanes,CAR,0,5238086,Elias N. Pettersson,D,25,True,False,defenses,1,1,1,1,1017,0,108,909,20,0,1,0,3,0,0,0,0.0,1,0,0,0,4,0.8,0.7,0.75,0.6,0.6,0.5,0.2,0.2,0.25,0.0,0.0,0.0,0.2,0.2,0.25,948.4,916.1,962.25,11.0,5.5,13.75,791.8,814.3,777.5,22.0,21.3,22.5,3.9166666666666665,2.9166666666666665,0,23.0,21.25,2.6,3.0,0.8840740740740746,0.8634259259259259,13.0,15.25,1.0,0,15.806666666666668,0.1833333333333333,3.036693378321384,0.0115984816533108
401892461,2027,2026-10-08 23:00:00+00:00,22,Vancouver Canucks,VAN,7,Carolina Hurricanes,CAR,0,4233566,Elias Pettersson,C,40,True,False,forwards,0,2,0,1,1220,300,56,864,24,0,2,2,1,0,7,13,35.0,0,0,0,2,4,1.4,2.0,1.75,0.4,0.8,0.25,0.4,0.2,0.5,0.8,0.7,1.0,1.2,0.9,1.5,1150.2,1163.8,1198.0,197.4,192.2,220.75,852.4,900.3,865.25,24.0,23.9,25.0,3.9166666666666665,2.9166666666666665,0,23.0,21.25,2.6,3.0,0.8840740740740746,0.8634259259259259,13.0,15.25,1.0,0,19.17,3.29,4.381846635367761,0.171622326551904
401892461,2027,2026-10-08 23:00:00+00:00,22,Vancouver Canucks,VAN,7,Carolina Hurricanes,CAR,0,4063607,Filip Hronek,D,17,True,False,defenses,2,2,0,-2,1432,299,83,1050,27,0,0,0,1,0,0,0,0.0,0,0,0,0,4,1.2,2.3,1.25,0.0,0.4,0.0,0.0,0.0,0.0,1.0,0.8,1.25,1.0,0.8,1.25,1574.2,1600.5,1551.75,177.2,180.3,193.5,1174.4,1265.0,1130.5,30.0,29.6,31.25,3.9166666666666665,2.9166666666666665,0,23.0,21.25,2.6,3.0,0.8840740740740746,0.8634259259259259,13.0,15.25,1.0,0,26.236666666666668,2.953333333333333,2.7442510481514417,0.1125651124380637
401892461,2027,2026-10-08 23:00:00+00:00,22,Vancouver Canucks,VAN,7,Carolina Hurricanes,CAR,0,3900240,Jake DeBrusk,LW,74,True,False,forwards,0,1,1,1,1124,297,0,827,22,2,2,0,4,2,0,0,0.0,0,0,0,2,2,2.8,3.4,2.0,0.4,0.8,0.5,0.6,0.6,0.0,0.2,0.1,0.5,0.8,0.7,0.5,1002.4,1016.4,936.0,138.0,148.5,138.5,849.8,854.4,797.5,22.2,22.8,22.5,6.875,5.875,0,23.0,21.25,2.6,3.0,0.8840740740740746,0.8634259259259259,13.0,15.25,1.0,0,16.706666666666667,2.3,10.055865921787708,0.1376695929768555
401892461,2027,2026-10-08 23:00:00+00:00,22,Vancouver Canucks,VAN,7,Carolina Hurricanes,CAR,0,2562625,Jamie Oleksiak,D,4,True,False,defenses,0,0,0,-3,888,0,84,804,19,0,1,0,1,0,0,0,0.0,1,0,0,0,4,0.6,1.0,0.25,0.0,0.4,0.0,0.2,0.1,0.25,0.6,0.4,0.5,0.8,0.5,0.75,1190.0,1110.1,1209.5,0.0,0.0,0.0,1032.8,997.7,1029.75,25.2,22.6,26.25,3.9166666666666665,2.9166666666666665,0,23.0,21.25,2.6,3.0,0.8840740740740746,0.8634259259259259,13.0,15.25,1.0,0,19.83333333333333,0.0,1.815126050420168,0.0
401892461,2027,2026-10-08 23:00:00+00:00,22,Vancouver Canucks,VAN,7,Carolina Hurricanes,CAR,0,5080159,Jonathan Lekkerimaki,RW,88,True,False,forwards,0,1,0,2,1040,167,0,873,22,0,2,1,3,1,0,0,0.0,0,0,0,1,4,0.8,1.0,1.0,0.4,0.4,0.0,0.4,0.3,0.5,0.2,0.1,0.25,0.6,0.4,0.75,712.6,706.5,696.5,77.4,106.5,82.75,635.2,600.0,613.75,17.0,15.7,16.5,3.9166666666666665,2.9166666666666665,0,23.0,21.25,2.6,3.0,0.8840740740740746,0.8634259259259259,13.0,15.25,1.0,0,11.876666666666669,1.29,4.041538029750211,0.1086163345495369
401892461,2027,2026-10-08 23:00:00+00:00,22,Vancouver Canucks,VAN,7,Carolina Hurricanes,CAR,0,5080163,Liam Ohgren,LW,92,True,False,forwards,0,0,0,-1,789,176,36,577,16,0,1,0,1,1,0,0,0.0,0,0,0,0,4,1.4,0.9,1.75,0.4,0.4,0.5,0.2,0.1,0.25,0.6,0.4,0.75,0.8,0.5,1.0,1039.2,1034.1,1024.25,64.0,45.3,75.5,856.4,901.3,829.5,22.8,22.0,23.0,3.9166666666666665,2.9166666666666665,0,23.0,21.25,2.6,3.0,0.8840740740740746,0.8634259259259259,13.0,15.25,1.0,0,17.32,1.0666666666666669,4.849884526558891,0.0615858352578906
401892461,2027,2026-10-08 23:00:00+00:00,22,Vancouver Canucks,VAN,7,Carolina Hurricanes,CAR,0,4587713,Linus Karlsson,C,94,True,False,forwards,0,0,0,0,943,169,0,774,18,0,0,0,2,0,2,1,66.7,2,1,2,0,4,1.8,1.4,1.75,0.8,0.7,0.75,0.0,0.0,0.0,0.8,0.6,1.0,0.8,0.6,1.0,904.6,872.3,886.0,75.4,48.5,90.25,827.8,823.1,794.0,22.8,21.4,22.75,3.9166666666666665,2.9166666666666665,0,23.0,21.25,2.6,3.0,0.8840740740740746,0.8634259259259259,13.0,15.25,1.0,0,15.076666666666666,1.2566666666666668,7.1633871324342255,0.0833517576829537
401892461,2027,2026-10-08 23:00:00+00:00,22,Vancouver Canucks,VAN,7,Carolina Hurricanes,CAR,0,4697391,Marco Rossi,C,23,True,False,forwards,0,2,0,-2,1135,297,0,838,22,0,3,0,3,1,5,1,83.3,1,0,0,0,4,1.6,1.4,1.75,0.2,0.3,0.25,0.6,0.5,0.75,0.2,0.3,0.25,0.8,0.8,1.0,986.2,1025.2,1034.0,194.4,192.7,217.5,788.4,830.8,812.25,21.0,20.2,22.25,3.9166666666666665,2.9166666666666665,0,23.0,21.25,2.6,3.0,0.8840740740740746,0.8634259259259259,13.0,15.25,1.0,0,16.436666666666667,3.24,5.84060028391807,0.1971202595822348
401892461,2027,2026-10-08 23:00:00+00:00,22,Vancouver Canucks,VAN,7,Carolina Hurricanes,CAR,0,4996099,Max Sasson,C,63,True,False,forwards,1,0,1,0,826,0,31,795,18,0,1,0,0,0,7,1,87.5,3,1,2,0,4,1.4,1.3,1.75,0.8,0.7,1.0,0.2,0.3,0.25,0.2,0.3,0.25,0.4,0.6,0.5,855.0,815.1,882.75,6.2,3.8,7.75,745.2,748.9,745.5,20.2,20.3,22.0,3.9166666666666665,2.9166666666666665,0,23.0,21.25,2.6,3.0,0.8840740740740746,0.8634259259259259,13.0,15.25,1.0,0,14.25,0.1033333333333333,5.894736842105263,0.007251461988304
401892461,2027,2026-10-08 23:00:00+00:00,22,Vancouver Canucks,VAN,7,Carolina Hurricanes,CAR,0,4331579,Paul Cotter,LW,47,True,False,forwards,0,4,1,-1,876,0,86,790,18,0,4,0,0,2,0,0,0.0,1,0,0,0,4,2.2,1.2,1.75,0.2,0.3,0.25,0.8,0.5,1.0,0.4,0.2,0.5,1.2,0.7,1.5,881.0,736.0,913.5,37.0,19.7,43.5,763.0,674.6,768.75,19.4,15.5,20.5,3.9166666666666665,2.9166666666666665,0,23.0,21.25,2.6,3.0,0.8840740740740746,0.8634259259259259,13.0,15.25,1.0,0,14.683333333333334,0.6166666666666667,8.989784335981838,0.0419977298524404
401892461,2027,2026-10-08 23:00:00+00:00,22,Vancouver Canucks,VAN,7,Carolina Hurricanes,CAR,0,5149180,Tom Willander,D,5,True,False,defenses,1,0,0,-1,1228,183,0,1045,23,0,0,0,0,0,0,0,0.0,0,0,0,0,4,0.2,0.6,0.25,0.6,0.4,0.75,0.0,0.0,0.0,0.6,0.4,0.75,0.6,0.4,0.75,1207.6,1216.3,1247.25,82.0,56.2,98.5,1081.6,1107.5,1102.0,26.2,25.8,27.5,3.9166666666666665,2.9166666666666665,0,23.0,21.25,2.6,3.0,0.8840740740740746,0.8634259259259259,13.0,15.25,1.0,0,20.126666666666665,1.3666666666666667,0.59622391520371,0.0679032792315336
401892461,2027,2026-10-08 23:00:00+00:00,22,Vancouver Canucks,VAN,7,Carolina Hurricanes,CAR,0,5188334,Victor Mancini,D,90,True,False,defenses,1,2,1,1,924,0,107,817,18,0,0,0,0,1,0,0,0.0,0,0,0,0,0,1.2,0.8,,0.0,0.1,,0.0,0.0,,0.6,0.3,,0.6,0.3,,799.4,857.1,,2.6,1.3,,779.8,831.3,,19.4,18.4,,179.875,10.0,0,23.0,21.25,2.6,3.0,0.8840740740740746,0.8634259259259259,13.0,15.25,1.0,0,13.323333333333332,0.0433333333333333,5.404053039779835,0.0032524393294971
401892459,2027,2026-10-08 23:00:00+00:00,10,Montreal Canadiens,MTL,27,Nashville Predators,NSH,1,4565237,Alex Newhook,C,15,True,False,forwards,0,4,1,-2,1022,71,123,828,21,1,1,0,1,2,6,4,60.0,1,0,0,1,3,1.0,1.4,1.0,0.6,0.9,0.6666666666666666,0.2,0.1,0.0,0.4,0.2,0.3333333333333333,0.6,0.3,0.3333333333333333,929.4,935.0,970.6666666666666,54.6,94.8,79.0,755.4,753.1,740.3333333333334,20.6,19.1,22.33333333333333,2.0,1.0,0,32.0,32.333333333333336,3.4,3.0,0.8952193497845677,0.9105105105105106,6.0,5.333333333333333,1.0,0,15.49,0.91,3.8734667527437057,0.0587475790832795
401892461,2027,2026-10-08 23:00:00+00:00,7,Carolina Hurricanes,CAR,22,Vancouver Canucks,VAN,1,3114741,Nikolaj Ehlers,LW,27,True,False,forwards,0,1,0,-1,668,107,0,561,14,0,0,0,1,1,0,0,0.0,1,0,0,0,4,2.8,2.7,2.25,0.4,0.7,0.5,0.2,0.2,0.0,0.4,0.7,0.5,0.6,0.9,0.5,995.8,979.8,1019.25,249.8,187.9,294.0,746.0,791.6,725.25,19.6,19.8,20.0,2.0,1.0,0,31.0,30.0,4.8,4.5,0.8508608377963217,0.856433190102545,13.4,12.25,2.9166666666666665,0,16.596666666666668,4.163333333333333,10.12251456115686,0.2508535850572404
401892461,2027,2026-10-08 23:00:00+00:00,7,Carolina Hurricanes,CAR,22,Vancouver Canucks,VAN,1,2563077,Mike Reilly,D,6,True,False,defenses,1,3,2,1,1001,0,105,896,24,0,0,0,1,0,0,0,0.0,0,0,0,0,2,1.0,1.3,1.0,0.8,0.5,0.5,0.0,0.0,0.0,0.0,0.0,0.0,0.0,0.0,0.0,790.4,765.9,629.0,0.0,0.0,0.0,764.0,738.7,622.5,18.2,17.7,14.5,2.0,1.0,0,31.0,30.0,4.8,4.5,0.8508608377963217,0.856433190102545,13.4,12.25,2.9166666666666665,0,13.173333333333334,0.0,4.554655870445344,0.0
401892461,2027,2026-10-08 23:00:00+00:00,7,Carolina Hurricanes,CAR,22,Vancouver Canucks,VAN,1,2976849,Mark Jankowski,C,77,True,False,forwards,0,4,0,1,907,37,176,694,20,1,2,0,2,1,4,7,36.4,0,0,0,1,4,0.6,0.8,0.5,0.4,0.4,0.5,0.4,0.4,0.25,0.2,0.1,0.25,0.6,0.5,0.5,816.0,766.8,756.5,50.2,36.8,45.25,629.8,612.3,577.75,18.0,18.0,17.25,2.0,1.0,0,31.0,30.0,4.8,4.5,0.8508608377963217,0.856433190102545,13.4,12.25,2.9166666666666665,0,13.6,0.8366666666666667,2.647058823529412,0.0615196078431372
401892461,2027,2026-10-08 23:00:00+00:00,7,Carolina Hurricanes,CAR,22,Vancouver Canucks,VAN,1,4874899,Logan Stankoven,C,22,True,False,forwards,1,0,0,2,908,30,107,771,21,3,4,0,5,0,1,4,20.0,1,0,0,3,4,2.2,2.2,2.25,1.0,0.9,0.75,0.2,0.5,0.25,0.2,0.4,0.0,0.4,0.9,0.25,1054.4,1064.6,1125.25,132.8,119.8,147.25,826.6,895.8,859.25,21.4,20.8,22.75,2.0,1.0,0,31.0,30.0,4.8,4.5,0.8508608377963217,0.856433190102545,13.4,12.25,2.9166666666666665,0,17.573333333333334,2.2133333333333334,7.511380880121396,0.125948406676783
401892460,2027,2026-10-08 23:00:00+00:00,20,Tampa Bay Lightning,TB,30,Minnesota Wild,MIN,1,3151187,Brayden Point,C,21,True,False,forwards,0,0,0,0,1054,210,6,838,19,0,1,1,2,1,7,4,63.6,0,0,0,1,3,2.0,2.0,2.333333333333333,1.6,1.0,2.333333333333333,0.2,0.2,0.3333333333333333,0.6,0.4,0.3333333333333333,0.8,0.6,0.6666666666666666,1162.6,1145.4,1226.3333333333333,279.8,256.0,386.3333333333333,881.8,887.7,839.0,18.8,20.0,19.0,3.0,2.0,0,26.8,25.0,2.6,1.6666666666666667,0.8958077558077562,0.935273368606702,7.8,6.0,1.0,0,19.376666666666665,4.663333333333333,6.19301565456735,0.2406674694649923
401892460,2027,2026-10-08 23:00:00+00:00,20,Tampa Bay Lightning,TB,30,Minnesota Wild,MIN,1,4588175,Charle-Edouard D'Astous,D,51,True,False,defenses,1,2,0,0,964,72,0,892,15,0,1,0,2,0,0,0,0.0,1,0,0,0,3,1.6,1.7,1.3333333333333333,0.4,0.5,0.0,0.2,0.2,0.3333333333333333,0.0,0.0,0.0,0.2,0.2,0.3333333333333333,974.0,1010.2,876.6666666666666,94.4,75.2,117.33333333333331,871.0,926.9,746.6666666666666,19.4,21.4,18.33333333333333,3.0,2.0,0,26.8,25.0,2.6,1.6666666666666667,0.8958077558077562,0.935273368606702,7.8,6.0,1.0,0,16.233333333333334,1.5733333333333337,5.913757700205339,0.0969199178644763
401892460,2027,2026-10-08 23:00:00+00:00,20,Tampa Bay Lightning,TB,30,Minnesota Wild,MIN,1,5080155,Conor Geekie,C,94,True,False,forwards,0,1,1,0,630,58,0,572,13,0,1,0,3,0,1,6,14.3,0,0,0,0,3,1.2,0.8,1.3333333333333333,0.4,0.3,0.6666666666666666,0.4,0.2,0.3333333333333333,0.0,0.1,0.0,0.4,0.3,0.3333333333333333,625.0,607.0,669.6666666666666,59.0,34.3,98.33333333333331,566.0,572.7,571.3333333333334,13.2,13.3,14.0,3.0,2.0,0,26.8,25.0,2.6,1.6666666666666667,0.8958077558077562,0.935273368606702,7.8,6.0,1.0,0,10.416666666666666,0.9833333333333332,6.912,0.0944
401892460,2027,2026-10-08 23:00:00+00:00,20,Tampa Bay Lightning,TB,30,Minnesota Wild,MIN,1,3904178,Erik Cernak,D,81,True,False,defenses,0,1,0,1,1172,9,110,1053,24,0,0,1,1,0,0,0,0.0,0,0,0,1,3,1.8,1.3,2.0,0.6,0.5,0.3333333333333333,0.2,0.1,0.0,0.0,0.0,0.0,0.2,0.1,0.0,1132.8,1079.3,1176.3333333333333,0.6,0.7,1.0,959.2,892.8,1017.3333333333334,24.2,23.8,25.666666666666668,3.0,2.0,0,26.8,25.0,2.6,1.6666666666666667,0.8958077558077562,0.935273368606702,7.8,6.0,1.0,0,18.88,0.01,5.720338983050848,0.0005296610169491
401892460,2027,2026-10-08 23:00:00+00:00,20,Tampa Bay Lightning,TB,30,Minnesota Wild,MIN,1,4697470,Gage Goncalves,C,93,True,False,forwards,0,1,0,1,972,59,0,913,18,0,0,0,0,1,0,0,0.0,1,0,0,0,3,0.6,0.7,0.6666666666666666,0.6,0.6,0.6666666666666666,0.0,0.0,0.0,0.0,0.2,0.0,0.0,0.2,0.0,866.8,918.0,882.6666666666666,66.6,57.8,85.33333333333333,786.4,800.1,786.3333333333334,18.6,19.4,18.0,3.0,2.0,0,26.8,25.0,2.6,1.6666666666666667,0.8958077558077562,0.935273368606702,7.8,6.0,1.0,0,14.446666666666664,1.11,2.491924319335487,0.0768343331795108
401892460,2027,2026-10-08 23:00:00+00:00,20,Tampa Bay Lightning,TB,30,Minnesota Wild,MIN,1,4422415,Ilya Mikheyev,RW,95,True,False,forwards,0,0,0,0,908,8,97,803,17,0,1,0,2,0,0,0,0.0,0,0,0,0,3,1.2,1.4,1.0,0.8,0.8,1.0,0.2,0.4,0.3333333333333333,0.6,0.4,0.6666666666666666,0.8,0.8,1.0,901.2,992.2,832.0,4.2,3.8,2.0,759.6,873.4,733.6666666666666,19.6,19.9,18.33333333333333,3.0,2.0,0,26.8,25.0,2.6,1.6666666666666667,0.8958077558077562,0.935273368606702,7.8,6.0,1.0,0,15.02,0.07,4.793608521970705,0.0046604527296937
401892460,2027,2026-10-08 23:00:00+00:00,20,Tampa Bay Lightning,TB,30,Minnesota Wild,MIN,1,3042083,Jake Guentzel,C,59,True,False,forwards,1,1,0,0,1272,230,61,981,22,0,1,1,1,1,0,1,0.0,2,0,0,1,3,2.6,3.4,3.333333333333333,0.2,0.7,0.3333333333333333,0.4,0.3,0.3333333333333333,0.6,0.7,0.6666666666666666,1.0,1.0,1.0,1239.8,1306.9,1273.3333333333333,284.4,276.2,397.3333333333333,864.8,868.5,800.6666666666666,21.2,23.7,22.0,3.0,2.0,0,26.8,25.0,2.6,1.6666666666666667,0.8958077558077562,0.935273368606702,7.8,6.0,1.0,0,20.66333333333333,4.739999999999999,7.549604774963704,0.2293918373931279
401892460,2027,2026-10-08 23:00:00+00:00,20,Tampa Bay Lightning,TB,30,Minnesota Wild,MIN,1,4588188,Jeffrey Viel,LW,25,True,False,forwards,0,1,0,0,503,0,0,503,10,0,0,0,3,0,0,0,0.0,0,0,0,0,3,0.8,1.3,1.0,0.8,0.6,0.6666666666666666,0.0,0.1,0.0,0.2,0.1,0.0,0.2,0.2,0.0,581.2,613.5,504.0,3.4,1.7,2.0,577.8,611.7,502.0,13.4,14.5,12.0,3.0,2.0,0,26.8,25.0,2.6,1.6666666666666667,0.8958077558077562,0.935273368606702,7.8,6.0,1.0,0,9.686666666666667,0.0566666666666666,4.955264969029594,0.0058499655884377
401892460,2027,2026-10-08 23:00:00+00:00,20,Tampa Bay Lightning,TB,30,Minnesota Wild,MIN,1,5118,John Carlson,D,74,True,False,defenses,3,2,0,0,1008,221,0,787,19,2,2,0,9,1,0,0,0.0,0,0,0,2,3,1.2,2.0,1.6666666666666667,1.6,1.8,1.3333333333333333,0.0,0.3,0.0,0.8,0.4,0.6666666666666666,0.8,0.7,0.6666666666666666,1250.8,1331.4,1242.3333333333333,314.6,250.1,380.6666666666667,911.0,1008.9,861.0,22.0,23.8,19.666666666666668,3.0,2.0,0,26.8,25.0,2.6,1.6666666666666667,0.8958077558077562,0.935273368606702,7.8,6.0,1.0,0,20.846666666666668,5.243333333333334,3.4537895746722094,0.2515190278221938
401892460,2027,2026-10-08 23:00:00+00:00,20,Tampa Bay Lightning,TB,30,Minnesota Wild,MIN,1,5104716,Maxwell Crozier,D,24,True,False,defenses,4,1,0,0,1262,6,0,1256,22,0,0,0,2,1,0,0,0.0,2,1,2,0,1,1.6,1.4,2.0,0.6,0.7,1.0,0.0,0.0,0.0,0.0,0.0,0.0,0.0,0.0,0.0,1009.4,1025.0,924.0,1.8,0.9,9.0,937.4,927.5,915.0,20.6,20.5,20.0,3.0,2.0,0,26.8,25.0,2.6,1.6666666666666667,0.8958077558077562,0.935273368606702,7.8,6.0,1.0,0,16.823333333333334,0.03,5.706360213988509,0.0017832375668714
401892460,2027,2026-10-08 23:00:00+00:00,20,Tampa Bay Lightning,TB,30,Minnesota Wild,MIN,1,2563060,Nikita Kucherov,RW,86,True,False,forwards,0,0,0,1,1255,231,5,1019,19,0,1,2,1,4,0,0,0.0,1,0,0,2,3,1.8,2.1,1.6666666666666667,1.8,1.6,2.0,0.4,0.4,0.3333333333333333,0.8,0.6,1.0,1.2,1.0,1.3333333333333333,1275.0,1259.7,1377.3333333333333,332.2,300.7,415.3333333333333,942.6,958.3,961.6666666666666,19.6,20.7,20.0,3.0,2.0,0,26.8,25.0,2.6,1.6666666666666667,0.8958077558077562,0.935273368606702,7.8,6.0,1.0,0,21.25,5.536666666666666,5.08235294117647,0.2605490196078431
401892460,2027,2026-10-08 23:00:00+00:00,20,Tampa Bay Lightning,TB,30,Minnesota Wild,MIN,1,3941973,Anthony Cirelli,C,71,True,False,forwards,0,0,0,1,1165,73,111,981,21,1,1,0,4,0,9,12,42.9,1,0,0,1,3,1.6,1.7,1.6666666666666667,0.2,0.3,0.3333333333333333,0.0,0.3,0.0,0.0,0.0,0.0,0.0,0.3,0.0,1092.2,1082.6,1083.0,80.4,66.6,115.66666666666669,911.4,845.9,874.6666666666666,23.0,23.1,24.0,3.0,2.0,0,26.8,25.0,2.6,1.6666666666666667,0.8958077558077562,0.935273368606702,7.8,6.0,1.0,0,18.203333333333333,1.34,5.273759384728073,0.0736128914118293
401892460,2027,2026-10-08 23:00:00+00:00,20,Tampa Bay Lightning,TB,30,Minnesota Wild,MIN,1,4588205,Pontus Holmberg,RW,29,True,False,forwards,0,0,0,0,842,51,0,791,16,0,1,0,1,1,0,0,0.0,0,1,2,0,3,1.6,1.8,2.0,0.6,0.8,0.6666666666666666,0.2,0.1,0.3333333333333333,0.2,0.1,0.3333333333333333,0.4,0.2,0.6666666666666666,782.0,772.6,869.6666666666666,67.8,50.5,90.66666666666669,713.8,721.9,778.3333333333334,18.6,18.4,19.33333333333333,3.0,2.0,0,26.8,25.0,2.6,1.6666666666666667,0.8958077558077562,0.935273368606702,7.8,6.0,1.0,0,13.033333333333331,1.13,7.365728900255755,0.0867007672634271
401892460,2027,2026-10-08 23:00:00+00:00,20,Tampa Bay Lightning,TB,30,Minnesota Wild,MIN,1,5157,Victor Hedman,D,77,True,False,defenses,1,0,0,0,724,21,106,597,16,0,0,0,0,0,0,0,0.0,0,0,0,0,3,1.0,1.5,1.3333333333333333,0.8,0.7,0.3333333333333333,0.0,0.0,0.0,0.0,0.2,0.0,0.0,0.2,0.0,831.6,1019.1,946.6666666666666,45.2,75.8,41.333333333333336,688.4,842.0,807.0,17.6,21.5,19.33333333333333,3.0,2.0,0,26.8,25.0,2.6,1.6666666666666667,0.8958077558077562,0.935273368606702,7.8,6.0,1.0,0,13.86,0.7533333333333334,4.329004329004329,0.0543530543530543
401892460,2027,2026-10-08 23:00:00+00:00,20,Tampa Bay Lightning,TB,30,Minnesota Wild,MIN,1,2968829,Zemgus Girgensons,C,28,True,False,forwards,0,2,0,0,866,7,68,791,18,0,0,0,1,0,5,6,45.5,0,0,0,0,3,0.2,0.3,0.3333333333333333,0.6,0.7,0.3333333333333333,0.0,0.1,0.0,0.6,0.3,0.3333333333333333,0.6,0.4,0.3333333333333333,841.2,836.2,729.6666666666666,2.6,1.3,4.333333333333333,728.6,688.8,636.0,18.6,19.7,17.333333333333332,3.0,2.0,0,26.8,25.0,2.6,1.6666666666666667,0.8958077558077562,0.935273368606702,7.8,6.0,1.0,0,14.02,0.0433333333333333,0.8559201141226818,0.0030908226343319
401892461,2027,2026-10-08 23:00:00+00:00,7,Carolina Hurricanes,CAR,22,Vancouver Canucks,VAN,1,4352683,Andrei Svechnikov,LW,37,True,False,forwards,0,2,0,1,919,160,0,759,17,2,3,0,4,0,0,0,0.0,3,0,0,2,4,4.0,3.3,3.75,2.2,1.7,2.5,0.4,0.6,0.25,0.6,0.6,0.75,1.0,1.2,1.0,1053.6,1012.0,1067.75,322.0,253.1,344.5,728.2,757.2,719.0,21.0,20.4,21.0,2.0,1.0,0,31.0,30.0,4.8,4.5,0.8508608377963217,0.856433190102545,13.4,12.25,2.9166666666666665,0,17.56,5.366666666666666,13.66742596810934,0.3056188306757783
401892461,2027,2026-10-08 23:00:00+00:00,7,Carolina Hurricanes,CAR,22,Vancouver Canucks,VAN,1,4319879,Eric Robinson,LW,50,True,False,forwards,0,2,0,1,869,0,171,698,18,0,1,0,5,0,0,0,0.0,1,0,0,0,4,1.2,1.1,0.75,0.8,0.7,0.75,0.2,0.1,0.25,0.2,0.1,0.25,0.4,0.2,0.5,703.6,755.7,667.75,0.0,0.4,0.0,640.4,679.0,600.5,16.2,16.5,15.0,2.0,1.0,0,31.0,30.0,4.8,4.5,0.8508608377963217,0.856433190102545,13.4,12.25,2.9166666666666665,0,11.726666666666668,0.0,6.139852188743604,0.0
401892461,2027,2026-10-08 23:00:00+00:00,7,Carolina Hurricanes,CAR,22,Vancouver Canucks,VAN,1,3069836,Jaccob Slavin,D,74,True,False,defenses,2,0,0,-1,1261,0,304,957,23,0,0,0,0,0,0,0,0.0,0,0,0,0,4,1.6,1.9,1.75,1.0,0.7,1.0,0.0,0.1,0.0,0.6,0.5,0.5,0.6,0.6,0.5,1368.4,1317.6,1307.0,3.6,2.3,4.5,1101.0,1111.1,1067.5,25.8,24.6,25.25,2.0,1.0,0,31.0,30.0,4.8,4.5,0.8508608377963217,0.856433190102545,13.4,12.25,2.9166666666666665,0,22.80666666666667,0.06,4.209295527623501,0.0026308097047646
401892461,2027,2026-10-08 23:00:00+00:00,7,Carolina Hurricanes,CAR,22,Vancouver Canucks,VAN,1,5103645,Jackson Blake,RW,53,True,False,forwards,0,0,0,1,931,152,0,779,17,0,0,2,5,0,0,0,0.0,2,0,0,2,4,2.6,2.1,2.25,1.6,1.8,1.25,0.0,0.1,0.0,0.6,0.9,0.75,0.6,1.0,0.75,1062.2,1069.2,1133.25,340.4,223.3,406.75,718.8,841.7,722.75,18.8,19.3,19.5,2.0,1.0,0,31.0,30.0,4.8,4.5,0.8508608377963217,0.856433190102545,13.4,12.25,2.9166666666666665,0,17.703333333333333,5.673333333333333,8.811899830540389,0.3204669553756354
401892461,2027,2026-10-08 23:00:00+00:00,7,Carolina Hurricanes,CAR,22,Vancouver Canucks,VAN,1,4063449,Jalen Chatfield,D,5,True,False,defenses,1,0,1,-1,1169,0,202,967,25,0,0,0,1,0,0,0,0.0,2,2,4,0,4,1.2,1.3,1.25,0.4,0.6,0.5,0.0,0.0,0.0,0.2,0.2,0.25,0.2,0.2,0.25,1257.6,1205.8,1224.25,3.6,1.8,4.5,1067.0,1048.7,1004.5,25.4,23.9,24.75,2.0,1.0,0,31.0,30.0,4.8,4.5,0.8508608377963217,0.856433190102545,13.4,12.25,2.9166666666666665,0,20.96,0.06,3.435114503816794,0.0028625954198473
401892461,2027,2026-10-08 23:00:00+00:00,7,Carolina Hurricanes,CAR,22,Vancouver Canucks,VAN,1,4352692,Jesperi Kotkaniemi,C,82,True,False,forwards,1,0,0,1,804,0,12,792,16,0,0,1,0,1,0,0,0.0,3,1,2,1,2,0.8,0.5,0.5,0.2,0.2,0.0,0.0,0.0,0.0,0.0,0.0,0.0,0.0,0.0,0.0,730.8,705.2,546.0,31.2,21.2,22.5,698.8,683.3,523.5,14.4,14.1,12.0,2.0,1.0,0,31.0,30.0,4.8,4.5,0.8508608377963217,0.856433190102545,13.4,12.25,2.9166666666666665,0,12.18,0.52,3.940886699507389,0.0426929392446633
401892461,2027,2026-10-08 23:00:00+00:00,7,Carolina Hurricanes,CAR,22,Vancouver Canucks,VAN,1,2989376,Jordan Martinook,RW,48,True,False,forwards,0,2,0,-2,947,0,205,742,20,0,0,0,3,1,0,1,0.0,1,0,0,0,4,1.8,1.4,2.0,0.8,1.2,1.0,0.0,0.1,0.0,0.0,0.3,0.0,0.0,0.4,0.0,930.4,920.6,882.0,3.0,1.5,3.75,769.6,780.1,711.0,21.6,20.8,21.25,2.0,1.0,0,31.0,30.0,4.8,4.5,0.8508608377963217,0.856433190102545,13.4,12.25,2.9166666666666665,0,15.506666666666666,0.05,6.964746345657781,0.0032244196044711
401892461,2027,2026-10-08 23:00:00+00:00,7,Carolina Hurricanes,CAR,22,Vancouver Canucks,VAN,1,3541,Jordan Staal,C,11,True,False,forwards,1,1,0,-2,815,46,182,587,19,0,0,0,0,0,12,8,60.0,0,0,0,0,4,1.8,1.6,1.25,1.2,1.3,1.0,0.2,0.1,0.0,0.2,0.3,0.0,0.4,0.4,0.0,1016.2,1008.1,983.75,102.6,88.5,102.75,697.4,756.5,685.0,25.8,24.1,25.75,2.0,1.0,0,31.0,30.0,4.8,4.5,0.8508608377963217,0.856433190102545,13.4,12.25,2.9166666666666665,0,16.936666666666667,1.71,6.376697500492028,0.1009643770911237
401892461,2027,2026-10-08 23:00:00+00:00,7,Carolina Hurricanes,CAR,22,Vancouver Canucks,VAN,1,4352770,K'Andre Miller,D,19,True,False,defenses,0,0,0,1,1217,19,152,1046,24,1,1,0,1,1,0,0,0.0,1,1,2,1,4,0.8,1.4,0.75,1.2,1.0,0.75,0.0,0.2,0.0,0.2,0.4,0.25,0.2,0.6,0.25,1447.0,1332.5,1392.75,107.8,55.9,134.75,1163.0,1142.7,1071.5,28.4,27.1,27.5,2.0,1.0,0,31.0,30.0,4.8,4.5,0.8508608377963217,0.856433190102545,13.4,12.25,2.9166666666666665,0,24.116666666666667,1.7966666666666666,1.990324809951624,0.0744989633724948
401892460,2027,2026-10-08 23:00:00+00:00,20,Tampa Bay Lightning,TB,30,Minnesota Wild,MIN,1,4954,Ryan McDonagh,D,27,True,False,defenses,1,0,1,1,1036,0,112,924,19,0,0,0,0,1,0,0,0.0,2,0,0,0,3,0.8,0.6,0.3333333333333333,0.2,0.5,0.0,0.0,0.0,0.0,0.4,0.5,0.0,0.4,0.5,0.0,1042.2,1077.9,939.6666666666666,4.4,6.1,4.0,902.0,871.9,793.6666666666666,21.6,23.1,20.0,3.0,2.0,0,26.8,25.0,2.6,1.6666666666666667,0.8958077558077562,0.935273368606702,7.8,6.0,1.0,0,17.37,0.0733333333333333,2.763385146804836,0.0042218384187296
401892459,2027,2026-10-08 23:00:00+00:00,10,Montreal Canadiens,MTL,27,Nashville Predators,NSH,1,5188450,Adam Engstrom,D,42,True,False,defenses,0,0,0,1,709,0,43,666,19,0,0,0,0,0,0,0,0.0,2,0,0,0,0,1.0,0.9,,0.2,0.4,,0.0,0.0,,0.2,0.1,,0.2,0.1,,851.0,817.4,,41.8,20.9,,798.6,788.6,,18.0,17.4,,177.0,10.0,0,32.0,32.333333333333336,3.4,3.0,0.8952193497845677,0.9105105105105106,6.0,5.333333333333333,1.0,0,14.183333333333334,0.6966666666666667,4.230317273795535,0.0491186839012925
401892459,2027,2026-10-08 23:00:00+00:00,10,Montreal Canadiens,MTL,27,Nashville Predators,NSH,1,4393049,Jake Evans,C,71,True,False,forwards,1,0,0,0,758,0,284,474,19,0,0,0,1,1,6,4,60.0,1,0,0,0,3,1.4,0.9,0.6666666666666666,0.8,0.6,1.0,0.2,0.1,0.0,0.0,0.1,0.0,0.2,0.2,0.0,864.6,861.7,875.0,0.0,0.6,0.0,723.4,710.8,691.3333333333334,18.2,17.8,19.666666666666668,2.0,1.0,0,32.0,32.333333333333336,3.4,3.0,0.8952193497845677,0.9105105105105106,6.0,5.333333333333333,1.0,0,14.41,0.0,5.829285218598195,0.0
401892458,2027,2026-10-08 23:00:00+00:00,9,Dallas Stars,DAL,2,Buffalo Sabres,BUF,0,5430,Tyler Seguin,C,91,True,False,forwards,0,1,0,0,940,0,0,940,17,0,0,0,0,1,0,1,0.0,1,0,0,0,3,2.2,1.4,3.0,1.8,1.2,2.6666666666666665,0.0,0.0,0.0,0.0,0.5,0.0,0.0,0.5,0.0,732.6,879.6,879.0,102.4,110.4,97.0,630.2,758.5,782.0,15.4,17.9,18.666666666666668,2.958333333333333,1.9583333333333333,0,20.4,19.33333333333333,3.2,3.6666666666666665,0.8467546583850932,0.8130434782608695,7.8,7.666666666666667,1.0,0,12.21,1.7066666666666668,10.81081081081081,0.1397761397761397
401891820,2027,2026-10-08 23:00:00+00:00,15,Philadelphia Flyers,PHI,14,Ottawa Senators,OTT,0,3096237,Noel Acciari,C,52,True,False,forwards,0,2,0,-1,749,0,303,446,18,0,0,0,0,0,5,3,62.5,0,0,0,0,4,0.4,0.7,0.5,1.0,0.8,1.25,0.0,0.2,0.0,0.0,0.1,0.0,0.0,0.3,0.0,906.6,901.4,922.0,2.6,2.6,3.25,746.8,739.7,745.75,20.0,18.7,20.5,3.0,2.0,0,26.8,28.0,2.6,2.6666666666666665,0.9112361363178062,0.9131713383074546,11.6,15.333333333333334,1.0,0,15.11,0.0433333333333333,1.588352084712111,0.0028678579307302
401891820,2027,2026-10-08 23:00:00+00:00,15,Philadelphia Flyers,PHI,14,Ottawa Senators,OTT,0,4392072,Owen Tippett,RW,74,True,False,forwards,0,1,1,0,1041,159,5,877,22,0,1,0,4,0,0,0,0.0,0,0,0,0,4,2.6,2.0,2.25,1.0,1.2,1.0,0.2,0.2,0.25,0.0,0.1,0.0,0.2,0.3,0.25,970.2,967.9,930.25,114.0,122.2,112.0,847.0,834.1,806.75,22.4,21.3,21.5,3.0,2.0,0,26.8,28.0,2.6,2.6666666666666665,0.9112361363178062,0.9131713383074546,11.6,15.333333333333334,1.0,0,16.17,1.9,9.647495361781075,0.1175015460729746
401891820,2027,2026-10-08 23:00:00+00:00,15,Philadelphia Flyers,PHI,14,Ottawa Senators,OTT,0,5291941,Porter Martone,RW,94,True,False,forwards,0,0,1,0,744,128,0,616,16,0,0,0,0,0,0,0,0.0,2,0,0,0,4,1.4,1.9,0.5,0.2,0.6,0.25,0.2,0.4,0.0,0.2,0.5,0.0,0.4,0.9,0.0,837.4,931.0,782.5,83.4,120.9,104.25,747.6,806.9,678.25,17.8,19.1,16.5,3.0,2.0,0,26.8,28.0,2.6,2.6666666666666665,0.9112361363178062,0.9131713383074546,11.6,15.333333333333334,1.0,0,13.956666666666669,1.39,6.018629090040601,0.0995939813709099
401891820,2027,2026-10-08 23:00:00+00:00,15,Philadelphia Flyers,PHI,14,Ottawa Senators,OTT,0,2562601,Sean Couturier,C,14,True,False,forwards,0,4,0,0,1031,10,328,693,24,0,0,0,4,2,5,6,45.5,1,0,0,0,4,0.8,1.2,0.75,0.0,0.6,0.0,0.0,0.2,0.0,0.4,0.4,0.5,0.4,0.6,0.5,922.4,956.3,969.75,15.4,15.7,19.25,756.4,775.6,768.5,21.6,21.1,22.25,3.0,2.0,0,26.8,28.0,2.6,2.6666666666666665,0.9112361363178062,0.9131713383074546,11.6,15.333333333333334,1.0,0,15.373333333333331,0.2566666666666666,3.1222896790980053,0.0166955767562879
401891820,2027,2026-10-08 23:00:00+00:00,15,Philadelphia Flyers,PHI,14,Ottawa Senators,OTT,0,4392642,Simon Benoit,D,44,True,False,defenses,1,3,0,0,836,0,209,627,22,0,0,0,0,0,0,0,0.0,0,1,2,0,3,1.0,1.2,0.3333333333333333,0.4,0.9,0.0,0.0,0.0,0.0,0.2,0.1,0.0,0.2,0.1,0.0,968.0,1028.0,876.6666666666666,0.0,0.0,0.0,888.6,923.4,823.0,22.2,23.5,20.33333333333333,3.0,2.0,0,26.8,28.0,2.6,2.6666666666666665,0.9112361363178062,0.9131713383074546,11.6,15.333333333333334,1.0,0,16.133333333333333,0.0,3.71900826446281,0.0
401891820,2027,2026-10-08 23:00:00+00:00,15,Philadelphia Flyers,PHI,14,Ottawa Senators,OTT,0,3900169,Travis Konecny,RW,11,True,False,forwards,1,3,0,0,1024,237,1,786,21,0,0,1,2,0,0,0,0.0,1,0,0,1,4,1.4,1.3,1.5,1.0,0.8,1.25,0.0,0.0,0.0,0.4,0.4,0.5,0.4,0.4,0.5,1038.8,996.1,1004.75,172.2,158.0,184.5,843.0,823.2,790.75,23.4,22.3,23.25,3.0,2.0,0,26.8,28.0,2.6,2.6666666666666665,0.9112361363178062,0.9131713383074546,11.6,15.333333333333334,1.0,0,17.313333333333333,2.87,4.851752021563342,0.1657681940700808
401891820,2027,2026-10-08 23:00:00+00:00,15,Philadelphia Flyers,PHI,14,Ottawa Senators,OTT,0,3114757,Travis Sanheim,D,6,True,False,defenses,2,1,0,-1,1362,18,218,1126,28,0,1,0,1,3,0,0,0.0,0,2,4,0,4,2.0,1.9,2.25,0.0,0.4,0.0,0.2,0.3,0.25,0.2,0.3,0.25,0.4,0.6,0.5,1469.8,1452.6,1472.75,14.8,23.5,15.5,1231.0,1219.7,1183.5,29.4,29.2,29.25,3.0,2.0,0,26.8,28.0,2.6,2.6666666666666665,0.9112361363178062,0.9131713383074546,11.6,15.333333333333334,1.0,0,24.496666666666663,0.2466666666666666,4.898625663355559,0.0100693971968975
401891820,2027,2026-10-08 23:00:00+00:00,15,Philadelphia Flyers,PHI,14,Ottawa Senators,OTT,0,4565230,Trevor Zegras,C,46,True,False,forwards,1,1,0,0,1165,243,0,922,22,0,0,1,3,0,0,3,0.0,1,0,0,1,4,1.2,1.1,0.5,1.2,0.8,1.25,0.2,0.3,0.0,0.2,0.4,0.25,0.4,0.7,0.25,1156.2,1054.3,1122.25,188.8,175.1,206.5,967.2,878.6,915.5,23.0,21.2,22.5,3.0,2.0,0,26.8,28.0,2.6,2.6666666666666665,0.9112361363178062,0.9131713383074546,11.6,15.333333333333334,1.0,0,19.27,3.146666666666667,3.736377789309808,0.1632935478290953
401891820,2027,2026-10-08 23:00:00+00:00,15,Philadelphia Flyers,PHI,14,Ottawa Senators,OTT,0,4697406,Tyson Foerster,RW,71,True,False,forwards,0,2,0,0,993,214,217,562,22,0,1,0,3,2,0,0,0.0,0,0,0,0,4,2.4,2.4,2.5,1.2,0.8,1.5,0.2,0.3,0.25,0.0,0.1,0.0,0.2,0.4,0.25,1102.6,1065.0,1104.0,156.2,156.4,195.25,804.0,824.8,757.25,23.4,22.6,23.0,3.0,2.0,0,26.8,28.0,2.6,2.6666666666666665,0.9112361363178062,0.9131713383074546,11.6,15.333333333333334,1.0,0,18.376666666666665,2.603333333333333,7.836023943406493,0.1416651550879739
401892457,2027,2026-10-08 23:00:00+00:00,1,Boston Bruins,BOS,129764,Utah Mammoth,UTA,1,4233575,Casey Mittelstadt,C,11,True,False,forwards,1,0,0,1,679,44,0,635,13,1,1,0,1,0,0,0,0.0,0,0,0,1,4,1.4,1.1,1.5,0.2,0.4,0.25,0.0,0.1,0.0,0.0,0.1,0.0,0.0,0.2,0.0,876.4,910.4,880.75,61.0,78.5,76.25,815.2,831.8,804.5,18.2,19.0,18.0,2.9791666666666665,1.9791666666666663,0,23.6,22.25,2.6,2.0,0.900445471044382,0.9186602870813396,10.6,12.25,1.0,0,14.606666666666666,1.0166666666666666,5.7507987220447285,0.0696029210406207
401892457,2027,2026-10-08 23:00:00+00:00,1,Boston Bruins,BOS,129764,Utah Mammoth,UTA,1,3042191,Connor Clifton,D,75,True,False,defenses,1,3,0,1,1297,42,412,843,27,0,0,0,0,0,0,0,0.0,1,0,0,0,4,1.2,1.0,1.25,0.6,0.4,0.5,0.0,0.0,0.0,0.2,0.1,0.25,0.2,0.1,0.25,1179.0,1150.0,1190.25,4.4,3.9,5.5,1095.2,1046.2,1109.0,23.2,20.6,24.25,2.9791666666666665,1.9791666666666663,0,23.6,22.25,2.6,2.0,0.900445471044382,0.9186602870813396,10.6,12.25,1.0,0,19.65,0.0733333333333333,3.664122137404581,0.0037319762510602
401892457,2027,2026-10-08 23:00:00+00:00,1,Boston Bruins,BOS,129764,Utah Mammoth,UTA,1,3114778,David Pastrnak,RW,88,True,False,forwards,0,2,0,1,985,200,10,775,18,2,2,2,4,0,0,0,0.0,1,0,0,4,4,3.6,2.9,3.75,1.2,1.0,1.5,0.0,0.0,0.0,0.6,0.6,0.5,0.6,0.6,0.5,1185.2,1187.5,1224.5,162.8,145.0,203.5,1020.0,1041.1,1018.0,20.0,20.6,21.0,2.9791666666666665,1.9791666666666663,0,23.6,22.25,2.6,2.0,0.900445471044382,0.9186602870813396,10.6,12.25,1.0,0,19.75333333333333,2.7133333333333334,10.934863314208572,0.1373607829902126
401892457,2027,2026-10-08 23:00:00+00:00,1,Boston Bruins,BOS,129764,Utah Mammoth,UTA,1,3041994,Elias Lindholm,C,28,True,False,forwards,1,2,0,1,1095,113,287,695,22,0,1,1,0,2,10,10,50.0,0,0,0,1,4,1.8,1.4,2.25,1.0,1.1,1.25,0.2,0.1,0.25,0.2,0.2,0.25,0.4,0.3,0.5,973.2,1035.7,965.0,92.0,79.4,115.0,842.0,891.7,801.0,20.8,22.2,21.75,2.9791666666666665,1.9791666666666663,0,23.6,22.25,2.6,2.0,0.900445471044382,0.9186602870813396,10.6,12.25,1.0,0,16.220000000000002,1.5333333333333334,6.658446362515412,0.0945334977394163
401892457,2027,2026-10-08 23:00:00+00:00,1,Boston Bruins,BOS,129764,Utah Mammoth,UTA,1,5080207,Fraser Minten,C,93,True,False,forwards,0,1,1,-1,922,0,278,644,21,0,1,0,4,1,5,9,35.7,0,0,0,0,4,1.6,1.5,2.0,1.0,1.0,0.75,0.2,0.1,0.25,0.4,0.2,0.25,0.6,0.3,0.5,953.2,960.9,935.5,60.2,63.7,75.25,860.8,835.8,820.0,19.4,20.5,19.25,2.9791666666666665,1.9791666666666663,0,23.6,22.25,2.6,2.0,0.900445471044382,0.9186602870813396,10.6,12.25,1.0,0,15.886666666666668,1.0033333333333334,6.042803189257239,0.0631556861099454
401892457,2027,2026-10-08 23:00:00+00:00,1,Boston Bruins,BOS,129764,Utah Mammoth,UTA,1,5103647,Frederic Brunet,D,42,True,False,defenses,4,2,0,1,1122,147,109,866,21,0,0,1,2,0,0,0,0.0,2,0,0,1,1,1.5,1.5,1.0,0.5,0.5,1.0,0.0,0.0,0.0,0.0,0.0,0.0,0.0,0.0,0.0,993.0,993.0,1123.0,63.0,63.0,75.0,928.0,928.0,1044.0,20.0,20.0,20.0,2.9791666666666665,1.9791666666666663,0,23.6,22.25,2.6,2.0,0.900445471044382,0.9186602870813396,10.6,12.25,1.0,0,16.55,1.05,5.438066465256798,0.0634441087613293
401892457,2027,2026-10-08 23:00:00+00:00,1,Boston Bruins,BOS,129764,Utah Mammoth,UTA,1,2968818,Hampus Lindholm,D,27,True,False,defenses,1,0,0,0,1149,23,317,809,25,0,1,1,1,1,0,0,0.0,3,0,0,1,4,1.0,1.2,1.0,1.2,1.1,1.25,0.2,0.2,0.25,0.4,0.2,0.25,0.6,0.4,0.5,1206.0,1220.9,1210.75,94.4,77.5,118.0,1037.8,1031.4,1011.5,23.8,24.7,24.0,2.9791666666666665,1.9791666666666663,0,23.6,22.25,2.6,2.0,0.900445471044382,0.9186602870813396,10.6,12.25,1.0,0,20.1,1.5733333333333337,2.985074626865672,0.0782752902155887
401892457,2027,2026-10-08 23:00:00+00:00,1,Boston Bruins,BOS,129764,Utah Mammoth,UTA,1,4697438,JJ Peterka,RW,10,True,False,forwards,0,0,0,-1,748,66,0,682,15,0,2,0,0,0,0,0,0.0,0,1,2,0,4,2.2,2.2,2.0,0.8,1.5,0.75,0.4,0.4,0.5,0.2,0.1,0.0,0.6,0.5,0.5,1130.8,1011.4,1098.0,123.8,117.1,154.75,1007.0,894.3,943.25,21.2,20.5,20.25,2.9791666666666665,1.9791666666666663,0,23.6,22.25,2.6,2.0,0.900445471044382,0.9186602870813396,10.6,12.25,1.0,0,18.846666666666668,2.063333333333333,7.003891050583658,0.1094800141492748
401892457,2027,2026-10-08 23:00:00+00:00,1,Boston Bruins,BOS,129764,Utah Mammoth,UTA,1,4697442,Marat Khusnutdinov,C,92,True,False,forwards,0,0,0,-1,923,0,362,561,21,0,0,0,1,0,2,5,28.6,1,0,0,0,4,0.2,0.2,0.25,0.2,0.5,0.25,0.0,0.0,0.0,0.2,0.1,0.25,0.2,0.1,0.25,827.0,872.7,803.25,1.6,16.8,2.0,771.4,776.7,741.5,17.6,19.3,17.5,2.9791666666666665,1.9791666666666663,0,23.6,22.25,2.6,2.0,0.900445471044382,0.9186602870813396,10.6,12.25,1.0,0,13.783333333333331,0.0266666666666666,0.8706166868198307,0.0019347037484885
401892457,2027,2026-10-08 23:00:00+00:00,1,Boston Bruins,BOS,129764,Utah Mammoth,UTA,1,4587985,Mark Kastelic,C,47,True,False,forwards,1,4,0,1,845,20,275,550,22,0,1,1,1,1,3,2,60.0,0,1,2,1,4,1.4,1.2,0.75,0.8,1.3,0.5,0.6,0.4,0.25,0.4,0.3,0.5,1.0,0.7,0.75,689.8,673.8,655.5,0.0,0.8,0.0,651.6,607.2,627.0,15.4,15.5,14.75,2.9791666666666665,1.9791666666666663,0,23.6,22.25,2.6,2.0,0.900445471044382,0.9186602870813396,10.6,12.25,1.0,0,11.496666666666666,0.0,7.306465642215135,0.0
401892457,2027,2026-10-08 23:00:00+00:00,1,Boston Bruins,BOS,129764,Utah Mammoth,UTA,1,4697461,Mason Lohrei,D,6,True,False,defenses,3,0,1,1,943,21,51,871,18,1,1,0,2,0,0,0,0.0,2,0,0,1,4,0.6,0.7,0.5,0.8,0.7,0.75,0.0,0.0,0.0,0.6,0.3,0.5,0.6,0.3,0.5,1261.6,1097.4,1248.75,103.6,51.8,129.5,1133.2,1033.2,1106.75,23.0,21.3,23.0,2.9791666666666665,1.9791666666666663,0,23.6,22.25,2.6,2.0,0.900445471044382,0.9186602870813396,10.6,12.25,1.0,0,21.026666666666664,1.7266666666666666,1.712111604311985,0.0821179454660748
401892457,2027,2026-10-08 23:00:00+00:00,1,Boston Bruins,BOS,129764,Utah Mammoth,UTA,1,5080221,Matthew Poitras,C,51,True,False,forwards,1,0,0,2,591,41,8,542,14,1,1,1,2,1,0,1,0.0,1,0,0,2,1,2.0,1.2,0.0,0.4,0.7,2.0,0.2,0.1,0.0,0.0,0.0,0.0,0.2,0.1,0.0,727.2,744.1,688.0,44.8,53.8,0.0,681.6,689.9,684.0,16.2,16.3,16.0,2.9791666666666665,1.9791666666666663,0,23.6,22.25,2.6,2.0,0.900445471044382,0.9186602870813396,10.6,12.25,1.0,0,12.12,0.7466666666666666,9.9009900990099,0.0616061606160616
401892457,2027,2026-10-08 23:00:00+00:00,1,Boston Bruins,BOS,129764,Utah Mammoth,UTA,1,4268466,Morgan Geekie,C,39,True,False,forwards,0,1,0,0,765,113,0,652,16,1,1,2,1,0,2,2,50.0,0,0,0,3,4,1.4,1.8,1.25,1.6,1.6,2.0,0.2,0.5,0.0,0.2,0.1,0.25,0.4,0.6,0.25,1099.2,1076.2,1123.5,147.6,115.0,184.5,950.8,960.4,938.0,18.0,19.1,18.75,2.9791666666666665,1.9791666666666663,0,23.6,22.25,2.6,2.0,0.900445471044382,0.9186602870813396,10.6,12.25,1.0,0,18.32,2.46,4.585152838427947,0.1342794759825327
401892457,2027,2026-10-08 23:00:00+00:00,1,Boston Bruins,BOS,129764,Utah Mammoth,UTA,1,3042021,Nikita Zadorov,D,91,True,False,defenses,1,3,0,1,1329,50,521,758,28,0,0,0,1,0,0,0,0.0,2,0,0,0,4,1.4,1.0,1.0,1.0,1.2,1.0,0.0,0.0,0.0,0.4,0.4,0.5,0.4,0.4,0.5,1168.4,1207.2,1173.0,0.0,5.0,0.0,1116.6,1122.2,1108.25,23.8,24.6,24.5,2.9791666666666665,1.9791666666666663,0,23.6,22.25,2.6,2.0,0.900445471044382,0.9186602870813396,10.6,12.25,1.0,0,19.473333333333336,0.0,4.313591235878123,0.0
401891820,2027,2026-10-08 23:00:00+00:00,15,Philadelphia Flyers,PHI,14,Ottawa Senators,OTT,0,4419682,Noah Cates,LW,27,True,False,forwards,1,0,0,0,710,10,188,512,18,0,0,0,1,1,7,1,87.5,0,0,0,0,4,1.0,1.9,0.75,0.2,0.2,0.25,0.0,0.1,0.0,0.0,0.3,0.0,0.0,0.4,0.0,812.8,838.5,748.5,22.6,84.3,28.25,646.6,656.2,579.75,20.0,20.9,18.5,3.0,2.0,0,26.8,28.0,2.6,2.6666666666666665,0.9112361363178062,0.9131713383074546,11.6,15.333333333333334,1.0,0,13.546666666666663,0.3766666666666667,4.429133858267717,0.0278051181102362
401892457,2027,2026-10-08 23:00:00+00:00,1,Boston Bruins,BOS,129764,Utah Mammoth,UTA,1,3899949,Pavel Zacha,C,18,True,False,forwards,0,1,2,0,985,113,220,652,21,0,0,1,1,0,7,6,53.8,2,1,2,1,4,1.6,1.5,2.0,1.4,1.1,1.75,0.0,0.2,0.0,0.2,0.3,0.0,0.2,0.5,0.0,952.8,985.0,1116.5,125.8,128.2,157.25,781.0,824.4,901.75,17.2,19.1,20.0,2.9791666666666665,1.9791666666666663,0,23.6,22.25,2.6,2.0,0.900445471044382,0.9186602870813396,10.6,12.25,1.0,0,15.88,2.0966666666666667,6.045340050377835,0.132031905961377
401891820,2027,2026-10-08 23:00:00+00:00,15,Philadelphia Flyers,PHI,14,Ottawa Senators,OTT,0,2564164,Nick Seeler,D,24,True,False,defenses,0,0,0,-1,1013,2,302,709,22,0,0,0,1,1,0,0,0.0,2,0,0,0,4,0.4,0.6,0.25,0.0,0.3,0.0,0.0,0.2,0.0,0.2,0.1,0.25,0.2,0.3,0.25,1186.4,1045.2,1085.0,0.0,5.5,0.0,1029.2,923.0,933.75,24.8,22.8,23.25,3.0,2.0,0,26.8,28.0,2.6,2.6666666666666665,0.9112361363178062,0.9131713383074546,11.6,15.333333333333334,1.0,0,19.773333333333333,0.0,1.2137559002022928,0.0
401891820,2027,2026-10-08 23:00:00+00:00,15,Philadelphia Flyers,PHI,14,Ottawa Senators,OTT,0,5149170,Matvei Michkov,RW,39,True,False,forwards,0,0,1,0,920,236,0,684,19,1,2,0,1,0,4,3,57.1,1,1,2,1,4,2.6,2.2,1.25,0.4,0.5,0.5,0.4,0.4,0.25,0.4,0.5,0.0,0.8,0.9,0.25,939.4,909.7,929.75,167.8,153.6,209.75,771.6,756.1,720.0,20.0,19.9,19.5,3.0,2.0,0,26.8,28.0,2.6,2.6666666666666665,0.9112361363178062,0.9131713383074546,11.6,15.333333333333334,1.0,0,15.656666666666666,2.796666666666667,9.96380668511816,0.1786246540344901
401891820,2027,2026-10-08 23:00:00+00:00,14,Ottawa Senators,OTT,15,Philadelphia Flyers,PHI,1,5216868,Carter Yakemchuk,D,26,True,False,defenses,0,1,0,1,885,221,0,664,22,1,1,0,2,0,0,0,0.0,1,0,0,1,3,1.0,1.2857142857142858,1.3333333333333333,0.6,1.0,1.0,0.0,0.1428571428571428,0.0,0.2,0.2857142857142857,0.3333333333333333,0.2,0.4285714285714285,0.3333333333333333,931.0,926.1428571428572,998.3333333333334,177.6,153.0,220.33333333333331,752.2,772.0,776.0,22.6,22.714285714285715,23.666666666666668,2.0,1.0,0,37.4,39.5,3.8,4.25,0.8985062054299805,0.8903741360978203,9.4,9.25,2.0,0,15.516666666666667,2.96,3.866809881847475,0.1907626208378088
401891820,2027,2026-10-08 23:00:00+00:00,14,Ottawa Senators,OTT,15,Philadelphia Flyers,PHI,1,3775,Claude Giroux,RW,28,True,False,forwards,1,3,0,0,1183,294,68,821,27,0,0,1,1,2,3,6,33.3,1,0,0,1,3,2.4,2.1,1.6666666666666667,0.4,0.4,0.6666666666666666,0.0,0.2,0.0,1.0,0.5,0.6666666666666666,1.0,0.7,0.6666666666666666,947.6,913.4,956.0,196.4,138.7,178.0,695.4,732.0,714.3333333333334,24.4,23.0,25.33333333333333,2.0,1.0,0,37.4,39.5,3.8,4.25,0.8985062054299805,0.8903741360978203,9.4,9.25,2.0,0,15.793333333333331,3.273333333333333,9.11777121148164,0.2072604474461798
401891820,2027,2026-10-08 23:00:00+00:00,14,Ottawa Senators,OTT,15,Philadelphia Flyers,PHI,1,4271734,Drake Batherson,RW,19,True,False,forwards,0,0,1,0,967,299,9,659,24,0,2,0,3,0,0,0,0.0,1,1,2,0,3,2.2,1.6,2.0,1.4,1.6,1.0,0.6,0.5,0.6666666666666666,0.4,0.5,0.3333333333333333,1.0,1.0,1.0,1012.2,965.6,1006.6666666666666,222.6,194.0,222.33333333333331,789.6,771.6,784.3333333333334,23.0,21.5,23.666666666666668,2.0,1.0,0,37.4,39.5,3.8,4.25,0.8985062054299805,0.8903741360978203,9.4,9.25,2.0,0,16.87,3.71,7.824540604623593,0.2199170124481327
401891820,2027,2026-10-08 23:00:00+00:00,14,Ottawa Senators,OTT,15,Philadelphia Flyers,PHI,1,4565228,Dylan Cozens,C,24,True,False,forwards,1,4,0,0,1067,320,0,747,22,0,0,0,1,1,3,1,75.0,0,1,2,0,3,3.0,2.9,2.333333333333333,1.4,1.1,1.3333333333333333,0.2,0.2,0.0,0.0,0.4,0.0,0.2,0.6,0.0,1110.2,1043.2,1128.0,200.8,180.1,220.66666666666663,884.6,848.5,886.0,22.8,22.9,22.666666666666668,2.0,1.0,0,37.4,39.5,3.8,4.25,0.8985062054299805,0.8903741360978203,9.4,9.25,2.0,0,18.50333333333333,3.3466666666666667,9.727976941091695,0.180868312015853
401891820,2027,2026-10-08 23:00:00+00:00,14,Ottawa Senators,OTT,15,Philadelphia Flyers,PHI,1,4587837,Fabian Zetterlund,LW,20,True,False,forwards,0,4,0,0,793,267,0,526,17,0,0,0,3,0,0,0,0.0,0,0,0,0,3,1.4,1.4,1.0,1.0,0.7,0.3333333333333333,0.2,0.4,0.0,0.6,0.4,0.6666666666666666,0.8,0.8,0.6666666666666666,880.6,758.8,876.0,108.0,80.9,118.0,772.6,677.9,758.0,19.8,17.9,18.666666666666668,2.0,1.0,0,37.4,39.5,3.8,4.25,0.8985062054299805,0.8903741360978203,9.4,9.25,2.0,0,14.676666666666668,1.8,5.723370429252782,0.1226436520554167
401891820,2027,2026-10-08 23:00:00+00:00,14,Ottawa Senators,OTT,15,Philadelphia Flyers,PHI,1,5188469,Hoyt Stanley,D,73,False,False,defenses,1,0,0,0,621,0,0,621,14,0,0,0,0,0,0,0,0.0,0,0,0,0,0,,,,,,,,,,,,,,,,,,,,,,,,,,,,,,0,37.4,39.5,3.8,4.25,0.8985062054299805,0.8903741360978203,9.4,9.25,2.0,0,,,,
401891820,2027,2026-10-08 23:00:00+00:00,14,Ottawa Senators,OTT,15,Philadelphia Flyers,PHI,1,4588190,Jordan Spence,D,10,True,False,defenses,4,2,0,0,1244,5,82,1157,27,0,0,0,0,0,0,0,0.0,1,1,2,0,3,2.2,1.6,1.3333333333333333,0.8,0.9,1.0,0.0,0.1,0.0,0.2,0.2,0.0,0.2,0.3,0.0,1437.2,1338.9,1396.0,102.4,70.7,25.0,1198.2,1194.0,1179.0,29.2,28.2,29.0,2.0,1.0,0,37.4,39.5,3.8,4.25,0.8985062054299805,0.8903741360978203,9.4,9.25,2.0,0,23.953333333333333,1.7066666666666668,5.510715279710549,0.0712496521013081
401891820,2027,2026-10-08 23:00:00+00:00,14,Ottawa Senators,OTT,15,Philadelphia Flyers,PHI,1,3149829,Michael Amadio,RW,22,True,False,forwards,0,0,2,0,1048,0,112,936,24,0,2,0,3,0,0,1,0.0,1,0,0,0,3,1.0,1.0,1.0,0.6,0.3,1.0,0.8,0.4,0.6666666666666666,0.4,0.2,0.3333333333333333,1.2,0.6,1.0,1031.8,1037.0,1012.0,9.6,4.8,3.333333333333333,842.0,913.9,829.3333333333334,25.2,24.4,25.0,2.0,1.0,0,37.4,39.5,3.8,4.25,0.8985062054299805,0.8903741360978203,9.4,9.25,2.0,0,17.196666666666665,0.16,3.489048265167668,0.0093041287071137
401891820,2027,2026-10-08 23:00:00+00:00,14,Ottawa Senators,OTT,15,Philadelphia Flyers,PHI,1,2563027,Nick Cousins,C,21,True,False,forwards,1,0,0,1,673,4,5,664,15,1,1,0,2,0,0,0,0.0,1,0,0,1,3,1.0,0.9,0.3333333333333333,0.2,0.3,0.0,0.0,0.0,0.0,0.4,0.2,0.3333333333333333,0.4,0.2,0.3333333333333333,625.4,702.2,487.0,4.8,3.8,2.333333333333333,608.2,692.2,464.0,15.2,17.2,13.333333333333334,2.0,1.0,0,37.4,39.5,3.8,4.25,0.8985062054299805,0.8903741360978203,9.4,9.25,2.0,0,10.423333333333334,0.08,5.756315957787016,0.007675087943716
401891820,2027,2026-10-08 23:00:00+00:00,14,Ottawa Senators,OTT,15,Philadelphia Flyers,PHI,1,5174232,Nikolas Matinpalo,D,33,True,False,defenses,1,1,0,0,1032,0,251,781,21,0,0,0,0,1,0,0,0.0,2,0,0,0,3,0.8,0.8,1.3333333333333333,0.2,0.2,0.3333333333333333,0.0,0.0,0.0,0.0,0.0,0.0,0.0,0.0,0.0,1138.4,1051.6,1112.6666666666667,1.8,0.9,1.3333333333333333,918.4,903.7,904.3333333333334,25.8,24.8,25.0,2.0,1.0,0,37.4,39.5,3.8,4.25,0.8985062054299805,0.8903741360978203,9.4,9.25,2.0,0,18.973333333333336,0.03,2.529866479269149,0.0015811665495432
401891820,2027,2026-10-08 23:00:00+00:00,14,Ottawa Senators,OTT,15,Philadelphia Flyers,PHI,1,4697411,Ridly Greig,C,71,True,False,forwards,2,2,0,0,1130,270,130,730,27,0,0,0,3,1,1,2,33.3,0,0,0,0,1,1.4,1.9,2.0,2.0,1.2,1.0,0.2,0.2,0.0,0.4,0.6,1.0,0.6,0.8,1.0,1047.8,1021.1,790.0,69.4,51.9,44.0,824.0,850.2,653.0,25.0,24.4,22.0,2.0,1.0,0,37.4,39.5,3.8,4.25,0.8985062054299805,0.8903741360978203,9.4,9.25,2.0,0,17.46333333333333,1.1566666666666667,4.8100782592097735,0.0662340141248329
401891820,2027,2026-10-08 23:00:00+00:00,14,Ottawa Senators,OTT,15,Philadelphia Flyers,PHI,1,4565255,Shane Pinto,C,12,True,False,forwards,1,1,0,0,1370,270,187,913,27,0,0,1,2,3,15,5,75.0,1,0,0,1,3,2.8,2.1,2.333333333333333,0.6,1.1,1.0,0.2,0.3,0.0,0.6,0.5,0.6666666666666666,0.8,0.8,0.6666666666666666,1134.6,1102.2,1100.0,162.8,110.7,134.33333333333334,773.0,835.4,752.0,26.0,25.4,26.33333333333333,2.0,1.0,0,37.4,39.5,3.8,4.25,0.8985062054299805,0.8903741360978203,9.4,9.25,2.0,0,18.91,2.7133333333333334,8.884188260179798,0.1434866913449674
401891820,2027,2026-10-08 23:00:00+00:00,14,Ottawa Senators,OTT,15,Philadelphia Flyers,PHI,1,5136706,Stephen Halliday,C,34,True,False,forwards,1,0,0,1,703,288,0,415,15,0,1,0,1,0,1,6,14.3,1,0,0,0,3,1.6,1.3,1.3333333333333333,0.6,0.3,1.0,0.2,0.2,0.3333333333333333,0.0,0.0,0.0,0.2,0.2,0.3333333333333333,678.4,581.8,607.6666666666666,138.4,106.4,128.33333333333334,540.0,475.4,479.3333333333333,16.2,15.0,14.666666666666666,2.0,1.0,0,37.4,39.5,3.8,4.25,0.8985062054299805,0.8903741360978203,9.4,9.25,2.0,0,11.306666666666668,2.306666666666666,8.49056603773585,0.2040094339622641
401891820,2027,2026-10-08 23:00:00+00:00,14,Ottawa Senators,OTT,15,Philadelphia Flyers,PHI,1,3900219,Thomas Chabot,D,72,True,False,defenses,4,0,0,0,1759,372,200,1187,28,0,1,0,4,0,0,0,0.0,0,0,0,0,3,2.2,1.8,2.6666666666666665,1.0,1.2,0.6666666666666666,0.2,0.1,0.3333333333333333,0.2,0.3,0.3333333333333333,0.4,0.4,0.6666666666666666,1475.6,1496.3,1550.3333333333333,118.6,174.2,146.33333333333334,1200.2,1157.0,1201.0,29.8,27.5,31.33333333333333,2.0,1.0,0,37.4,39.5,3.8,4.25,0.8985062054299805,0.8903741360978203,9.4,9.25,2.0,0,24.59333333333333,1.9766666666666663,5.367308213608025,0.0803740851179181
401891820,2027,2026-10-08 23:00:00+00:00,14,Ottawa Senators,OTT,15,Philadelphia Flyers,PHI,1,4697384,Tim Stutzle,C,18,True,False,forwards,0,2,0,0,1214,326,198,690,29,0,3,0,0,0,5,4,55.6,3,0,0,0,3,2.4,2.3,2.333333333333333,0.8,0.7,0.3333333333333333,0.6,0.5,1.0,0.8,0.9,1.0,1.4,1.4,2.0,1214.6,1165.3,1268.0,221.4,220.4,223.33333333333331,811.0,821.8,836.0,26.2,24.5,28.0,2.0,1.0,0,37.4,39.5,3.8,4.25,0.8985062054299805,0.8903741360978203,9.4,9.25,2.0,0,20.24333333333333,3.69,7.113452988638235,0.1822822328338547
401891820,2027,2026-10-08 23:00:00+00:00,14,Ottawa Senators,OTT,15,Philadelphia Flyers,PHI,1,4697448,Tyler Kleven,D,43,True,False,defenses,2,2,0,1,1109,18,224,867,25,0,0,1,0,1,0,0,0.0,0,1,2,1,3,1.4,1.8,1.3333333333333333,0.0,0.5,0.0,0.0,0.0,0.0,0.0,0.4,0.0,0.0,0.4,0.0,1061.8,1280.7,1280.6666666666667,5.4,17.2,1.3333333333333333,919.4,1084.9,1086.3333333333333,23.4,27.6,29.0,2.0,1.0,0,37.4,39.5,3.8,4.25,0.8985062054299805,0.8903741360978203,9.4,9.25,2.0,0,17.696666666666665,0.09,4.746656620832549,0.0050857035223205
401891820,2027,2026-10-08 23:00:00+00:00,14,Ottawa Senators,OTT,15,Philadelphia Flyers,PHI,1,3151036,Warren Foegele,LW,37,True,False,forwards,1,1,0,1,716,6,7,703,17,0,0,1,1,1,0,0,0.0,1,0,0,1,3,0.8,0.9,0.0,0.8,0.8,0.3333333333333333,0.2,0.1,0.0,0.0,0.0,0.0,0.2,0.1,0.0,795.4,729.2,681.6666666666666,35.6,46.9,1.6666666666666667,703.6,652.3,615.3333333333334,19.6,18.5,18.33333333333333,2.0,1.0,0,37.4,39.5,3.8,4.25,0.8985062054299805,0.8903741360978203,9.4,9.25,2.0,0,13.256666666666666,0.5933333333333334,3.620819713351773,0.0447573547900427
401891820,2027,2026-10-08 23:00:00+00:00,14,Ottawa Senators,OTT,15,Philadelphia Flyers,PHI,1,4874721,William Eklund,LW,27,True,False,forwards,0,0,0,0,84,0,0,84,4,0,1,0,0,0,0,0,0.0,0,0,0,0,3,2.6,2.1,3.0,1.2,0.9,1.6666666666666667,0.4,0.3,0.3333333333333333,0.6,0.6,0.3333333333333333,1.0,0.9,0.6666666666666666,1029.0,1020.0,1086.0,159.6,109.3,188.66666666666663,847.2,893.4,883.6666666666666,20.8,20.0,22.0,2.0,1.0,0,37.4,39.5,3.8,4.25,0.8985062054299805,0.8903741360978203,9.4,9.25,2.0,0,17.15,2.66,9.096209912536445,0.1551020408163265
401891820,2027,2026-10-08 23:00:00+00:00,15,Philadelphia Flyers,PHI,14,Ottawa Senators,OTT,0,4565235,Cam York,D,8,True,False,defenses,2,0,0,-1,1097,0,302,795,26,0,0,0,2,1,0,0,0.0,1,0,0,0,4,0.8,0.6,1.0,0.6,0.5,0.5,0.0,0.0,0.0,0.0,0.0,0.0,0.0,0.0,0.0,1376.8,1342.6,1362.5,81.8,51.0,99.25,1105.0,1111.5,1032.0,29.8,28.4,29.25,3.0,2.0,0,26.8,28.0,2.6,2.6666666666666665,0.9112361363178062,0.9131713383074546,11.6,15.333333333333334,1.0,0,22.946666666666665,1.3633333333333333,2.0918070889018017,0.0594131319000581
401891820,2027,2026-10-08 23:00:00+00:00,15,Philadelphia Flyers,PHI,14,Ottawa Senators,OTT,0,3115035,Christian Dvorak,C,22,True,False,forwards,0,0,0,-1,962,15,139,808,24,0,0,0,0,1,3,7,30.0,0,0,0,0,4,1.0,1.6,1.25,0.8,1.0,1.0,0.0,0.2,0.0,0.2,0.3,0.25,0.2,0.5,0.25,985.6,1029.7,969.0,63.0,110.7,51.5,854.4,837.8,832.25,22.6,23.5,22.75,3.0,2.0,0,26.8,28.0,2.6,2.6666666666666665,0.9112361363178062,0.9131713383074546,11.6,15.333333333333334,1.0,0,16.426666666666666,1.05,3.652597402597403,0.0639204545454545
401891820,2027,2026-10-08 23:00:00+00:00,15,Philadelphia Flyers,PHI,14,Ottawa Senators,OTT,0,5080147,David Jiricek,D,5,True,False,defenses,1,2,0,0,1105,235,0,870,25,0,0,0,2,0,0,0,0.0,0,0,0,0,2,1.0,0.7,1.0,0.2,0.1,0.0,0.0,0.0,0.0,0.0,0.0,0.0,0.0,0.0,0.0,923.6,750.0,926.0,39.6,19.8,99.0,869.2,710.0,827.0,20.4,16.8,21.5,3.0,2.0,0,26.8,28.0,2.6,2.6666666666666665,0.9112361363178062,0.9131713383074546,11.6,15.333333333333334,1.0,0,15.393333333333334,0.66,3.89779125162408,0.0428757037678648
401891820,2027,2026-10-08 23:00:00+00:00,15,Philadelphia Flyers,PHI,14,Ottawa Senators,OTT,0,5173105,Denver Barkey,C,86,True,False,forwards,1,0,1,0,710,111,0,599,19,0,0,0,0,0,1,5,16.7,0,0,0,0,1,0.8,0.7,0.0,0.6,0.6,1.0,0.0,0.1,0.0,0.6,0.4,0.0,0.6,0.5,0.0,817.6,828.8,786.0,37.4,44.3,125.0,780.2,784.5,661.0,18.8,18.3,20.0,3.0,2.0,0,26.8,28.0,2.6,2.6666666666666665,0.9112361363178062,0.9131713383074546,11.6,15.333333333333334,1.0,0,13.626666666666669,0.6233333333333333,3.5225048923679063,0.0457436399217221
401891820,2027,2026-10-08 23:00:00+00:00,15,Philadelphia Flyers,PHI,14,Ottawa Senators,OTT,0,4697387,Jamie Drysdale,D,9,True,False,defenses,1,2,0,0,1395,137,156,1102,27,0,0,0,3,1,0,0,0.0,0,0,0,0,4,0.4,0.9,0.25,0.0,0.2,0.0,0.0,0.0,0.0,0.0,0.2,0.0,0.0,0.2,0.0,1277.6,1236.3,1210.75,184.8,170.1,203.25,1089.6,1064.4,1003.5,27.4,26.8,26.0,3.0,2.0,0,26.8,28.0,2.6,2.6666666666666665,0.9112361363178062,0.9131713383074546,11.6,15.333333333333334,1.0,0,21.293333333333333,3.08,1.1271133375078273,0.1446462116468378
401891820,2027,2026-10-08 23:00:00+00:00,15,Philadelphia Flyers,PHI,14,Ottawa Senators,OTT,0,3149603,Michael Bunting,LW,58,False,False,forwards,0,1,0,0,656,120,0,536,14,0,0,0,2,0,0,0,0.0,0,1,2,0,0,1.2,1.4,,1.4,1.2,,0.0,0.1,,0.0,0.0,,0.0,0.1,,636.8,737.2,,16.0,80.5,,617.6,654.9,,14.4,16.0,,176.0,10.0,0,26.8,28.0,2.6,2.6666666666666665,0.9112361363178062,0.9131713383074546,11.6,15.333333333333334,1.0,0,10.613333333333332,0.2666666666666666,6.783919597989949,0.0251256281407035
401892457,2027,2026-10-08 23:00:00+00:00,1,Boston Bruins,BOS,129764,Utah Mammoth,UTA,1,4064780,Tanner Jeannot,LW,84,True,False,forwards,3,2,1,2,838,24,205,609,20,0,1,0,0,0,2,2,50.0,0,1,2,0,4,0.8,0.5,0.5,1.2,1.0,1.25,0.2,0.1,0.25,0.2,0.1,0.0,0.4,0.2,0.25,690.2,677.2,636.25,0.0,3.8,0.0,668.6,643.1,624.0,14.8,14.8,14.25,2.9791666666666665,1.9791666666666663,0,23.6,22.25,2.6,2.0,0.900445471044382,0.9186602870813396,10.6,12.25,1.0,0,11.503333333333334,0.0,4.172703564184294,0.0
401892457,2027,2026-10-08 23:00:00+00:00,1,Boston Bruins,BOS,129764,Utah Mammoth,UTA,1,5275337,James Hagens,C,44,True,False,forwards,2,0,0,1,697,83,0,614,13,0,2,1,0,0,1,0,100.0,1,0,0,1,4,1.6,1.5,1.75,0.6,0.6666666666666666,0.75,0.4,0.3333333333333333,0.5,0.0,0.1666666666666666,0.0,0.4,0.5,0.5,855.4,844.1666666666666,829.75,70.6,58.833333333333336,88.25,782.8,783.6666666666666,739.0,16.8,17.166666666666668,16.5,2.9791666666666665,1.9791666666666663,0,23.6,22.25,2.6,2.0,0.900445471044382,0.9186602870813396,10.6,12.25,1.0,0,14.256666666666666,1.1766666666666663,6.73369184007482,0.0825344867898059
401892457,2027,2026-10-08 23:00:00+00:00,129764,Utah Mammoth,UTA,1,Boston Bruins,BOS,0,5793,Anders Lee,LW,72,True,False,forwards,1,2,0,-1,919,258,0,661,21,0,1,0,1,2,2,0,100.0,0,0,0,0,4,2.2,2.4,2.0,1.2,1.1,1.25,0.2,0.2,0.25,0.4,0.2,0.5,0.6,0.4,0.75,794.6,877.9,745.5,52.4,90.1,41.75,739.4,786.4,703.75,19.2,19.2,19.25,2.0,1.0,0,26.4,27.75,2.2,2.75,0.921818181818182,0.9022727272727272,10.2,12.25,1.9791666666666663,0,13.243333333333334,0.8733333333333333,9.96727913415555,0.0659451296249685
401892458,2027,2026-10-08 23:00:00+00:00,2,Buffalo Sabres,BUF,9,Dallas Stars,DAL,1,4874863,Olen Zellweger,D,8,True,False,defenses,0,1,1,-1,1063,5,0,1058,23,0,0,0,0,1,0,0,0.0,0,0,0,0,2,0.6,0.7,0.5,0.6,0.6,0.5,0.0,0.0,0.0,0.2,0.3,0.0,0.2,0.3,0.0,834.8,815.0,911.5,9.0,4.5,20.5,786.8,753.0,887.5,18.8,19.0,20.0,2.0,1.0,0,22.8,21.0,2.8,2.0,0.8892450142450146,0.9188034188034188,7.0,8.333333333333334,1.9583333333333333,0,13.913333333333332,0.15,2.587446094873024,0.0107810253953042
401892458,2027,2026-10-08 23:00:00+00:00,2,Buffalo Sabres,BUF,9,Dallas Stars,DAL,1,4781556,Owen Power,D,25,True,False,defenses,0,0,0,-1,1523,127,69,1327,27,0,1,0,2,0,0,0,0.0,0,0,0,0,3,0.8,1.3,1.0,0.8,0.4,1.0,0.2,0.1,0.3333333333333333,1.4,0.7,1.3333333333333333,1.6,0.8,1.6666666666666667,1498.8,1349.8,1593.6666666666667,81.6,41.5,97.33333333333331,1271.8,1197.8,1372.0,28.2,26.1,30.666666666666668,2.0,1.0,0,22.8,21.0,2.8,2.0,0.8892450142450146,0.9188034188034188,7.0,8.333333333333334,1.9583333333333333,0,24.98,1.36,1.921537229783827,0.0544435548438751
401892458,2027,2026-10-08 23:00:00+00:00,2,Buffalo Sabres,BUF,9,Dallas Stars,DAL,1,4565238,Peyton Krebs,C,19,True,False,forwards,0,3,0,0,976,0,0,976,21,0,0,0,1,4,2,4,33.3,0,0,0,0,3,1.0,1.3,0.6666666666666666,0.8,0.5,1.0,0.0,0.1,0.0,0.4,0.4,0.6666666666666666,0.4,0.5,0.6666666666666666,930.6,865.0,880.3333333333334,23.8,11.9,0.6666666666666666,904.2,849.7,879.6666666666666,20.8,19.8,19.666666666666668,2.0,1.0,0,22.8,21.0,2.8,2.0,0.8892450142450146,0.9188034188034188,7.0,8.333333333333334,1.9583333333333333,0,15.51,0.3966666666666666,3.8684719535783367,0.0255748979153234
401892458,2027,2026-10-08 23:00:00+00:00,2,Buffalo Sabres,BUF,9,Dallas Stars,DAL,1,4294163,Rasmus Dahlin,D,26,True,False,defenses,4,1,1,-1,1584,233,6,1345,25,0,1,0,1,1,0,0,0.0,0,0,0,0,3,2.6,2.4,3.333333333333333,0.8,1.0,0.0,0.4,0.3,0.3333333333333333,0.6,0.6,0.3333333333333333,1.0,0.9,0.6666666666666666,1456.4,1423.2,1612.0,178.6,228.1,198.0,1236.6,1166.8,1414.0,27.2,26.1,28.33333333333333,2.0,1.0,0,22.8,21.0,2.8,2.0,0.8892450142450146,0.9188034188034188,7.0,8.333333333333334,1.9583333333333333,0,24.273333333333333,2.9766666666666666,6.426805822576216,0.1226311452897555
401892458,2027,2026-10-08 23:00:00+00:00,2,Buffalo Sabres,BUF,9,Dallas Stars,DAL,1,4378669,Ryan McLeod,C,71,True,False,forwards,0,0,0,-2,1017,177,82,758,22,0,0,0,1,0,2,4,33.3,1,0,0,0,3,0.6,0.8,0.6666666666666666,0.4,0.4,0.6666666666666666,0.2,0.2,0.0,0.2,0.3,0.3333333333333333,0.4,0.5,0.3333333333333333,899.8,995.2,859.3333333333334,99.0,107.1,99.33333333333331,682.6,777.0,650.6666666666666,21.0,22.4,21.0,2.0,1.0,0,22.8,21.0,2.8,2.0,0.8892450142450146,0.9188034188034188,7.0,8.333333333333334,1.9583333333333333,0,14.996666666666666,1.65,2.400533451878195,0.1100244498777506
401892458,2027,2026-10-08 23:00:00+00:00,2,Buffalo Sabres,BUF,9,Dallas Stars,DAL,1,4024988,Tage Thompson,C,72,True,False,forwards,0,0,0,0,1148,183,2,963,24,0,2,0,6,0,6,7,46.2,1,0,0,0,3,5.0,3.8,5.666666666666667,1.8,1.9,2.333333333333333,0.8,0.5,0.6666666666666666,0.4,0.4,0.6666666666666666,1.2,0.9,1.3333333333333333,1129.6,1154.5,1196.6666666666667,170.0,216.0,188.33333333333331,958.0,937.7,1008.0,23.4,22.8,24.33333333333333,2.0,1.0,0,22.8,21.0,2.8,2.0,0.8892450142450146,0.9188034188034188,7.0,8.333333333333334,1.9583333333333333,0,18.826666666666664,2.833333333333333,15.934844192634564,0.1504957507082153
401892457,2027,2026-10-08 23:00:00+00:00,1,Boston Bruins,BOS,129764,Utah Mammoth,UTA,1,3941946,Will Borgen,D,17,True,False,defenses,4,2,1,0,1247,0,253,994,26,0,0,0,1,1,0,0,0.0,1,3,6,0,4,0.2,0.2,0.25,0.2,0.1,0.0,0.0,0.0,0.0,0.2,0.1,0.25,0.2,0.1,0.25,1071.6,1042.3,1095.25,0.6,0.7,0.75,983.0,919.7,1002.0,23.0,22.9,23.25,2.9791666666666665,1.9791666666666663,0,23.6,22.25,2.6,2.0,0.900445471044382,0.9186602870813396,10.6,12.25,1.0,0,17.86,0.01,0.671892497200448,0.0005599104143337
401892458,2027,2026-10-08 23:00:00+00:00,2,Buffalo Sabres,BUF,9,Dallas Stars,DAL,1,4419696,Zach Metsa,D,73,True,False,defenses,1,0,0,-1,813,0,73,740,17,0,0,0,1,1,0,0,0.0,1,0,0,0,3,0.0,0.3,0.0,0.0,0.3,0.0,0.0,0.0,0.0,0.2,0.2,0.3333333333333333,0.2,0.2,0.3333333333333333,795.0,827.0,642.0,18.0,9.0,0.0,635.2,714.6,530.6666666666666,16.2,16.9,15.333333333333334,2.0,1.0,0,22.8,21.0,2.8,2.0,0.8892450142450146,0.9188034188034188,7.0,8.333333333333334,1.9583333333333333,0,13.25,0.3,0.0,0.0226415094339622
401892458,2027,2026-10-08 23:00:00+00:00,9,Dallas Stars,DAL,2,Buffalo Sabres,BUF,0,5209793,Arttu Hyry,RW,25,True,False,forwards,2,1,0,0,902,0,141,761,19,0,0,0,0,0,10,5,66.7,0,0,0,0,3,0.8,1.1,1.0,1.6,1.0,1.0,0.2,0.2,0.0,0.0,0.1,0.0,0.2,0.3,0.0,791.8,782.5,850.6666666666666,2.2,2.7,0.0,697.4,669.8,759.6666666666666,18.4,18.6,18.33333333333333,2.958333333333333,1.9583333333333333,0,20.4,19.33333333333333,3.2,3.6666666666666665,0.8467546583850932,0.8130434782608695,7.8,7.666666666666667,1.0,0,13.196666666666664,0.0366666666666666,3.63728214195504,0.0027784794139934
401892458,2027,2026-10-08 23:00:00+00:00,9,Dallas Stars,DAL,2,Buffalo Sabres,BUF,0,2590857,Colin Blackwell,C,15,True,False,forwards,0,2,1,0,738,0,54,684,16,0,0,0,2,0,1,0,100.0,0,0,0,0,1,0.4,0.7,0.0,0.8,0.7,0.0,0.2,0.1,0.0,0.2,0.2,0.0,0.4,0.3,0.0,685.4,732.6,449.0,1.0,0.5,0.0,554.4,599.7,397.0,15.8,16.9,11.0,4.958333333333333,3.958333333333333,0,20.4,19.33333333333333,3.2,3.6666666666666665,0.8467546583850932,0.8130434782608695,7.8,7.666666666666667,1.0,0,11.423333333333334,0.0166666666666666,2.1009629413481177,0.0014590020426028
401892458,2027,2026-10-08 23:00:00+00:00,9,Dallas Stars,DAL,2,Buffalo Sabres,BUF,0,3069352,Esa Lindell,D,23,True,False,defenses,3,0,0,1,1317,0,241,1076,25,0,0,0,0,0,0,0,0.0,3,0,0,0,3,1.0,1.2,0.6666666666666666,0.6,0.5,0.3333333333333333,0.2,0.1,0.0,0.2,0.3,0.0,0.4,0.4,0.0,1204.8,1262.6,1136.0,46.0,36.9,32.333333333333336,980.8,1017.5,930.6666666666666,22.4,21.8,23.33333333333333,2.958333333333333,1.9583333333333333,0,20.4,19.33333333333333,3.2,3.6666666666666665,0.8467546583850932,0.8130434782608695,7.8,7.666666666666667,1.0,0,20.08,0.7666666666666667,2.9880478087649407,0.0381806108897742
401892458,2027,2026-10-08 23:00:00+00:00,2,Buffalo Sabres,BUF,9,Dallas Stars,DAL,1,5080160,Noah Ostlund,C,86,True,False,forwards,0,0,0,0,1025,179,0,846,21,0,1,0,2,1,0,9,0.0,3,0,0,0,3,1.6,1.2,2.333333333333333,1.0,1.0,1.3333333333333333,0.2,0.2,0.3333333333333333,0.6,0.4,0.6666666666666666,0.8,0.6,1.0,1007.4,968.5,1094.6666666666667,106.8,88.6,124.66666666666669,876.8,866.9,930.3333333333334,21.6,20.9,23.33333333333333,2.0,1.0,0,22.8,21.0,2.8,2.0,0.8892450142450146,0.9188034188034188,7.0,8.333333333333334,1.9583333333333333,0,16.79,1.78,5.717689100655153,0.1060154854079809
401892458,2027,2026-10-08 23:00:00+00:00,9,Dallas Stars,DAL,2,Buffalo Sabres,BUF,0,3998,Jamie Benn,LW,14,True,False,forwards,0,2,0,0,746,0,0,746,17,0,1,0,0,2,0,0,0.0,0,0,0,0,3,1.4,0.8,2.0,0.4,0.5,0.6666666666666666,0.2,0.1,0.3333333333333333,0.4,0.3,0.3333333333333333,0.6,0.4,0.6666666666666666,741.0,751.7,751.6666666666666,68.4,52.2,76.66666666666667,672.6,698.8,675.0,17.6,17.3,17.333333333333332,2.958333333333333,1.9583333333333333,0,20.4,19.33333333333333,3.2,3.6666666666666665,0.8467546583850932,0.8130434782608695,7.8,7.666666666666667,1.0,0,12.35,1.14,6.801619433198381,0.0923076923076923
401892458,2027,2026-10-08 23:00:00+00:00,9,Dallas Stars,DAL,2,Buffalo Sabres,BUF,0,5229176,Justin Hryckowian,C,49,True,False,forwards,0,5,1,0,888,0,34,854,20,0,0,0,0,0,0,0,0.0,0,0,0,0,3,1.0,1.1,0.6666666666666666,0.2,0.1,0.3333333333333333,0.2,0.2,0.0,0.2,0.2,0.0,0.4,0.4,0.0,939.6,968.6,958.6666666666666,107.0,77.8,111.66666666666669,777.0,788.7,801.0,19.4,20.5,19.33333333333333,2.958333333333333,1.9583333333333333,0,20.4,19.33333333333333,3.2,3.6666666666666665,0.8467546583850932,0.8130434782608695,7.8,7.666666666666667,1.0,0,15.66,1.7833333333333334,3.831417624521073,0.1138782460621541
401892458,2027,2026-10-08 23:00:00+00:00,9,Dallas Stars,DAL,2,Buffalo Sabres,BUF,0,5080162,Lian Bichsel,D,6,True,False,defenses,4,3,0,0,1054,0,73,981,19,0,0,0,0,0,0,0,0.0,1,1,2,0,3,0.2,0.5,0.0,0.4,0.3,0.3333333333333333,0.0,0.0,0.0,0.0,0.1,0.0,0.0,0.1,0.0,1033.0,1007.3,1012.3333333333334,1.2,0.6,2.0,946.6,942.3,952.6666666666666,19.0,19.3,18.666666666666668,2.958333333333333,1.9583333333333333,0,20.4,19.33333333333333,3.2,3.6666666666666665,0.8467546583850932,0.8130434782608695,7.8,7.666666666666667,1.0,0,17.216666666666665,0.02,0.696999031945789,0.0011616650532429
401892458,2027,2026-10-08 23:00:00+00:00,9,Dallas Stars,DAL,2,Buffalo Sabres,BUF,0,3899938,Mikko Rantanen,RW,96,True,False,forwards,0,1,0,3,927,153,0,774,20,1,2,3,2,0,3,1,75.0,3,0,0,4,3,2.0,1.5,2.333333333333333,1.0,1.1,1.3333333333333333,0.2,0.2,0.3333333333333333,0.4,0.5,0.3333333333333333,0.6,0.7,0.6666666666666666,1219.0,1206.6,1273.0,297.4,255.3,299.3333333333333,921.6,951.1,973.6666666666666,18.0,19.5,18.0,2.958333333333333,1.9583333333333333,0,20.4,19.33333333333333,3.2,3.6666666666666665,0.8467546583850932,0.8130434782608695,7.8,7.666666666666667,1.0,0,20.316666666666663,4.956666666666666,5.9064807219032,0.2439704675963904
401892458,2027,2026-10-08 23:00:00+00:00,9,Dallas Stars,DAL,2,Buffalo Sabres,BUF,0,4233536,Miro Heiskanen,D,4,True,False,defenses,1,0,0,0,1180,153,114,913,25,0,2,0,1,0,0,0,0.0,2,1,2,0,3,1.8,1.3,2.6666666666666665,1.0,1.0,1.0,0.4,0.2,0.6666666666666666,0.2,0.4,0.0,0.6,0.6,0.6666666666666666,1258.2,1368.4,1439.0,216.0,206.0,228.66666666666663,871.8,984.1,1012.0,20.0,21.6,23.33333333333333,2.958333333333333,1.9583333333333333,0,20.4,19.33333333333333,3.2,3.6666666666666665,0.8467546583850932,0.8130434782608695,7.8,7.666666666666667,1.0,0,20.97,3.6,5.150214592274677,0.1716738197424892
401892458,2027,2026-10-08 23:00:00+00:00,9,Dallas Stars,DAL,2,Buffalo Sabres,BUF,0,4352800,Nils Lundkvist,D,5,True,False,defenses,0,1,0,2,1088,6,0,1082,25,0,0,1,0,0,0,0,0.0,1,1,2,1,3,1.0,0.6,1.6666666666666667,1.0,0.9,1.3333333333333333,0.0,0.0,0.0,0.2,0.1,0.0,0.2,0.1,0.0,1034.2,996.9,1035.0,21.8,10.9,0.0,982.6,970.7,985.3333333333334,21.0,20.2,22.33333333333333,2.958333333333333,1.9583333333333333,0,20.4,19.33333333333333,3.2,3.6666666666666665,0.8467546583850932,0.8130434782608695,7.8,7.666666666666667,1.0,0,17.236666666666668,0.3633333333333333,3.480951460065751,0.0210790949526203
401892458,2027,2026-10-08 23:00:00+00:00,9,Dallas Stars,DAL,2,Buffalo Sabres,BUF,0,4894398,Oskar Back,C,10,True,False,forwards,1,1,0,0,862,0,199,663,18,0,0,0,0,0,1,1,50.0,0,0,0,0,3,1.2,0.8,1.0,0.4,0.3,0.6666666666666666,0.0,0.0,0.0,0.2,0.2,0.3333333333333333,0.2,0.2,0.3333333333333333,738.4,799.7,669.6666666666666,0.4,1.1,0.3333333333333333,606.2,645.9,541.3333333333334,15.6,17.5,14.333333333333334,2.958333333333333,1.9583333333333333,0,20.4,19.33333333333333,3.2,3.6666666666666665,0.8467546583850932,0.8130434782608695,7.8,7.666666666666667,1.0,0,12.306666666666668,0.0066666666666666,5.850487540628386,0.0005417118093174
401892458,2027,2026-10-08 23:00:00+00:00,9,Dallas Stars,DAL,2,Buffalo Sabres,BUF,0,2976842,Radek Faksa,C,12,True,False,forwards,0,2,1,0,791,0,141,650,19,0,0,0,1,2,3,5,37.5,0,0,0,0,3,1.6,1.0,1.0,0.4,0.4,0.6666666666666666,0.0,0.0,0.0,0.2,0.1,0.3333333333333333,0.2,0.1,0.3333333333333333,721.0,713.1,681.6666666666666,3.4,1.7,1.0,582.2,570.9,526.3333333333334,16.8,16.8,15.333333333333334,2.958333333333333,1.9583333333333333,0,20.4,19.33333333333333,3.2,3.6666666666666665,0.8467546583850932,0.8130434782608695,7.8,7.666666666666667,1.0,0,12.016666666666667,0.0566666666666666,7.988904299583911,0.0047156726768377
401892458,2027,2026-10-08 23:00:00+00:00,9,Dallas Stars,DAL,2,Buffalo Sabres,BUF,0,3904183,Roope Hintz,C,24,True,False,forwards,1,0,0,1,897,153,0,744,21,1,1,0,6,2,12,5,70.6,2,0,0,1,3,1.8,1.8,1.0,1.6,1.5,2.6666666666666665,0.0,0.1,0.0,0.6,0.7,0.6666666666666666,0.6,0.8,0.6666666666666666,901.0,973.0,970.3333333333334,187.6,214.3,209.66666666666663,664.0,724.5,715.0,18.4,20.2,19.33333333333333,2.958333333333333,1.9583333333333333,0,20.4,19.33333333333333,3.2,3.6666666666666665,0.8467546583850932,0.8130434782608695,7.8,7.666666666666667,1.0,0,15.016666666666667,3.1266666666666665,7.192008879023307,0.2082130965593784
401892458,2027,2026-10-08 23:00:00+00:00,9,Dallas Stars,DAL,2,Buffalo Sabres,BUF,0,4024998,Sam Steel,C,18,True,False,forwards,1,0,0,2,931,0,150,781,20,1,1,0,1,1,1,1,50.0,1,0,0,1,3,1.4,1.1,2.0,0.4,0.3,0.6666666666666666,0.0,0.1,0.0,0.2,0.2,0.3333333333333333,0.2,0.3,0.3333333333333333,858.2,905.8,844.0,5.0,3.5,0.0,743.0,787.3,756.3333333333334,18.0,19.3,18.0,2.958333333333333,1.9583333333333333,0,20.4,19.33333333333333,3.2,3.6666666666666665,0.8467546583850932,0.8130434782608695,7.8,7.666666666666667,1.0,0,14.303333333333336,0.0833333333333333,5.872756933115824,0.0058261477511069
401892458,2027,2026-10-08 23:00:00+00:00,9,Dallas Stars,DAL,2,Buffalo Sabres,BUF,0,4565239,Thomas Harley,D,55,True,False,defenses,4,0,1,3,1415,0,171,1244,25,0,0,1,0,1,0,0,0.0,1,0,0,1,3,1.8,1.7,1.0,1.2,1.2,1.3333333333333333,0.0,0.0,0.0,0.2,0.3,0.0,0.2,0.3,0.0,1387.2,1379.0,1369.0,178.2,150.1,118.33333333333331,1123.0,1141.5,1133.3333333333333,23.0,23.2,23.0,2.958333333333333,1.9583333333333333,0,20.4,19.33333333333333,3.2,3.6666666666666665,0.8467546583850932,0.8130434782608695,7.8,7.666666666666667,1.0,0,23.12,2.97,4.671280276816609,0.1284602076124567
401892458,2027,2026-10-08 23:00:00+00:00,9,Dallas Stars,DAL,2,Buffalo Sabres,BUF,0,5052,Tyler Myers,D,57,True,False,defenses,0,1,0,0,1050,0,122,928,20,0,0,0,0,2,0,0,0.0,3,0,0,0,3,1.2,0.7,0.6666666666666666,0.2,0.6,0.3333333333333333,0.0,0.0,0.0,0.0,0.2,0.0,0.0,0.2,0.0,1047.0,1062.9,899.6666666666666,0.0,2.2,0.0,944.2,942.3,824.0,20.0,19.8,18.33333333333333,2.958333333333333,1.9583333333333333,0,20.4,19.33333333333333,3.2,3.6666666666666665,0.8467546583850932,0.8130434782608695,7.8,7.666666666666667,1.0,0,17.45,0.0,4.126074498567335,0.0
401892458,2027,2026-10-08 23:00:00+00:00,9,Dallas Stars,DAL,2,Buffalo Sabres,BUF,0,4233875,Jason Robertson,LW,21,True,False,forwards,0,2,1,1,914,147,0,767,21,1,2,0,4,1,0,0,0.0,3,0,0,1,3,2.6,3.1,2.333333333333333,1.0,1.4,1.0,0.4,0.6,0.3333333333333333,0.4,0.3,0.3333333333333333,0.8,0.9,0.6666666666666666,1117.4,1213.6,1125.0,269.0,240.9,254.0,848.4,972.7,871.0,18.6,19.9,18.666666666666668,2.958333333333333,1.9583333333333333,0,20.4,19.33333333333333,3.2,3.6666666666666665,0.8467546583850932,0.8130434782608695,7.8,7.666666666666667,1.0,0,18.62333333333333,4.483333333333333,8.37658850903884,0.2407374261678897
401892458,2027,2026-10-08 23:00:00+00:00,2,Buffalo Sabres,BUF,9,Dallas Stars,DAL,1,4378656,Mattias Samuelsson,D,23,True,False,defenses,0,0,0,-1,1059,0,84,975,23,0,1,0,1,0,0,0,0.0,0,0,0,0,3,1.2,1.2,1.3333333333333333,0.8,1.0,1.0,0.2,0.2,0.3333333333333333,0.2,0.2,0.3333333333333333,0.4,0.4,0.6666666666666666,1263.0,1272.5,1304.3333333333333,0.2,2.3,0.3333333333333333,1085.4,1099.5,1207.0,24.8,24.6,25.33333333333333,2.0,1.0,0,22.8,21.0,2.8,2.0,0.8892450142450146,0.9188034188034188,7.0,8.333333333333334,1.9583333333333333,0,21.05,0.0033333333333333,3.4204275534441804,0.0001583531274742
401892458,2027,2026-10-08 23:00:00+00:00,2,Buffalo Sabres,BUF,9,Dallas Stars,DAL,1,5149186,Zach Benson,LW,6,True,False,forwards,0,2,0,-1,1098,183,66,849,22,0,0,0,4,2,1,1,50.0,1,0,0,0,3,2.2,2.2,1.3333333333333333,1.6,1.1,2.333333333333333,0.2,0.3,0.0,0.6,0.5,0.3333333333333333,0.8,0.8,0.3333333333333333,1170.4,1060.9,1176.0,187.8,148.8,194.66666666666663,906.6,840.6,919.6666666666666,24.2,23.2,24.33333333333333,2.0,1.0,0,22.8,21.0,2.8,2.0,0.8892450142450146,0.9188034188034188,7.0,8.333333333333334,1.9583333333333333,0,19.506666666666668,3.1300000000000003,6.766917293233083,0.160457963089542
401892458,2027,2026-10-08 23:00:00+00:00,2,Buffalo Sabres,BUF,9,Dallas Stars,DAL,1,5216882,Konsta Helenius,C,94,True,False,forwards,1,0,0,-1,818,177,0,641,17,0,1,0,1,0,0,0,0.0,3,0,0,0,3,1.2,1.6,1.6666666666666667,0.6,0.7,0.6666666666666666,0.2,0.1,0.3333333333333333,0.0,0.1,0.0,0.2,0.2,0.3333333333333333,775.6,747.0,856.3333333333334,63.2,31.6,105.33333333333331,712.4,715.4,751.0,17.2,15.9,19.0,2.0,1.0,0,22.8,21.0,2.8,2.0,0.8892450142450146,0.9188034188034188,7.0,8.333333333333334,1.9583333333333333,0,12.926666666666668,1.0533333333333337,5.56988138215575,0.0814853017019082
401892457,2027,2026-10-08 23:00:00+00:00,129764,Utah Mammoth,UTA,1,Boston Bruins,BOS,0,4064936,Andrew Peeke,D,20,True,False,defenses,0,1,0,-1,776,15,76,685,21,0,1,0,1,0,0,0,0.0,0,0,0,0,4,1.2,0.8,1.25,1.6,0.9,1.25,0.2,0.1,0.25,0.2,0.1,0.25,0.4,0.2,0.5,1001.6,1094.2,948.0,0.0,2.3,0.0,874.2,968.4,800.25,24.6,24.7,25.25,2.0,1.0,0,26.4,27.75,2.2,2.75,0.921818181818182,0.9022727272727272,10.2,12.25,1.9791666666666663,0,16.693333333333335,0.0,4.313099041533546,0.0
401892457,2027,2026-10-08 23:00:00+00:00,129764,Utah Mammoth,UTA,1,Boston Bruins,BOS,0,4352699,Barrett Hayton,C,27,True,False,forwards,0,0,0,0,881,137,52,692,22,0,0,1,3,2,8,5,61.5,0,0,0,1,4,1.4,1.6,1.75,0.8,0.9,1.0,0.0,0.1,0.0,0.2,0.2,0.25,0.2,0.3,0.25,645.6,792.8,802.75,0.0,89.5,0.0,604.4,681.9,751.25,16.8,19.9,20.75,2.0,1.0,0,26.4,27.75,2.2,2.75,0.921818181818182,0.9022727272727272,10.2,12.25,1.9791666666666663,0,10.76,0.0,7.806691449814126,0.0
401892457,2027,2026-10-08 23:00:00+00:00,129764,Utah Mammoth,UTA,1,Boston Bruins,BOS,0,4024857,Clayton Keller,RW,9,True,False,forwards,0,1,1,-1,1181,535,0,646,20,0,1,0,4,1,0,0,0.0,3,1,2,0,4,2.4,2.1,2.75,1.4,1.4,1.5,0.2,0.2,0.25,1.6,1.5,1.5,1.8,1.7,1.75,1096.4,1146.4,1067.0,164.6,219.4,205.75,931.2,926.4,860.5,22.0,23.1,20.75,2.0,1.0,0,26.4,27.75,2.2,2.75,0.921818181818182,0.9022727272727272,10.2,12.25,1.9791666666666663,0,18.273333333333333,2.743333333333333,7.880335643925575,0.1501276906238599
401892458,2027,2026-10-08 23:00:00+00:00,2,Buffalo Sabres,BUF,9,Dallas Stars,DAL,1,4697681,Louis Crevier,D,46,True,False,defenses,1,1,0,-1,802,0,79,723,18,0,0,0,0,1,0,0,0.0,3,0,0,0,3,1.4,1.0,1.3333333333333333,0.2,0.4,0.3333333333333333,0.4,0.2,0.0,0.2,0.3,0.3333333333333333,0.6,0.5,0.3333333333333333,1026.2,1097.2,953.6666666666666,4.2,5.9,0.0,862.6,961.6,823.6666666666666,22.8,23.5,22.0,2.0,1.0,0,22.8,21.0,2.8,2.0,0.8892450142450146,0.9188034188034188,7.0,8.333333333333334,1.9583333333333333,0,17.103333333333335,0.07,4.9113233287858105,0.0040927694406548
401892457,2027,2026-10-08 23:00:00+00:00,129764,Utah Mammoth,UTA,1,Boston Bruins,BOS,0,5149158,Dmitri Simashev,D,26,True,False,defenses,1,1,0,0,876,15,71,790,22,0,0,1,2,0,0,0,0.0,1,0,0,1,4,0.6,0.6,0.5,1.2,0.7,1.5,0.0,0.0,0.0,0.2,0.1,0.25,0.2,0.1,0.25,920.0,879.6,965.25,0.0,0.4,0.0,864.4,850.3,898.25,23.0,20.5,24.25,2.0,1.0,0,26.4,27.75,2.2,2.75,0.921818181818182,0.9022727272727272,10.2,12.25,1.9791666666666663,0,15.333333333333334,0.0,2.347826086956521,0.0
401892457,2027,2026-10-08 23:00:00+00:00,129764,Utah Mammoth,UTA,1,Boston Bruins,BOS,0,4874723,Dylan Guenther,RW,11,True,False,forwards,0,0,0,-1,1112,531,0,581,19,0,3,0,0,2,0,0,0.0,0,0,0,0,4,3.6,3.2,4.25,2.6,2.9,1.5,0.6,0.6,0.75,0.8,0.8,0.75,1.4,1.4,1.5,996.4,1035.8,970.0,237.8,235.3,210.25,757.8,788.1,758.75,21.0,22.0,20.5,2.0,1.0,0,26.4,27.75,2.2,2.75,0.921818181818182,0.9022727272727272,10.2,12.25,1.9791666666666663,0,16.606666666666666,3.963333333333333,13.006824568446408,0.2386591730228824
401892457,2027,2026-10-08 23:00:00+00:00,129764,Utah Mammoth,UTA,1,Boston Bruins,BOS,0,4755695,Jack McBain,C,22,True,False,forwards,0,3,0,1,830,15,27,788,20,1,1,0,3,1,1,0,100.0,1,0,0,1,4,0.6,0.8,0.75,1.0,1.0,0.75,0.0,0.1,0.0,0.0,0.0,0.0,0.0,0.1,0.0,737.2,763.5,786.5,0.0,11.0,0.0,689.8,711.0,727.25,18.6,19.6,20.25,2.0,1.0,0,26.4,27.75,2.2,2.75,0.921818181818182,0.9022727272727272,10.2,12.25,1.9791666666666663,0,12.286666666666669,0.0,2.930005425935974,0.0
401892457,2027,2026-10-08 23:00:00+00:00,129764,Utah Mammoth,UTA,1,Boston Bruins,BOS,0,3941974,John Marino,D,6,True,False,defenses,0,0,0,-1,1173,279,0,894,25,0,0,0,1,0,0,0,0.0,2,0,0,0,4,0.8,0.5,0.5,0.4,0.3,0.5,0.0,0.0,0.0,0.4,0.4,0.25,0.4,0.4,0.25,1216.6,1168.8,1232.25,65.4,36.0,81.75,1121.0,1084.8,1120.25,28.2,27.3,29.25,2.0,1.0,0,26.4,27.75,2.2,2.75,0.921818181818182,0.9022727272727272,10.2,12.25,1.9791666666666663,0,20.276666666666664,1.09,2.367253000164393,0.0537563702120664
401892457,2027,2026-10-08 23:00:00+00:00,129764,Utah Mammoth,UTA,1,Boston Bruins,BOS,0,3904191,Kevin Stenlund,C,82,True,False,forwards,1,1,0,-1,747,0,157,590,18,0,0,0,1,1,4,10,28.6,0,0,0,0,4,0.6,0.7,0.75,0.2,0.5,0.25,0.0,0.0,0.0,0.2,0.1,0.25,0.2,0.1,0.25,844.8,824.1,839.75,0.0,0.9,0.0,698.2,661.3,668.0,20.8,21.2,21.0,2.0,1.0,0,26.4,27.75,2.2,2.75,0.921818181818182,0.9022727272727272,10.2,12.25,1.9791666666666663,0,14.08,0.0,2.5568181818181817,0.0
401892457,2027,2026-10-08 23:00:00+00:00,129764,Utah Mammoth,UTA,1,Boston Bruins,BOS,0,3899951,Lawson Crouse,LW,67,True,False,forwards,1,2,0,1,882,15,87,780,22,0,1,0,1,0,0,0,0.0,0,1,2,0,4,2.2,2.1,2.25,0.4,0.7,0.5,0.4,0.4,0.25,0.2,0.2,0.25,0.6,0.6,0.5,939.6,1015.9,895.75,0.8,52.9,1.0,820.4,823.7,756.5,22.4,24.4,22.25,2.0,1.0,0,26.4,27.75,2.2,2.75,0.921818181818182,0.9022727272727272,10.2,12.25,1.9791666666666663,0,15.66,0.0133333333333333,8.42911877394636,0.0008514261387824
401892457,2027,2026-10-08 23:00:00+00:00,129764,Utah Mammoth,UTA,1,Boston Bruins,BOS,0,5080143,Logan Cooley,C,92,True,False,forwards,0,1,0,-1,1230,554,48,628,21,0,0,0,0,0,8,11,42.1,2,0,0,0,4,0.4,1.2,0.5,1.4,1.3,1.75,0.0,0.2,0.0,0.8,0.7,1.0,0.8,0.9,1.0,1009.2,1066.9,1053.75,165.8,215.7,207.25,771.0,800.4,766.75,22.0,22.5,22.25,2.0,1.0,0,26.4,27.75,2.2,2.75,0.921818181818182,0.9022727272727272,10.2,12.25,1.9791666666666663,0,16.82,2.7633333333333336,1.4268727705112962,0.1642885453824811
401892457,2027,2026-10-08 23:00:00+00:00,129764,Utah Mammoth,UTA,1,Boston Bruins,BOS,0,5149183,Daniil But,LW,50,True,False,forwards,0,0,0,0,601,147,0,454,15,0,1,0,3,1,0,0,0.0,0,0,0,0,4,0.2,0.9,0.25,1.0,0.9,1.0,0.2,0.1,0.25,0.0,0.0,0.0,0.2,0.1,0.25,645.8,683.3,670.25,37.8,56.8,40.0,608.0,626.5,630.25,14.8,15.2,15.25,2.0,1.0,0,26.4,27.75,2.2,2.75,0.921818181818182,0.9022727272727272,10.2,12.25,1.9791666666666663,0,10.763333333333332,0.63,1.1148962527098174,0.0585320532672654
401892457,2027,2026-10-08 23:00:00+00:00,129764,Utah Mammoth,UTA,1,Boston Bruins,BOS,0,4031645,Michael Carcone,LW,53,True,False,forwards,0,0,0,0,790,278,0,512,16,0,1,0,7,2,1,0,100.0,1,1,2,0,4,2.6,1.8,2.5,1.4,1.5,1.0,0.4,0.2,0.25,0.2,0.3,0.25,0.6,0.5,0.5,805.0,816.9,739.0,35.4,65.9,44.25,769.6,751.0,694.75,18.2,19.1,16.75,2.0,1.0,0,26.4,27.75,2.2,2.75,0.921818181818182,0.9022727272727272,10.2,12.25,1.9791666666666663,0,13.416666666666666,0.59,11.627329192546586,0.0439751552795031
401892457,2027,2026-10-08 23:00:00+00:00,129764,Utah Mammoth,UTA,1,Boston Bruins,BOS,0,3042269,MacKenzie Weegar,D,52,True,False,defenses,0,1,0,0,1051,24,132,895,24,0,1,0,2,0,0,0,0.0,0,0,0,0,4,1.4,1.4,1.5,2.0,1.2,1.5,0.2,0.1,0.25,0.4,0.3,0.0,0.6,0.4,0.25,1209.2,1198.0,1249.25,0.0,60.3,0.0,1110.8,1048.4,1126.25,29.8,28.3,31.25,2.0,1.0,0,26.4,27.75,2.2,2.75,0.921818181818182,0.9022727272727272,10.2,12.25,1.9791666666666663,0,20.15333333333333,0.0,4.168044988422097,0.0
401892458,2027,2026-10-08 23:00:00+00:00,2,Buffalo Sabres,BUF,9,Dallas Stars,DAL,1,4894355,Justin Danforth,RW,15,True,False,forwards,1,2,1,0,704,0,80,624,19,0,0,0,1,1,5,4,55.6,0,0,0,0,1,0.4,1.1,0.0,0.2,0.3,0.0,0.0,0.0,0.0,0.0,0.1,0.0,0.0,0.1,0.0,661.2,730.5,497.0,6.0,11.7,0.0,508.8,616.7,394.0,17.4,17.7,16.0,2.0,1.0,0,22.8,21.0,2.8,2.0,0.8892450142450146,0.9188034188034188,7.0,8.333333333333334,1.9583333333333333,0,11.02,0.1,2.177858439201452,0.0090744101633393
401892458,2027,2026-10-08 23:00:00+00:00,2,Buffalo Sabres,BUF,9,Dallas Stars,DAL,1,4233627,Josh Norris,C,9,True,False,forwards,0,1,0,-3,859,167,67,625,19,0,0,0,3,0,3,5,37.5,0,0,0,0,3,1.2,1.6,0.6666666666666666,0.8,1.0,1.3333333333333333,0.4,0.3,0.0,0.2,0.5,0.3333333333333333,0.6,0.8,0.3333333333333333,949.0,945.5,991.6666666666666,128.8,178.8,97.66666666666669,760.8,735.8,795.0,21.0,20.7,22.666666666666668,2.0,1.0,0,22.8,21.0,2.8,2.0,0.8892450142450146,0.9188034188034188,7.0,8.333333333333334,1.9583333333333333,0,15.816666666666666,2.146666666666667,4.552160168598525,0.1357218124341412
401892458,2027,2026-10-08 23:00:00+00:00,2,Buffalo Sabres,BUF,9,Dallas Stars,DAL,1,4874870,Josh Doan,RW,91,True,False,forwards,0,3,0,0,986,155,0,831,20,0,0,0,1,3,0,0,0.0,2,0,0,0,3,1.2,1.4,1.3333333333333333,1.4,1.1,1.0,0.0,0.2,0.0,0.2,0.3,0.0,0.2,0.5,0.0,944.6,915.5,985.6666666666666,149.4,131.1,152.33333333333334,795.2,784.1,833.3333333333334,20.6,20.3,22.0,2.0,1.0,0,22.8,21.0,2.8,2.0,0.8892450142450146,0.9188034188034188,7.0,8.333333333333334,1.9583333333333333,0,15.743333333333334,2.49,4.573364387042134,0.1581621850518738
401892458,2027,2026-10-08 23:00:00+00:00,2,Buffalo Sabres,BUF,9,Dallas Stars,DAL,1,5080176,Jiri Kulich,C,20,True,False,forwards,0,1,0,0,702,5,4,693,18,0,1,0,0,1,4,4,50.0,1,0,0,0,3,1.2,1.3,1.3333333333333333,0.8,0.6,0.6666666666666666,0.2,0.3,0.3333333333333333,0.2,0.3,0.3333333333333333,0.4,0.6,0.6666666666666666,787.2,908.7,724.0,43.4,64.2,0.0,743.6,843.7,724.0,18.2,21.0,18.0,2.0,1.0,0,22.8,21.0,2.8,2.0,0.8892450142450146,0.9188034188034188,7.0,8.333333333333334,1.9583333333333333,0,13.12,0.7233333333333333,5.487804878048779,0.0551321138211382
401892458,2027,2026-10-08 23:00:00+00:00,2,Buffalo Sabres,BUF,9,Dallas Stars,DAL,1,4697389,Jack Quinn,RW,22,True,False,forwards,0,3,0,-2,1081,199,0,882,21,0,2,0,1,1,0,0,0.0,0,1,2,0,3,3.4,3.3,3.6666666666666665,3.2,2.2,3.333333333333333,0.4,0.4,0.6666666666666666,0.0,0.0,0.0,0.4,0.4,0.6666666666666666,1141.8,1064.5,1232.6666666666667,191.4,215.4,197.66666666666663,917.0,832.3,980.6666666666666,22.4,21.3,24.0,2.0,1.0,0,22.8,21.0,2.8,2.0,0.8892450142450146,0.9188034188034188,7.0,8.333333333333334,1.9583333333333333,0,19.03,3.19,10.71991592222806,0.1676300578034682
401892458,2027,2026-10-08 23:00:00+00:00,9,Dallas Stars,DAL,2,Buffalo Sabres,BUF,0,4874740,Wyatt Johnston,C,53,True,False,forwards,0,0,1,2,1000,153,0,847,20,0,0,3,1,0,7,4,63.6,1,0,0,3,3,2.4,2.6,3.0,1.2,1.1,1.0,0.2,0.4,0.0,0.2,0.3,0.3333333333333333,0.4,0.7,0.3333333333333333,1175.8,1182.6,1228.0,244.8,217.3,233.0,898.2,943.9,947.6666666666666,18.8,19.4,19.33333333333333,2.958333333333333,1.9583333333333333,0,20.4,19.33333333333333,3.2,3.6666666666666665,0.8467546583850932,0.8130434782608695,7.8,7.666666666666667,1.0,0,19.596666666666668,4.08,7.348188467426433,0.2081986732437489
401892457,2027,2026-10-08 23:00:00+00:00,129764,Utah Mammoth,UTA,1,Boston Bruins,BOS,0,2563036,Vincent Trocheck,C,16,True,False,forwards,0,2,0,-2,1022,290,25,707,22,0,1,0,3,4,9,5,64.3,1,1,2,0,4,0.8,1.3,1.0,0.6,1.0,0.25,0.2,0.2,0.25,0.2,0.3,0.25,0.4,0.5,0.5,1055.4,1079.8,1014.5,64.8,151.7,40.75,884.8,832.4,880.75,24.2,22.2,24.75,2.0,1.0,0,26.4,27.75,2.2,2.75,0.921818181818182,0.9022727272727272,10.2,12.25,1.9791666666666663,0,17.59,1.0799999999999998,2.7288231949971573,0.061398521887436
401892457,2027,2026-10-08 23:00:00+00:00,129764,Utah Mammoth,UTA,1,Boston Bruins,BOS,0,3114770,Nick Schmaltz,C,8,True,False,forwards,0,1,1,-1,1192,515,42,635,21,0,5,0,3,2,4,1,80.0,0,0,0,0,4,3.6,3.8,4.25,0.2,0.9,0.25,1.0,1.0,1.25,0.4,0.3,0.5,1.4,1.3,1.75,1094.2,1162.5,1094.0,167.2,215.8,209.0,855.4,857.6,802.25,22.6,24.6,22.5,2.0,1.0,0,26.4,27.75,2.2,2.75,0.921818181818182,0.9022727272727272,10.2,12.25,1.9791666666666663,0,18.236666666666668,2.786666666666666,11.844269786145128,0.1528057027965637
401892457,2027,2026-10-08 23:00:00+00:00,129764,Utah Mammoth,UTA,1,Boston Bruins,BOS,0,3024798,Nate Schmidt,D,88,True,False,defenses,1,0,0,-1,1128,17,125,986,25,0,0,0,2,0,0,0,0.0,0,0,0,0,4,1.4,0.9,1.25,1.0,0.7,0.5,0.0,0.0,0.0,0.2,0.2,0.25,0.2,0.2,0.25,1236.0,1153.1,1298.75,0.0,1.1,0.0,1083.4,1013.8,1115.25,30.4,28.6,32.5,2.0,1.0,0,26.4,27.75,2.2,2.75,0.921818181818182,0.9022727272727272,10.2,12.25,1.9791666666666663,0,20.6,0.0,4.077669902912621,0.0
401892457,2027,2026-10-08 23:00:00+00:00,129764,Utah Mammoth,UTA,1,Boston Bruins,BOS,0,4024868,Mikhail Sergachev,D,98,True,False,defenses,1,3,1,-1,1396,510,38,848,24,0,1,0,0,1,0,0,0.0,1,0,0,0,4,2.6,2.5,3.0,0.4,1.0,0.5,0.2,0.1,0.25,1.0,0.9,1.25,1.2,1.0,1.5,1251.6,1371.3,1258.25,134.6,192.1,168.25,978.2,1026.9,936.75,27.8,28.4,28.5,2.0,1.0,0,26.4,27.75,2.2,2.75,0.921818181818182,0.9022727272727272,10.2,12.25,1.9791666666666663,0,20.86,2.243333333333333,7.478427612655801,0.1075423457973793
401892458,2027,2026-10-08 23:00:00+00:00,2,Buffalo Sabres,BUF,9,Dallas Stars,DAL,1,4063240,Beck Malenstyn,LW,29,True,False,forwards,0,5,0,0,595,10,0,585,18,0,0,0,0,1,0,0,0.0,1,1,2,0,3,0.6,0.5,0.3333333333333333,0.4,0.5,0.3333333333333333,0.0,0.1,0.0,0.0,0.0,0.0,0.0,0.1,0.0,620.2,649.9,503.3333333333333,0.0,1.5,0.0,509.8,534.7,421.6666666666667,16.0,15.9,15.0,2.0,1.0,0,22.8,21.0,2.8,2.0,0.8892450142450146,0.9188034188034188,7.0,8.333333333333334,1.9583333333333333,0,10.336666666666668,0.0,3.482747500806191,0.0
401892462,2027,2026-10-08 23:30:00+00:00,12,New York Islanders,NYI,4,Chicago Blackhawks,CHI,1,3042086,Anthony Duclair,LW,11,True,False,forwards,0,1,0,1,740,85,0,655,19,1,1,0,2,0,0,0,0.0,0,2,4,1,3,1.2,1.0,1.3333333333333333,0.4,0.5,0.0,0.0,0.0,0.0,0.0,0.1,0.0,0.0,0.1,0.0,740.2,717.5,768.6666666666666,61.2,68.8,102.0,679.0,648.5,666.6666666666666,17.0,15.9,18.0,2.0,1.0,0,28.2,31.0,3.8,4.25,0.8685573178220238,0.865108411983412,7.4,7.25,0.9791666666666669,0,12.336666666666668,1.02,5.836260470143204,0.082680356660362
401892462,2027,2026-10-08 23:30:00+00:00,12,New York Islanders,NYI,4,Chicago Blackhawks,CHI,1,3042002,Bo Horvat,C,14,True,False,forwards,0,5,1,1,1073,68,154,851,24,2,4,0,4,0,9,3,75.0,2,0,0,2,3,3.0,2.7,3.333333333333333,2.2,1.7,1.6666666666666667,0.6,0.3,0.6666666666666666,0.2,0.5,0.3333333333333333,0.8,0.8,1.0,1198.4,1241.2,1177.0,226.8,235.8,274.0,861.2,876.9,764.6666666666666,22.0,23.0,22.33333333333333,2.0,1.0,0,28.2,31.0,3.8,4.25,0.8685573178220238,0.865108411983412,7.4,7.25,0.9791666666666669,0,19.973333333333336,3.78,9.012016021361816,0.1892523364485981
401892462,2027,2026-10-08 23:30:00+00:00,12,New York Islanders,NYI,4,Chicago Blackhawks,CHI,1,5219,Brayden Schenn,C,10,True,False,forwards,0,2,0,0,937,127,0,810,20,0,1,0,1,0,2,2,50.0,0,0,0,0,3,2.2,1.6,2.333333333333333,0.8,0.8,0.3333333333333333,0.2,0.3,0.3333333333333333,0.6,0.4,1.0,0.8,0.7,1.3333333333333333,1022.0,1038.1,907.6666666666666,215.0,215.3,251.33333333333331,803.8,821.2,655.6666666666666,18.8,18.9,18.0,2.0,1.0,0,28.2,31.0,3.8,4.25,0.8685573178220238,0.865108411983412,7.4,7.25,0.9791666666666669,0,17.033333333333335,3.583333333333333,7.749510763209393,0.210371819960861
401892462,2027,2026-10-08 23:30:00+00:00,12,New York Islanders,NYI,4,Chicago Blackhawks,CHI,1,5149210,Calum Ritchie,C,64,True,False,forwards,2,0,0,0,832,103,0,729,17,0,1,0,0,3,4,2,66.7,1,0,0,0,3,1.8,1.7,1.6666666666666667,1.2,1.0,1.0,0.2,0.3,0.3333333333333333,0.2,0.3,0.3333333333333333,0.4,0.6,0.6666666666666666,951.6,969.1,884.0,128.8,170.8,123.66666666666669,822.0,797.9,759.0,18.8,18.8,18.666666666666668,2.0,1.0,0,28.2,31.0,3.8,4.25,0.8685573178220238,0.865108411983412,7.4,7.25,0.9791666666666669,0,15.86,2.146666666666667,6.809583858764186,0.1353509878100042
401892462,2027,2026-10-08 23:30:00+00:00,12,New York Islanders,NYI,4,Chicago Blackhawks,CHI,1,5262,Casey Cizikas,C,53,True,False,forwards,1,1,0,0,872,14,83,775,20,0,1,0,2,0,4,5,44.4,0,0,0,0,3,1.2,1.6,1.3333333333333333,0.2,0.5,0.3333333333333333,0.4,0.2,0.3333333333333333,0.2,0.1,0.3333333333333333,0.6,0.3,0.6666666666666666,729.8,758.6,740.0,0.0,1.9,0.0,622.0,643.6,606.3333333333334,17.4,18.0,18.0,2.0,1.0,0,28.2,31.0,3.8,4.25,0.8685573178220238,0.865108411983412,7.4,7.25,0.9791666666666669,0,12.163333333333332,0.0,5.919429980816663,0.0
401892462,2027,2026-10-08 23:30:00+00:00,12,New York Islanders,NYI,4,Chicago Blackhawks,CHI,1,4697447,Emil Heineman,LW,51,True,False,forwards,0,2,0,0,999,45,137,817,23,1,2,0,1,1,0,1,0.0,1,0,0,1,3,0.8,0.9,0.6666666666666666,0.8,0.7,1.0,0.2,0.2,0.3333333333333333,0.0,0.0,0.0,0.2,0.2,0.3333333333333333,905.8,892.3,933.0,40.0,72.2,12.333333333333334,761.6,755.5,747.0,20.0,19.7,21.0,2.0,1.0,0,28.2,31.0,3.8,4.25,0.8685573178220238,0.865108411983412,7.4,7.25,0.9791666666666669,0,15.096666666666666,0.6666666666666666,3.1795098255685588,0.0441598586884522
401892462,2027,2026-10-08 23:30:00+00:00,12,New York Islanders,NYI,4,Chicago Blackhawks,CHI,1,2593131,Jean-Gabriel Pageau,C,44,True,False,forwards,1,3,1,1,918,0,159,759,21,0,0,1,0,0,10,7,58.8,1,0,0,1,3,0.8,1.1,1.0,0.0,0.5,0.0,0.0,0.2,0.0,0.2,0.2,0.3333333333333333,0.2,0.4,0.3333333333333333,899.0,957.1,869.6666666666666,12.2,41.5,4.333333333333333,754.4,771.6,683.3333333333334,21.4,22.2,22.0,2.0,1.0,0,28.2,31.0,3.8,4.25,0.8685573178220238,0.865108411983412,7.4,7.25,0.9791666666666669,0,14.983333333333333,0.2033333333333333,3.203559510567297,0.0135706340378198
401892462,2027,2026-10-08 23:30:00+00:00,12,New York Islanders,NYI,4,Chicago Blackhawks,CHI,1,5517,Kyle Palmieri,C,21,True,False,forwards,1,0,0,1,808,115,0,693,19,0,0,0,1,0,0,0,0.0,1,0,0,0,3,2.8,2.7,2.6666666666666665,1.4,1.0,1.3333333333333333,0.0,0.1,0.0,0.2,0.4,0.0,0.2,0.5,0.0,980.4,1065.4,996.3333333333334,250.8,224.3,270.6666666666667,698.6,784.1,725.6666666666666,17.8,19.8,18.666666666666668,2.0,1.0,0,28.2,31.0,3.8,4.25,0.8685573178220238,0.865108411983412,7.4,7.25,0.9791666666666669,0,16.34,4.180000000000001,10.281517747858016,0.2558139534883721
401892462,2027,2026-10-08 23:30:00+00:00,12,New York Islanders,NYI,4,Chicago Blackhawks,CHI,1,4587580,Matias Maccelli,LW,63,True,False,forwards,1,0,0,1,928,140,0,788,17,0,0,1,2,0,0,0,0.0,1,0,0,1,3,1.2,0.9,1.3333333333333333,0.0,0.3,0.0,0.0,0.0,0.0,0.2,0.3,0.3333333333333333,0.2,0.3,0.3333333333333333,871.6,853.4,926.0,183.4,116.9,266.6666666666667,688.2,736.5,659.3333333333334,16.6,17.1,16.333333333333332,2.0,1.0,0,28.2,31.0,3.8,4.25,0.8685573178220238,0.865108411983412,7.4,7.25,0.9791666666666669,0,14.526666666666667,3.056666666666666,4.956402019274896,0.2104176227627352
401892462,2027,2026-10-08 23:30:00+00:00,12,New York Islanders,NYI,4,Chicago Blackhawks,CHI,1,5291933,Matthew Schaefer,D,48,True,False,defenses,2,0,1,1,1605,144,0,1461,24,0,0,1,4,1,0,0,0.0,2,0,0,1,3,3.2,3.0,2.333333333333333,2.2,1.7,2.0,0.0,0.1,0.0,0.4,0.4,0.6666666666666666,0.4,0.5,0.6666666666666666,1507.2,1565.6,1467.3333333333333,247.4,248.2,287.3333333333333,1240.6,1286.9,1165.0,25.4,25.6,26.666666666666668,2.0,1.0,0,28.2,31.0,3.8,4.25,0.8685573178220238,0.865108411983412,7.4,7.25,0.9791666666666669,0,25.12,4.123333333333333,7.643312101910828,0.1641454352441613
401892462,2027,2026-10-08 23:30:00+00:00,12,New York Islanders,NYI,4,Chicago Blackhawks,CHI,1,2590389,Ondrej Palat,LW,81,True,False,forwards,0,3,1,1,755,0,49,706,16,0,1,0,0,0,0,0,0.0,1,0,0,0,3,1.4,1.1,2.333333333333333,0.6,0.4,0.6666666666666666,0.2,0.1,0.3333333333333333,0.0,0.1,0.0,0.2,0.2,0.3333333333333333,682.8,660.4,690.0,10.6,6.4,4.333333333333333,629.2,632.5,614.0,15.8,15.4,16.0,2.0,1.0,0,28.2,31.0,3.8,4.25,0.8685573178220238,0.865108411983412,7.4,7.25,0.9791666666666669,0,11.38,0.1766666666666666,7.381370826010545,0.0155243116578793
401892462,2027,2026-10-08 23:30:00+00:00,12,New York Islanders,NYI,4,Chicago Blackhawks,CHI,1,3042019,Ryan Pulock,D,6,True,False,defenses,2,1,0,1,1135,0,209,926,25,0,0,0,0,1,0,0,0.0,1,0,0,0,3,0.6,0.9,0.3333333333333333,0.2,0.2,0.3333333333333333,0.0,0.0,0.0,0.2,0.1,0.0,0.2,0.1,0.0,1029.4,1115.5,1039.6666666666667,2.6,7.5,4.333333333333333,793.4,931.7,772.3333333333334,24.6,26.4,23.666666666666668,2.0,1.0,0,28.2,31.0,3.8,4.25,0.8685573178220238,0.865108411983412,7.4,7.25,0.9791666666666669,0,17.15666666666667,0.0433333333333333,2.0983096949679423,0.0025257431513503
401892462,2027,2026-10-08 23:30:00+00:00,12,New York Islanders,NYI,4,Chicago Blackhawks,CHI,1,4565244,Simon Holmstrom,RW,92,True,False,forwards,1,0,0,0,936,70,139,727,20,0,1,0,0,0,0,0,0.0,1,0,0,0,3,0.8,1.0,0.6666666666666666,1.2,1.1,1.3333333333333333,0.2,0.1,0.3333333333333333,0.2,0.3,0.3333333333333333,0.4,0.4,0.6666666666666666,1019.8,1027.4,1044.6666666666667,107.8,105.8,124.33333333333331,789.0,798.1,754.0,22.2,21.9,23.0,2.0,1.0,0,28.2,31.0,3.8,4.25,0.8685573178220238,0.865108411983412,7.4,7.25,0.9791666666666669,0,16.996666666666666,1.7966666666666666,2.824083153559522,0.1057070013728182
401892462,2027,2026-10-08 23:30:00+00:00,12,New York Islanders,NYI,4,Chicago Blackhawks,CHI,1,3114769,Tony DeAngelo,D,77,True,False,defenses,1,0,0,0,819,72,0,747,17,0,0,0,0,1,0,0,0.0,1,0,0,0,3,1.6,1.8,1.3333333333333333,0.4,0.5,0.6666666666666666,0.0,0.0,0.0,0.0,0.3,0.0,0.0,0.3,0.0,1146.4,1111.8,1063.3333333333333,82.8,97.0,103.33333333333331,1063.6,1013.8,960.0,23.0,23.3,22.666666666666668,2.0,1.0,0,28.2,31.0,3.8,4.25,0.8685573178220238,0.865108411983412,7.4,7.25,0.9791666666666669,0,19.10666666666667,1.38,5.024424284717376,0.0722260990928122
401892462,2027,2026-10-08 23:30:00+00:00,12,New York Islanders,NYI,4,Chicago Blackhawks,CHI,1,5291952,Victor Eklund,LW,38,True,False,forwards,0,2,0,0,829,83,0,746,17,0,1,0,0,1,0,0,0.0,1,0,0,0,3,1.75,1.75,1.6666666666666667,1.0,1.0,1.3333333333333333,0.25,0.25,0.3333333333333333,0.5,0.5,0.3333333333333333,0.75,0.75,0.6666666666666666,825.25,825.25,790.3333333333334,127.0,127.0,119.66666666666669,698.25,698.25,670.6666666666666,17.25,17.25,17.0,2.0,1.0,0,28.2,31.0,3.8,4.25,0.8685573178220238,0.865108411983412,7.4,7.25,0.9791666666666669,0,13.754166666666666,2.1166666666666667,7.6340502877915775,0.1538927597697667
401892462,2027,2026-10-08 23:30:00+00:00,12,New York Islanders,NYI,4,Chicago Blackhawks,CHI,1,3069621,Adam Pelech,D,3,True,False,defenses,1,1,0,0,1277,0,232,1045,26,0,0,1,2,0,0,0,0.0,1,0,0,1,3,0.6,1.2,0.0,0.6,1.1,1.0,0.0,0.0,0.0,0.2,0.2,0.3333333333333333,0.2,0.2,0.3333333333333333,1172.0,1181.9,1213.3333333333333,7.4,14.6,12.333333333333334,999.4,1009.1,963.6666666666666,27.2,27.4,30.0,2.0,1.0,0,28.2,31.0,3.8,4.25,0.8685573178220238,0.865108411983412,7.4,7.25,0.9791666666666669,0,19.53333333333333,0.1233333333333333,1.843003412969283,0.0063139931740614
401892462,2027,2026-10-08 23:30:00+00:00,12,New York Islanders,NYI,4,Chicago Blackhawks,CHI,1,4024968,Logan Stanley,D,8,True,False,defenses,3,2,0,2,1431,0,176,1255,28,0,0,2,0,0,0,0,0.0,3,1,10,2,3,1.0,1.3,0.6666666666666666,0.8,0.7,0.6666666666666666,0.0,0.0,0.0,0.6,0.5,0.6666666666666666,0.6,0.5,0.6666666666666666,1074.0,955.1,1072.3333333333333,0.0,0.0,0.0,909.4,832.6,907.0,24.2,20.8,23.666666666666668,2.0,1.0,0,28.2,31.0,3.8,4.25,0.8685573178220238,0.865108411983412,7.4,7.25,0.9791666666666669,0,17.9,0.0,3.35195530726257,0.0
401892462,2027,2026-10-08 23:30:00+00:00,12,New York Islanders,NYI,4,Chicago Blackhawks,CHI,1,2563069,Scott Mayfield,D,24,True,False,defenses,1,2,1,0,752,14,102,636,19,0,0,0,0,0,0,0,0.0,0,1,2,0,0,0.8,0.5,,0.4,0.2,,0.0,0.0,,0.4,0.3,,0.4,0.3,,889.6,843.8,,1.2,1.1,,798.4,758.0,,20.2,18.9,,177.02083333333334,10.0,0,28.2,31.0,3.8,4.25,0.8685573178220238,0.865108411983412,7.4,7.25,0.9791666666666669,0,14.826666666666666,0.02,3.2374100719424463,0.0013489208633093
401892462,2027,2026-10-08 23:30:00+00:00,4,Chicago Blackhawks,CHI,12,New York Islanders,NYI,0,4697717,Wyatt Kaiser,D,44,True,False,defenses,1,2,0,-1,1002,21,28,953,19,0,0,0,0,0,0,0,0.0,1,2,4,0,4,1.0,0.8,0.75,0.6,0.4,0.5,0.0,0.0,0.0,0.4,0.4,0.25,0.4,0.4,0.25,1234.0,1241.6,1220.0,4.6,11.3,5.75,1109.0,1133.3,1112.5,24.8,24.2,25.25,1.9791666666666667,0.9791666666666669,0,26.0,29.0,2.6,2.333333333333333,0.8875374625374629,0.90491452991453,8.8,12.0,1.0,0,20.566666666666663,0.0766666666666666,2.9173419773095626,0.0037277147487844
401892462,2027,2026-10-08 23:30:00+00:00,4,Chicago Blackhawks,CHI,12,New York Islanders,NYI,0,5080173,Sam Rinzel,D,6,True,False,defenses,1,0,1,1,1085,139,0,946,21,0,1,1,1,1,0,0,0.0,1,0,0,1,3,1.6,1.4,2.0,1.0,0.9,1.3333333333333333,0.4,0.2,0.3333333333333333,0.0,0.0,0.0,0.4,0.2,0.3333333333333333,1065.4,1120.9,1070.3333333333333,92.6,74.1,59.0,970.6,1045.4,1008.6666666666666,22.0,21.9,22.33333333333333,1.9791666666666667,0.9791666666666669,0,26.0,29.0,2.6,2.333333333333333,0.8875374625374629,0.90491452991453,8.8,12.0,1.0,0,17.756666666666668,1.5433333333333332,5.406420123897128,0.086915712408485
401892462,2027,2026-10-08 23:30:00+00:00,4,Chicago Blackhawks,CHI,12,New York Islanders,NYI,0,4565266,Alex Vlasic,D,72,True,False,defenses,0,0,0,0,988,6,96,886,24,0,0,0,1,0,0,0,0.0,2,0,0,0,4,0.8,1.0,0.5,1.0,0.8,1.25,0.0,0.0,0.0,0.4,0.3,0.5,0.4,0.3,0.5,1248.0,1211.0,1240.0,6.0,5.7,1.75,1064.4,1061.4,1093.5,24.8,24.0,24.75,1.9791666666666667,0.9791666666666669,0,26.0,29.0,2.6,2.333333333333333,0.8875374625374629,0.90491452991453,8.8,12.0,1.0,0,20.8,0.1,2.307692307692308,0.0048076923076923
401892462,2027,2026-10-08 23:30:00+00:00,4,Chicago Blackhawks,CHI,12,New York Islanders,NYI,0,5291935,Anton Frondell,C,16,True,False,forwards,1,1,0,-1,1217,180,91,946,19,0,1,0,3,1,5,11,31.3,2,0,0,0,4,1.4,2.8,1.5,1.0,1.3,1.0,0.2,0.3,0.25,0.6,0.5,0.75,0.8,0.8,1.0,1005.6,1069.0,1058.5,156.0,210.4,147.25,793.2,830.4,840.75,21.4,20.5,22.0,1.9791666666666667,0.9791666666666669,0,26.0,29.0,2.6,2.333333333333333,0.8875374625374629,0.90491452991453,8.8,12.0,1.0,0,16.76,2.6,5.011933174224343,0.1551312649164677
401892462,2027,2026-10-08 23:30:00+00:00,4,Chicago Blackhawks,CHI,12,New York Islanders,NYI,0,5206648,Artyom Levshunov,D,55,True,False,defenses,0,1,0,-1,1173,0,92,1081,20,0,0,0,2,0,0,0,0.0,2,0,0,0,4,2.0,1.5,1.25,1.2,1.1,1.25,0.0,0.0,0.0,0.2,0.1,0.25,0.2,0.1,0.25,1251.6,1296.1,1226.25,71.2,128.2,27.0,1084.2,1070.5,1110.25,23.8,24.4,23.5,1.9791666666666667,0.9791666666666669,0,26.0,29.0,2.6,2.333333333333333,0.8875374625374629,0.90491452991453,8.8,12.0,1.0,0,20.86,1.1866666666666668,5.752636625119846,0.0568871844039629
401892462,2027,2026-10-08 23:30:00+00:00,4,Chicago Blackhawks,CHI,12,New York Islanders,NYI,0,4565225,Bowen Byram,D,24,True,False,defenses,2,0,1,-3,1595,221,79,1295,28,0,0,0,2,2,0,0,0.0,0,0,0,0,3,0.6,0.7,0.6666666666666666,1.0,0.9,0.6666666666666666,0.0,0.0,0.0,0.0,0.4,0.0,0.0,0.4,0.0,1345.2,1313.8,1426.6666666666667,175.2,131.3,212.66666666666663,1128.0,1127.0,1195.0,25.4,25.2,25.666666666666668,1.9791666666666667,0.9791666666666669,0,26.0,29.0,2.6,2.333333333333333,0.8875374625374629,0.90491452991453,8.8,12.0,1.0,0,22.42,2.92,1.6057091882247991,0.1302408563782337
401892462,2027,2026-10-08 23:30:00+00:00,4,Chicago Blackhawks,CHI,12,New York Islanders,NYI,0,4197130,Cole Smith,RW,22,True,False,forwards,0,1,0,-1,894,6,122,766,19,0,1,0,2,3,0,1,0.0,2,0,0,0,4,0.6,0.9,0.75,0.2,0.4,0.0,0.2,0.2,0.25,0.0,0.0,0.0,0.2,0.2,0.25,845.0,758.9,889.25,1.2,1.2,1.5,766.6,670.4,791.25,19.8,17.7,21.0,1.9791666666666667,0.9791666666666669,0,26.0,29.0,2.6,2.333333333333333,0.8875374625374629,0.90491452991453,8.8,12.0,1.0,0,14.083333333333334,0.02,2.5562130177514795,0.0014201183431952
401892462,2027,2026-10-08 23:30:00+00:00,4,Chicago Blackhawks,CHI,12,New York Islanders,NYI,0,3942809,Dominic Toninato,C,25,True,False,forwards,0,0,0,0,513,4,0,509,11,0,0,0,1,0,1,0,100.0,0,0,0,0,0,1.0,0.9,,0.8,0.8,,0.0,0.0,,0.0,0.1,,0.0,0.1,,533.2,529.5,,0.0,0.0,,533.2,528.5,,12.4,12.5,,177.95833333333334,10.0,0,26.0,29.0,2.6,2.333333333333333,0.8875374625374629,0.90491452991453,8.8,12.0,1.0,0,8.886666666666667,0.0,6.751687921980495,0.0
401892462,2027,2026-10-08 23:30:00+00:00,4,Chicago Blackhawks,CHI,12,New York Islanders,NYI,0,5080157,Frank Nazar,C,91,True,False,forwards,0,1,0,-1,1155,172,46,937,20,1,2,0,1,2,4,4,50.0,2,2,20,1,4,1.6,1.6,2.0,1.0,1.0,0.5,0.2,0.2,0.25,0.2,0.3,0.25,0.4,0.5,0.5,1113.4,1049.7,1124.0,102.4,195.7,86.0,923.6,794.8,952.25,25.4,21.0,25.75,1.9791666666666667,0.9791666666666669,0,26.0,29.0,2.6,2.333333333333333,0.8875374625374629,0.90491452991453,8.8,12.0,1.0,0,18.55666666666667,1.7066666666666668,5.173342913597987,0.0919705406861864
401892462,2027,2026-10-08 23:30:00+00:00,4,Chicago Blackhawks,CHI,12,New York Islanders,NYI,0,3042056,Tyler Bertuzzi,LW,59,True,False,forwards,0,0,1,-1,1246,243,0,1003,18,0,1,0,1,2,0,0,0.0,0,1,10,0,4,0.8,1.3,0.75,0.4,0.8,0.5,0.2,0.2,0.25,0.4,0.3,0.25,0.6,0.5,0.5,1021.0,1097.4,1038.5,170.6,221.7,163.0,850.4,875.7,875.5,19.2,18.8,19.75,1.9791666666666667,0.9791666666666669,0,26.0,29.0,2.6,2.333333333333333,0.8875374625374629,0.90491452991453,8.8,12.0,1.0,0,17.016666666666666,2.8433333333333333,2.820763956904996,0.1670910871694417
401892462,2027,2026-10-08 23:30:00+00:00,4,Chicago Blackhawks,CHI,12,New York Islanders,NYI,0,3900260,Jordan Greenway,LW,12,True,False,forwards,0,4,0,0,931,20,80,831,18,0,1,0,2,0,0,0,0.0,1,0,0,0,4,1.8,1.2,2.25,0.8,0.6,0.75,0.2,0.1,0.25,0.0,0.1,0.0,0.2,0.2,0.25,871.8,804.8,849.0,0.0,1.5,0.0,788.6,667.0,776.5,19.8,18.7,19.5,1.9791666666666667,0.9791666666666669,0,26.0,29.0,2.6,2.333333333333333,0.8875374625374629,0.90491452991453,8.8,12.0,1.0,0,14.53,0.0,7.432897453544391,0.0
401892462,2027,2026-10-08 23:30:00+00:00,4,Chicago Blackhawks,CHI,12,New York Islanders,NYI,0,5173765,Nick Lardis,LW,76,True,False,forwards,1,2,0,0,681,99,0,582,15,0,0,0,1,1,0,0,0.0,1,0,0,0,4,0.8,1.2,0.75,0.4,0.5,0.25,0.2,0.1,0.0,0.4,0.2,0.5,0.6,0.3,0.5,640.2,755.3,590.5,88.0,88.6,66.5,552.2,666.7,524.0,16.4,17.3,15.5,1.9791666666666667,0.9791666666666669,0,26.0,29.0,2.6,2.333333333333333,0.8875374625374629,0.90491452991453,8.8,12.0,1.0,0,10.67,1.4666666666666666,4.498594189315839,0.1374570446735395
401892462,2027,2026-10-08 23:30:00+00:00,4,Chicago Blackhawks,CHI,12,New York Islanders,NYI,0,5149194,Oliver Moore,C,11,True,False,forwards,1,0,0,-1,720,106,0,614,15,0,1,0,1,0,2,2,50.0,2,1,2,0,4,1.0,1.1,1.25,0.2,0.5,0.25,0.2,0.1,0.25,0.2,0.3,0.0,0.4,0.4,0.25,587.4,655.2,707.0,48.8,72.4,61.0,538.6,582.4,646.0,14.4,16.4,17.25,1.9791666666666667,0.9791666666666669,0,26.0,29.0,2.6,2.333333333333333,0.8875374625374629,0.90491452991453,8.8,12.0,1.0,0,9.79,0.8133333333333332,6.128702757916241,0.0830779707184201
401892462,2027,2026-10-08 23:30:00+00:00,4,Chicago Blackhawks,CHI,12,New York Islanders,NYI,0,3735,Patrick Kane,RW,88,True,False,forwards,2,1,0,-1,1087,229,0,858,19,0,1,1,0,0,0,0,0.0,1,0,0,1,4,1.6,1.9,1.5,2.0,1.2,2.25,0.2,0.3,0.25,0.0,0.5,0.0,0.2,0.8,0.25,1188.0,1129.9,1212.75,173.4,151.6,171.0,1013.8,976.8,1040.75,22.0,21.7,22.0,1.9791666666666667,0.9791666666666669,0,26.0,29.0,2.6,2.333333333333333,0.8875374625374629,0.90491452991453,8.8,12.0,1.0,0,19.8,2.89,4.848484848484849,0.1459595959595959
401892462,2027,2026-10-08 23:30:00+00:00,4,Chicago Blackhawks,CHI,12,New York Islanders,NYI,0,5149231,Roman Kantserov,RW,80,True,False,forwards,0,0,0,0,1269,254,0,1015,19,0,0,0,2,0,3,2,60.0,1,0,0,0,4,0.75,0.75,0.75,0.75,0.75,0.75,0.0,0.0,0.0,0.0,0.0,0.0,0.0,0.0,0.0,1096.75,1096.75,1096.75,163.75,163.75,163.75,932.0,932.0,932.0,21.0,21.0,21.0,1.9791666666666667,0.9791666666666669,0,26.0,29.0,2.6,2.333333333333333,0.8875374625374629,0.90491452991453,8.8,12.0,1.0,0,18.279166666666665,2.7291666666666665,2.461819010713472,0.1493047640756781
401892462,2027,2026-10-08 23:30:00+00:00,4,Chicago Blackhawks,CHI,12,New York Islanders,NYI,0,3115033,Ryan Donato,C,8,True,False,forwards,0,0,0,0,594,100,0,494,12,0,1,0,0,0,0,0,0.0,0,0,0,0,4,1.8,2.0,1.0,1.8,1.4,1.5,0.2,0.2,0.25,0.2,0.1,0.0,0.4,0.3,0.25,715.8,822.6,654.0,80.2,100.9,58.25,635.6,721.7,595.75,16.4,16.8,16.0,1.9791666666666667,0.9791666666666669,0,26.0,29.0,2.6,2.333333333333333,0.8875374625374629,0.90491452991453,8.8,12.0,1.0,0,11.93,1.336666666666667,9.052808046940486,0.112042469963677
401892462,2027,2026-10-08 23:30:00+00:00,4,Chicago Blackhawks,CHI,12,New York Islanders,NYI,0,5080227,Ryan Greene,C,20,True,False,forwards,0,0,0,0,889,0,93,796,20,0,0,0,2,0,5,9,35.7,0,0,0,0,4,0.8,1.2,0.5,1.0,0.7,0.75,0.2,0.3,0.0,0.2,0.1,0.25,0.4,0.4,0.25,954.4,937.9,920.75,36.8,64.9,10.75,816.2,781.3,824.25,21.0,20.3,20.75,1.9791666666666667,0.9791666666666669,0,26.0,29.0,2.6,2.333333333333333,0.8875374625374629,0.90491452991453,8.8,12.0,1.0,0,15.906666666666666,0.6133333333333333,3.017602682313496,0.0385582564962279
401892462,2027,2026-10-08 23:30:00+00:00,4,Chicago Blackhawks,CHI,12,New York Islanders,NYI,0,4991,Ian Cole,D,28,True,False,defenses,1,2,0,0,874,0,137,737,22,0,0,0,1,0,0,0,0.0,1,0,0,0,4,0.4,0.7,0.5,0.0,0.3,0.0,0.0,0.0,0.0,0.0,0.1,0.0,0.0,0.1,0.0,1009.6,1069.3,1016.75,2.8,2.2,3.5,894.4,914.4,892.5,22.0,24.2,22.25,1.9791666666666667,0.9791666666666669,0,26.0,29.0,2.6,2.333333333333333,0.8875374625374629,0.90491452991453,8.8,12.0,1.0,0,16.826666666666668,0.0466666666666666,1.4263074484944531,0.0027733755942947
401891825,2027,2026-10-09 00:00:00+00:00,19,St. Louis Blues,STL,18,San Jose Sharks,SJ,1,3069341,Colton Parayko,D,55,True,False,defenses,3,3,0,0,1403,0,295,1108,29,0,0,0,0,1,0,0,0.0,2,0,0,0,3,1.8,1.4,2.0,2.0,1.3,1.3333333333333333,0.0,0.2,0.0,0.2,0.1,0.3333333333333333,0.2,0.3,0.3333333333333333,1235.4,1228.3,1227.6666666666667,4.6,13.4,7.666666666666667,1077.2,1083.4,1020.6666666666666,25.0,24.5,25.666666666666668,2.0,1.0,0,27.6,29.0,3.6,4.0,0.8665303215303218,0.8593406593406593,11.6,11.333333333333334,2.0,0,20.59,0.0766666666666666,5.245264691597863,0.0037234903674923
401891825,2027,2026-10-09 00:00:00+00:00,19,St. Louis Blues,STL,18,San Jose Sharks,SJ,1,4565246,Connor McMichael,C,77,True,False,forwards,0,0,1,-1,968,121,142,705,28,1,2,0,2,0,0,3,0.0,0,0,0,1,3,2.0,1.9,2.6666666666666665,0.8,0.7,1.3333333333333333,0.6,0.5,0.3333333333333333,0.6,0.5,0.6666666666666666,1.2,1.0,1.0,938.4,951.8,925.0,95.4,78.6,123.33333333333331,743.0,756.5,685.6666666666666,22.2,22.2,22.666666666666668,2.0,1.0,0,27.6,29.0,3.6,4.0,0.8665303215303218,0.8593406593406593,11.6,11.333333333333334,2.0,0,15.64,1.59,7.672634271099745,0.1016624040920716
401891825,2027,2026-10-09 00:00:00+00:00,19,St. Louis Blues,STL,18,San Jose Sharks,SJ,1,5149178,Dalibor Dvorsky,RW,15,True,False,forwards,0,0,0,0,888,119,0,769,18,0,2,0,2,1,4,4,50.0,2,0,0,0,3,2.0,1.4,2.0,0.2,0.5,0.0,0.4,0.3,0.6666666666666666,0.0,0.1,0.0,0.4,0.4,0.6666666666666666,756.6,792.3,723.3333333333334,76.6,90.8,94.0,680.0,701.5,629.3333333333334,18.6,18.4,18.33333333333333,2.0,1.0,0,27.6,29.0,3.6,4.0,0.8665303215303218,0.8593406593406593,11.6,11.333333333333334,2.0,0,12.61,1.2766666666666666,9.516256938937351,0.1012424002114723
401891825,2027,2026-10-09 00:00:00+00:00,19,St. Louis Blues,STL,18,San Jose Sharks,SJ,1,4063268,Dillon Dube,C,65,True,False,forwards,0,1,0,0,667,0,168,499,15,1,1,0,1,1,0,0,0.0,0,0,0,1,2,0.4,0.6,0.0,0.0,0.2,0.0,0.0,0.0,0.0,0.0,0.0,0.0,0.0,0.0,0.0,598.8,559.4,704.0,4.0,4.1,2.5,523.0,491.8,596.5,15.2,14.6,18.0,2.0,1.0,0,27.6,29.0,3.6,4.0,0.8665303215303218,0.8593406593406593,11.6,11.333333333333334,2.0,0,9.98,0.0666666666666666,2.404809619238477,0.0066800267201068
401891825,2027,2026-10-09 00:00:00+00:00,19,St. Louis Blues,STL,18,San Jose Sharks,SJ,1,4697397,Dylan Holloway,LW,81,True,False,forwards,1,1,0,-1,1047,113,0,934,21,0,0,0,2,0,0,0,0.0,0,0,0,0,3,2.2,2.5,1.3333333333333333,0.8,0.8,0.3333333333333333,0.4,0.3,0.0,0.6,0.8,0.0,1.0,1.1,0.0,1045.4,1093.4,1019.6666666666666,154.4,180.5,199.33333333333331,870.2,893.9,789.6666666666666,21.6,21.7,21.666666666666668,2.0,1.0,0,27.6,29.0,3.6,4.0,0.8665303215303218,0.8593406593406593,11.6,11.333333333333334,2.0,0,17.423333333333336,2.5733333333333333,7.576047445953701,0.1476946623302085
401891825,2027,2026-10-09 00:00:00+00:00,19,St. Louis Blues,STL,18,San Jose Sharks,SJ,1,4697409,Jake Neighbours,LW,63,True,False,forwards,0,2,0,0,892,112,0,780,17,0,0,0,2,0,0,0,0.0,0,0,0,0,3,1.0,1.3,0.6666666666666666,0.4,0.6,0.6666666666666666,0.0,0.1,0.0,0.4,0.3,0.0,0.4,0.4,0.0,840.8,866.4,840.3333333333334,101.2,147.6,115.66666666666669,704.8,701.3,666.6666666666666,18.8,18.9,19.0,2.0,1.0,0,27.6,29.0,3.6,4.0,0.8665303215303218,0.8593406593406593,11.6,11.333333333333334,2.0,0,14.013333333333332,1.6866666666666668,4.28163653663178,0.1203615604186489
401891825,2027,2026-10-09 00:00:00+00:00,19,St. Louis Blues,STL,18,San Jose Sharks,SJ,1,5080171,Jimmy Snuggerud,RW,21,True,False,forwards,0,2,0,-1,1032,113,0,919,22,0,1,0,1,5,0,1,0.0,2,0,0,0,3,2.6,3.1,2.6666666666666665,0.8,1.0,0.6666666666666666,0.6,0.5,0.3333333333333333,0.8,0.9,0.3333333333333333,1.4,1.4,0.6666666666666666,1032.4,1053.2,1056.0,153.8,179.6,198.33333333333331,876.0,872.3,856.3333333333334,20.6,21.0,20.33333333333333,2.0,1.0,0,27.6,29.0,3.6,4.0,0.8665303215303218,0.8593406593406593,11.6,11.333333333333334,2.0,0,17.206666666666667,2.563333333333333,9.066253390158852,0.1489732661759008
401891825,2027,2026-10-09 00:00:00+00:00,19,St. Louis Blues,STL,18,San Jose Sharks,SJ,1,3042081,Pavel Buchnevich,LW,89,True,False,forwards,1,1,1,0,1175,115,275,785,23,0,0,0,1,0,0,1,0.0,1,0,0,0,3,1.6,1.3,1.3333333333333333,1.0,1.3,1.0,0.4,0.3,0.0,0.2,0.2,0.3333333333333333,0.6,0.5,0.3333333333333333,974.0,964.8,1012.3333333333334,81.0,121.5,103.0,777.8,745.2,751.6666666666666,21.4,21.0,23.33333333333333,2.0,1.0,0,27.6,29.0,3.6,4.0,0.8665303215303218,0.8593406593406593,11.6,11.333333333333334,2.0,0,16.233333333333334,1.35,5.913757700205339,0.0831622176591375
401891825,2027,2026-10-09 00:00:00+00:00,19,St. Louis Blues,STL,18,San Jose Sharks,SJ,1,4697408,Justin Barron,D,72,True,False,defenses,2,0,0,0,846,0,113,733,17,0,0,0,1,1,0,0,0.0,0,0,0,0,0,0.6,0.6,,0.4,0.4,,0.0,0.0,,0.0,0.2,,0.0,0.2,,1075.6,1037.0,,19.4,15.1,,985.6,977.9,,22.4,22.2,,175.0,10.0,0,27.6,29.0,3.6,4.0,0.8665303215303218,0.8593406593406593,11.6,11.333333333333334,2.0,0,17.926666666666666,0.3233333333333333,2.008181480104128,0.0180364447750093
401891825,2027,2026-10-09 00:00:00+00:00,19,St. Louis Blues,STL,18,San Jose Sharks,SJ,1,4874718,Mason McTavish,C,83,True,False,forwards,0,2,0,1,869,120,0,749,21,0,2,1,5,1,10,8,55.6,0,0,0,1,3,3.2,2.7,2.6666666666666665,1.6,1.1,1.3333333333333333,0.8,0.5,0.6666666666666666,0.2,0.4,0.0,1.0,0.9,0.6666666666666666,970.4,882.6,937.6666666666666,204.4,162.1,166.66666666666666,766.0,720.5,771.0,20.4,18.3,20.0,2.0,1.0,0,27.6,29.0,3.6,4.0,0.8665303215303218,0.8593406593406593,11.6,11.333333333333334,2.0,0,16.173333333333332,3.4066666666666667,11.871393239901074,0.2106347897774113
401891825,2027,2026-10-09 00:00:00+00:00,19,St. Louis Blues,STL,18,San Jose Sharks,SJ,1,4565229,Philip Broberg,D,6,True,False,defenses,0,1,1,-1,1465,0,275,1190,27,0,0,0,2,0,0,0,0.0,3,0,0,0,3,2.0,1.5,1.6666666666666667,0.4,0.2,0.3333333333333333,0.0,0.0,0.0,0.8,0.5,0.6666666666666666,0.8,0.5,0.6666666666666666,1315.6,1334.5,1316.3333333333333,56.8,136.1,33.333333333333336,1109.2,1073.0,1057.0,26.2,25.5,26.33333333333333,2.0,1.0,0,27.6,29.0,3.6,4.0,0.8665303215303218,0.8593406593406593,11.6,11.333333333333334,2.0,0,21.926666666666662,0.9466666666666668,5.472788081483734,0.0431742170872605
401891825,2027,2026-10-09 00:00:00+00:00,19,St. Louis Blues,STL,18,San Jose Sharks,SJ,1,4271732,Pius Suter,C,22,True,False,forwards,1,1,0,0,673,0,203,470,15,0,1,0,2,0,5,2,71.4,0,0,0,0,3,1.0,1.1,1.3333333333333333,0.2,0.5,0.3333333333333333,0.2,0.2,0.3333333333333333,0.4,0.4,0.3333333333333333,0.6,0.6,0.6666666666666666,883.0,882.7,879.0,1.2,0.6,2.0,738.2,733.8,679.3333333333334,18.8,19.5,19.33333333333333,2.0,1.0,0,27.6,29.0,3.6,4.0,0.8665303215303218,0.8593406593406593,11.6,11.333333333333334,2.0,0,14.716666666666669,0.02,4.077010192525481,0.0013590033975084
401891825,2027,2026-10-09 00:00:00+00:00,19,St. Louis Blues,STL,18,San Jose Sharks,SJ,1,4233637,Robert Thomas,C,18,True,False,forwards,1,1,0,-2,1237,114,148,975,25,0,0,0,2,3,12,11,52.2,2,0,0,0,3,1.4,1.7,1.0,0.4,0.7,0.3333333333333333,0.6,0.7,0.0,0.4,0.4,0.0,1.0,1.1,0.0,1149.6,1165.6,1200.0,148.8,184.9,195.0,884.6,907.4,826.3333333333334,22.4,22.4,23.666666666666668,2.0,1.0,0,27.6,29.0,3.6,4.0,0.8665303215303218,0.8593406593406593,11.6,11.333333333333334,2.0,0,19.16,2.48,4.384133611691023,0.1294363256784969
401891825,2027,2026-10-09 00:00:00+00:00,19,St. Louis Blues,STL,18,San Jose Sharks,SJ,1,3067822,Ross Johnston,LW,49,True,False,forwards,1,5,0,0,482,0,0,482,10,0,0,0,1,0,0,0,0.0,1,0,0,0,2,0.4,0.4,0.5,0.4,0.4,0.5,0.0,0.0,0.0,0.0,0.1,0.0,0.0,0.1,0.0,549.4,592.6,517.0,2.2,1.1,5.0,547.2,591.5,512.0,13.6,14.2,13.5,2.0,1.0,0,27.6,29.0,3.6,4.0,0.8665303215303218,0.8593406593406593,11.6,11.333333333333334,2.0,0,9.156666666666666,0.0366666666666666,2.6210411357844925,0.0040043684018929
401891825,2027,2026-10-09 00:00:00+00:00,19,St. Louis Blues,STL,18,San Jose Sharks,SJ,1,5495,Cam Fowler,D,17,True,False,defenses,1,0,1,1,1363,111,145,1107,26,0,0,0,0,0,0,0,0.0,1,1,2,0,3,1.4,0.9,1.6666666666666667,0.2,0.2,0.3333333333333333,0.0,0.1,0.0,0.2,0.2,0.0,0.2,0.3,0.0,1335.4,1225.7,1382.3333333333333,94.2,63.8,153.66666666666666,1090.6,1027.9,1034.3333333333333,26.0,24.1,27.33333333333333,2.0,1.0,0,27.6,29.0,3.6,4.0,0.8665303215303218,0.8593406593406593,11.6,11.333333333333334,2.0,0,22.256666666666668,1.57,3.774150067395537,0.0705406619739403
401891825,2027,2026-10-09 00:00:00+00:00,19,St. Louis Blues,STL,18,San Jose Sharks,SJ,1,4378660,Jonatan Berggren,RW,29,True,False,forwards,0,0,0,1,737,0,11,726,21,0,0,1,0,0,0,0,0.0,1,0,0,1,3,0.8,1.0,1.0,0.8,1.0,1.0,0.0,0.1,0.0,0.4,0.2,0.0,0.4,0.3,0.0,874.0,909.0,887.0,29.0,67.5,28.0,840.8,839.4,852.0,18.2,19.9,18.33333333333333,2.0,1.0,0,27.6,29.0,3.6,4.0,0.8665303215303218,0.8593406593406593,11.6,11.333333333333334,2.0,0,14.566666666666666,0.4833333333333333,3.2951945080091534,0.0331807780320366
401891825,2027,2026-10-09 00:00:00+00:00,19,St. Louis Blues,STL,18,San Jose Sharks,SJ,1,3904175,Brandon Carlo,D,25,True,False,defenses,1,2,0,0,1118,0,117,1001,25,0,0,0,1,1,0,0,0.0,1,1,2,0,3,1.0,1.1,1.0,0.2,0.3,0.3333333333333333,0.0,0.0,0.0,0.0,0.0,0.0,0.0,0.0,0.0,988.6,1093.2,1020.3333333333334,0.2,1.1,0.0,782.0,883.2,833.0,23.6,25.4,23.0,2.0,1.0,0,27.6,29.0,3.6,4.0,0.8665303215303218,0.8593406593406593,11.6,11.333333333333334,2.0,0,16.476666666666667,0.0033333333333333,3.641513251062108,0.0002023062917256
401891825,2027,2026-10-09 00:00:00+00:00,19,St. Louis Blues,STL,18,San Jose Sharks,SJ,1,5216884,Adam Jiricek,D,36,True,False,defenses,0,2,0,-1,858,127,0,731,19,0,0,0,1,0,0,0,0.0,0,1,2,0,3,1.6666666666666667,1.6666666666666667,1.6666666666666667,2.333333333333333,2.333333333333333,2.333333333333333,0.0,0.0,0.0,0.0,0.0,0.0,0.0,0.0,0.0,1090.0,1090.0,1090.0,135.66666666666666,135.66666666666666,135.66666666666666,954.3333333333334,954.3333333333334,954.3333333333334,21.666666666666668,21.666666666666668,21.666666666666668,2.0,1.0,0,27.6,29.0,3.6,4.0,0.8665303215303218,0.8593406593406593,11.6,11.333333333333334,2.0,0,18.166666666666668,2.261111111111111,5.504587155963303,0.1244648318042813
401891825,2027,2026-10-09 00:00:00+00:00,18,San Jose Sharks,SJ,19,St. Louis Blues,STL,0,3042017,Alexander Wennberg,C,21,True,False,forwards,0,0,0,1,1200,281,72,847,23,0,0,1,1,0,11,9,55.0,0,0,0,1,3,1.0,1.1,1.6666666666666667,0.2,0.3,0.0,0.0,0.1,0.0,0.2,0.3,0.0,0.2,0.4,0.0,1186.4,1180.4,1162.0,197.8,186.2,209.33333333333331,872.4,868.9,856.0,22.8,22.3,23.33333333333333,3.0,2.0,0,25.6,27.33333333333333,3.6,3.333333333333333,0.8590062111801245,0.8809523809523809,8.8,12.666666666666666,1.0,0,19.773333333333333,3.296666666666667,3.034389750505732,0.1667228590694538
401891825,2027,2026-10-09 00:00:00+00:00,18,San Jose Sharks,SJ,19,St. Louis Blues,STL,0,4874881,Zack Ostapchuk,C,63,True,False,forwards,0,4,0,0,750,16,89,645,16,0,0,0,1,1,5,1,83.3,1,0,0,0,3,1.4,0.9,1.3333333333333333,0.4,0.4,0.6666666666666666,0.0,0.0,0.0,0.0,0.0,0.0,0.0,0.0,0.0,706.2,657.7,666.0,10.8,5.4,0.0,553.2,560.5,531.3333333333334,15.8,14.8,15.666666666666666,3.0,2.0,0,25.6,27.33333333333333,3.6,3.333333333333333,0.8590062111801245,0.8809523809523809,8.8,12.666666666666666,1.0,0,11.77,0.18,7.136788445199659,0.0152931180968564
401891825,2027,2026-10-09 00:00:00+00:00,18,San Jose Sharks,SJ,19,St. Louis Blues,STL,0,3069411,Barclay Goodrow,C,23,True,False,forwards,1,3,0,0,627,16,100,511,16,0,0,0,0,0,0,0,0.0,1,0,0,0,3,0.2,0.4,0.3333333333333333,0.2,0.1,0.0,0.0,0.0,0.0,0.0,0.0,0.0,0.0,0.0,0.0,763.2,719.4,786.0,11.2,5.6,0.0,554.4,567.3,560.3333333333334,16.8,15.7,17.333333333333332,3.0,2.0,0,25.6,27.33333333333333,3.6,3.333333333333333,0.8590062111801245,0.8809523809523809,8.8,12.666666666666666,1.0,0,12.72,0.1866666666666666,0.9433962264150944,0.0146750524109014
401891825,2027,2026-10-09 00:00:00+00:00,18,San Jose Sharks,SJ,19,St. Louis Blues,STL,0,5136607,Collin Graf,RW,51,True,False,forwards,1,2,0,1,856,0,98,758,16,1,1,0,3,0,1,1,50.0,1,0,0,1,3,0.8,0.8,0.3333333333333333,0.6,0.6,0.6666666666666666,0.2,0.1,0.0,0.0,0.2,0.0,0.2,0.3,0.0,950.2,992.8,924.3333333333334,14.6,8.1,0.0,791.2,849.2,797.0,19.6,19.3,20.33333333333333,3.0,2.0,0,25.6,27.33333333333333,3.6,3.333333333333333,0.8590062111801245,0.8809523809523809,8.8,12.666666666666666,1.0,0,15.836666666666668,0.2433333333333333,3.030940854556935,0.0153651862765733
401891825,2027,2026-10-09 00:00:00+00:00,18,San Jose Sharks,SJ,19,St. Louis Blues,STL,0,3041997,Darnell Nurse,D,25,True,False,defenses,2,1,0,1,1358,2,117,1239,23,1,1,0,2,0,0,0,0.0,3,0,0,1,3,1.4,1.8,1.0,0.8,0.6,0.6666666666666666,0.0,0.0,0.0,0.2,0.3,0.0,0.2,0.3,0.0,1272.0,1285.9,1224.6666666666667,0.0,1.3,0.0,1107.0,1146.5,1066.3333333333333,25.4,25.9,25.0,3.0,2.0,0,25.6,27.33333333333333,3.6,3.333333333333333,0.8590062111801245,0.8809523809523809,8.8,12.666666666666666,1.0,0,21.2,0.0,3.962264150943396,0.0
401891825,2027,2026-10-09 00:00:00+00:00,18,San Jose Sharks,SJ,19,St. Louis Blues,STL,0,5646,Dmitry Orlov,D,9,True,False,defenses,3,2,0,0,1100,16,74,1010,20,0,0,0,0,0,0,0,0.0,2,0,0,0,3,0.6,1.2,0.6666666666666666,0.8,0.8,1.0,0.0,0.0,0.0,0.2,0.3,0.0,0.2,0.3,0.0,1085.0,1176.2,1108.6666666666667,62.0,82.9,50.66666666666666,979.4,1068.8,1006.6666666666666,21.2,22.1,21.666666666666668,3.0,2.0,0,25.6,27.33333333333333,3.6,3.333333333333333,0.8590062111801245,0.8809523809523809,8.8,12.666666666666666,1.0,0,18.08333333333333,1.0333333333333334,1.990783410138249,0.0571428571428571
401891825,2027,2026-10-09 00:00:00+00:00,18,San Jose Sharks,SJ,19,St. Louis Blues,STL,0,5361709,Ivar Stenberg,LW,41,True,False,forwards,0,0,0,1,1041,180,0,861,20,0,0,1,2,1,0,0,0.0,2,1,2,1,3,0.3333333333333333,0.3333333333333333,0.3333333333333333,0.3333333333333333,0.3333333333333333,0.3333333333333333,0.0,0.0,0.0,0.3333333333333333,0.3333333333333333,0.3333333333333333,0.3333333333333333,0.3333333333333333,0.3333333333333333,859.0,859.0,859.0,68.0,68.0,68.0,791.0,791.0,791.0,17.333333333333332,17.333333333333332,17.333333333333332,3.0,2.0,0,25.6,27.33333333333333,3.6,3.333333333333333,0.8590062111801245,0.8809523809523809,8.8,12.666666666666666,1.0,0,14.316666666666666,1.1333333333333333,1.39697322467986,0.079161816065192
401891825,2027,2026-10-09 00:00:00+00:00,18,San Jose Sharks,SJ,19,St. Louis Blues,STL,0,2976839,Jacob Trouba,D,65,True,False,defenses,1,4,0,0,1423,230,117,1076,26,0,0,1,4,1,0,0,0.0,2,0,0,1,3,1.0,1.6,1.0,0.8,0.9,1.0,0.0,0.0,0.0,0.4,0.3,0.3333333333333333,0.4,0.3,0.3333333333333333,1254.4,1300.0,1244.6666666666667,10.8,6.6,6.333333333333333,1066.6,1127.7,1015.0,26.4,26.0,25.33333333333333,3.0,2.0,0,25.6,27.33333333333333,3.6,3.333333333333333,0.8590062111801245,0.8809523809523809,8.8,12.666666666666666,1.0,0,20.90666666666667,0.18,2.869897959183673,0.008609693877551
401891825,2027,2026-10-09 00:00:00+00:00,18,San Jose Sharks,SJ,19,St. Louis Blues,STL,0,4391255,Kiefer Sherwood,LW,44,True,False,forwards,1,10,0,0,1077,264,61,752,19,0,1,0,1,0,0,0,0.0,1,0,0,0,3,1.6,1.7,1.3333333333333333,1.2,1.2,1.6666666666666667,0.2,0.3,0.3333333333333333,0.6,0.3,0.0,0.8,0.6,0.3333333333333333,878.8,942.8,817.3333333333334,54.8,48.9,23.666666666666668,746.4,839.9,687.3333333333334,18.0,18.7,18.33333333333333,3.0,2.0,0,25.6,27.33333333333333,3.6,3.333333333333333,0.8590062111801245,0.8809523809523809,8.8,12.666666666666666,1.0,0,14.646666666666668,0.9133333333333332,6.554392353208922,0.0623577605826126
401891825,2027,2026-10-09 00:00:00+00:00,18,San Jose Sharks,SJ,19,St. Louis Blues,STL,0,5216907,Igor Chernyshov,LW,92,True,False,forwards,0,0,0,-1,956,177,0,779,18,0,2,0,0,0,0,0,0.0,0,0,0,0,3,1.0,1.5,1.0,0.8,0.8,0.3333333333333333,0.6,0.6,0.6666666666666666,0.2,0.2,0.3333333333333333,0.8,0.8,1.0,895.0,880.3,873.0,139.0,92.3,153.0,752.8,786.4,714.6666666666666,17.8,17.7,18.33333333333333,3.0,2.0,0,25.6,27.33333333333333,3.6,3.333333333333333,0.8590062111801245,0.8809523809523809,8.8,12.666666666666666,1.0,0,14.916666666666666,2.316666666666667,4.022346368715084,0.1553072625698324
401891825,2027,2026-10-09 00:00:00+00:00,18,San Jose Sharks,SJ,19,St. Louis Blues,STL,0,4272192,Mason Marchment,LW,27,True,False,forwards,1,1,1,-1,1087,275,0,812,19,0,1,0,3,0,0,3,0.0,3,0,0,0,3,2.2,1.7,2.0,1.0,1.0,0.6666666666666666,0.4,0.2,0.3333333333333333,0.2,0.6,0.0,0.6,0.8,0.3333333333333333,1010.0,1027.7,906.3333333333334,129.2,180.7,74.66666666666667,880.8,847.0,831.6666666666666,19.6,19.8,19.33333333333333,3.0,2.0,0,25.6,27.33333333333333,3.6,3.333333333333333,0.8590062111801245,0.8809523809523809,8.8,12.666666666666666,1.0,0,16.833333333333332,2.1533333333333333,7.841584158415843,0.1279207920792079
401891825,2027,2026-10-09 00:00:00+00:00,18,San Jose Sharks,SJ,19,St. Louis Blues,STL,0,4331604,Michael Kesselring,D,7,True,False,defenses,0,1,1,0,1016,5,42,969,22,0,0,0,2,2,0,0,0.0,1,1,2,0,3,1.0,1.4,0.6666666666666666,0.2,0.4,0.0,0.0,0.0,0.0,0.0,0.1,0.0,0.0,0.1,0.0,1050.2,860.8,1237.0,0.0,0.0,0.0,943.8,794.1,1061.3333333333333,21.8,18.9,25.33333333333333,3.0,2.0,0,25.6,27.33333333333333,3.6,3.333333333333333,0.8590062111801245,0.8809523809523809,8.8,12.666666666666666,1.0,0,17.503333333333334,0.0,3.427918491715864,0.0
401891825,2027,2026-10-09 00:00:00+00:00,18,San Jose Sharks,SJ,19,St. Louis Blues,STL,0,5291934,Michael Misa,C,77,True,False,forwards,0,1,0,2,914,178,0,736,16,0,0,1,0,0,5,6,45.5,1,0,0,1,3,2.2,1.6,1.3333333333333333,0.6,0.5,0.3333333333333333,0.4,0.2,0.0,0.2,0.3,0.3333333333333333,0.6,0.5,0.3333333333333333,832.2,781.5,823.3333333333334,82.4,57.7,61.66666666666666,745.4,721.6,754.3333333333334,17.8,16.5,18.0,3.0,2.0,0,25.6,27.33333333333333,3.6,3.333333333333333,0.8590062111801245,0.8809523809523809,8.8,12.666666666666666,1.0,0,13.87,1.3733333333333335,9.51694304253785,0.099014659937515
401891825,2027,2026-10-09 00:00:00+00:00,18,San Jose Sharks,SJ,19,St. Louis Blues,STL,0,5216880,Sam Dickinson,D,6,True,False,defenses,1,4,0,0,943,0,116,827,18,0,0,1,0,1,0,0,0.0,1,0,0,1,1,0.4,0.7,1.0,0.6,1.1,0.0,0.0,0.0,0.0,0.2,0.1,0.0,0.2,0.1,0.0,1091.4,1069.1,988.0,22.2,30.6,0.0,994.2,999.4,876.0,19.2,18.5,22.0,3.0,2.0,0,25.6,27.33333333333333,3.6,3.333333333333333,0.8590062111801245,0.8809523809523809,8.8,12.666666666666666,1.0,0,18.19,0.37,1.319406267179769,0.0203408466190214
401891825,2027,2026-10-09 00:00:00+00:00,18,San Jose Sharks,SJ,19,St. Louis Blues,STL,0,4352747,Ty Dellandrea,C,10,True,False,forwards,1,2,0,0,751,16,46,689,16,0,0,0,1,1,3,2,60.0,0,0,0,0,1,1.2,0.9,0.0,0.2,0.2,0.0,0.0,0.0,0.0,0.0,0.0,0.0,0.0,0.0,0.0,745.2,747.6,860.0,10.8,12.2,0.0,645.2,631.6,761.0,15.6,16.7,17.0,3.0,2.0,0,25.6,27.33333333333333,3.6,3.333333333333333,0.8590062111801245,0.8809523809523809,8.8,12.666666666666666,1.0,0,12.42,0.18,5.797101449275362,0.0144927536231884
401891825,2027,2026-10-09 00:00:00+00:00,18,San Jose Sharks,SJ,19,St. Louis Blues,STL,0,5550,Tyler Toffoli,C,73,True,False,forwards,0,1,0,1,951,276,0,675,20,1,2,1,4,0,0,0,0.0,0,0,0,2,3,1.6,1.9,2.333333333333333,1.2,1.0,0.6666666666666666,0.2,0.2,0.3333333333333333,0.2,0.2,0.3333333333333333,0.4,0.4,0.6666666666666666,768.4,784.9,760.0,115.6,131.3,85.0,652.8,653.6,675.0,16.6,16.1,17.0,3.0,2.0,0,25.6,27.33333333333333,3.6,3.333333333333333,0.8590062111801245,0.8809523809523809,8.8,12.666666666666666,1.0,0,12.806666666666668,1.9266666666666663,7.496095783446123,0.1504424778761061
401891825,2027,2026-10-09 00:00:00+00:00,18,San Jose Sharks,SJ,19,St. Louis Blues,STL,0,5149155,Will Smith,C,2,True,False,forwards,1,1,0,-2,933,195,0,738,19,0,2,0,1,3,5,9,35.7,0,0,0,0,3,2.0,1.9,1.6666666666666667,0.8,0.9,1.0,0.6,0.4,0.6666666666666666,0.4,0.4,0.3333333333333333,1.0,0.8,1.0,1055.0,1081.4,1146.0,188.0,162.5,203.66666666666663,856.6,913.7,925.0,19.8,19.7,21.33333333333333,3.0,2.0,0,25.6,27.33333333333333,3.6,3.333333333333333,0.8590062111801245,0.8809523809523809,8.8,12.666666666666666,1.0,0,17.583333333333332,3.1333333333333333,6.8246445497630335,0.1781990521327014
401891825,2027,2026-10-09 00:00:00+00:00,18,San Jose Sharks,SJ,19,St. Louis Blues,STL,0,5188591,Luca Cagnoni,D,42,True,False,defenses,1,0,1,0,966,238,0,728,18,0,1,0,2,1,0,0,0.0,1,0,0,0,3,1.8,1.5,2.0,0.4,0.6,0.6666666666666666,0.2,0.1,0.3333333333333333,0.2,0.2,0.3333333333333333,0.4,0.3,0.6666666666666666,1210.2,1098.4,1233.0,215.4,182.3,221.66666666666663,992.8,915.1,1008.0,20.4,19.8,20.666666666666668,3.0,2.0,0,25.6,27.33333333333333,3.6,3.333333333333333,0.8590062111801245,0.8809523809523809,8.8,12.666666666666666,1.0,0,20.17,3.5900000000000003,5.354486861675755,0.1779871095686663
401892463,2027,2026-10-09 01:00:00+00:00,17,Colorado Avalanche,COL,3,Calgary Flames,CGY,0,4874744,Zachary L'Heureux,LW,68,True,False,forwards,0,2,0,0,656,0,0,656,16,0,0,1,2,1,0,0,0.0,1,1,5,1,1,1.8,1.9,3.0,0.2,0.6,0.0,0.0,0.2,0.0,0.2,0.1,0.0,0.2,0.3,0.0,763.6,827.3,502.0,24.2,25.8,0.0,609.6,665.2,502.0,17.0,18.5,12.0,1.0625,0.0625,1,30.2,28.33333333333333,4.0,5.333333333333333,0.8643539939592573,0.8121438746438746,12.6,16.333333333333332,3.041666666666667,0,12.726666666666668,0.4033333333333333,8.486118386589837,0.0316919853326348
401892463,2027,2026-10-09 01:00:00+00:00,17,Colorado Avalanche,COL,3,Calgary Flames,CGY,0,3068665,Brett Kulak,D,27,True,False,defenses,3,0,0,2,1122,28,23,1071,23,0,0,2,0,1,0,0,0.0,0,0,0,2,3,0.8,1.2,0.6666666666666666,0.6,0.9,0.3333333333333333,0.0,0.0,0.0,0.4,0.2,0.3333333333333333,0.4,0.2,0.3333333333333333,1130.6,1223.9,1073.6666666666667,0.2,0.1,0.0,1006.4,1109.6,946.3333333333334,22.6,24.3,22.33333333333333,1.0625,0.0625,1,30.2,28.33333333333333,4.0,5.333333333333333,0.8643539939592573,0.8121438746438746,12.6,16.333333333333332,3.041666666666667,0,18.84333333333333,0.0033333333333333,2.547320007075889,0.0001768972227136
401892463,2027,2026-10-09 01:00:00+00:00,17,Colorado Avalanche,COL,3,Calgary Flames,CGY,0,5798,Brock Nelson,C,11,True,False,forwards,0,2,0,0,935,39,62,834,20,0,1,1,1,0,13,9,59.1,1,0,0,1,3,0.6,1.3,0.6666666666666666,0.4,1.0,0.3333333333333333,0.2,0.1,0.3333333333333333,0.4,0.5,0.6666666666666666,0.6,0.6,1.0,1089.4,1139.3,1045.0,145.8,146.9,96.33333333333331,806.2,869.5,780.3333333333334,23.8,23.8,23.666666666666668,1.0625,0.0625,1,30.2,28.33333333333333,4.0,5.333333333333333,0.8643539939592573,0.8121438746438746,12.6,16.333333333333332,3.041666666666667,0,18.15666666666667,2.43,1.9827427941986409,0.1338351386084083
401892463,2027,2026-10-09 01:00:00+00:00,17,Colorado Avalanche,COL,3,Calgary Flames,CGY,0,4233563,Cale Makar,D,8,True,False,defenses,0,0,1,2,1337,164,47,1126,23,2,3,1,2,0,0,0,0.0,1,0,0,3,3,3.0,2.4,2.6666666666666665,0.4,0.6,0.3333333333333333,0.2,0.1,0.3333333333333333,1.2,1.1,0.6666666666666666,1.4,1.2,1.0,1326.2,1382.5,1271.3333333333333,250.4,221.4,234.0,989.8,1052.3,942.0,22.2,22.3,21.33333333333333,1.0625,0.0625,1,30.2,28.33333333333333,4.0,5.333333333333333,0.8643539939592573,0.8121438746438746,12.6,16.333333333333332,3.041666666666667,0,22.10333333333333,4.173333333333334,8.143568089277636,0.1888101342180666
401892463,2027,2026-10-09 01:00:00+00:00,17,Colorado Avalanche,COL,3,Calgary Flames,CGY,0,3096249,Devon Toews,D,7,True,False,defenses,0,0,0,3,1134,59,39,1036,24,2,2,0,3,0,0,0,0.0,2,1,2,2,3,1.8,1.5,0.6666666666666666,1.0,0.8,1.6666666666666667,0.0,0.1,0.0,0.4,0.4,0.6666666666666666,0.4,0.5,0.6666666666666666,1370.4,1418.4,1209.0,192.4,184.0,97.66666666666669,1023.0,1079.6,975.0,25.4,27.0,25.0,1.0625,0.0625,1,30.2,28.33333333333333,4.0,5.333333333333333,0.8643539939592573,0.8121438746438746,12.6,16.333333333333332,3.041666666666667,0,22.84,3.2066666666666666,4.728546409807356,0.1403969643899591
401892463,2027,2026-10-09 01:00:00+00:00,17,Colorado Avalanche,COL,3,Calgary Flames,CGY,0,4874736,Fedor Svechkov,C,9,True,False,forwards,1,0,0,2,715,0,0,715,16,0,1,1,0,0,5,4,55.6,3,0,0,1,3,1.4,1.2,1.3333333333333333,0.4,0.6,0.6666666666666666,0.2,0.2,0.3333333333333333,0.2,0.1,0.3333333333333333,0.4,0.3,0.6666666666666666,849.6,792.1,869.3333333333334,0.0,0.8,0.0,785.8,754.2,817.3333333333334,18.2,16.2,18.666666666666668,1.0625,0.0625,1,30.2,28.33333333333333,4.0,5.333333333333333,0.8643539939592573,0.8121438746438746,12.6,16.333333333333332,3.041666666666667,0,14.16,0.0,5.932203389830508,0.0
401892463,2027,2026-10-09 01:00:00+00:00,17,Colorado Avalanche,COL,3,Calgary Flames,CGY,0,2562609,Gabriel Landeskog,LW,92,True,False,forwards,1,2,0,0,849,52,0,797,16,0,1,0,1,1,0,0,0.0,2,0,0,0,3,2.2,2.0,1.3333333333333333,1.6,1.4,0.3333333333333333,0.4,0.3,0.3333333333333333,0.2,0.1,0.3333333333333333,0.6,0.4,0.6666666666666666,1068.8,997.3,954.3333333333334,265.6,195.2,194.66666666666663,802.8,800.9,759.6666666666666,19.8,19.7,18.666666666666668,1.0625,0.0625,1,30.2,28.33333333333333,4.0,5.333333333333333,0.8643539939592573,0.8121438746438746,12.6,16.333333333333332,3.041666666666667,0,17.813333333333333,4.426666666666667,7.410179640718564,0.2485029940119761
401892463,2027,2026-10-09 01:00:00+00:00,17,Colorado Avalanche,COL,3,Calgary Flames,CGY,0,5835,Jaden Schwartz,C,71,True,False,forwards,0,0,0,2,831,52,0,779,18,2,3,0,2,1,1,0,100.0,0,0,0,2,3,1.8,1.5,2.333333333333333,0.2,0.5,0.3333333333333333,0.2,0.2,0.3333333333333333,1.0,0.7,1.0,1.2,0.9,1.3333333333333333,852.6,902.2,806.6666666666666,88.0,86.6,115.33333333333331,750.8,791.4,691.3333333333334,20.2,20.0,18.0,1.0625,0.0625,1,30.2,28.33333333333333,4.0,5.333333333333333,0.8643539939592573,0.8121438746438746,12.6,16.333333333333332,3.041666666666667,0,14.21,1.4666666666666666,7.600281491907108,0.1032136992728125
401892463,2027,2026-10-09 01:00:00+00:00,17,Colorado Avalanche,COL,3,Calgary Flames,CGY,0,2300,Brent Burns,D,84,True,False,defenses,2,0,0,0,1200,13,47,1140,24,0,0,1,2,2,0,0,0.0,1,0,0,1,3,1.0,1.8,1.3333333333333333,1.8,1.5,2.0,0.0,0.1,0.0,0.6,0.5,0.6666666666666666,0.6,0.6,0.6666666666666666,1004.8,1080.3,920.3333333333334,19.0,21.0,0.0,873.4,926.1,790.3333333333334,21.2,23.0,19.33333333333333,1.0625,0.0625,1,30.2,28.33333333333333,4.0,5.333333333333333,0.8643539939592573,0.8121438746438746,12.6,16.333333333333332,3.041666666666667,0,16.746666666666666,0.3166666666666666,3.582802547770701,0.0189092356687898
401892463,2027,2026-10-09 01:00:00+00:00,17,Colorado Avalanche,COL,3,Calgary Flames,CGY,0,4233586,Martin Necas,C,88,True,False,forwards,0,0,1,0,1038,169,0,869,19,0,2,0,2,1,0,0,0.0,0,0,0,0,3,3.8,3.6,3.6666666666666665,2.2,1.7,1.3333333333333333,0.4,0.5,0.6666666666666666,0.6,0.7,0.6666666666666666,1.0,1.2,1.3333333333333333,1329.8,1303.5,1181.6666666666667,294.6,240.6,231.66666666666663,1034.8,1056.4,950.0,22.2,21.8,21.666666666666668,1.0625,0.0625,1,30.2,28.33333333333333,4.0,5.333333333333333,0.8643539939592573,0.8121438746438746,12.6,16.333333333333332,3.041666666666667,0,22.16333333333333,4.91,10.287261242292074,0.2215370732440968
401892463,2027,2026-10-09 01:00:00+00:00,17,Colorado Avalanche,COL,3,Calgary Flames,CGY,0,3041969,Nathan MacKinnon,C,29,True,False,forwards,0,0,1,2,1122,174,0,948,21,1,3,2,2,1,10,7,58.8,2,0,0,3,3,3.8,3.8,4.333333333333333,2.6,2.2,2.6666666666666665,0.6,0.5,0.6666666666666666,0.6,0.6,1.0,1.2,1.1,1.6666666666666667,1263.2,1277.0,1123.6666666666667,282.2,236.4,213.66666666666663,977.6,1029.2,904.3333333333334,22.8,22.9,22.33333333333333,1.0625,0.0625,1,30.2,28.33333333333333,4.0,5.333333333333333,0.8643539939592573,0.8121438746438746,12.6,16.333333333333332,3.041666666666667,0,21.05333333333333,4.703333333333333,10.829639012032931,0.223400886637112
401892463,2027,2026-10-09 01:00:00+00:00,17,Colorado Avalanche,COL,3,Calgary Flames,CGY,0,5349,Nazem Kadri,C,91,True,False,forwards,0,0,1,1,1034,152,0,882,19,0,0,1,2,0,2,3,40.0,3,0,0,1,3,2.6,2.5,3.333333333333333,0.8,1.3,0.3333333333333333,0.0,0.2,0.0,0.4,0.4,0.6666666666666666,0.4,0.6,0.6666666666666666,950.4,965.0,1090.0,151.4,178.1,149.66666666666666,796.2,785.0,935.6666666666666,19.8,19.1,23.666666666666668,1.0625,0.0625,1,30.2,28.33333333333333,4.0,5.333333333333333,0.8643539939592573,0.8121438746438746,12.6,16.333333333333332,3.041666666666667,0,15.84,2.523333333333333,9.848484848484848,0.1593013468013468
401892463,2027,2026-10-09 01:00:00+00:00,17,Colorado Avalanche,COL,3,Calgary Flames,CGY,0,3943996,Nicolas Roy,C,10,True,False,forwards,0,2,0,1,843,0,47,796,18,0,2,0,0,3,6,3,66.7,1,0,0,0,3,1.6,1.3,2.6666666666666665,0.8,0.8,0.6666666666666666,0.4,0.3,0.6666666666666666,0.2,0.3,0.3333333333333333,0.6,0.6,1.0,843.0,778.6,745.0,94.6,85.7,0.0,690.2,658.1,648.0,18.4,16.9,18.0,1.0625,0.0625,1,30.2,28.33333333333333,4.0,5.333333333333333,0.8643539939592573,0.8121438746438746,12.6,16.333333333333332,3.041666666666667,0,14.05,1.5766666666666669,6.832740213523131,0.1122182680901542
401892463,2027,2026-10-09 01:00:00+00:00,17,Colorado Avalanche,COL,3,Calgary Flames,CGY,0,3900504,Noah Juulsen,D,47,True,False,defenses,2,3,0,1,995,13,0,982,22,0,0,1,0,0,0,0,0.0,2,0,0,1,2,0.2,0.6,0.5,0.4,0.4,0.5,0.0,0.0,0.0,0.0,0.1,0.0,0.0,0.1,0.0,804.0,764.0,665.0,0.0,0.0,0.0,757.4,713.1,659.5,19.8,19.5,18.0,5.0,4.0,0,30.2,28.33333333333333,4.0,5.333333333333333,0.8643539939592573,0.8121438746438746,12.6,16.333333333333332,3.041666666666667,0,13.4,0.0,0.8955223880597015,0.0
401892463,2027,2026-10-09 01:00:00+00:00,17,Colorado Avalanche,COL,3,Calgary Flames,CGY,0,4392309,Parker Kelly,C,17,True,False,forwards,1,2,0,0,694,8,47,639,18,0,1,1,2,1,1,0,100.0,1,1,2,1,3,1.4,1.4,1.0,0.2,0.5,0.0,0.4,0.3,0.3333333333333333,0.6,0.3,1.0,1.0,0.6,1.3333333333333333,794.0,753.9,826.6666666666666,0.0,0.0,0.0,689.6,653.1,687.6666666666666,19.0,17.6,20.666666666666668,1.0625,0.0625,1,30.2,28.33333333333333,4.0,5.333333333333333,0.8643539939592573,0.8121438746438746,12.6,16.333333333333332,3.041666666666667,0,13.233333333333333,0.0,6.347607052896725,0.0
401892463,2027,2026-10-09 01:00:00+00:00,17,Colorado Avalanche,COL,3,Calgary Flames,CGY,0,5136616,T.J. Hughes,RW,13,True,False,forwards,0,1,1,2,986,162,0,824,19,0,0,1,6,0,3,3,50.0,0,0,0,1,3,1.6666666666666667,1.6666666666666667,1.6666666666666667,1.3333333333333333,1.3333333333333333,1.3333333333333333,0.0,0.0,0.0,0.0,0.0,0.0,0.0,0.0,0.0,909.0,909.0,909.0,212.66666666666663,212.66666666666663,212.66666666666663,696.3333333333334,696.3333333333334,696.3333333333334,16.0,16.0,16.0,1.0625,0.0625,1,30.2,28.33333333333333,4.0,5.333333333333333,0.8643539939592573,0.8121438746438746,12.6,16.333333333333332,3.041666666666667,0,15.15,3.5444444444444443,6.600660066006601,0.2339567290062339
401892463,2027,2026-10-09 01:00:00+00:00,17,Colorado Avalanche,COL,3,Calgary Flames,CGY,0,2590829,Josh Manson,D,42,True,False,defenses,3,2,0,0,1227,0,62,1165,26,0,1,0,2,4,0,0,0.0,2,0,0,0,3,1.8,2.1,1.0,0.0,0.3,0.0,0.2,0.1,0.3333333333333333,0.4,0.4,0.6666666666666666,0.6,0.5,1.0,954.8,1058.4,961.0,2.4,1.2,0.0,836.2,931.6,833.0,19.8,21.6,19.0,1.0625,0.0625,1,30.2,28.33333333333333,4.0,5.333333333333333,0.8643539939592573,0.8121438746438746,12.6,16.333333333333332,3.041666666666667,0,15.913333333333332,0.04,6.786761625471304,0.0025136154168412
401892463,2027,2026-10-09 01:00:00+00:00,17,Colorado Avalanche,COL,3,Calgary Flames,CGY,0,3042050,Artturi Lehkonen,LW,62,True,False,forwards,1,2,0,2,1042,60,62,920,22,0,3,0,1,0,0,0,0.0,1,0,0,0,3,2.0,1.5,1.6666666666666667,0.2,0.7,0.3333333333333333,0.8,0.4,1.0,0.2,0.3,0.3333333333333333,1.0,0.7,1.3333333333333333,1154.2,1117.3,1124.6666666666667,165.0,92.3,109.33333333333331,861.0,918.4,842.3333333333334,24.6,23.6,25.33333333333333,1.0625,0.0625,1,30.2,28.33333333333333,4.0,5.333333333333333,0.8643539939592573,0.8121438746438746,12.6,16.333333333333332,3.041666666666667,0,19.236666666666668,2.75,6.238086986657424,0.1429561601108993
401892463,2027,2026-10-09 01:00:00+00:00,3,Calgary Flames,CGY,17,Colorado Avalanche,COL,1,3797,Mikael Backlund,C,11,True,False,forwards,0,0,0,0,1061,0,164,897,21,1,1,0,8,3,7,14,33.3,1,0,0,1,3,2.2,2.3,3.0,1.6,1.5,2.333333333333333,0.0,0.1,0.0,0.2,0.1,0.0,0.2,0.2,0.0,1011.6,1067.0,1026.6666666666667,0.6,28.4,0.0,831.2,860.9,826.0,22.8,23.4,23.33333333333333,4.041666666666667,3.041666666666667,0,25.8,25.33333333333333,1.8,2.6666666666666665,0.9284706804231426,0.8915371555439467,6.2,7.0,0.0625,1,16.86,0.01,7.829181494661923,0.0005931198102016
401892463,2027,2026-10-09 01:00:00+00:00,3,Calgary Flames,CGY,17,Colorado Avalanche,COL,1,4312877,Zach Whitecloud,D,28,True,False,defenses,1,1,1,0,1092,0,142,950,24,0,0,0,1,1,0,0,0.0,1,0,0,0,3,0.8,0.7,0.6666666666666666,0.2,0.4,0.3333333333333333,0.0,0.0,0.0,0.4,0.4,0.0,0.4,0.4,0.0,1180.0,1350.1,1264.6666666666667,0.0,1.3,0.0,942.4,1112.3,1056.6666666666667,23.0,24.8,25.33333333333333,4.041666666666667,3.041666666666667,0,25.8,25.33333333333333,1.8,2.6666666666666665,0.9284706804231426,0.8915371555439467,6.2,7.0,0.0625,1,19.666666666666668,0.0,2.440677966101694,0.0
401892463,2027,2026-10-09 01:00:00+00:00,3,Calgary Flames,CGY,17,Colorado Avalanche,COL,1,5216878,Zayne Parekh,D,19,True,False,defenses,2,1,0,-1,1277,109,0,1168,25,0,0,0,1,3,0,0,0.0,2,2,4,0,3,2.2,2.3,2.333333333333333,1.6,1.5,2.333333333333333,0.2,0.2,0.0,0.2,0.2,0.3333333333333333,0.4,0.4,0.3333333333333333,1203.4,1192.8,1115.3333333333333,144.0,154.3,115.66666666666669,1057.4,1036.4,999.3333333333334,22.8,22.9,21.33333333333333,4.041666666666667,3.041666666666667,0,25.8,25.33333333333333,1.8,2.6666666666666665,0.9284706804231426,0.8915371555439467,6.2,7.0,0.0625,1,20.05666666666667,2.4,6.581352833638025,0.1196609606116004
401892463,2027,2026-10-09 01:00:00+00:00,3,Calgary Flames,CGY,17,Colorado Avalanche,COL,1,5073306,Adam Klapka,RW,43,True,False,forwards,0,5,0,-1,640,0,0,640,13,1,1,0,1,2,0,1,0.0,0,0,0,1,3,1.2,1.0,1.0,1.0,0.8,1.3333333333333333,0.0,0.0,0.0,0.0,0.2,0.0,0.0,0.2,0.0,659.0,626.6,617.6666666666666,16.6,10.3,0.0,642.4,616.3,617.6666666666666,15.6,15.8,14.666666666666666,4.041666666666667,3.041666666666667,0,25.8,25.33333333333333,1.8,2.6666666666666665,0.9284706804231426,0.8915371555439467,6.2,7.0,0.0625,1,10.983333333333333,0.2766666666666666,6.555386949924127,0.0251896813353566
401892463,2027,2026-10-09 01:00:00+00:00,3,Calgary Flames,CGY,17,Colorado Avalanche,COL,1,5188613,Aydar Suniev,LW,61,True,False,forwards,1,0,0,-2,701,0,0,701,15,0,0,0,1,0,0,0,0.0,0,0,0,0,0,1.8,1.4285714285714286,,0.2,0.2857142857142857,,0.0,0.0,,0.2,0.1428571428571428,,0.2,0.1428571428571428,,701.6,724.5714285714286,,96.4,96.42857142857144,,605.2,628.1428571428571,,16.4,16.428571428571427,,175.0,10.0,0,25.8,25.33333333333333,1.8,2.6666666666666665,0.9284706804231426,0.8915371555439467,6.2,7.0,0.0625,1,11.693333333333332,1.606666666666667,9.236031927023944,0.137400228050171
401892463,2027,2026-10-09 01:00:00+00:00,3,Calgary Flames,CGY,17,Colorado Avalanche,COL,1,3149839,Jake Middleton,D,55,True,False,defenses,3,3,0,-1,1114,0,59,1055,21,0,0,0,1,0,0,0,0.0,1,0,0,0,3,1.2,0.9,1.3333333333333333,0.4,0.7,0.6666666666666666,0.0,0.1,0.0,0.0,0.1,0.0,0.0,0.2,0.0,1067.0,1064.8,1107.0,0.0,0.4,0.0,962.4,954.4,934.6666666666666,22.0,20.9,23.0,4.041666666666667,3.041666666666667,0,25.8,25.33333333333333,1.8,2.6666666666666665,0.9284706804231426,0.8915371555439467,6.2,7.0,0.0625,1,17.783333333333335,0.0,4.048734770384255,0.0
401892463,2027,2026-10-09 01:00:00+00:00,3,Calgary Flames,CGY,17,Colorado Avalanche,COL,1,4352750,Joel Farabee,LW,86,True,False,forwards,0,0,0,0,1023,109,60,854,21,0,0,1,2,0,1,3,25.0,0,0,0,1,3,2.8,2.1,2.0,1.8,1.0,1.3333333333333333,0.2,0.3,0.0,0.4,0.3,0.6666666666666666,0.6,0.6,0.6666666666666666,1044.2,1020.1,972.3333333333334,129.6,75.1,112.33333333333331,807.4,815.0,746.3333333333334,22.2,22.3,22.0,4.041666666666667,3.041666666666667,0,25.8,25.33333333333333,1.8,2.6666666666666665,0.9284706804231426,0.8915371555439467,6.2,7.0,0.0625,1,17.403333333333332,2.16,9.653323118176594,0.1241141543765562
401892463,2027,2026-10-09 01:00:00+00:00,3,Calgary Flames,CGY,17,Colorado Avalanche,COL,1,4378686,Kevin Bahl,D,7,True,False,defenses,0,0,0,0,1319,0,152,1167,26,1,1,0,1,0,0,0,0.0,2,0,0,1,3,0.2,0.1,0.3333333333333333,0.2,0.1,0.3333333333333333,0.0,0.0,0.0,0.2,0.1,0.0,0.2,0.1,0.0,1068.6,1237.7,1270.3333333333333,0.0,4.0,0.0,929.8,1059.5,1102.6666666666667,21.6,25.4,26.33333333333333,4.041666666666667,3.041666666666667,0,25.8,25.33333333333333,1.8,2.6666666666666665,0.9284706804231426,0.8915371555439467,6.2,7.0,0.0625,1,17.81,0.0,0.6737787759685571,0.0
401892463,2027,2026-10-09 01:00:00+00:00,3,Calgary Flames,CGY,17,Colorado Avalanche,COL,1,4392883,Martin Pospisil,C,76,True,False,forwards,0,4,1,-2,886,0,54,832,19,0,0,0,2,0,9,4,69.2,1,0,0,0,3,1.0,0.8,1.6666666666666667,0.8,0.4,1.3333333333333333,0.0,0.0,0.0,0.0,0.1,0.0,0.0,0.1,0.0,679.8,637.8,774.0,0.0,0.4,0.0,617.6,606.3,670.3333333333334,17.4,16.0,20.0,4.041666666666667,3.041666666666667,0,25.8,25.33333333333333,1.8,2.6666666666666665,0.9284706804231426,0.8915371555439467,6.2,7.0,0.0625,1,11.33,0.0,5.29567519858782,0.0
401892463,2027,2026-10-09 01:00:00+00:00,3,Calgary Flames,CGY,17,Colorado Avalanche,COL,1,5188608,Jonathan Castagna,C,38,True,False,forwards,1,3,0,-1,549,0,0,549,14,0,0,1,0,0,3,3,50.0,2,0,0,1,0,,,,,,,,,,,,,,,,,,,,,,,,,,,,,,0,25.8,25.33333333333333,1.8,2.6666666666666665,0.9284706804231426,0.8915371555439467,6.2,7.0,0.0625,1,,,,
401892463,2027,2026-10-09 01:00:00+00:00,3,Calgary Flames,CGY,17,Colorado Avalanche,COL,1,5216897,Matvei Gridin,RW,92,True,False,forwards,1,0,0,-1,888,109,0,779,21,0,0,0,2,2,0,1,0.0,1,0,0,0,3,1.4,1.8,1.6666666666666667,1.6,1.0,1.6666666666666667,0.0,0.1,0.0,0.4,0.5,0.3333333333333333,0.4,0.6,0.3333333333333333,935.8,984.7,867.3333333333334,140.8,123.6,112.33333333333331,795.0,860.2,755.0,19.0,20.2,18.666666666666668,4.041666666666667,3.041666666666667,0,25.8,25.33333333333333,1.8,2.6666666666666665,0.9284706804231426,0.8915371555439467,6.2,7.0,0.0625,1,15.596666666666666,2.3466666666666667,5.3857661893567,0.1504594998931396
401892463,2027,2026-10-09 01:00:00+00:00,3,Calgary Flames,CGY,17,Colorado Avalanche,COL,1,4233685,Morgan Frost,C,16,True,False,forwards,1,0,0,-1,1044,109,5,930,22,0,1,0,1,0,6,10,37.5,1,0,0,0,3,2.4,2.5,2.6666666666666665,0.8,1.3,0.6666666666666666,0.4,0.4,0.3333333333333333,0.0,0.1,0.0,0.4,0.5,0.3333333333333333,974.8,998.7,929.0,139.8,140.7,113.66666666666669,828.4,851.6,810.6666666666666,20.4,21.4,20.0,4.041666666666667,3.041666666666667,0,25.8,25.33333333333333,1.8,2.6666666666666665,0.9284706804231426,0.8915371555439467,6.2,7.0,0.0625,1,16.246666666666666,2.33,8.863356585966352,0.1434140336479278
401892463,2027,2026-10-09 01:00:00+00:00,3,Calgary Flames,CGY,17,Colorado Avalanche,COL,1,2562636,Ryan Strome,C,22,True,False,forwards,2,0,0,-1,879,0,5,874,18,0,1,1,0,0,1,3,25.0,0,0,0,1,3,1.4,1.2,2.0,0.4,0.3,0.6666666666666666,0.2,0.3,0.3333333333333333,0.2,0.1,0.0,0.4,0.4,0.3333333333333333,828.0,825.8,838.6666666666666,73.0,64.8,34.0,726.2,741.0,784.3333333333334,19.2,19.2,18.33333333333333,4.041666666666667,3.041666666666667,0,25.8,25.33333333333333,1.8,2.6666666666666665,0.9284706804231426,0.8915371555439467,6.2,7.0,0.0625,1,13.8,1.2166666666666666,6.08695652173913,0.0881642512077294
401892463,2027,2026-10-09 01:00:00+00:00,3,Calgary Flames,CGY,17,Colorado Avalanche,COL,1,5149191,Samuel Honzek,LW,29,True,False,forwards,1,3,0,-2,953,0,158,795,20,0,0,0,1,0,0,0,0.0,2,0,0,0,3,0.6,0.6,0.6666666666666666,0.2,0.5,0.3333333333333333,0.2,0.1,0.0,0.0,0.1,0.0,0.2,0.2,0.0,828.8,811.0,933.6666666666666,4.8,3.1,0.6666666666666666,702.4,710.6,767.6666666666666,20.0,19.8,21.33333333333333,4.041666666666667,3.041666666666667,0,25.8,25.33333333333333,1.8,2.6666666666666665,0.9284706804231426,0.8915371555439467,6.2,7.0,0.0625,1,13.813333333333333,0.08,2.6061776061776065,0.0057915057915057
401892463,2027,2026-10-09 01:00:00+00:00,3,Calgary Flames,CGY,17,Colorado Avalanche,COL,1,4915344,Simon Nemec,D,71,True,False,defenses,2,1,1,-3,1210,0,30,1180,24,0,0,0,1,3,0,0,0.0,2,0,0,0,3,1.6,1.7,2.333333333333333,1.6,1.0,1.0,0.0,0.0,0.0,0.0,0.0,0.0,0.0,0.0,0.0,1298.6,1229.9,1250.3333333333333,81.4,64.2,33.666666666666664,1182.4,1136.3,1164.3333333333333,23.8,21.7,25.666666666666668,4.041666666666667,3.041666666666667,0,25.8,25.33333333333333,1.8,2.6666666666666665,0.9284706804231426,0.8915371555439467,6.2,7.0,0.0625,1,21.64333333333333,1.356666666666667,4.435545972585863,0.0626828892653627
401892463,2027,2026-10-09 01:00:00+00:00,3,Calgary Flames,CGY,17,Colorado Avalanche,COL,1,4697453,Yan Kuznetsov,D,37,True,False,defenses,0,2,0,-3,1131,0,75,1056,27,0,0,0,2,1,0,0,0.0,1,0,0,0,2,1.8,1.4,2.0,0.2,0.1,0.5,0.0,0.0,0.0,0.0,0.1,0.0,0.0,0.1,0.0,1203.8,1117.5,1131.0,1.6,0.8,4.0,1067.6,991.5,1023.5,26.0,24.3,25.5,4.041666666666667,3.041666666666667,0,25.8,25.33333333333333,1.8,2.6666666666666665,0.9284706804231426,0.8915371555439467,6.2,7.0,0.0625,1,20.063333333333333,0.0266666666666666,5.38295397906629,0.0013291244392756
401892463,2027,2026-10-09 01:00:00+00:00,3,Calgary Flames,CGY,17,Colorado Avalanche,COL,1,4587843,Yegor Sharangovich,C,17,True,False,forwards,0,0,0,1,889,0,1,888,18,0,0,1,4,2,0,0,0.0,0,0,0,1,3,1.2,1.0,0.6666666666666666,0.2,0.4,0.0,0.0,0.1,0.0,0.2,0.1,0.3333333333333333,0.2,0.2,0.3333333333333333,900.6,897.7,990.6666666666666,43.6,40.9,34.0,773.8,751.3,874.6666666666666,19.6,20.1,21.33333333333333,4.041666666666667,3.041666666666667,0,25.8,25.33333333333333,1.8,2.6666666666666665,0.9284706804231426,0.8915371555439467,6.2,7.0,0.0625,1,15.01,0.7266666666666667,4.796802131912059,0.048412169664668
401892463,2027,2026-10-09 01:00:00+00:00,3,Calgary Flames,CGY,17,Colorado Avalanche,COL,1,4874730,Matt Coronato,RW,27,True,False,forwards,0,0,0,-2,984,109,11,864,20,0,1,0,0,0,2,2,50.0,1,1,5,0,3,2.4,2.3,2.333333333333333,1.4,1.8,2.0,0.4,0.2,0.3333333333333333,0.2,0.5,0.0,0.6,0.7,0.3333333333333333,1071.2,1038.6,1048.0,181.6,137.5,114.0,883.4,897.4,930.0,21.4,21.3,21.666666666666668,4.041666666666667,3.041666666666667,0,25.8,25.33333333333333,1.8,2.6666666666666665,0.9284706804231426,0.8915371555439467,6.2,7.0,0.0625,1,17.853333333333335,3.0266666666666664,8.06572068707991,0.169529499626587
401892464,2027,2026-10-09 02:00:00+00:00,37,Vegas Golden Knights,VGK,21,Toronto Maple Leafs,TOR,1,5103547,Marc Gatcomb,C,17,True,False,forwards,0,1,0,0,608,0,4,604,15,0,1,0,1,2,0,1,0.0,0,0,0,0,4,1.8,2.0,2.0,0.0,0.3,0.0,0.2,0.2,0.25,0.2,0.1,0.25,0.4,0.3,0.5,543.4,577.2,545.0,2.0,1.2,2.5,538.2,574.4,538.5,14.6,14.9,14.5,2.013888888888889,1.0138888888888888,0,28.6,26.25,2.8,2.75,0.8991134637359686,0.8936286717752235,6.8,7.0,1.125,0,9.056666666666668,0.0333333333333333,11.924917188075083,0.0036805299963194
401892464,2027,2026-10-09 02:00:00+00:00,37,Vegas Golden Knights,VGK,21,Toronto Maple Leafs,TOR,1,5202,Brayden McNabb,D,3,True,False,defenses,0,2,0,1,1090,0,75,1015,24,0,0,0,1,1,0,0,0.0,0,0,0,0,4,1.0,1.1,1.0,1.6,1.0,1.5,0.0,0.1,0.0,1.0,0.5,1.0,1.0,0.6,1.0,1132.2,1181.9,1129.75,0.0,3.9,0.0,997.8,1029.0,961.75,23.8,26.4,23.75,2.013888888888889,1.0138888888888888,0,28.6,26.25,2.8,2.75,0.8991134637359686,0.8936286717752235,6.8,7.0,1.125,0,18.87,0.0,3.1796502384737675,0.0
401892464,2027,2026-10-09 02:00:00+00:00,37,Vegas Golden Knights,VGK,21,Toronto Maple Leafs,TOR,1,4024989,Brett Howden,C,21,True,False,forwards,1,2,0,-1,918,0,38,880,20,1,1,0,3,1,4,4,50.0,0,0,0,1,4,1.6,1.4,1.75,1.6,1.3,1.75,0.0,0.2,0.0,0.2,0.2,0.25,0.2,0.4,0.25,989.4,987.1,980.25,8.8,44.9,4.25,897.4,871.0,872.0,20.2,22.1,20.0,2.013888888888889,1.0138888888888888,0,28.6,26.25,2.8,2.75,0.8991134637359686,0.8936286717752235,6.8,7.0,1.125,0,16.49,0.1466666666666666,5.82171012734991,0.008894279361229
401892464,2027,2026-10-09 02:00:00+00:00,37,Vegas Golden Knights,VGK,21,Toronto Maple Leafs,TOR,1,3114985,Ivan Barbashev,LW,49,True,False,forwards,0,3,0,1,1114,108,0,1006,21,0,0,1,4,0,0,0,0.0,1,0,0,1,4,0.8,1.2,1.0,1.0,0.9,0.75,0.0,0.1,0.0,0.6,0.7,0.75,0.6,0.8,0.75,915.4,939.1,871.25,22.8,59.9,22.25,891.6,878.7,847.75,18.6,20.1,18.0,2.013888888888889,1.0138888888888888,0,28.6,26.25,2.8,2.75,0.8991134637359686,0.8936286717752235,6.8,7.0,1.125,0,15.256666666666666,0.38,3.146165610662006,0.0249071444177408
401892464,2027,2026-10-09 02:00:00+00:00,37,Vegas Golden Knights,VGK,21,Toronto Maple Leafs,TOR,1,3648002,Jack Eichel,C,9,True,False,forwards,2,1,0,2,1598,399,47,1152,23,1,3,1,6,0,9,11,45.0,0,0,0,2,4,2.4,2.8,2.0,1.4,1.2,1.0,0.4,0.4,0.5,2.0,1.7,2.0,2.4,2.1,2.5,1176.8,1162.7,1174.75,260.8,225.1,273.5,871.8,883.6,846.0,20.8,22.1,21.0,2.013888888888889,1.0138888888888888,0,28.6,26.25,2.8,2.75,0.8991134637359686,0.8936286717752235,6.8,7.0,1.125,0,19.613333333333333,4.346666666666667,7.341944255608429,0.221617946974847
401892464,2027,2026-10-09 02:00:00+00:00,37,Vegas Golden Knights,VGK,21,Toronto Maple Leafs,TOR,1,3904185,Jeremy Lauzon,D,5,True,False,defenses,1,5,0,0,959,0,46,913,21,0,0,0,2,0,0,0,0.0,1,0,0,0,4,1.2,1.5,1.5,0.8,0.5,0.5,0.0,0.1,0.0,0.0,0.1,0.0,0.0,0.2,0.0,975.2,972.1,982.5,2.8,1.4,3.5,884.0,825.9,868.5,23.0,22.9,23.25,2.013888888888889,1.0138888888888888,0,28.6,26.25,2.8,2.75,0.8991134637359686,0.8936286717752235,6.8,7.0,1.125,0,16.253333333333334,0.0466666666666666,4.4298605414274,0.0028712059064807
401892464,2027,2026-10-09 02:00:00+00:00,37,Vegas Golden Knights,VGK,21,Toronto Maple Leafs,TOR,1,5545,Mark Stone,RW,61,True,False,forwards,2,3,0,1,1437,383,0,1054,21,1,3,0,5,3,0,1,0.0,2,1,2,1,4,2.0,2.5,2.0,0.4,0.8,0.5,0.4,0.7,0.5,0.4,0.4,0.5,0.8,1.1,1.0,1093.4,1101.1,1101.5,236.8,199.4,245.0,818.4,853.7,808.75,20.6,21.8,20.75,2.013888888888889,1.0138888888888888,0,28.6,26.25,2.8,2.75,0.8991134637359686,0.8936286717752235,6.8,7.0,1.125,0,18.223333333333336,3.9466666666666663,6.584964331443204,0.216572160234132
401892464,2027,2026-10-09 02:00:00+00:00,37,Vegas Golden Knights,VGK,21,Toronto Maple Leafs,TOR,1,2976844,Tomas Hertl,C,48,True,False,forwards,0,1,0,-1,881,372,0,509,14,0,3,0,3,3,3,3,50.0,1,0,0,0,4,3.0,2.4,3.5,2.4,2.1,2.0,0.6,0.3,0.75,0.6,0.5,0.5,1.2,0.8,1.25,973.2,925.8,985.25,257.2,225.5,267.75,714.6,699.6,715.75,17.8,17.6,18.0,2.013888888888889,1.0138888888888888,0,28.6,26.25,2.8,2.75,0.8991134637359686,0.8936286717752235,6.8,7.0,1.125,0,16.220000000000002,4.286666666666666,11.097410604192351,0.2642827784628031
401892464,2027,2026-10-09 02:00:00+00:00,37,Vegas Golden Knights,VGK,21,Toronto Maple Leafs,TOR,1,3025616,Nic Dowd,C,26,True,False,forwards,0,2,0,0,675,0,50,625,16,0,0,0,0,0,3,6,33.3,1,0,0,0,4,0.4,0.9,0.5,0.4,0.7,0.5,0.0,0.0,0.0,0.6,0.4,0.5,0.6,0.4,0.5,696.6,722.7,690.5,2.2,5.8,2.75,597.8,626.7,567.0,16.4,17.1,16.5,2.013888888888889,1.0138888888888888,0,28.6,26.25,2.8,2.75,0.8991134637359686,0.8936286717752235,6.8,7.0,1.125,0,11.61,0.0366666666666666,2.0671834625323,0.0031581969566465
401892464,2027,2026-10-09 02:00:00+00:00,37,Vegas Golden Knights,VGK,21,Toronto Maple Leafs,TOR,1,3652964,Noah Hanifin,D,15,True,False,defenses,3,0,0,0,1308,17,47,1244,26,0,1,0,1,1,0,0,0.0,2,0,0,0,4,1.4,1.7,1.5,0.4,0.6,0.5,0.2,0.1,0.25,0.0,0.4,0.0,0.2,0.5,0.25,1229.4,1287.6,1186.5,35.4,41.9,41.75,1101.0,1149.0,1028.5,25.8,29.6,25.0,2.013888888888889,1.0138888888888888,0,28.6,26.25,2.8,2.75,0.8991134637359686,0.8936286717752235,6.8,7.0,1.125,0,20.49,0.59,4.099560761346998,0.0287945339189848
401892464,2027,2026-10-09 02:00:00+00:00,37,Vegas Golden Knights,VGK,21,Toronto Maple Leafs,TOR,1,3942638,Parker Wotherspoon,D,29,True,False,defenses,1,1,1,-2,1020,0,66,954,20,0,0,0,2,2,0,0,0.0,1,0,0,0,4,0.6,0.9,0.75,0.4,0.3,0.5,0.0,0.0,0.0,0.0,0.1,0.0,0.0,0.1,0.0,1120.2,1156.3,1102.25,9.4,9.7,11.75,997.2,1048.8,978.5,23.0,21.6,23.25,2.013888888888889,1.0138888888888888,0,28.6,26.25,2.8,2.75,0.8991134637359686,0.8936286717752235,6.8,7.0,1.125,0,18.67,0.1566666666666666,1.92822710230316,0.0083913586859489
401892464,2027,2026-10-09 02:00:00+00:00,37,Vegas Golden Knights,VGK,21,Toronto Maple Leafs,TOR,1,4565261,Raphael Lavoie,C,36,True,False,forwards,0,4,0,-1,494,0,0,494,10,0,0,0,0,0,1,0,100.0,0,0,0,0,0,0.8,1.0,,1.0,0.8,,0.0,0.0,,0.0,0.0,,0.0,0.0,,544.4,595.8,,33.4,28.8,,511.0,567.0,,12.8,13.8,,219.08333333333331,10.0,0,28.6,26.25,2.8,2.75,0.8991134637359686,0.8936286717752235,6.8,7.0,1.125,0,9.073333333333332,0.5566666666666666,5.290227773695813,0.0613519470977222
401892464,2027,2026-10-09 02:00:00+00:00,37,Vegas Golden Knights,VGK,21,Toronto Maple Leafs,TOR,1,3904186,Rasmus Andersson,D,4,True,False,defenses,2,1,0,-2,1122,98,0,1024,24,0,0,0,3,2,0,0,0.0,0,0,0,0,4,1.4,2.0,1.25,0.8,0.9,0.5,0.0,0.2,0.0,0.4,0.4,0.25,0.4,0.6,0.25,1133.8,1283.8,1089.0,92.0,88.7,108.5,1039.2,1136.9,977.25,25.2,30.1,24.0,2.013888888888889,1.0138888888888888,0,28.6,26.25,2.8,2.75,0.8991134637359686,0.8936286717752235,6.8,7.0,1.125,0,18.896666666666665,1.5333333333333334,4.44522843535015,0.0811430587405186
401892464,2027,2026-10-09 02:00:00+00:00,37,Vegas Golden Knights,VGK,21,Toronto Maple Leafs,TOR,1,3042055,Shea Theodore,D,27,True,False,defenses,3,0,0,1,1249,99,7,1143,27,0,1,0,3,1,0,0,0.0,0,0,0,0,4,2.6,2.4,2.75,0.2,0.9,0.25,0.4,0.2,0.25,0.4,0.3,0.5,0.8,0.5,0.75,1272.8,1256.6,1309.5,174.0,127.1,212.75,1046.8,1093.1,1031.75,25.0,27.6,25.25,2.013888888888889,1.0138888888888888,0,28.6,26.25,2.8,2.75,0.8991134637359686,0.8936286717752235,6.8,7.0,1.125,0,21.21333333333333,2.9,7.353865493400377,0.1367064739157762
401892464,2027,2026-10-09 02:00:00+00:00,37,Vegas Golden Knights,VGK,21,Toronto Maple Leafs,TOR,1,5272307,Braeden Bowman,RW,42,True,False,forwards,0,0,0,0,816,97,27,692,19,0,1,0,0,0,0,0,0.0,0,0,0,0,4,1.4,1.5,1.5,0.2,0.3,0.25,0.2,0.1,0.25,0.2,0.3,0.25,0.4,0.4,0.5,708.2,762.2,731.75,102.4,97.2,103.75,599.0,660.8,619.5,16.8,18.0,16.75,2.013888888888889,1.0138888888888888,0,28.6,26.25,2.8,2.75,0.8991134637359686,0.8936286717752235,6.8,7.0,1.125,0,11.803333333333336,1.7066666666666668,7.116633719288335,0.1445919231855408
401892464,2027,2026-10-09 02:00:00+00:00,37,Vegas Golden Knights,VGK,21,Toronto Maple Leafs,TOR,1,3899937,Mitch Marner,RW,93,True,False,forwards,0,1,2,-1,1450,364,40,1046,24,0,1,1,5,1,0,0,0.0,4,0,0,1,4,2.4,2.4,2.5,0.8,0.9,0.75,0.4,0.2,0.25,0.2,0.4,0.25,0.6,0.6,0.5,1188.4,1187.2,1232.75,251.6,218.0,261.75,857.0,889.8,871.25,20.4,21.9,20.75,2.013888888888889,1.0138888888888888,0,28.6,26.25,2.8,2.75,0.8991134637359686,0.8936286717752235,6.8,7.0,1.125,0,19.80666666666667,4.193333333333333,7.270279367216425,0.2117132278694042
401892464,2027,2026-10-09 02:00:00+00:00,21,Toronto Maple Leafs,TOR,37,Vegas Golden Knights,VGK,0,3114736,William Nylander,RW,88,True,False,forwards,0,0,1,-2,1231,114,0,1117,21,0,3,0,5,0,0,1,0.0,1,0,0,0,4,2.4,2.6,2.25,3.0,2.4,3.0,0.8,0.7,0.75,0.6,0.6,0.75,1.4,1.3,1.5,1213.0,1257.2,1209.25,231.2,183.2,251.75,966.8,1066.4,938.75,21.8,22.3,21.25,2.125,1.125,0,23.2,23.25,2.2,2.5,0.9011049176266572,0.8872507122507123,7.2,9.0,1.0138888888888888,0,20.216666666666665,3.853333333333333,7.122835943940643,0.1906018136850783
401892464,2027,2026-10-09 02:00:00+00:00,21,Toronto Maple Leafs,TOR,37,Vegas Golden Knights,VGK,0,3020803,Jake McCabe,D,22,True,False,defenses,2,1,0,2,1412,0,363,1049,32,0,0,0,1,0,0,0,0.0,4,0,0,0,4,1.0,1.0,1.0,0.2,0.8,0.25,0.0,0.0,0.0,0.0,0.1,0.0,0.0,0.1,0.0,1071.2,1201.1,1045.25,12.8,14.8,7.25,884.6,992.6,866.75,25.0,26.3,24.25,2.125,1.125,0,23.2,23.25,2.2,2.5,0.9011049176266572,0.8872507122507123,7.2,9.0,1.0138888888888888,0,17.853333333333335,0.2133333333333333,3.360716952949962,0.0119492158327109
401892464,2027,2026-10-09 02:00:00+00:00,21,Toronto Maple Leafs,TOR,37,Vegas Golden Knights,VGK,0,3024916,Teddy Blueger,C,73,True,False,forwards,1,0,0,1,662,0,303,359,14,0,0,0,0,0,6,5,54.5,1,0,0,0,4,0.4,0.6,0.5,0.4,0.9,0.5,0.0,0.1,0.0,0.0,0.1,0.0,0.0,0.2,0.0,708.4,829.1,638.75,0.2,1.5,0.25,602.8,736.8,514.75,15.6,18.5,14.75,2.125,1.125,0,23.2,23.25,2.2,2.5,0.9011049176266572,0.8872507122507123,7.2,9.0,1.0138888888888888,0,11.806666666666668,0.0033333333333333,2.032749858836816,0.0002823263692828
401892464,2027,2026-10-09 02:00:00+00:00,37,Vegas Golden Knights,VGK,21,Toronto Maple Leafs,TOR,1,5216887,Trevor Connelly,LW,24,True,False,forwards,0,0,0,-1,926,365,0,561,16,0,1,0,3,3,0,1,0.0,2,0,0,0,4,1.5,1.5,1.5,0.75,0.75,0.75,0.25,0.25,0.25,0.25,0.25,0.25,0.5,0.5,0.5,689.0,689.0,689.0,93.75,93.75,93.75,592.0,592.0,592.0,15.25,15.25,15.25,2.013888888888889,1.0138888888888888,0,28.6,26.25,2.8,2.75,0.8991134637359686,0.8936286717752235,6.8,7.0,1.125,0,11.483333333333333,1.5625,7.83744557329463,0.1360667634252539
401892464,2027,2026-10-09 02:00:00+00:00,21,Toronto Maple Leafs,TOR,37,Vegas Golden Knights,VGK,0,4024123,Auston Matthews,C,34,True,False,forwards,0,2,1,1,1292,99,0,1193,23,0,2,1,2,0,15,6,71.4,0,0,0,1,4,3.2,4.2,3.5,1.8,1.3,1.75,0.6,0.3,0.5,0.6,0.4,0.75,1.2,0.7,1.25,1235.0,1298.9,1344.25,256.2,224.0,276.5,947.6,1024.8,1052.5,20.4,22.6,22.0,2.125,1.125,0,23.2,23.25,2.2,2.5,0.9011049176266572,0.8872507122507123,7.2,9.0,1.0138888888888888,0,20.58333333333333,4.27,9.327935222672066,0.2074493927125505
401892464,2027,2026-10-09 02:00:00+00:00,21,Toronto Maple Leafs,TOR,37,Vegas Golden Knights,VGK,0,4378685,Bo Groulx,C,29,True,False,forwards,0,0,0,1,369,0,0,369,9,0,0,0,0,0,0,0,0.0,0,1,2,0,3,0.6,0.7,0.6666666666666666,0.2,0.4,0.0,0.0,0.0,0.0,0.0,0.0,0.0,0.0,0.0,0.0,653.6,795.1,494.0,0.0,4.8,0.0,531.8,646.6,465.3333333333333,14.0,17.0,10.666666666666666,2.125,1.125,0,23.2,23.25,2.2,2.5,0.9011049176266572,0.8872507122507123,7.2,9.0,1.0138888888888888,0,10.893333333333334,0.0,3.3047735618115053,0.0
401892464,2027,2026-10-09 02:00:00+00:00,21,Toronto Maple Leafs,TOR,37,Vegas Golden Knights,VGK,0,4197009,Brandon Duhaime,RW,24,True,False,forwards,1,0,0,0,727,0,301,426,17,0,0,0,0,0,0,1,0.0,0,0,0,0,4,0.8,0.9,0.75,0.4,0.6,0.25,0.0,0.0,0.0,0.0,0.0,0.0,0.0,0.0,0.0,659.4,689.4,674.0,0.0,0.8,0.0,540.2,608.8,525.0,15.8,16.8,16.0,2.125,1.125,0,23.2,23.25,2.2,2.5,0.9011049176266572,0.8872507122507123,7.2,9.0,1.0138888888888888,0,10.99,0.0,4.367606915377617,0.0
401892464,2027,2026-10-09 02:00:00+00:00,21,Toronto Maple Leafs,TOR,37,Vegas Golden Knights,VGK,0,5592,Chris Tanev,D,8,True,False,defenses,4,0,2,1,1330,6,310,1014,30,0,0,1,0,0,0,0,0.0,1,0,0,1,4,0.4,0.6,0.25,0.0,0.1,0.0,0.0,0.0,0.0,0.0,0.1,0.0,0.0,0.1,0.0,1146.8,1054.3,1131.0,2.4,2.8,3.0,974.2,923.7,932.5,28.2,26.6,27.5,2.125,1.125,0,23.2,23.25,2.2,2.5,0.9011049176266572,0.8872507122507123,7.2,9.0,1.0138888888888888,0,19.113333333333333,0.04,1.2556679455877224,0.0020927799093128
401892464,2027,2026-10-09 02:00:00+00:00,21,Toronto Maple Leafs,TOR,37,Vegas Golden Knights,VGK,0,2993474,Colton Sissons,C,15,True,False,forwards,0,2,0,1,947,0,173,774,23,0,1,0,0,0,4,1,80.0,0,0,0,0,4,1.8,1.4,2.0,1.0,1.0,1.25,0.2,0.2,0.25,0.0,0.0,0.0,0.2,0.2,0.25,816.8,838.7,815.75,7.0,42.9,0.0,678.0,686.0,651.0,18.8,19.6,18.75,2.125,1.125,0,23.2,23.25,2.2,2.5,0.9011049176266572,0.8872507122507123,7.2,9.0,1.0138888888888888,0,13.613333333333332,0.1166666666666666,7.933398628795299,0.0085700293829578
401892464,2027,2026-10-09 02:00:00+00:00,21,Toronto Maple Leafs,TOR,37,Vegas Golden Knights,VGK,0,3149843,Darren Raddysh,D,43,True,False,defenses,2,1,0,0,1485,103,0,1382,33,0,0,1,1,1,0,0,0.0,1,0,0,1,4,3.2,3.1,2.75,1.0,1.4,1.0,0.0,0.2,0.0,0.2,0.3,0.25,0.2,0.5,0.25,1342.2,1288.0,1395.0,285.2,283.6,281.0,1053.8,993.4,1110.0,23.4,21.4,25.0,2.125,1.125,0,23.2,23.25,2.2,2.5,0.9011049176266572,0.8872507122507123,7.2,9.0,1.0138888888888888,0,22.37,4.753333333333333,8.58292355833706,0.2124869617046639
401892464,2027,2026-10-09 02:00:00+00:00,21,Toronto Maple Leafs,TOR,37,Vegas Golden Knights,VGK,0,5149211,Easton Cowan,RW,53,True,False,forwards,1,1,0,-1,840,21,0,819,18,1,2,0,4,0,0,1,0.0,1,0,0,1,4,1.8,1.5,1.75,0.4,0.6,0.25,0.2,0.3,0.25,0.6,0.4,0.5,0.8,0.7,0.75,933.2,1035.9,862.25,117.4,121.3,109.25,797.4,905.4,730.0,19.8,20.5,18.75,2.125,1.125,0,23.2,23.25,2.2,2.5,0.9011049176266572,0.8872507122507123,7.2,9.0,1.0138888888888888,0,15.553333333333336,1.9566666666666668,6.943849121303042,0.1258036862408915
401892464,2027,2026-10-09 02:00:00+00:00,21,Toronto Maple Leafs,TOR,37,Vegas Golden Knights,VGK,0,5342529,Gavin McKenna,LW,92,True,False,forwards,0,0,0,1,848,51,0,797,17,0,1,1,1,0,0,0,0.0,0,1,2,1,4,1.75,1.75,1.75,0.75,0.75,0.75,0.25,0.25,0.25,0.25,0.25,0.25,0.5,0.5,0.5,875.5,875.5,875.5,135.5,135.5,135.5,738.5,738.5,738.5,17.75,17.75,17.75,2.125,1.125,0,23.2,23.25,2.2,2.5,0.9011049176266572,0.8872507122507123,7.2,9.0,1.0138888888888888,0,14.591666666666669,2.2583333333333333,7.19588806396345,0.154768703597944
401892464,2027,2026-10-09 02:00:00+00:00,21,Toronto Maple Leafs,TOR,37,Vegas Golden Knights,VGK,0,3904098,Jack Roslovic,C,96,True,False,forwards,0,0,1,1,1052,23,0,1029,20,1,2,0,3,1,0,1,0.0,2,0,0,1,4,2.2,2.1,2.5,1.4,1.7,1.5,0.2,0.2,0.25,0.4,0.4,0.5,0.6,0.6,0.75,984.8,992.8,985.5,112.8,161.3,133.25,872.0,831.5,852.25,20.4,20.2,20.0,2.125,1.125,0,23.2,23.25,2.2,2.5,0.9011049176266572,0.8872507122507123,7.2,9.0,1.0138888888888888,0,16.413333333333334,1.88,8.042242079610073,0.1145410235580828
401892464,2027,2026-10-09 02:00:00+00:00,21,Toronto Maple Leafs,TOR,37,Vegas Golden Knights,VGK,0,5160,John Tavares,C,91,True,False,forwards,0,2,0,-2,926,69,0,857,20,0,1,0,0,1,8,5,61.5,1,0,0,0,4,2.8,2.3,3.5,1.4,1.5,1.25,0.2,0.3,0.25,0.4,0.6,0.5,0.6,0.9,0.75,1085.6,1122.4,1055.75,227.2,180.3,246.75,857.4,941.5,807.75,20.4,20.7,19.5,2.125,1.125,0,23.2,23.25,2.2,2.5,0.9011049176266572,0.8872507122507123,7.2,9.0,1.0138888888888888,0,18.09333333333333,3.786666666666666,9.285187914517318,0.2092851879145173
401892464,2027,2026-10-09 02:00:00+00:00,21,Toronto Maple Leafs,TOR,37,Vegas Golden Knights,VGK,0,4587996,Kirill Marchenko,RW,86,True,False,forwards,0,0,1,1,1100,97,0,1003,20,0,1,1,3,4,0,0,0.0,2,0,0,1,4,3.2,2.8,3.0,1.0,1.7,1.25,0.2,0.2,0.25,0.4,0.5,0.5,0.6,0.7,0.75,1181.0,1206.6,1191.25,223.4,244.2,255.25,957.2,962.2,936.0,20.2,20.7,21.0,2.125,1.125,0,23.2,23.25,2.2,2.5,0.9011049176266572,0.8872507122507123,7.2,9.0,1.0138888888888888,0,19.683333333333334,3.7233333333333336,9.754445385266724,0.1891617273497036
401892464,2027,2026-10-09 02:00:00+00:00,21,Toronto Maple Leafs,TOR,37,Vegas Golden Knights,VGK,0,2976833,Morgan Rielly,D,44,True,False,defenses,2,0,0,0,1257,17,86,1154,30,0,0,0,1,3,0,0,0.0,3,0,0,0,4,1.2,1.3,1.25,0.2,1.1,0.25,0.0,0.1,0.0,0.6,0.3,0.75,0.6,0.4,0.75,1204.8,1216.7,1205.25,102.6,87.4,105.25,1060.0,1089.3,1061.0,26.0,26.9,25.5,2.125,1.125,0,23.2,23.25,2.2,2.5,0.9011049176266572,0.8872507122507123,7.2,9.0,1.0138888888888888,0,20.08,1.71,3.5856573705179287,0.0851593625498007
401892464,2027,2026-10-09 02:00:00+00:00,21,Toronto Maple Leafs,TOR,37,Vegas Golden Knights,VGK,0,3042111,Nick Paul,LW,20,True,False,forwards,3,1,0,1,1025,0,182,843,21,1,1,0,2,1,4,4,50.0,0,0,0,1,4,1.6,1.5,1.25,1.2,1.0,0.75,0.0,0.1,0.0,0.2,0.2,0.25,0.2,0.3,0.25,1002.4,910.0,926.25,155.8,103.7,119.25,732.8,743.5,676.25,19.8,18.8,20.0,2.125,1.125,0,23.2,23.25,2.2,2.5,0.9011049176266572,0.8872507122507123,7.2,9.0,1.0138888888888888,0,16.706666666666667,2.5966666666666667,5.746209098164406,0.1554269752593775
401892464,2027,2026-10-09 02:00:00+00:00,21,Toronto Maple Leafs,TOR,37,Vegas Golden Knights,VGK,0,5488,Oliver Ekman-Larsson,D,95,True,False,defenses,0,1,0,-1,922,0,56,866,26,0,0,0,0,1,0,0,0.0,2,2,4,0,4,0.8,0.7,0.75,0.6,0.5,0.75,0.0,0.0,0.0,0.0,0.1,0.0,0.0,0.1,0.0,1071.2,1058.3,1023.0,36.6,66.2,8.75,946.2,942.0,903.75,25.0,23.8,24.25,2.125,1.125,0,23.2,23.25,2.2,2.5,0.9011049176266572,0.8872507122507123,7.2,9.0,1.0138888888888888,0,17.853333333333335,0.61,2.68857356235997,0.0341672890216579
401892464,2027,2026-10-09 02:00:00+00:00,21,Toronto Maple Leafs,TOR,37,Vegas Golden Knights,VGK,0,3096102,Troy Stecher,D,28,True,False,defenses,0,2,0,0,995,0,146,849,23,0,0,0,1,0,0,0,0.0,0,0,0,0,4,1.0,0.6,0.75,0.2,0.7,0.0,0.0,0.0,0.0,0.0,0.1,0.0,0.0,0.1,0.0,1077.8,1142.9,1060.0,0.6,0.5,0.75,935.8,970.9,927.0,24.2,26.0,23.5,2.125,1.125,0,23.2,23.25,2.2,2.5,0.9011049176266572,0.8872507122507123,7.2,9.0,1.0138888888888888,0,17.96333333333333,0.01,3.340137316756356,0.0005566895527927
401892464,2027,2026-10-09 02:00:00+00:00,37,Vegas Golden Knights,VGK,21,Toronto Maple Leafs,TOR,1,2563057,William Karlsson,C,71,True,False,forwards,0,0,0,-1,1135,98,33,1004,23,0,0,1,1,1,5,10,33.3,2,0,0,1,4,1.2,1.8,1.5,1.4,1.1,1.75,0.0,0.1,0.0,0.2,0.2,0.0,0.2,0.3,0.0,957.2,963.7,1120.75,80.8,78.1,101.0,786.4,795.4,907.25,18.4,19.6,21.25,2.013888888888889,1.0138888888888888,0,28.6,26.25,2.8,2.75,0.8991134637359686,0.8936286717752235,6.8,7.0,1.125,0,15.953333333333337,1.346666666666667,4.513163393230254,0.0844128708733806
